solid OpenSCAD_Model
  facet normal 0.258316 0.866438 0.427269
    outer loop
      vertex -3.66155 8.28087 4.86753
      vertex -4.17326 8.62942 4.47009
      vertex -4.17326 8.39962 4.93609
    endloop
  endfacet
  facet normal 0.771609 -0.617028 0.154581
    outer loop
      vertex -0.5 -3.28078 4.19507
      vertex 0 -2.75693 3.79027
      vertex -0.5 -3.25693 4.29027
    endloop
  endfacet
  facet normal 0.771609 -0.617028 0.154581
    outer loop
      vertex 0 -2.75693 3.79027
      vertex -0.5 -3.28078 4.19507
      vertex 0 -2.78078 3.69507
    endloop
  endfacet
  facet normal 0.416422 -0.0446521 0.908074
    outer loop
      vertex -1.34992 -0.0577597 5.5
      vertex -0.5 -2.29999 4.99999
      vertex -1.34437 -0.00600083 5.5
    endloop
  endfacet
  facet normal 0.41642 -0.0446534 0.908075
    outer loop
      vertex -0.5 -2.29999 4.99999
      vertex -1.34992 -0.0577597 5.5
      vertex -0.5 -2.39801 4.99517
    endloop
  endfacet
  facet normal 0.13053 0.991444 -0
    outer loop
      vertex -4.17326 8.93179 2.75
      vertex -4.69849 9.00094 2.95
      vertex -4.17326 8.93179 2.95
    endloop
  endfacet
  facet normal 0.13053 0.991444 0
    outer loop
      vertex -4.69849 9.00094 2.95
      vertex -4.17326 8.93179 2.75
      vertex -4.69849 9.00094 2.75
    endloop
  endfacet
  facet normal 0.60794 0.792283 0.0519285
    outer loop
      vertex -2.29303 7.97851 3.34745
      vertex -2.29303 8.00456 2.95
      vertex -2.71332 8.32706 2.95
    endloop
  endfacet
  facet normal 0.38151 -0.0604551 0.922386
    outer loop
      vertex -1.40835 -0.4279 5.5
      vertex -0.5 -2.39801 4.99517
      vertex -1.3917 -0.322828 5.5
    endloop
  endfacet
  facet normal -0.774067 -0.596158 -0.21311
    outer loop
      vertex -4.73168 -1.21517 0.186275
      vertex -4.73721 -1.23192 0.253218
      vertex -4.73451 -1.21681 0.201142
    endloop
  endfacet
  facet normal -0.774382 -0.595773 -0.21304
    outer loop
      vertex -4.33581 -1.66311 1.90735e-07
      vertex -4.73721 -1.23192 0.253218
      vertex -4.73168 -1.21517 0.186275
    endloop
  endfacet
  facet normal -0.774394 -0.595716 -0.213156
    outer loop
      vertex -4.73721 -1.23192 0.253218
      vertex -4.33581 -1.66311 1.90735e-07
      vertex -4.17561 -1.87136 1.90735e-07
    endloop
  endfacet
  facet normal 0.453099 0.864729 -0.21667
    outer loop
      vertex -3.17211 8.46817 1.80988
      vertex -1.24146 7.00306 1.90735e-07
      vertex -1.31215 7.0401 1.90735e-07
    endloop
  endfacet
  facet normal -0.130255 0.97243 0.193428
    outer loop
      vertex -5.22826 8.96636 3.4775
      vertex -5.72186 8.89572 3.50024
      vertex -5.22826 8.86323 3.99597
    endloop
  endfacet
  facet normal -0.130244 0.972401 0.193581
    outer loop
      vertex -5.72186 8.89572 3.50024
      vertex -5.22826 8.96636 3.4775
      vertex -5.72045 8.90212 3.46904
    endloop
  endfacet
  facet normal 0.381987 0.875125 -0.297057
    outer loop
      vertex -3.17211 8.31545 1.35997
      vertex -3.66155 8.50275 1.28238
      vertex -3.17211 8.46817 1.80988
    endloop
  endfacet
  facet normal -0.130263 0.989353 -0.0648935
    outer loop
      vertex -5.22826 9.00094 2.75
      vertex -5.74081 8.93262 2.73727
      vertex -5.74062 8.93348 2.75
    endloop
  endfacet
  facet normal -0.130265 0.989356 -0.0648567
    outer loop
      vertex -5.74081 8.93262 2.73727
      vertex -5.22826 9.00094 2.75
      vertex -5.22826 8.96636 2.2225
    endloop
  endfacet
  facet normal 0.707107 0.707107 0
    outer loop
      vertex 0 5.95959 3.49999
      vertex -0.5 6.45959 1.90735e-07
      vertex -0.5 6.45959 3.99999
    endloop
  endfacet
  facet normal 0.707107 0.707107 -0
    outer loop
      vertex 0 5.95959 3.05176e-06
      vertex -0.5 6.45959 1.90735e-07
      vertex 0 5.95959 3.49999
    endloop
  endfacet
  facet normal 0.348651 0.348656 0.869989
    outer loop
      vertex -0.5 6.45959 1.90735e-07
      vertex 0 5.95959 3.05176e-06
      vertex -2.86102e-06 5.9596 1.90735e-07
    endloop
  endfacet
  facet normal -0.388181 -0.473778 0.790475
    outer loop
      vertex -5.48312 1.10774 5.5
      vertex -3.31 -2.45557 4.43146
      vertex -3.31 -2.37138 4.48192
    endloop
  endfacet
  facet normal -0.388449 -0.473883 0.79028
    outer loop
      vertex -3.31 -2.45557 4.43146
      vertex -5.48312 1.10774 5.5
      vertex -5.52167 1.13934 5.5
    endloop
  endfacet
  facet normal -0.448158 -0.496653 0.743297
    outer loop
      vertex -5.52167 1.13934 5.5
      vertex -5.79171 1.29365 5.44029
      vertex -3.31 -2.45557 4.43146
    endloop
  endfacet
  facet normal -0.448157 -0.496649 0.7433
    outer loop
      vertex -5.52167 1.13934 5.5
      vertex -5.81081 1.38196 5.48778
      vertex -5.79171 1.29365 5.44029
    endloop
  endfacet
  facet normal -0.448258 -0.496777 0.743154
    outer loop
      vertex -5.81081 1.38196 5.48778
      vertex -5.52167 1.13934 5.5
      vertex -5.81573 1.40468 5.5
    endloop
  endfacet
  facet normal -0.731961 -0.645248 0.218833
    outer loop
      vertex -5.19734 -0.753128 3.7902
      vertex -5.21784 -0.684692 3.92342
      vertex -5.21481 -0.703696 3.87752
    endloop
  endfacet
  facet normal -0.731425 -0.645742 0.21917
    outer loop
      vertex -5.21784 -0.684692 3.92342
      vertex -5.19734 -0.753128 3.7902
      vertex -3.31 -2.85693 3.89028
    endloop
  endfacet
  facet normal -0.130244 0.972357 -0.193799
    outer loop
      vertex -5.22826 8.96636 2.2225
      vertex -5.74026 8.89693 2.21824
      vertex -5.73967 8.89961 2.23129
    endloop
  endfacet
  facet normal -0.130257 0.972429 -0.193428
    outer loop
      vertex -5.74026 8.89693 2.21824
      vertex -5.22826 8.96636 2.2225
      vertex -5.22826 8.86323 1.70403
    endloop
  endfacet
  facet normal 0.130249 0.824388 0.550836
    outer loop
      vertex -4.17326 8.11095 5.36811
      vertex -4.69849 8.4595 4.97066
      vertex -4.69849 8.16581 5.4102
    endloop
  endfacet
  facet normal -0.131174 0.824817 0.549973
    outer loop
      vertex -5.22826 8.4595 4.97066
      vertex -5.70555 8.14632 5.32651
      vertex -5.70519 8.14301 5.33156
    endloop
  endfacet
  facet normal -0.130229 0.824378 0.550855
    outer loop
      vertex -5.70555 8.14632 5.32651
      vertex -5.22826 8.4595 4.97066
      vertex -5.70515 8.21877 5.21818
    endloop
  endfacet
  facet normal -0.130242 0.824387 0.550839
    outer loop
      vertex -5.70515 8.21877 5.21818
      vertex -5.22826 8.4595 4.97066
      vertex -5.70433 8.36771 4.99547
    endloop
  endfacet
  facet normal -0.130245 0.8244 0.550819
    outer loop
      vertex -5.70433 8.36771 4.99547
      vertex -5.22826 8.4595 4.97066
      vertex -5.69981 8.40574 4.93962
    endloop
  endfacet
  facet normal 0.750563 -0.653654 0.0969099
    outer loop
      vertex -0.5 -3.29517 4.09801
      vertex 0 -2.78078 3.69507
      vertex -0.5 -3.28078 4.19507
    endloop
  endfacet
  facet normal 0.750563 -0.653654 0.0969099
    outer loop
      vertex 0 -2.78078 3.69507
      vertex -0.5 -3.29517 4.09801
      vertex 0 -2.79517 3.59801
    endloop
  endfacet
  facet normal 0 -1 0
    outer loop
      vertex -0.509999 -3.29999 1.90735e-07
      vertex -0.5 -3.29999 3.99999
      vertex -0.509999 -3.29999 3.99999
    endloop
  endfacet
  facet normal 0 -1 -0
    outer loop
      vertex -0.5 -3.29999 3.99999
      vertex -0.509999 -3.29999 1.90735e-07
      vertex -0.5 -3.29999 1.90735e-07
    endloop
  endfacet
  facet normal -0.160168 -0.976417 0.144762
    outer loop
      vertex -3.31 -2.88078 3.79508
      vertex -0.509999 -3.29517 4.09801
      vertex -0.509999 -3.28078 4.19507
    endloop
  endfacet
  facet normal -0.160168 -0.976417 0.144762
    outer loop
      vertex -0.509999 -3.29517 4.09801
      vertex -3.31 -2.88078 3.79508
      vertex -3.31 -2.89517 3.69802
    endloop
  endfacet
  facet normal -0.252876 0.916135 -0.311048
    outer loop
      vertex -5.75349 8.76138 1.61865
      vertex -5.75523 8.72178 1.50343
      vertex -5.754 8.75927 1.61285
    endloop
  endfacet
  facet normal -0.256637 0.915215 -0.310675
    outer loop
      vertex -5.75349 8.62942 1.22991
      vertex -5.75523 8.72178 1.50343
      vertex -5.75349 8.76138 1.61865
    endloop
  endfacet
  facet normal -0.257851 0.914906 -0.310578
    outer loop
      vertex -5.75523 8.72178 1.50343
      vertex -5.75349 8.62942 1.22991
      vertex -5.75809 8.63457 1.2489
    endloop
  endfacet
  facet normal -0.257832 0.914913 -0.310575
    outer loop
      vertex -5.75809 8.63457 1.2489
      vertex -5.75349 8.62942 1.22991
      vertex -5.75712 8.62967 1.23366
    endloop
  endfacet
  facet normal 0.608498 0.782402 0.132584
    outer loop
      vertex -0.5 6.44038 4.19507
      vertex -2.29303 7.97851 3.34745
      vertex -2.71332 8.29825 3.38954
    endloop
  endfacet
  facet normal 0.607939 0.792284 0.0519309
    outer loop
      vertex -2.29303 7.97851 3.34745
      vertex -2.71332 8.32706 2.95
      vertex -2.71332 8.29825 3.38954
    endloop
  endfacet
  facet normal -0.258311 -0.427383 0.866383
    outer loop
      vertex -4.99141 0.708696 5.5
      vertex -3.31 -2.37138 4.48192
      vertex -4.61375 0.480438 5.5
    endloop
  endfacet
  facet normal -0.186866 -0.420008 0.888074
    outer loop
      vertex -3.31 -2.37138 4.48192
      vertex -0.509999 -2.68268 4.92386
      vertex -3.31 -2.28268 4.52387
    endloop
  endfacet
  facet normal -0.186863 -0.419926 0.888113
    outer loop
      vertex -0.509999 -2.68268 4.92386
      vertex -3.31 -2.37138 4.48192
      vertex -0.509999 -2.77138 4.88192
    endloop
  endfacet
  facet normal -0.729366 -0.644103 0.230554
    outer loop
      vertex -5.21784 -0.684692 3.92342
      vertex -3.31 -2.82387 3.98268
      vertex -5.22255 -0.659718 3.97829
    endloop
  endfacet
  facet normal -0.729382 -0.64412 0.230461
    outer loop
      vertex -3.31 -2.82387 3.98268
      vertex -5.21784 -0.684692 3.92342
      vertex -3.31 -2.85693 3.89028
    endloop
  endfacet
  facet normal 0.481055 0.37478 0.792544
    outer loop
      vertex -0.5 5.93098 4.88192
      vertex -1.61398 6.0538 5.5
      vertex -0.5 5.84229 4.92386
    endloop
  endfacet
  facet normal 0.481051 0.374813 0.79253
    outer loop
      vertex -1.61398 6.0538 5.5
      vertex -0.5 5.93098 4.88192
      vertex -1.65988 6.11271 5.5
    endloop
  endfacet
  facet normal 0.49331 0.584156 0.644521
    outer loop
      vertex -0.5 6.1667 4.7071
      vertex -3.10598 7.49257 5.5
      vertex -0.5 6.09399 4.773
    endloop
  endfacet
  facet normal 0.493463 0.584966 0.643669
    outer loop
      vertex -3.10598 7.49257 5.5
      vertex -0.5 6.1667 4.7071
      vertex -3.11135 7.4971 5.5
    endloop
  endfacet
  facet normal 0.592535 0.781396 0.19576
    outer loop
      vertex -0.5 6.44038 4.19507
      vertex -2.71332 8.21232 3.82156
      vertex -0.5 6.41653 4.29027
    endloop
  endfacet
  facet normal 0.381991 0.875121 0.297062
    outer loop
      vertex -3.66155 8.50275 4.41762
      vertex -3.17211 8.46817 3.89012
      vertex -3.66155 8.664 3.94259
    endloop
  endfacet
  facet normal -0.130266 0.938823 0.318814
    outer loop
      vertex -5.22826 8.69331 4.49655
      vertex -5.70352 8.65167 4.42498
      vertex -5.70079 8.63583 4.47274
    endloop
  endfacet
  facet normal -0.130251 0.938866 0.318694
    outer loop
      vertex -5.70352 8.65167 4.42498
      vertex -5.22826 8.69331 4.49655
      vertex -5.22826 8.86323 3.99597
    endloop
  endfacet
  facet normal -0.130254 0.889228 0.438528
    outer loop
      vertex -5.22826 8.69331 4.49655
      vertex -5.70276 8.61301 4.51844
      vertex -5.22826 8.4595 4.97066
    endloop
  endfacet
  facet normal -0.130266 0.889272 0.438437
    outer loop
      vertex -5.70276 8.61301 4.51844
      vertex -5.22826 8.69331 4.49655
      vertex -5.70079 8.63583 4.47274
    endloop
  endfacet
  facet normal 0.72345 -0.689543 0.0339073
    outer loop
      vertex -0.5 -3.29999 3.99999
      vertex 0 -2.79517 3.59801
      vertex -0.5 -3.29517 4.09801
    endloop
  endfacet
  facet normal 0.72345 -0.689543 0.0339073
    outer loop
      vertex 0 -2.79517 3.59801
      vertex -0.5 -3.29999 3.99999
      vertex 0 -2.79999 3.49999
    endloop
  endfacet
  facet normal 0.707107 -0.707107 0
    outer loop
      vertex -0.5 -3.29999 1.90735e-07
      vertex 0 -2.79999 3.05176e-06
      vertex 0 -2.79999 3.49999
    endloop
  endfacet
  facet normal 0.707107 -0.707107 0
    outer loop
      vertex -0.5 -3.29999 1.90735e-07
      vertex 0 -2.79999 3.49999
      vertex -0.5 -3.29999 3.99999
    endloop
  endfacet
  facet normal 0.577352 -0.577348 -0.577351
    outer loop
      vertex 0 -2.79999 3.05176e-06
      vertex -0.5 -3.29999 1.90735e-07
      vertex -2.86102e-06 -2.79999 1.90735e-07
    endloop
  endfacet
  facet normal 0 -0.989188 0.146656
    outer loop
      vertex -0.509999 -3.29517 4.09801
      vertex -0.5 -3.28078 4.19507
      vertex -0.509999 -3.28078 4.19507
    endloop
  endfacet
  facet normal 0 -0.989188 0.146656
    outer loop
      vertex -0.5 -3.28078 4.19507
      vertex -0.509999 -3.29517 4.09801
      vertex -0.5 -3.29517 4.09801
    endloop
  endfacet
  facet normal -0.774184 -0.599354 -0.203503
    outer loop
      vertex -4.17561 -1.87136 1.90735e-07
      vertex -4.74492 -1.25744 0.35771
      vertex -4.73721 -1.23192 0.253218
    endloop
  endfacet
  facet normal -0.774184 -0.599352 -0.203508
    outer loop
      vertex -4.74492 -1.25744 0.35771
      vertex -4.17561 -1.87136 1.90735e-07
      vertex -4.05871 -2.02236 1.90735e-07
    endloop
  endfacet
  facet normal -0.743414 -0.6674 0.0437254
    outer loop
      vertex -5.18763 -0.814146 3.53837
      vertex -5.20345 -0.805815 3.39656
      vertex -3.31 -2.89517 3.69802
    endloop
  endfacet
  facet normal -0.741298 -0.671176 -1.51417e-05
    outer loop
      vertex -3.31 -2.89999 3.59999
      vertex -5.24997 -0.757322 2.75
      vertex -5.231 -0.778267 2.44436
    endloop
  endfacet
  facet normal -0.741302 -0.671172 2.5154e-07
    outer loop
      vertex -3.31 -2.89999 3.59999
      vertex -5.231 -0.778267 2.44436
      vertex -5.21476 -0.796204 2.18261
    endloop
  endfacet
  facet normal -0.741304 -0.67117 1.59881e-05
    outer loop
      vertex -5.24997 -0.757322 2.75
      vertex -3.31 -2.89999 3.59999
      vertex -5.231 -0.778267 3.05564
    endloop
  endfacet
  facet normal -0.741302 -0.671172 -2.65598e-07
    outer loop
      vertex -5.231 -0.778267 3.05564
      vertex -3.31 -2.89999 3.59999
      vertex -5.21476 -0.796204 3.31739
    endloop
  endfacet
  facet normal -0.741307 -0.671166 1.46635e-05
    outer loop
      vertex -3.31 -2.89999 3.59999
      vertex -5.21476 -0.796204 2.18261
      vertex -5.16632 -0.849712 1.91818
    endloop
  endfacet
  facet normal -0.741301 -0.671173 1.41151e-07
    outer loop
      vertex -3.31 -2.89999 3.59999
      vertex -5.16632 -0.849712 1.91818
      vertex -5.10458 -0.917903 1.58118
    endloop
  endfacet
  facet normal -0.741299 -0.671174 -2.50046e-06
    outer loop
      vertex -3.31 -2.89999 3.59999
      vertex -5.10458 -0.917903 1.58118
      vertex -5.022 -1.00911 1.30218
    endloop
  endfacet
  facet normal -0.7413 -0.671174 6.21455e-06
    outer loop
      vertex -3.47486 -2.71791 1.90735e-07
      vertex -5.022 -1.00911 1.30218
      vertex -4.90412 -1.13931 0.903913
    endloop
  endfacet
  facet normal -0.741361 -0.671106 -0.0002098
    outer loop
      vertex -3.47486 -2.71791 1.90735e-07
      vertex -4.90412 -1.13931 0.903913
      vertex -4.88487 -1.16056 0.855314
    endloop
  endfacet
  facet normal -0.741302 -0.671172 1.10425e-06
    outer loop
      vertex -5.022 -1.00911 1.30218
      vertex -3.47486 -2.71791 1.90735e-07
      vertex -3.31 -2.89999 3.59999
    endloop
  endfacet
  facet normal -0.741291 -0.671184 -0
    outer loop
      vertex -3.31 -2.89999 3.59999
      vertex -3.47486 -2.71791 1.90735e-07
      vertex -3.31 -2.89999 1.90735e-07
    endloop
  endfacet
  facet normal -0.741307 -0.671166 7.45125e-05
    outer loop
      vertex -5.21476 -0.796204 3.31739
      vertex -3.31 -2.89999 3.59999
      vertex -5.21117 -0.800167 3.33697
    endloop
  endfacet
  facet normal -0.715429 -0.631652 0.298625
    outer loop
      vertex -5.22255 -0.659718 3.97829
      vertex -3.31 -2.78192 4.07138
      vertex -5.23364 -0.622403 4.03065
    endloop
  endfacet
  facet normal -0.715408 -0.631629 0.298724
    outer loop
      vertex -3.31 -2.78192 4.07138
      vertex -5.22255 -0.659718 3.97829
      vertex -3.31 -2.82387 3.98268
    endloop
  endfacet
  facet normal -0.130254 0.824383 -0.550842
    outer loop
      vertex -5.75349 8.39962 0.76391
      vertex -5.22826 8.16581 0.289795
      vertex -5.75349 8.11095 0.33189
    endloop
  endfacet
  facet normal 0.533722 0.836513 -0.124047
    outer loop
      vertex -2.71332 8.29825 2.31046
      vertex -0.955086 6.83382 1.90735e-07
      vertex -1.01187 6.87005 1.90735e-07
    endloop
  endfacet
  facet normal 0.808093 0.505238 0.302855
    outer loop
      vertex 0 5.79106 4.05556
      vertex -0.5 6.34152 4.47138
      vertex -0.5 6.29106 4.55556
    endloop
  endfacet
  facet normal 0.808093 0.505238 0.302855
    outer loop
      vertex -0.5 6.34152 4.47138
      vertex 0 5.79106 4.05556
      vertex 0 5.84152 3.97138
    endloop
  endfacet
  facet normal 0.652759 0.757566 0
    outer loop
      vertex -0.5 6.45959 3.99999
      vertex -2.29303 8.00456 2.75
      vertex -2.29303 8.00456 2.95
    endloop
  endfacet
  facet normal 0.652759 0.757566 -0
    outer loop
      vertex -0.5 6.45959 1.90735e-07
      vertex -2.29303 8.00456 2.75
      vertex -0.5 6.45959 3.99999
    endloop
  endfacet
  facet normal 0.652765 0.757561 6.86189e-06
    outer loop
      vertex -2.29303 8.00456 2.75
      vertex -0.5 6.45959 1.90735e-07
      vertex -0.775849 6.69728 1.90735e-07
    endloop
  endfacet
  facet normal 0.381991 0.875121 -0.297062
    outer loop
      vertex -3.17211 8.46817 1.80988
      vertex -3.66155 8.50275 1.28238
      vertex -3.66155 8.664 1.75741
    endloop
  endfacet
  facet normal -0.186863 -0.888113 0.419926
    outer loop
      vertex -3.31 -2.78192 4.07138
      vertex -0.509999 -3.22386 4.38268
      vertex -0.509999 -3.18192 4.47138
    endloop
  endfacet
  facet normal -0.186866 -0.888074 0.420008
    outer loop
      vertex -0.509999 -3.22386 4.38268
      vertex -3.31 -2.78192 4.07138
      vertex -3.31 -2.82387 3.98268
    endloop
  endfacet
  facet normal 0.72345 -0.0339073 0.689543
    outer loop
      vertex -0.5 -2.29999 4.99999
      vertex 0 -1.89801 4.49517
      vertex 0 -1.79999 4.49999
    endloop
  endfacet
  facet normal 0.72345 -0.0339073 0.689543
    outer loop
      vertex 0 -1.89801 4.49517
      vertex -0.5 -2.29999 4.99999
      vertex -0.5 -2.39801 4.99517
    endloop
  endfacet
  facet normal -0.1978 -0.658288 0.726314
    outer loop
      vertex -3.31 -2.6071 4.3071
      vertex -0.509999 -2.93439 4.773
      vertex -3.31 -2.53439 4.373
    endloop
  endfacet
  facet normal -0.1978 -0.658288 0.726314
    outer loop
      vertex -0.509999 -2.93439 4.773
      vertex -3.31 -2.6071 4.3071
      vertex -0.509999 -3.0071 4.7071
    endloop
  endfacet
  facet normal 0.707107 0 0.707107
    outer loop
      vertex -0.5 5.45959 4.99999
      vertex 0 -1.79999 4.49999
      vertex 0 4.95959 4.49999
    endloop
  endfacet
  facet normal 0.707107 0 0.707107
    outer loop
      vertex 0 -1.79999 4.49999
      vertex -0.5 5.45959 4.99999
      vertex -0.5 -2.29999 4.99999
    endloop
  endfacet
  facet normal 0.503932 0.0424178 0.862701
    outer loop
      vertex -1.34502 5.3293 5.5
      vertex -0.5 5.45959 4.99999
      vertex -0.5 5.55762 4.99517
    endloop
  endfacet
  facet normal 0.503926 0.04246 0.862702
    outer loop
      vertex -0.5 5.45959 4.99999
      vertex -1.34502 5.3293 5.5
      vertex -1.34001 5.26984 5.5
    endloop
  endfacet
  facet normal -0.626697 -0.577467 0.523242
    outer loop
      vertex -5.44623 0.0342694 4.6636
      vertex -3.31 -2.6071 4.3071
      vertex -5.46612 0.0925067 4.70405
    endloop
  endfacet
  facet normal -0.626637 -0.577434 0.523351
    outer loop
      vertex -3.31 -2.6071 4.3071
      vertex -5.44623 0.0342694 4.6636
      vertex -3.31 -2.673 4.23439
    endloop
  endfacet
  facet normal -0.256626 0.866072 -0.429026
    outer loop
      vertex -5.75349 8.62942 1.22991
      vertex -5.75706 8.62699 1.22714
      vertex -5.75691 8.62858 1.23026
    endloop
  endfacet
  facet normal 0.198089 0.814991 -0.544565
    outer loop
      vertex -3.29459 7.67562 1.90735e-07
      vertex -4.17326 8.39962 0.76391
      vertex -2.63104 7.51434 1.90735e-07
    endloop
  endfacet
  facet normal 0.198088 0.81499 -0.544566
    outer loop
      vertex -4.17326 8.39962 0.76391
      vertex -3.29459 7.67562 1.90735e-07
      vertex -4.17326 8.11095 0.33189
    endloop
  endfacet
  facet normal 0.816168 0.388035 0.428134
    outer loop
      vertex -0.5 6.09399 4.773
      vertex 0 5.6667 4.2071
      vertex -0.5 6.1667 4.7071
    endloop
  endfacet
  facet normal 0.816168 0.388035 0.428134
    outer loop
      vertex 0 5.6667 4.2071
      vertex -0.5 6.09399 4.773
      vertex 0 5.59399 4.273
    endloop
  endfacet
  facet normal 0.813517 0.46711 0.346407
    outer loop
      vertex 0 5.7326 4.13439
      vertex -0.5 6.29106 4.55556
      vertex -0.5 6.2326 4.63439
    endloop
  endfacet
  facet normal 0.813517 0.46711 0.346407
    outer loop
      vertex -0.5 6.29106 4.55556
      vertex 0 5.7326 4.13439
      vertex 0 5.79106 4.05556
    endloop
  endfacet
  facet normal 0.482536 0.295115 0.824661
    outer loop
      vertex -0.5 5.84229 4.92386
      vertex -1.57579 5.99134 5.5
      vertex -0.5 5.74988 4.95693
    endloop
  endfacet
  facet normal 0.482539 0.295039 0.824687
    outer loop
      vertex -1.57579 5.99134 5.5
      vertex -0.5 5.84229 4.92386
      vertex -1.61398 6.0538 5.5
    endloop
  endfacet
  facet normal 0.480048 0.388003 0.78677
    outer loop
      vertex -1.65988 6.11271 5.5
      vertex -0.5 5.93098 4.88192
      vertex -1.8607 6.36117 5.5
    endloop
  endfacet
  facet normal 0.381971 0.922195 0.0604443
    outer loop
      vertex -3.17211 8.56087 3.42411
      vertex -3.66155 8.79467 2.95
      vertex -3.66155 8.76186 3.45058
    endloop
  endfacet
  facet normal 0.130245 0.889237 -0.438512
    outer loop
      vertex -4.17326 8.39962 0.76391
      vertex -4.69849 8.4595 0.729336
      vertex -4.17326 8.62942 1.22991
    endloop
  endfacet
  facet normal 0 1 -0
    outer loop
      vertex -4.69849 9.00094 2.75
      vertex -5.22826 9.00094 2.95
      vertex -4.69849 9.00094 2.95
    endloop
  endfacet
  facet normal 0 1 0
    outer loop
      vertex -5.22826 9.00094 2.95
      vertex -4.69849 9.00094 2.75
      vertex -5.22826 9.00094 2.75
    endloop
  endfacet
  facet normal 0 -0.998793 0.0491143
    outer loop
      vertex -0.509999 -3.29999 3.99999
      vertex -0.5 -3.29517 4.09801
      vertex -0.509999 -3.29517 4.09801
    endloop
  endfacet
  facet normal 0 -0.998793 0.0491143
    outer loop
      vertex -0.5 -3.29517 4.09801
      vertex -0.509999 -3.29999 3.99999
      vertex -0.5 -3.29999 3.99999
    endloop
  endfacet
  facet normal -0.148051 -0.987786 0.048573
    outer loop
      vertex -3.31 -2.89517 3.69802
      vertex -0.509999 -3.29999 3.99999
      vertex -0.509999 -3.29517 4.09801
    endloop
  endfacet
  facet normal -0.148051 -0.987786 0.0485681
    outer loop
      vertex -0.509999 -3.29999 3.99999
      vertex -3.31 -2.89517 3.69802
      vertex -3.31 -2.89999 3.59999
    endloop
  endfacet
  facet normal -0.762197 -0.64036 -0.0948389
    outer loop
      vertex -3.82415 -2.31252 1.90735e-07
      vertex -4.80596 -1.23716 0.629655
      vertex -4.7846 -1.25097 0.551236
    endloop
  endfacet
  facet normal -0.762201 -0.640352 -0.0948576
    outer loop
      vertex -4.80596 -1.23716 0.629655
      vertex -3.82415 -2.31252 1.90735e-07
      vertex -3.66791 -2.49849 1.90735e-07
    endloop
  endfacet
  facet normal -0.770304 -0.618549 -0.155013
    outer loop
      vertex -4.05871 -2.02236 1.90735e-07
      vertex -4.75737 -1.26007 0.430072
      vertex -4.74492 -1.25744 0.35771
    endloop
  endfacet
  facet normal -0.770287 -0.618599 -0.154896
    outer loop
      vertex -4.75737 -1.26007 0.430072
      vertex -4.05871 -2.02236 1.90735e-07
      vertex -3.89897 -2.22127 1.90735e-07
    endloop
  endfacet
  facet normal -0.767149 -0.629169 -0.125011
    outer loop
      vertex -3.89897 -2.22127 1.90735e-07
      vertex -4.7638 -1.25792 0.45871
      vertex -4.75737 -1.26007 0.430072
    endloop
  endfacet
  facet normal -0.767175 -0.629098 -0.125208
    outer loop
      vertex -3.89897 -2.22127 1.90735e-07
      vertex -4.7846 -1.25097 0.551236
      vertex -4.7638 -1.25792 0.45871
    endloop
  endfacet
  facet normal -0.767193 -0.629056 -0.125311
    outer loop
      vertex -4.7846 -1.25097 0.551236
      vertex -3.89897 -2.22127 1.90735e-07
      vertex -3.82415 -2.31252 1.90735e-07
    endloop
  endfacet
  facet normal -0.774252 -0.567594 -0.279948
    outer loop
      vertex -4.66161 -1.22013 1.90735e-07
      vertex -4.7273 -1.19083 0.122273
      vertex -4.72293 -1.14927 0.0259242
    endloop
  endfacet
  facet normal -0.77423 -0.567633 -0.279928
    outer loop
      vertex -4.7273 -1.19083 0.122273
      vertex -4.66161 -1.22013 1.90735e-07
      vertex -4.47747 -1.47129 1.90735e-07
    endloop
  endfacet
  facet normal -0.712766 -0.629062 0.310235
    outer loop
      vertex -3.31 -2.78192 4.07138
      vertex -5.25303 -0.559554 4.11354
      vertex -5.23364 -0.622403 4.03065
    endloop
  endfacet
  facet normal -0.712786 -0.629078 0.310157
    outer loop
      vertex -5.25303 -0.559554 4.11354
      vertex -3.31 -2.78192 4.07138
      vertex -5.26397 -0.524104 4.1603
    endloop
  endfacet
  facet normal -0.665152 -0.599806 0.444753
    outer loop
      vertex -5.35809 -0.232599 4.46255
      vertex -3.31 -2.673 4.23439
      vertex -5.37283 -0.18405 4.50598
    endloop
  endfacet
  facet normal -0.665111 -0.59978 0.444851
    outer loop
      vertex -3.31 -2.673 4.23439
      vertex -5.35809 -0.232599 4.46255
      vertex -3.31 -2.73146 4.15557
    endloop
  endfacet
  facet normal 0.72345 0.689543 0.0339073
    outer loop
      vertex 0 5.95477 3.59801
      vertex -0.5 6.45959 3.99999
      vertex -0.5 6.45477 4.09801
    endloop
  endfacet
  facet normal 0.72345 0.689543 0.0339073
    outer loop
      vertex -0.5 6.45959 3.99999
      vertex 0 5.95477 3.59801
      vertex 0 5.95959 3.49999
    endloop
  endfacet
  facet normal 0.258293 0.914798 0.31053
    outer loop
      vertex -3.66155 8.50275 4.41762
      vertex -3.66155 8.664 3.94259
      vertex -4.17326 8.62942 4.47009
    endloop
  endfacet
  facet normal 0.13024 0.98936 -0.0648416
    outer loop
      vertex -4.17326 8.89781 2.23153
      vertex -4.69849 8.96636 2.2225
      vertex -4.17326 8.93179 2.75
    endloop
  endfacet
  facet normal 0.258833 0.965922 -0
    outer loop
      vertex -3.66155 8.79467 2.75
      vertex -4.17326 8.93179 2.95
      vertex -3.66155 8.79467 2.95
    endloop
  endfacet
  facet normal 0.258833 0.965922 0
    outer loop
      vertex -4.17326 8.93179 2.95
      vertex -3.66155 8.79467 2.75
      vertex -4.17326 8.93179 2.75
    endloop
  endfacet
  facet normal 0.499202 0.86463 -0.0566729
    outer loop
      vertex -2.71332 8.29825 2.31046
      vertex -3.17211 8.56087 2.27588
      vertex -2.71332 8.32706 2.75
    endloop
  endfacet
  facet normal 0.608762 0.793353 -0
    outer loop
      vertex -2.29303 8.00456 2.75
      vertex -2.71332 8.32706 2.95
      vertex -2.29303 8.00456 2.95
    endloop
  endfacet
  facet normal 0.608762 0.793353 0
    outer loop
      vertex -2.71332 8.32706 2.95
      vertex -2.29303 8.00456 2.75
      vertex -2.71332 8.32706 2.75
    endloop
  endfacet
  facet normal 0.499475 0.851679 -0.158642
    outer loop
      vertex -1.12516 6.93649 1.90735e-07
      vertex -2.71332 8.29825 2.31046
      vertex -1.01187 6.87005 1.90735e-07
    endloop
  endfacet
  facet normal 0.499474 0.851679 -0.158643
    outer loop
      vertex -2.71332 8.29825 2.31046
      vertex -1.12516 6.93649 1.90735e-07
      vertex -3.17211 8.56087 2.27588
    endloop
  endfacet
  facet normal 0.298875 0.862676 -0.407999
    outer loop
      vertex -3.66155 8.50275 1.28238
      vertex -1.78895 7.24749 1.90735e-07
      vertex -1.86264 7.27302 1.90735e-07
    endloop
  endfacet
  facet normal -0.220224 -0.417032 0.881808
    outer loop
      vertex -4.4736 0.395802 5.5
      vertex -3.31 -2.28268 4.52387
      vertex -4.44799 0.382278 5.5
    endloop
  endfacet
  facet normal -0.220251 -0.41704 0.881798
    outer loop
      vertex -3.31 -2.28268 4.52387
      vertex -4.4736 0.395802 5.5
      vertex -3.31 -2.37138 4.48192
    endloop
  endfacet
  facet normal 0.488804 0.170214 0.855627
    outer loop
      vertex -1.38343 5.58163 5.5
      vertex -0.5 5.65468 4.98078
      vertex -1.43885 5.74078 5.5
    endloop
  endfacet
  facet normal 0.511487 -0 0.859291
    outer loop
      vertex -1.34001 0.455216 5.5
      vertex -0.5 5.45959 4.99999
      vertex -1.34001 5.26984 5.5
    endloop
  endfacet
  facet normal 0.511487 0 0.859291
    outer loop
      vertex -0.5 5.45959 4.99999
      vertex -1.34001 0.455216 5.5
      vertex -0.5 -2.29999 4.99999
    endloop
  endfacet
  facet normal 0.750563 0.0969099 0.653654
    outer loop
      vertex -0.5 5.55762 4.99517
      vertex 0 5.15468 4.48078
      vertex -0.5 5.65468 4.98078
    endloop
  endfacet
  facet normal 0.750563 0.0969099 0.653654
    outer loop
      vertex 0 5.15468 4.48078
      vertex -0.5 5.55762 4.99517
      vertex 0 5.05762 4.49517
    endloop
  endfacet
  facet normal -0.382647 -0.471506 0.794521
    outer loop
      vertex -5.48312 1.10774 5.5
      vertex -3.31 -2.37138 4.48192
      vertex -4.99141 0.708696 5.5
    endloop
  endfacet
  facet normal -0.561787 -0.54546 0.621988
    outer loop
      vertex -5.6556 0.736963 5.12328
      vertex -5.56292 0.416562 4.92601
      vertex -3.31 -2.53439 4.373
    endloop
  endfacet
  facet normal -0.561288 -0.545546 0.622362
    outer loop
      vertex -5.56292 0.416562 4.92601
      vertex -5.6556 0.736963 5.12328
      vertex -5.63616 0.654001 5.06809
    endloop
  endfacet
  facet normal -0.634206 -0.581261 0.509822
    outer loop
      vertex -5.40222 -0.0966437 4.56909
      vertex -3.31 -2.673 4.23439
      vertex -5.44623 0.0342694 4.6636
    endloop
  endfacet
  facet normal -0.634265 -0.581295 0.50971
    outer loop
      vertex -3.31 -2.673 4.23439
      vertex -5.40222 -0.0966437 4.56909
      vertex -5.37283 -0.18405 4.50598
    endloop
  endfacet
  facet normal -0.499961 -0.517709 0.694275
    outer loop
      vertex -3.31 -2.53439 4.373
      vertex -5.70515 0.922755 5.22614
      vertex -5.6556 0.736963 5.12328
    endloop
  endfacet
  facet normal -0.499974 -0.517714 0.694261
    outer loop
      vertex -5.78561 1.26225 5.42136
      vertex -5.70515 0.922755 5.22614
      vertex -3.31 -2.53439 4.373
    endloop
  endfacet
  facet normal -0.50001 -0.51771 0.694238
    outer loop
      vertex -5.70515 0.922755 5.22614
      vertex -5.78561 1.26225 5.42136
      vertex -5.75911 1.1251 5.33817
    endloop
  endfacet
  facet normal -0.13026 0.938864 -0.318694
    outer loop
      vertex -5.22826 8.86323 1.70403
      vertex -5.22826 8.69331 1.20345
      vertex -5.75349 8.62942 1.22991
    endloop
  endfacet
  facet normal 0.231193 0.834436 -0.500267
    outer loop
      vertex -4.17326 8.39962 0.76391
      vertex -2.55622 7.49361 1.90735e-07
      vertex -2.63104 7.51434 1.90735e-07
    endloop
  endfacet
  facet normal 0.547458 0.750534 0.370119
    outer loop
      vertex -0.5 6.34152 4.47138
      vertex -2.71332 8.07073 4.23867
      vertex -2.71332 7.87591 4.63373
    endloop
  endfacet
  facet normal 0.499189 0.777136 0.383237
    outer loop
      vertex -2.71332 7.87591 4.63373
      vertex -2.71332 8.07073 4.23867
      vertex -3.17211 8.1053 4.76617
    endloop
  endfacet
  facet normal 0.483363 0.450111 0.750839
    outer loop
      vertex -0.5 6.01517 4.83145
      vertex -1.8607 6.36117 5.5
      vertex -0.5 5.93098 4.88192
    endloop
  endfacet
  facet normal 0.483366 0.450007 0.7509
    outer loop
      vertex -1.8607 6.36117 5.5
      vertex -0.5 6.01517 4.83145
      vertex -1.91304 6.41739 5.5
    endloop
  endfacet
  facet normal 0.490989 0.574395 0.654981
    outer loop
      vertex -2.33487 6.83343 5.5
      vertex -0.5 6.09399 4.773
      vertex -3.10598 7.49257 5.5
    endloop
  endfacet
  facet normal 0.482031 0.28162 0.829661
    outer loop
      vertex -1.46638 5.80407 5.5
      vertex -0.5 5.74988 4.95693
      vertex -1.57579 5.99134 5.5
    endloop
  endfacet
  facet normal 0.48777 0.212145 0.846803
    outer loop
      vertex -0.5 5.74988 4.95693
      vertex -1.43885 5.74078 5.5
      vertex -0.5 5.65468 4.98078
    endloop
  endfacet
  facet normal 0.487767 0.21217 0.846798
    outer loop
      vertex -1.43885 5.74078 5.5
      vertex -0.5 5.74988 4.95693
      vertex -1.46638 5.80407 5.5
    endloop
  endfacet
  facet normal -0.130246 0.824342 0.550905
    outer loop
      vertex -5.22826 8.16581 5.4102
      vertex -5.70519 8.14301 5.33156
      vertex -5.70226 8.1163 5.37222
    endloop
  endfacet
  facet normal -0.130237 0.824389 0.550837
    outer loop
      vertex -5.70519 8.14301 5.33156
      vertex -5.22826 8.16581 5.4102
      vertex -5.22826 8.4595 4.97066
    endloop
  endfacet
  facet normal 0.130254 0.824383 -0.550842
    outer loop
      vertex -4.17326 8.11095 0.33189
      vertex -4.69849 8.16581 0.289795
      vertex -4.17326 8.39962 0.76391
    endloop
  endfacet
  facet normal 0 0.997858 0.0654141
    outer loop
      vertex -4.69849 9.00094 2.95
      vertex -5.22826 8.96636 3.4775
      vertex -4.69849 8.96636 3.4775
    endloop
  endfacet
  facet normal 0 0.997858 0.0654141
    outer loop
      vertex -5.22826 8.96636 3.4775
      vertex -4.69849 9.00094 2.95
      vertex -5.22826 9.00094 2.95
    endloop
  endfacet
  facet normal 0 0.997858 -0.0654141
    outer loop
      vertex -4.69849 8.96636 2.2225
      vertex -5.22826 9.00094 2.75
      vertex -4.69849 9.00094 2.75
    endloop
  endfacet
  facet normal 0 0.997858 -0.0654141
    outer loop
      vertex -5.22826 9.00094 2.75
      vertex -4.69849 8.96636 2.2225
      vertex -5.22826 8.96636 2.2225
    endloop
  endfacet
  facet normal 0.499188 0.849843 0.169053
    outer loop
      vertex -2.71332 8.21232 3.82156
      vertex -3.17211 8.56087 3.42411
      vertex -3.17211 8.46817 3.89012
    endloop
  endfacet
  facet normal 0.60828 0.792655 -0.0411539
    outer loop
      vertex -0.89534 6.7892 1.90735e-07
      vertex -2.29303 8.00456 2.75
      vertex -0.820268 6.73159 1.90735e-07
    endloop
  endfacet
  facet normal 0.608245 0.79268 -0.0411831
    outer loop
      vertex -2.29303 8.00456 2.75
      vertex -0.89534 6.7892 1.90735e-07
      vertex -2.71332 8.32706 2.75
    endloop
  endfacet
  facet normal 0.130242 0.972431 0.193428
    outer loop
      vertex -4.69849 8.86323 3.99597
      vertex -4.17326 8.89781 3.46847
      vertex -4.69849 8.96636 3.4775
    endloop
  endfacet
  facet normal 0 0.831471 0.555569
    outer loop
      vertex -4.69849 8.4595 4.97066
      vertex -5.22826 8.16581 5.4102
      vertex -4.69849 8.16581 5.4102
    endloop
  endfacet
  facet normal 0 0.831471 0.555569
    outer loop
      vertex -5.22826 8.16581 5.4102
      vertex -4.69849 8.4595 4.97066
      vertex -5.22826 8.4595 4.97066
    endloop
  endfacet
  facet normal -0.742947 -0.668542 0.0328852
    outer loop
      vertex -3.31 -2.89999 3.59999
      vertex -5.20345 -0.805815 3.39656
      vertex -5.21117 -0.800167 3.33697
    endloop
  endfacet
  facet normal -0.742947 -0.668543 0.0328713
    outer loop
      vertex -5.20345 -0.805815 3.39656
      vertex -3.31 -2.89999 3.59999
      vertex -3.31 -2.89517 3.69802
    endloop
  endfacet
  facet normal -0.170745 -0.955778 0.239446
    outer loop
      vertex -3.31 -2.85693 3.89028
      vertex -0.509999 -3.28078 4.19507
      vertex -0.509999 -3.25693 4.29027
    endloop
  endfacet
  facet normal -0.170745 -0.955778 0.239446
    outer loop
      vertex -0.509999 -3.28078 4.19507
      vertex -3.31 -2.85693 3.89028
      vertex -3.31 -2.88078 3.79508
    endloop
  endfacet
  facet normal -0.738146 -0.654394 0.164039
    outer loop
      vertex -5.19181 -0.773599 3.73342
      vertex -3.31 -2.85693 3.89028
      vertex -5.19734 -0.753128 3.7902
    endloop
  endfacet
  facet normal -0.738154 -0.654408 0.163946
    outer loop
      vertex -3.31 -2.85693 3.89028
      vertex -5.19181 -0.773599 3.73342
      vertex -3.31 -2.88078 3.79508
    endloop
  endfacet
  facet normal -0.141421 -0.98995 0
    outer loop
      vertex -0.509999 -3.29999 1.90735e-07
      vertex -3.31 -2.89999 3.59999
      vertex -3.31 -2.89999 1.90735e-07
    endloop
  endfacet
  facet normal -0.141421 -0.98995 0
    outer loop
      vertex -3.31 -2.89999 3.59999
      vertex -0.509999 -3.29999 1.90735e-07
      vertex -0.509999 -3.29999 3.99999
    endloop
  endfacet
  facet normal -0.74969 -0.660997 -0.0323648
    outer loop
      vertex -3.6256 -2.54692 1.90735e-07
      vertex -4.88487 -1.16056 0.855314
      vertex -4.8548 -1.19055 0.771276
    endloop
  endfacet
  facet normal -0.749732 -0.660943 -0.0325149
    outer loop
      vertex -4.88487 -1.16056 0.855314
      vertex -3.6256 -2.54692 1.90735e-07
      vertex -3.47486 -2.71791 1.90735e-07
    endloop
  endfacet
  facet normal -0.752383 -0.657312 -0.0431365
    outer loop
      vertex -3.66791 -2.49849 1.90735e-07
      vertex -4.8548 -1.19055 0.771276
      vertex -4.80596 -1.23716 0.629655
    endloop
  endfacet
  facet normal -0.752386 -0.657308 -0.0431484
    outer loop
      vertex -4.8548 -1.19055 0.771276
      vertex -3.66791 -2.49849 1.90735e-07
      vertex -3.6256 -2.54692 1.90735e-07
    endloop
  endfacet
  facet normal 0.799602 -0.542902 0.2567
    outer loop
      vertex -0.5 -3.22386 4.38268
      vertex 0 -2.68192 3.97138
      vertex -0.5 -3.18192 4.47138
    endloop
  endfacet
  facet normal 0.799602 -0.542902 0.2567
    outer loop
      vertex 0 -2.68192 3.97138
      vertex -0.5 -3.22386 4.38268
      vertex 0 -2.72386 3.88268
    endloop
  endfacet
  facet normal 0 -0.514211 0.857664
    outer loop
      vertex -0.509999 -2.77138 4.88192
      vertex -0.5 -2.85556 4.83145
      vertex -0.5 -2.77138 4.88192
    endloop
  endfacet
  facet normal 0 -0.514211 0.857664
    outer loop
      vertex -0.5 -2.85556 4.83145
      vertex -0.509999 -2.77138 4.88192
      vertex -0.509999 -2.85556 4.83145
    endloop
  endfacet
  facet normal -0.706871 -0.624803 0.331594
    outer loop
      vertex -5.26397 -0.524104 4.1603
      vertex -3.31 -2.78192 4.07138
      vertex -5.28997 -0.444398 4.25506
    endloop
  endfacet
  facet normal -0.694356 -0.617218 0.370016
    outer loop
      vertex -5.28997 -0.444398 4.25506
      vertex -3.31 -2.73146 4.15557
      vertex -5.30622 -0.398049 4.30188
    endloop
  endfacet
  facet normal -0.694379 -0.617235 0.369945
    outer loop
      vertex -3.31 -2.73146 4.15557
      vertex -5.28997 -0.444398 4.25506
      vertex -3.31 -2.78192 4.07138
    endloop
  endfacet
  facet normal -0.13026 0.889229 -0.438525
    outer loop
      vertex -5.22826 8.69331 1.20345
      vertex -5.22826 8.4595 0.729336
      vertex -5.75349 8.62942 1.22991
    endloop
  endfacet
  facet normal 0.61083 0.790804 -0.0389315
    outer loop
      vertex -2.29303 8.00456 2.75
      vertex -0.775849 6.69728 1.90735e-07
      vertex -0.820268 6.73159 1.90735e-07
    endloop
  endfacet
  facet normal 0.961425 0.275066 0
    outer loop
      vertex 0 5.95959 3.05176e-06
      vertex 0 5.95959 1.90735e-07
      vertex -2.86102e-06 5.9596 1.90735e-07
    endloop
  endfacet
  facet normal 0.639512 0.767853 0.0377581
    outer loop
      vertex -0.5 6.45959 3.99999
      vertex -2.29303 8.00456 2.95
      vertex -0.5 6.45477 4.09801
    endloop
  endfacet
  facet normal 0.381989 0.76842 0.513434
    outer loop
      vertex -3.17211 7.84133 5.16122
      vertex -3.66155 8.28087 4.86753
      vertex -3.66155 8.00217 5.28464
    endloop
  endfacet
  facet normal 0.381981 0.69484 0.609334
    outer loop
      vertex -3.17211 7.54424 5.5
      vertex -3.17211 7.84133 5.16122
      vertex -3.50334 7.72633 5.5
    endloop
  endfacet
  facet normal 0.499193 0.777131 0.383241
    outer loop
      vertex -3.17211 8.1053 4.76617
      vertex -2.71332 8.07073 4.23867
      vertex -3.17211 8.31545 4.34003
    endloop
  endfacet
  facet normal 0.51823 0.686954 0.509442
    outer loop
      vertex -0.5 6.2326 4.63439
      vertex -0.5 6.29106 4.55556
      vertex -2.71332 7.63119 4.99997
    endloop
  endfacet
  facet normal 0.523855 0.708247 0.473247
    outer loop
      vertex -2.71332 7.63119 4.99997
      vertex -0.5 6.29106 4.55556
      vertex -2.71332 7.87591 4.63373
    endloop
  endfacet
  facet normal 0.381988 0.82886 0.40875
    outer loop
      vertex -3.17211 8.1053 4.76617
      vertex -3.17211 8.31545 4.34003
      vertex -3.66155 8.50275 4.41762
    endloop
  endfacet
  facet normal 0.573587 0.775673 0.263306
    outer loop
      vertex -0.5 6.41653 4.29027
      vertex -2.71332 8.21232 3.82156
      vertex -2.71332 8.07073 4.23867
    endloop
  endfacet
  facet normal 0.571176 0.772858 0.276493
    outer loop
      vertex -0.5 6.41653 4.29027
      vertex -2.71332 8.07073 4.23867
      vertex -0.5 6.38347 4.38268
    endloop
  endfacet
  facet normal 0.499193 0.864636 -0.0566613
    outer loop
      vertex -2.71332 8.32706 2.75
      vertex -3.17211 8.56087 2.27588
      vertex -3.17211 8.59194 2.75
    endloop
  endfacet
  facet normal 0.499201 0.864631 0.0566729
    outer loop
      vertex -2.71332 8.29825 3.38954
      vertex -2.71332 8.32706 2.95
      vertex -3.17211 8.56087 3.42411
    endloop
  endfacet
  facet normal 0.597518 0.800139 -0.0524457
    outer loop
      vertex -0.89534 6.7892 1.90735e-07
      vertex -2.71332 8.29825 2.31046
      vertex -2.71332 8.32706 2.75
    endloop
  endfacet
  facet normal 0.59755 0.800117 -0.0524063
    outer loop
      vertex -2.71332 8.29825 2.31046
      vertex -0.89534 6.7892 1.90735e-07
      vertex -0.955086 6.83382 1.90735e-07
    endloop
  endfacet
  facet normal 0.499201 0.849839 0.169035
    outer loop
      vertex -2.71332 8.21232 3.82156
      vertex -2.71332 8.29825 3.38954
      vertex -3.17211 8.56087 3.42411
    endloop
  endfacet
  facet normal 0.130287 -0.198521 0.971398
    outer loop
      vertex -1.66398 -0.718341 5.5
      vertex -0.5 -2.49507 4.98078
      vertex -1.55602 -0.647488 5.5
    endloop
  endfacet
  facet normal -0.130517 -0.366931 0.921047
    outer loop
      vertex -2.29128 -0.602889 5.5
      vertex -0.509999 -2.68268 4.92386
      vertex -2.05467 -0.687051 5.5
    endloop
  endfacet
  facet normal -0.195965 -0.584169 0.787619
    outer loop
      vertex -3.31 -2.53439 4.373
      vertex -0.509999 -2.85556 4.83145
      vertex -3.31 -2.45557 4.43146
    endloop
  endfacet
  facet normal -0.195966 -0.584057 0.787702
    outer loop
      vertex -0.509999 -2.85556 4.83145
      vertex -3.31 -2.53439 4.373
      vertex -0.509999 -2.93439 4.773
    endloop
  endfacet
  facet normal 0.799602 -0.2567 0.542902
    outer loop
      vertex -0.5 -2.68268 4.92386
      vertex 0 -2.27138 4.38192
      vertex 0 -2.18268 4.42386
    endloop
  endfacet
  facet normal 0.799602 -0.2567 0.542902
    outer loop
      vertex 0 -2.27138 4.38192
      vertex -0.5 -2.68268 4.92386
      vertex -0.5 -2.77138 4.88192
    endloop
  endfacet
  facet normal 0.49471 0.127452 0.859661
    outer loop
      vertex -0.5 5.65468 4.98078
      vertex -1.36689 5.51742 5.5
      vertex -0.5 5.55762 4.99517
    endloop
  endfacet
  facet normal 0.494713 0.127434 0.859662
    outer loop
      vertex -1.36689 5.51742 5.5
      vertex -0.5 5.65468 4.98078
      vertex -1.38343 5.58163 5.5
    endloop
  endfacet
  facet normal 0.499989 -0.00472652 0.866019
    outer loop
      vertex -1.34437 -0.00600083 5.5
      vertex -0.5 -2.29999 4.99999
      vertex -1.34001 0.455216 5.5
    endloop
  endfacet
  facet normal 0.771609 0.154581 0.617028
    outer loop
      vertex -0.5 5.65468 4.98078
      vertex 0 5.24988 4.45693
      vertex -0.5 5.74988 4.95693
    endloop
  endfacet
  facet normal 0.771609 0.154581 0.617028
    outer loop
      vertex 0 5.24988 4.45693
      vertex -0.5 5.65468 4.98078
      vertex 0 5.15468 4.48078
    endloop
  endfacet
  facet normal 0.787666 0.207588 0.580078
    outer loop
      vertex -0.5 5.74988 4.95693
      vertex 0 5.34229 4.42386
      vertex -0.5 5.84229 4.92386
    endloop
  endfacet
  facet normal 0.787666 0.207588 0.580078
    outer loop
      vertex 0 5.34229 4.42386
      vertex -0.5 5.74988 4.95693
      vertex 0 5.24988 4.45693
    endloop
  endfacet
  facet normal 0.808095 0.302871 0.505224
    outer loop
      vertex -0.5 5.93098 4.88192
      vertex 0 5.51517 4.33145
      vertex -0.5 6.01517 4.83145
    endloop
  endfacet
  facet normal 0.808095 0.302871 0.505224
    outer loop
      vertex 0 5.51517 4.33145
      vertex -0.5 5.93098 4.88192
      vertex 0 5.43098 4.38192
    endloop
  endfacet
  facet normal -0.680952 -0.608779 0.407055
    outer loop
      vertex -5.30622 -0.398049 4.30188
      vertex -5.35809 -0.232599 4.46255
      vertex -5.33025 -0.332857 4.35918
    endloop
  endfacet
  facet normal -0.681479 -0.608496 0.406593
    outer loop
      vertex -5.35809 -0.232599 4.46255
      vertex -5.30622 -0.398049 4.30188
      vertex -3.31 -2.73146 4.15557
    endloop
  endfacet
  facet normal -0.258346 0.726335 -0.636942
    outer loop
      vertex -5.75349 8.11095 0.33189
      vertex -5.79629 8.03821 0.266301
      vertex -5.78994 8.07964 0.31097
    endloop
  endfacet
  facet normal -0.258281 0.726328 -0.636976
    outer loop
      vertex -5.75349 8.11095 0.33189
      vertex -5.80021 7.9614 0.180306
      vertex -5.79629 8.03821 0.266301
    endloop
  endfacet
  facet normal -0.258291 0.726327 -0.636973
    outer loop
      vertex -5.75349 7.81989 1.90735e-07
      vertex -5.80021 7.9614 0.180306
      vertex -5.75349 8.11095 0.33189
    endloop
  endfacet
  facet normal -0.25828 0.726331 -0.636973
    outer loop
      vertex -5.80021 7.9614 0.180306
      vertex -5.75349 7.81989 1.90735e-07
      vertex -5.80844 7.80035 1.90735e-07
    endloop
  endfacet
  facet normal 0.121621 0.746263 -0.654447
    outer loop
      vertex -4.69849 8.16581 0.289795
      vertex -3.84418 7.77244 1.90735e-07
      vertex -4.69849 7.91167 1.90735e-07
    endloop
  endfacet
  facet normal 0.382717 0.874834 -0.296973
    outer loop
      vertex -1.48208 7.11444 1.90735e-07
      vertex -3.17211 8.46817 1.80988
      vertex -1.31215 7.0401 1.90735e-07
    endloop
  endfacet
  facet normal 0.382732 0.874833 -0.296958
    outer loop
      vertex -3.17211 8.46817 1.80988
      vertex -1.48208 7.11444 1.90735e-07
      vertex -3.17211 8.31545 1.35997
    endloop
  endfacet
  facet normal 0.816168 0.428134 0.388035
    outer loop
      vertex 0 5.6667 4.2071
      vertex -0.5 6.2326 4.63439
      vertex -0.5 6.1667 4.7071
    endloop
  endfacet
  facet normal 0.816168 0.428134 0.388035
    outer loop
      vertex -0.5 6.2326 4.63439
      vertex 0 5.6667 4.2071
      vertex 0 5.7326 4.13439
    endloop
  endfacet
  facet normal 0.813516 0.346398 0.467119
    outer loop
      vertex -0.5 6.01517 4.83145
      vertex 0 5.59399 4.273
      vertex -0.5 6.09399 4.773
    endloop
  endfacet
  facet normal 0.813516 0.346398 0.467119
    outer loop
      vertex 0 5.59399 4.273
      vertex -0.5 6.01517 4.83145
      vertex 0 5.51517 4.33145
    endloop
  endfacet
  facet normal 0.258303 0.914792 0.31054
    outer loop
      vertex -4.17326 8.62942 4.47009
      vertex -3.66155 8.664 3.94259
      vertex -4.17326 8.79644 3.97808
    endloop
  endfacet
  facet normal 0.258293 0.866432 0.427294
    outer loop
      vertex -3.66155 8.28087 4.86753
      vertex -3.66155 8.50275 4.41762
      vertex -4.17326 8.62942 4.47009
    endloop
  endfacet
  facet normal 0.130246 0.97243 0.193433
    outer loop
      vertex -4.17326 8.79644 3.97808
      vertex -4.17326 8.89781 3.46847
      vertex -4.69849 8.86323 3.99597
    endloop
  endfacet
  facet normal 0.130242 0.889238 0.438513
    outer loop
      vertex -4.17326 8.39962 4.93609
      vertex -4.17326 8.62942 4.47009
      vertex -4.69849 8.4595 4.97066
    endloop
  endfacet
  facet normal 0.130242 0.972431 -0.193428
    outer loop
      vertex -4.17326 8.89781 2.23153
      vertex -4.69849 8.86323 1.70403
      vertex -4.69849 8.96636 2.2225
    endloop
  endfacet
  facet normal -0.25862 0.803204 -0.536637
    outer loop
      vertex -5.75349 8.39962 0.76391
      vertex -5.78523 8.26426 0.576608
      vertex -5.76816 8.39621 0.765876
    endloop
  endfacet
  facet normal -0.258317 0.803247 -0.536719
    outer loop
      vertex -5.75349 8.11095 0.33189
      vertex -5.78523 8.26426 0.576608
      vertex -5.75349 8.39962 0.76391
    endloop
  endfacet
  facet normal -0.258233 0.803271 -0.536723
    outer loop
      vertex -5.78523 8.26426 0.576608
      vertex -5.75349 8.11095 0.33189
      vertex -5.7861 8.12178 0.363788
    endloop
  endfacet
  facet normal 0.258302 0.947501 -0.188474
    outer loop
      vertex -3.66155 8.664 1.75741
      vertex -4.17326 8.79644 1.72192
      vertex -4.17326 8.89781 2.23153
    endloop
  endfacet
  facet normal 0.13026 0.938864 -0.318694
    outer loop
      vertex -4.17326 8.62942 1.22991
      vertex -4.69849 8.69331 1.20345
      vertex -4.69849 8.86323 1.70403
    endloop
  endfacet
  facet normal -0.13026 0.989357 -0.0648524
    outer loop
      vertex -5.22826 8.96636 2.2225
      vertex -5.74462 8.91535 2.48146
      vertex -5.74081 8.93262 2.73727
    endloop
  endfacet
  facet normal -0.130242 0.989361 -0.0648154
    outer loop
      vertex -5.74462 8.91535 2.48146
      vertex -5.22826 8.96636 2.2225
      vertex -5.74634 8.90757 2.36616
    endloop
  endfacet
  facet normal -0.130237 0.989363 -0.064797
    outer loop
      vertex -5.74634 8.90757 2.36616
      vertex -5.22826 8.96636 2.2225
      vertex -5.74059 8.90071 2.24986
    endloop
  endfacet
  facet normal -0.130249 0.989345 -0.065057
    outer loop
      vertex -5.74059 8.90071 2.24986
      vertex -5.22826 8.96636 2.2225
      vertex -5.73967 8.89961 2.23129
    endloop
  endfacet
  facet normal 0.130255 0.989357 -0.0648568
    outer loop
      vertex -4.17326 8.93179 2.75
      vertex -4.69849 8.96636 2.2225
      vertex -4.69849 9.00094 2.75
    endloop
  endfacet
  facet normal 0.258302 0.947501 0.188474
    outer loop
      vertex -3.66155 8.664 3.94259
      vertex -4.17326 8.89781 3.46847
      vertex -4.17326 8.79644 3.97808
    endloop
  endfacet
  facet normal 0.258318 0.9475 0.188456
    outer loop
      vertex -3.66155 8.664 3.94259
      vertex -3.66155 8.76186 3.45058
      vertex -4.17326 8.89781 3.46847
    endloop
  endfacet
  facet normal 0 0.896869 0.442296
    outer loop
      vertex -4.69849 8.69331 4.49655
      vertex -5.22826 8.4595 4.97066
      vertex -4.69849 8.4595 4.97066
    endloop
  endfacet
  facet normal 0 0.896869 0.442296
    outer loop
      vertex -5.22826 8.4595 4.97066
      vertex -4.69849 8.69331 4.49655
      vertex -5.22826 8.69331 4.49655
    endloop
  endfacet
  facet normal -0.742606 -0.662502 0.0981228
    outer loop
      vertex -5.18688 -0.809092 3.57815
      vertex -3.31 -2.88078 3.79508
      vertex -5.18653 -0.806728 3.59676
    endloop
  endfacet
  facet normal -0.742605 -0.662496 0.0981701
    outer loop
      vertex -5.18763 -0.814146 3.53837
      vertex -3.31 -2.88078 3.79508
      vertex -5.18688 -0.809092 3.57815
    endloop
  endfacet
  facet normal -0.742604 -0.662489 0.0982198
    outer loop
      vertex -3.31 -2.88078 3.79508
      vertex -5.18763 -0.814146 3.53837
      vertex -3.31 -2.89517 3.69802
    endloop
  endfacet
  facet normal -0.741348 -0.658227 0.130924
    outer loop
      vertex -5.19181 -0.773599 3.73342
      vertex -5.18653 -0.806728 3.59676
      vertex -3.31 -2.88078 3.79508
    endloop
  endfacet
  facet normal 0 -1 -0
    outer loop
      vertex 0 -2.79999 3.05176e-06
      vertex -2.86102e-06 -2.79999 1.90735e-07
      vertex 0 -2.79999 1.90735e-07
    endloop
  endfacet
  facet normal -0.130244 0.938864 0.318702
    outer loop
      vertex -5.22826 8.86323 3.99597
      vertex -5.71185 8.69999 4.27923
      vertex -5.70352 8.65167 4.42498
    endloop
  endfacet
  facet normal -0.130247 0.938865 0.318697
    outer loop
      vertex -5.71185 8.69999 4.27923
      vertex -5.22826 8.86323 3.99597
      vertex -5.70927 8.78668 4.0249
    endloop
  endfacet
  facet normal -0.130249 0.93887 0.318681
    outer loop
      vertex -5.70927 8.78668 4.0249
      vertex -5.22826 8.86323 3.99597
      vertex -5.70881 8.80212 3.9796
    endloop
  endfacet
  facet normal -0.13025 0.972434 0.193407
    outer loop
      vertex -5.22826 8.86323 3.99597
      vertex -5.71515 8.8161 3.90504
      vertex -5.70881 8.80212 3.9796
    endloop
  endfacet
  facet normal -0.130257 0.972425 0.193449
    outer loop
      vertex -5.22826 8.86323 3.99597
      vertex -5.72048 8.86805 3.64031
      vertex -5.71515 8.8161 3.90504
    endloop
  endfacet
  facet normal -0.130237 0.972433 0.193422
    outer loop
      vertex -5.22826 8.86323 3.99597
      vertex -5.72286 8.89122 3.52222
      vertex -5.72048 8.86805 3.64031
    endloop
  endfacet
  facet normal -0.130009 0.97251 0.193189
    outer loop
      vertex -5.72286 8.89122 3.52222
      vertex -5.22826 8.86323 3.99597
      vertex -5.72186 8.89572 3.50024
    endloop
  endfacet
  facet normal 1 0 0
    outer loop
      vertex 0 4.2 1
      vertex 0 2.08989 1.40584
      vertex 0 2.1 1.2
    endloop
  endfacet
  facet normal 1 0 0
    outer loop
      vertex 0 2.7 2.5
      vertex 0 2.05965 1.60969
      vertex 0 2.08989 1.40584
    endloop
  endfacet
  facet normal 1 0 0
    outer loop
      vertex 0 2.7 2.5
      vertex 0 2.00957 1.8096
      vertex 0 2.05965 1.60969
    endloop
  endfacet
  facet normal 1 -0 0
    outer loop
      vertex 0 1.33223 2.82332
      vertex 0 2.7 2.5
      vertex 0 4.2 4
    endloop
  endfacet
  facet normal 1 0 0
    outer loop
      vertex 0 2.7 2.5
      vertex 0 1.94015 2.00363
      vertex 0 2.00957 1.8096
    endloop
  endfacet
  facet normal 1 0 0
    outer loop
      vertex 0 2.7 2.5
      vertex 0 1.85203 2.18993
      vertex 0 1.94015 2.00363
    endloop
  endfacet
  facet normal 1 0 0
    outer loop
      vertex 0 2.7 2.5
      vertex 0 1.74609 2.3667
      vertex 0 1.85203 2.18993
    endloop
  endfacet
  facet normal 1 0 0
    outer loop
      vertex 0 2.7 2.5
      vertex 0 1.62332 2.53223
      vertex 0 1.74609 2.3667
    endloop
  endfacet
  facet normal 1 -0 0
    outer loop
      vertex 0 -1.79999 4.49999
      vertex 0 4.2 4
      vertex 0 4.95959 4.49999
    endloop
  endfacet
  facet normal 1 0 0
    outer loop
      vertex 0 2.7 2.5
      vertex 0 1.48492 2.68492
      vertex 0 1.62332 2.53223
    endloop
  endfacet
  facet normal 1 0 0
    outer loop
      vertex 0 2.7 2.5
      vertex 0 1.33223 2.82332
      vertex 0 1.48492 2.68492
    endloop
  endfacet
  facet normal 1 0 0
    outer loop
      vertex 0 4.2 4
      vertex 0 1.1667 2.94609
      vertex 0 1.33223 2.82332
    endloop
  endfacet
  facet normal 1 0 0
    outer loop
      vertex 0 4.2 4
      vertex 0 0.989933 3.05203
      vertex 0 1.1667 2.94609
    endloop
  endfacet
  facet normal 1 0 0
    outer loop
      vertex 0 4.2 4
      vertex 0 0.4 3.4
      vertex 0 0.989933 3.05203
    endloop
  endfacet
  facet normal 1 0 0
    outer loop
      vertex 0 0.989933 3.05203
      vertex 0 0.4 3.4
      vertex 0 0.803635 3.14015
    endloop
  endfacet
  facet normal 1 0 0
    outer loop
      vertex 0 0.803635 3.14015
      vertex 0 0.4 3.4
      vertex 0 0.609597 3.20957
    endloop
  endfacet
  facet normal 1 0 0
    outer loop
      vertex 0 0.609597 3.20957
      vertex 0 0.4 3.4
      vertex 0 0.409689 3.25965
    endloop
  endfacet
  facet normal 1 0 0
    outer loop
      vertex 0 4.2 4
      vertex 0 -1.79999 4.49999
      vertex 0 0.4 3.4
    endloop
  endfacet
  facet normal 1 0 0
    outer loop
      vertex 0 -0.4 3.4
      vertex 0 -0.409689 3.25965
      vertex 0 -0.4 3.26109
    endloop
  endfacet
  facet normal 1 0 0
    outer loop
      vertex 0 -0.4 3.4
      vertex 0 -0.609597 3.20957
      vertex 0 -0.409689 3.25965
    endloop
  endfacet
  facet normal 1 0 0
    outer loop
      vertex 0 -0.4 3.4
      vertex 0 -0.803635 3.14015
      vertex 0 -0.609597 3.20957
    endloop
  endfacet
  facet normal 1 0 0
    outer loop
      vertex 0 -1.79999 4.49999
      vertex 0 -0.803635 3.14015
      vertex 0 -0.4 3.4
    endloop
  endfacet
  facet normal 1 0 0
    outer loop
      vertex 0 0.4 3.4
      vertex 0 -1.79999 4.49999
      vertex 0 -0.4 3.4
    endloop
  endfacet
  facet normal 1 0 0
    outer loop
      vertex 0 -0.803635 3.14015
      vertex 0 -1.79999 4.49999
      vertex 0 -0.989933 3.05203
    endloop
  endfacet
  facet normal 1 0 0
    outer loop
      vertex 0 -1.79999 4.49999
      vertex 0 -1.1667 2.94609
      vertex 0 -0.989933 3.05203
    endloop
  endfacet
  facet normal 1 0 0
    outer loop
      vertex 0 -1.79999 4.49999
      vertex 0 -1.33223 2.82332
      vertex 0 -1.1667 2.94609
    endloop
  endfacet
  facet normal 1 -0 0
    outer loop
      vertex 0 -1.89801 4.49517
      vertex 0 -1.33223 2.82332
      vertex 0 -1.79999 4.49999
    endloop
  endfacet
  facet normal 1 -0 0
    outer loop
      vertex 0 -1.99507 4.48078
      vertex 0 -1.33223 2.82332
      vertex 0 -1.89801 4.49517
    endloop
  endfacet
  facet normal 1 0 0
    outer loop
      vertex 0 -1.48492 2.68492
      vertex 0 -2.79999 3.49999
      vertex 0 -1.62332 2.53223
    endloop
  endfacet
  facet normal 1 0 0
    outer loop
      vertex 0 -1.62332 2.53223
      vertex 0 -2.79999 3.49999
      vertex 0 -1.74609 2.3667
    endloop
  endfacet
  facet normal 1 -0 0
    outer loop
      vertex 0 -2.09027 4.45693
      vertex 0 -1.33223 2.82332
      vertex 0 -1.99507 4.48078
    endloop
  endfacet
  facet normal 1 0 0
    outer loop
      vertex 0 -1.74609 2.3667
      vertex 0 -2.79999 3.49999
      vertex 0 -1.85203 2.18993
    endloop
  endfacet
  facet normal 1 -0 0
    outer loop
      vertex 0 -2.18268 4.42386
      vertex 0 -1.33223 2.82332
      vertex 0 -2.09027 4.45693
    endloop
  endfacet
  facet normal 1 0 0
    outer loop
      vertex 0 -1.85203 2.18993
      vertex 0 -2.79999 3.49999
      vertex 0 -1.94015 2.00363
    endloop
  endfacet
  facet normal 1 0 0
    outer loop
      vertex 0 -1.94015 2.00363
      vertex 0 -2.79999 3.49999
      vertex 0 -2.00957 1.8096
    endloop
  endfacet
  facet normal 1 0 0
    outer loop
      vertex 0 -2.00957 1.8096
      vertex 0 -2.79999 3.49999
      vertex 0 -2.05965 1.60969
    endloop
  endfacet
  facet normal 1 -0 0
    outer loop
      vertex 0 -2.27138 4.38192
      vertex 0 -1.33223 2.82332
      vertex 0 -2.18268 4.42386
    endloop
  endfacet
  facet normal 1 0 0
    outer loop
      vertex 0 -2.05965 1.60969
      vertex 0 -2.79999 3.49999
      vertex 0 -2.08989 1.40584
    endloop
  endfacet
  facet normal 1 -0 0
    outer loop
      vertex 0 -2.35556 4.33145
      vertex 0 -1.33223 2.82332
      vertex 0 -2.27138 4.38192
    endloop
  endfacet
  facet normal 1 0 0
    outer loop
      vertex 0 5.51517 4.33145
      vertex 0 5.5596 3.09999
      vertex 0 5.59399 4.273
    endloop
  endfacet
  facet normal 1 0 0
    outer loop
      vertex 0 5.43098 4.38192
      vertex 0 5.5596 3.09999
      vertex 0 5.51517 4.33145
    endloop
  endfacet
  facet normal 1 0 0
    outer loop
      vertex 0 5.34229 4.42386
      vertex 0 5.5596 3.09999
      vertex 0 5.43098 4.38192
    endloop
  endfacet
  facet normal 1 0 0
    outer loop
      vertex 0 5.24988 4.45693
      vertex 0 5.5596 3.09999
      vertex 0 5.34229 4.42386
    endloop
  endfacet
  facet normal 1 0 0
    outer loop
      vertex 0 5.15468 4.48078
      vertex 0 5.5596 3.09999
      vertex 0 5.24988 4.45693
    endloop
  endfacet
  facet normal 1 0 0
    outer loop
      vertex 0 5.05762 4.49517
      vertex 0 5.5596 3.09999
      vertex 0 5.15468 4.48078
    endloop
  endfacet
  facet normal 1 0 0
    outer loop
      vertex 0 4.95959 4.49999
      vertex 0 5.5596 3.09999
      vertex 0 5.05762 4.49517
    endloop
  endfacet
  facet normal 1 -0 0
    outer loop
      vertex 0 4.2 4
      vertex 0 5.5596 3.09999
      vertex 0 4.95959 4.49999
    endloop
  endfacet
  facet normal 1 0 0
    outer loop
      vertex 0 5.5596 3.09999
      vertex 0 4.2 4
      vertex 0 4.2 3.09999
    endloop
  endfacet
  facet normal 1 -0 0
    outer loop
      vertex 0 5.5596 1.90001
      vertex 0 5.95959 3.05176e-06
      vertex 0 5.95959 3.49999
    endloop
  endfacet
  facet normal 1 0 0
    outer loop
      vertex 0 5.5596 3.09999
      vertex 0 5.95959 3.49999
      vertex 0 5.95477 3.59801
    endloop
  endfacet
  facet normal 1 0 0
    outer loop
      vertex 0 5.5596 3.09999
      vertex 0 5.95477 3.59801
      vertex 0 5.94038 3.69507
    endloop
  endfacet
  facet normal 1 0 0
    outer loop
      vertex 0 5.5596 3.09999
      vertex 0 5.94038 3.69507
      vertex 0 5.91653 3.79027
    endloop
  endfacet
  facet normal 1 0 0
    outer loop
      vertex 0 5.5596 3.09999
      vertex 0 5.91653 3.79027
      vertex 0 5.88347 3.88268
    endloop
  endfacet
  facet normal 1 0 0
    outer loop
      vertex 0 5.5596 3.09999
      vertex 0 5.88347 3.88268
      vertex 0 5.84152 3.97138
    endloop
  endfacet
  facet normal 1 0 0
    outer loop
      vertex 0 5.5596 3.09999
      vertex 0 5.84152 3.97138
      vertex 0 5.79106 4.05556
    endloop
  endfacet
  facet normal 1 0 0
    outer loop
      vertex 0 5.5596 3.09999
      vertex 0 5.79106 4.05556
      vertex 0 5.7326 4.13439
    endloop
  endfacet
  facet normal 1 0 0
    outer loop
      vertex 0 5.5596 3.09999
      vertex 0 5.7326 4.13439
      vertex 0 5.6667 4.2071
    endloop
  endfacet
  facet normal 1 0 0
    outer loop
      vertex 0 5.5596 3.09999
      vertex 0 5.6667 4.2071
      vertex 0 5.59399 4.273
    endloop
  endfacet
  facet normal 1 0 0
    outer loop
      vertex 0 5.95959 3.49999
      vertex 0 5.5596 3.09999
      vertex 0 5.5596 1.90001
    endloop
  endfacet
  facet normal 1 -0 0
    outer loop
      vertex 0 4.2 1
      vertex 0 5.95959 3.05176e-06
      vertex 0 5.5596 1.90001
    endloop
  endfacet
  facet normal 1 0 0
    outer loop
      vertex 0 4.2 1
      vertex 0 5.5596 1.90001
      vertex 0 4.2 1.90001
    endloop
  endfacet
  facet normal 1 0 0
    outer loop
      vertex 0 5.95959 3.05176e-06
      vertex 0 4.2 1
      vertex 0 5.95959 1.90735e-07
    endloop
  endfacet
  facet normal 1 -0 0
    outer loop
      vertex 0 2.08989 1.40584
      vertex 0 4.2 1
      vertex 0 2.7 2.5
    endloop
  endfacet
  facet normal 1 0 0
    outer loop
      vertex 0 2.08989 0.994165
      vertex 0 4.2 1
      vertex 0 2.1 1.2
    endloop
  endfacet
  facet normal 1 0 0
    outer loop
      vertex 0 2.05965 0.790311
      vertex 0 4.2 1
      vertex 0 2.08989 0.994165
    endloop
  endfacet
  facet normal 1 0 0
    outer loop
      vertex 0 2.00957 0.590403
      vertex 0 4.2 1
      vertex 0 2.05965 0.790311
    endloop
  endfacet
  facet normal 1 0 0
    outer loop
      vertex 0 1.94015 0.396365
      vertex 0 4.2 1
      vertex 0 2.00957 0.590403
    endloop
  endfacet
  facet normal 1 0 0
    outer loop
      vertex 0 1.85203 0.210067
      vertex 0 4.2 1
      vertex 0 1.94015 0.396365
    endloop
  endfacet
  facet normal 1 0 0
    outer loop
      vertex 0 1.74609 0.0333035
      vertex 0 4.2 1
      vertex 0 1.85203 0.210067
    endloop
  endfacet
  facet normal 1 0 0
    outer loop
      vertex 0 1.72139 1.90735e-07
      vertex 0 4.2 1
      vertex 0 1.74609 0.0333035
    endloop
  endfacet
  facet normal 1 0 0
    outer loop
      vertex 0 4.2 1
      vertex 0 1.72139 1.90735e-07
      vertex 0 5.95959 1.90735e-07
    endloop
  endfacet
  facet normal 1 0 0
    outer loop
      vertex 0 0.409689 3.25965
      vertex 0 0.4 3.4
      vertex 0 0.4 3.26109
    endloop
  endfacet
  facet normal 1 -0 0
    outer loop
      vertex 0 -2.43439 4.273
      vertex 0 -1.33223 2.82332
      vertex 0 -2.35556 4.33145
    endloop
  endfacet
  facet normal 1 0 0
    outer loop
      vertex 0 -2.79999 3.05176e-06
      vertex 0 -2.08989 1.40584
      vertex 0 -2.79999 3.49999
    endloop
  endfacet
  facet normal 1 -0 0
    outer loop
      vertex 0 -2.5071 4.2071
      vertex 0 -1.33223 2.82332
      vertex 0 -2.43439 4.273
    endloop
  endfacet
  facet normal 1 -0 0
    outer loop
      vertex 0 -2.573 4.13439
      vertex 0 -1.33223 2.82332
      vertex 0 -2.5071 4.2071
    endloop
  endfacet
  facet normal 1 -0 0
    outer loop
      vertex 0 -2.63145 4.05556
      vertex 0 -1.33223 2.82332
      vertex 0 -2.573 4.13439
    endloop
  endfacet
  facet normal 1 -0 0
    outer loop
      vertex 0 -2.68192 3.97138
      vertex 0 -1.33223 2.82332
      vertex 0 -2.63145 4.05556
    endloop
  endfacet
  facet normal 1 0 0
    outer loop
      vertex 0 -2.08989 1.40584
      vertex 0 -2.79999 3.05176e-06
      vertex 0 -2.1 1.2
    endloop
  endfacet
  facet normal 1 -0 0
    outer loop
      vertex 0 -2.72386 3.88268
      vertex 0 -1.33223 2.82332
      vertex 0 -2.68192 3.97138
    endloop
  endfacet
  facet normal 1 -0 0
    outer loop
      vertex 0 -2.75693 3.79027
      vertex 0 -1.33223 2.82332
      vertex 0 -2.72386 3.88268
    endloop
  endfacet
  facet normal 1 -0 0
    outer loop
      vertex 0 -2.78078 3.69507
      vertex 0 -1.33223 2.82332
      vertex 0 -2.75693 3.79027
    endloop
  endfacet
  facet normal 1 -0 0
    outer loop
      vertex 0 -2.79517 3.59801
      vertex 0 -1.33223 2.82332
      vertex 0 -2.78078 3.69507
    endloop
  endfacet
  facet normal 1 0 0
    outer loop
      vertex 0 -1.33223 2.82332
      vertex 0 -2.79999 3.49999
      vertex 0 -1.48492 2.68492
    endloop
  endfacet
  facet normal 1 0 0
    outer loop
      vertex 0 -1.33223 2.82332
      vertex 0 -2.79517 3.59801
      vertex 0 -2.79999 3.49999
    endloop
  endfacet
  facet normal 1 0 0
    outer loop
      vertex 0 -2.1 1.2
      vertex 0 -2.79999 3.05176e-06
      vertex 0 -2.08989 0.994165
    endloop
  endfacet
  facet normal 1 0 0
    outer loop
      vertex 0 -1.74609 0.0333035
      vertex 0 -2.79999 1.90735e-07
      vertex 0 -1.72139 1.90735e-07
    endloop
  endfacet
  facet normal 1 0 0
    outer loop
      vertex 0 -1.85203 0.210067
      vertex 0 -2.79999 1.90735e-07
      vertex 0 -1.74609 0.0333035
    endloop
  endfacet
  facet normal 1 0 0
    outer loop
      vertex 0 -2.79999 3.05176e-06
      vertex 0 -1.85203 0.210067
      vertex 0 -1.94015 0.396365
    endloop
  endfacet
  facet normal 1 0 0
    outer loop
      vertex 0 -2.79999 3.05176e-06
      vertex 0 -1.94015 0.396365
      vertex 0 -2.00957 0.590403
    endloop
  endfacet
  facet normal 1 0 0
    outer loop
      vertex 0 -2.08989 0.994165
      vertex 0 -2.79999 3.05176e-06
      vertex 0 -2.05965 0.790311
    endloop
  endfacet
  facet normal 1 0 0
    outer loop
      vertex 0 -2.05965 0.790311
      vertex 0 -2.79999 3.05176e-06
      vertex 0 -2.00957 0.590403
    endloop
  endfacet
  facet normal 1 0 0
    outer loop
      vertex 0 -1.85203 0.210067
      vertex 0 -2.79999 3.05176e-06
      vertex 0 -2.79999 1.90735e-07
    endloop
  endfacet
  facet normal 0.750563 0.653654 0.0969099
    outer loop
      vertex 0 5.94038 3.69507
      vertex -0.5 6.45477 4.09801
      vertex -0.5 6.44038 4.19507
    endloop
  endfacet
  facet normal 0.750563 0.653654 0.0969099
    outer loop
      vertex -0.5 6.45477 4.09801
      vertex 0 5.94038 3.69507
      vertex 0 5.95477 3.59801
    endloop
  endfacet
  facet normal 0.382001 0.694831 0.609332
    outer loop
      vertex -3.50334 7.72633 5.5
      vertex -3.66155 8.00217 5.28464
      vertex -3.66155 7.81331 5.5
    endloop
  endfacet
  facet normal 0.38199 0.69483 0.609339
    outer loop
      vertex -3.66155 8.00217 5.28464
      vertex -3.50334 7.72633 5.5
      vertex -3.17211 7.84133 5.16122
    endloop
  endfacet
  facet normal 0.258305 0.803256 0.536711
    outer loop
      vertex -3.66155 8.00217 5.28464
      vertex -3.66155 8.28087 4.86753
      vertex -4.17326 8.11095 5.36811
    endloop
  endfacet
  facet normal 0.499193 0.651469 0.571309
    outer loop
      vertex -2.71332 7.63119 4.99997
      vertex -3.12692 7.50961 5.5
      vertex -2.71332 7.34076 5.33115
    endloop
  endfacet
  facet normal 0.499261 0.651386 0.571345
    outer loop
      vertex -3.12692 7.50961 5.5
      vertex -2.71332 7.63119 4.99997
      vertex -3.15578 7.53173 5.5
    endloop
  endfacet
  facet normal 0.499947 0.622237 0.60239
    outer loop
      vertex -3.11135 7.4971 5.5
      vertex -2.71332 7.34076 5.33115
      vertex -3.12692 7.50961 5.5
    endloop
  endfacet
  facet normal 0.499943 0.622364 0.602263
    outer loop
      vertex -2.71332 7.34076 5.33115
      vertex -3.11135 7.4971 5.5
      vertex -0.5 6.1667 4.7071
    endloop
  endfacet
  facet normal 0.504297 0.649243 0.569357
    outer loop
      vertex -2.71332 7.34076 5.33115
      vertex -0.5 6.2326 4.63439
      vertex -2.71332 7.63119 4.99997
    endloop
  endfacet
  facet normal 0.503261 0.640284 0.580315
    outer loop
      vertex -0.5 6.1667 4.7071
      vertex -0.5 6.2326 4.63439
      vertex -2.71332 7.34076 5.33115
    endloop
  endfacet
  facet normal 0.551608 0.754027 0.356612
    outer loop
      vertex -0.5 6.38347 4.38268
      vertex -2.71332 8.07073 4.23867
      vertex -0.5 6.34152 4.47138
    endloop
  endfacet
  facet normal 0.601164 0.783772 0.155894
    outer loop
      vertex -0.5 6.44038 4.19507
      vertex -2.71332 8.29825 3.38954
      vertex -2.71332 8.21232 3.82156
    endloop
  endfacet
  facet normal 0.499193 0.864636 0.0566625
    outer loop
      vertex -3.17211 8.56087 3.42411
      vertex -2.71332 8.32706 2.95
      vertex -3.17211 8.59194 2.95
    endloop
  endfacet
  facet normal 0.25832 0.963991 -0.0631838
    outer loop
      vertex -3.66155 8.76186 2.24942
      vertex -4.17326 8.89781 2.23153
      vertex -3.66155 8.79467 2.75
    endloop
  endfacet
  facet normal 0.38198 0.922193 -0.0604331
    outer loop
      vertex -3.17211 8.59194 2.75
      vertex -3.17211 8.56087 2.27588
      vertex -3.66155 8.79467 2.75
    endloop
  endfacet
  facet normal 0.381973 0.906418 0.180285
    outer loop
      vertex -3.66155 8.664 3.94259
      vertex -3.17211 8.56087 3.42411
      vertex -3.66155 8.76186 3.45058
    endloop
  endfacet
  facet normal 0.381992 0.906406 0.180305
    outer loop
      vertex -3.17211 8.46817 3.89012
      vertex -3.17211 8.56087 3.42411
      vertex -3.66155 8.664 3.94259
    endloop
  endfacet
  facet normal 0.634364 0.771379 0.0505584
    outer loop
      vertex -0.5 6.45477 4.09801
      vertex -2.29303 8.00456 2.95
      vertex -2.29303 7.97851 3.34745
    endloop
  endfacet
  facet normal 0.499996 0.866027 -0
    outer loop
      vertex -2.71332 8.32706 2.75
      vertex -3.17211 8.59194 2.95
      vertex -2.71332 8.32706 2.95
    endloop
  endfacet
  facet normal 0.499996 0.866027 0
    outer loop
      vertex -3.17211 8.59194 2.95
      vertex -2.71332 8.32706 2.75
      vertex -3.17211 8.59194 2.75
    endloop
  endfacet
  facet normal 0.230382 -0.142698 0.962581
    outer loop
      vertex -1.4999 -0.606954 5.5
      vertex -0.5 -2.39801 4.99517
      vertex -1.47958 -0.574148 5.5
    endloop
  endfacet
  facet normal 0.23036 -0.142712 0.962584
    outer loop
      vertex -0.5 -2.39801 4.99517
      vertex -1.4999 -0.606954 5.5
      vertex -0.5 -2.49507 4.98078
    endloop
  endfacet
  facet normal 0.381983 -0.0602081 0.922206
    outer loop
      vertex -1.3917 -0.322828 5.5
      vertex -0.5 -2.39801 4.99517
      vertex -1.34992 -0.0577597 5.5
    endloop
  endfacet
  facet normal -0.185895 -0.40696 0.89433
    outer loop
      vertex -2.29128 -0.602889 5.5
      vertex -3.31 -2.28268 4.52387
      vertex -0.509999 -2.68268 4.92386
    endloop
  endfacet
  facet normal -0.185896 -0.40696 0.89433
    outer loop
      vertex -3.31 -2.28268 4.52387
      vertex -2.29128 -0.602889 5.5
      vertex -4.44799 0.382278 5.5
    endloop
  endfacet
  facet normal -0.0623092 -0.320813 0.945091
    outer loop
      vertex -1.9939 -0.702219 5.5
      vertex -0.509999 -2.59027 4.95693
      vertex -1.86096 -0.728039 5.5
    endloop
  endfacet
  facet normal 0.061656 -0.242542 0.96818
    outer loop
      vertex -1.70213 -0.728039 5.5
      vertex -0.5 -2.49507 4.98078
      vertex -1.66398 -0.718341 5.5
    endloop
  endfacet
  facet normal 0.0616395 -0.242553 0.968178
    outer loop
      vertex -0.5 -2.49507 4.98078
      vertex -1.70213 -0.728039 5.5
      vertex -0.5 -2.59027 4.95693
    endloop
  endfacet
  facet normal 0.750563 -0.0969099 0.653654
    outer loop
      vertex -0.5 -2.39801 4.99517
      vertex 0 -1.99507 4.48078
      vertex 0 -1.89801 4.49517
    endloop
  endfacet
  facet normal 0.750563 -0.0969099 0.653654
    outer loop
      vertex 0 -1.99507 4.48078
      vertex -0.5 -2.39801 4.99517
      vertex -0.5 -2.49507 4.98078
    endloop
  endfacet
  facet normal -0.1978 -0.726314 0.658288
    outer loop
      vertex -3.31 -2.6071 4.3071
      vertex -0.509999 -3.073 4.63439
      vertex -0.509999 -3.0071 4.7071
    endloop
  endfacet
  facet normal -0.1978 -0.726314 0.658288
    outer loop
      vertex -0.509999 -3.073 4.63439
      vertex -3.31 -2.6071 4.3071
      vertex -3.31 -2.673 4.23439
    endloop
  endfacet
  facet normal -0.497476 -0.516774 0.696751
    outer loop
      vertex -3.31 -2.45557 4.43146
      vertex -5.78561 1.26225 5.42136
      vertex -3.31 -2.53439 4.373
    endloop
  endfacet
  facet normal -0.497375 -0.516733 0.696854
    outer loop
      vertex -5.78561 1.26225 5.42136
      vertex -3.31 -2.45557 4.43146
      vertex -5.79171 1.29365 5.44029
    endloop
  endfacet
  facet normal -0.195966 -0.787702 0.584057
    outer loop
      vertex -3.31 -2.673 4.23439
      vertex -0.509999 -3.13145 4.55556
      vertex -0.509999 -3.073 4.63439
    endloop
  endfacet
  facet normal -0.195965 -0.787619 0.584169
    outer loop
      vertex -0.509999 -3.13145 4.55556
      vertex -3.31 -2.673 4.23439
      vertex -3.31 -2.73146 4.15557
    endloop
  endfacet
  facet normal -0.179663 -0.926207 0.331454
    outer loop
      vertex -3.31 -2.82387 3.98268
      vertex -0.509999 -3.25693 4.29027
      vertex -0.509999 -3.22386 4.38268
    endloop
  endfacet
  facet normal -0.179659 -0.926228 0.331397
    outer loop
      vertex -0.509999 -3.25693 4.29027
      vertex -3.31 -2.82387 3.98268
      vertex -3.31 -2.85693 3.89028
    endloop
  endfacet
  facet normal 0.723449 0.033904 0.689545
    outer loop
      vertex -0.5 5.45959 4.99999
      vertex 0 5.05762 4.49517
      vertex -0.5 5.55762 4.99517
    endloop
  endfacet
  facet normal 0.723449 0.033904 0.689545
    outer loop
      vertex 0 5.05762 4.49517
      vertex -0.5 5.45959 4.99999
      vertex 0 4.95959 4.49999
    endloop
  endfacet
  facet normal 0.500726 0.0566088 0.863753
    outer loop
      vertex -1.34502 5.3293 5.5
      vertex -0.5 5.55762 4.99517
      vertex -1.36384 5.49577 5.5
    endloop
  endfacet
  facet normal 0.499548 0.0703751 0.863423
    outer loop
      vertex -1.36384 5.49577 5.5
      vertex -0.5 5.55762 4.99517
      vertex -1.36689 5.51742 5.5
    endloop
  endfacet
  facet normal 0.799606 0.256721 0.542885
    outer loop
      vertex -0.5 5.84229 4.92386
      vertex 0 5.43098 4.38192
      vertex -0.5 5.93098 4.88192
    endloop
  endfacet
  facet normal 0.799606 0.256721 0.542885
    outer loop
      vertex 0 5.43098 4.38192
      vertex -0.5 5.84229 4.92386
      vertex 0 5.34229 4.42386
    endloop
  endfacet
  facet normal 0.130246 0.824389 -0.550835
    outer loop
      vertex -4.17326 8.39962 0.76391
      vertex -4.69849 8.16581 0.289795
      vertex -4.69849 8.4595 0.729336
    endloop
  endfacet
  facet normal 0.13026 0.889229 -0.438525
    outer loop
      vertex -4.17326 8.62942 1.22991
      vertex -4.69849 8.4595 0.729336
      vertex -4.69849 8.69331 1.20345
    endloop
  endfacet
  facet normal 0.382004 0.874841 -0.297871
    outer loop
      vertex -1.70546 7.21198 1.90735e-07
      vertex -3.17211 8.31545 1.35997
      vertex -1.48208 7.11444 1.90735e-07
    endloop
  endfacet
  facet normal 0.382006 0.874841 -0.297867
    outer loop
      vertex -3.17211 8.31545 1.35997
      vertex -1.70546 7.21198 1.90735e-07
      vertex -3.66155 8.50275 1.28238
    endloop
  endfacet
  facet normal 0.285436 0.859569 -0.423872
    outer loop
      vertex -2.20251 7.38588 1.90735e-07
      vertex -3.66155 8.50275 1.28238
      vertex -1.86264 7.27302 1.90735e-07
    endloop
  endfacet
  facet normal 0.285403 0.859564 -0.423904
    outer loop
      vertex -3.66155 8.50275 1.28238
      vertex -2.20251 7.38588 1.90735e-07
      vertex -3.66155 8.28087 0.832467
    endloop
  endfacet
  facet normal 0.37176 0.874071 -0.312722
    outer loop
      vertex -3.66155 8.50275 1.28238
      vertex -1.70546 7.21198 1.90735e-07
      vertex -1.78895 7.24749 1.90735e-07
    endloop
  endfacet
  facet normal 0.487473 0.520088 0.70134
    outer loop
      vertex -0.5 6.09399 4.773
      vertex -2.28594 6.78757 5.5
      vertex -0.5 6.01517 4.83145
    endloop
  endfacet
  facet normal 0.487474 0.520107 0.701326
    outer loop
      vertex -2.28594 6.78757 5.5
      vertex -0.5 6.09399 4.773
      vertex -2.33487 6.83343 5.5
    endloop
  endfacet
  facet normal 0.48295 0.486498 0.728065
    outer loop
      vertex -1.91304 6.41739 5.5
      vertex -0.5 6.01517 4.83145
      vertex -2.28594 6.78757 5.5
    endloop
  endfacet
  facet normal 0.499194 0.820505 0.278525
    outer loop
      vertex -2.71332 8.07073 4.23867
      vertex -2.71332 8.21232 3.82156
      vertex -3.17211 8.31545 4.34003
    endloop
  endfacet
  facet normal 0.499189 0.820511 0.278519
    outer loop
      vertex -3.17211 8.31545 4.34003
      vertex -2.71332 8.21232 3.82156
      vertex -3.17211 8.46817 3.89012
    endloop
  endfacet
  facet normal 0 0.980785 0.19509
    outer loop
      vertex -4.69849 8.96636 3.4775
      vertex -5.22826 8.86323 3.99597
      vertex -4.69849 8.86323 3.99597
    endloop
  endfacet
  facet normal 0 0.980785 0.19509
    outer loop
      vertex -5.22826 8.86323 3.99597
      vertex -4.69849 8.96636 3.4775
      vertex -5.22826 8.96636 3.4775
    endloop
  endfacet
  facet normal 0.381977 0.828858 0.408764
    outer loop
      vertex -3.17211 8.1053 4.76617
      vertex -3.66155 8.50275 4.41762
      vertex -3.66155 8.28087 4.86753
    endloop
  endfacet
  facet normal 0.381987 0.875125 0.297057
    outer loop
      vertex -3.17211 8.31545 4.34003
      vertex -3.17211 8.46817 3.89012
      vertex -3.66155 8.50275 4.41762
    endloop
  endfacet
  facet normal 0.130246 0.97243 -0.193433
    outer loop
      vertex -4.17326 8.79644 1.72192
      vertex -4.69849 8.86323 1.70403
      vertex -4.17326 8.89781 2.23153
    endloop
  endfacet
  facet normal 0.258316 0.963992 -0.0631791
    outer loop
      vertex -3.66155 8.79467 2.75
      vertex -4.17326 8.89781 2.23153
      vertex -4.17326 8.93179 2.75
    endloop
  endfacet
  facet normal 0.258318 0.9475 -0.188456
    outer loop
      vertex -3.66155 8.76186 2.24942
      vertex -3.66155 8.664 1.75741
      vertex -4.17326 8.89781 2.23153
    endloop
  endfacet
  facet normal -0.130532 0.991444 0
    outer loop
      vertex -5.22826 9.00094 2.75
      vertex -5.73419 8.93433 2.95
      vertex -5.22826 9.00094 2.95
    endloop
  endfacet
  facet normal -0.130539 0.991443 -1.68175e-05
    outer loop
      vertex -5.73419 8.93433 2.95
      vertex -5.22826 9.00094 2.75
      vertex -5.74062 8.93348 2.75
    endloop
  endfacet
  facet normal 0 0.946932 0.321433
    outer loop
      vertex -4.69849 8.86323 3.99597
      vertex -5.22826 8.69331 4.49655
      vertex -4.69849 8.69331 4.49655
    endloop
  endfacet
  facet normal 0 0.946932 0.321433
    outer loop
      vertex -5.22826 8.69331 4.49655
      vertex -4.69849 8.86323 3.99597
      vertex -5.22826 8.86323 3.99597
    endloop
  endfacet
  facet normal 0.38198 0.922193 0.0604343
    outer loop
      vertex -3.17211 8.56087 3.42411
      vertex -3.17211 8.59194 2.95
      vertex -3.66155 8.79467 2.95
    endloop
  endfacet
  facet normal 0.13024 0.98936 0.0648416
    outer loop
      vertex -4.17326 8.89781 3.46847
      vertex -4.17326 8.93179 2.95
      vertex -4.69849 8.96636 3.4775
    endloop
  endfacet
  facet normal 0.130255 0.989357 0.0648568
    outer loop
      vertex -4.69849 8.96636 3.4775
      vertex -4.17326 8.93179 2.95
      vertex -4.69849 9.00094 2.95
    endloop
  endfacet
  facet normal 0.13026 0.889228 0.438528
    outer loop
      vertex -4.69849 8.4595 4.97066
      vertex -4.17326 8.62942 4.47009
      vertex -4.69849 8.69331 4.49655
    endloop
  endfacet
  facet normal -0.770455 -0.546869 -0.327618
    outer loop
      vertex -4.72513 -1.13064 1.90735e-07
      vertex -4.66161 -1.22013 1.90735e-07
      vertex -4.72293 -1.14927 0.0259242
    endloop
  endfacet
  facet normal 0.614656 0.780266 0.115681
    outer loop
      vertex -0.5 6.45477 4.09801
      vertex -2.29303 7.97851 3.34745
      vertex -0.5 6.44038 4.19507
    endloop
  endfacet
  facet normal 0.771609 0.617028 0.154581
    outer loop
      vertex 0 5.91653 3.79027
      vertex -0.5 6.44038 4.19507
      vertex -0.5 6.41653 4.29027
    endloop
  endfacet
  facet normal 0.771609 0.617028 0.154581
    outer loop
      vertex -0.5 6.44038 4.19507
      vertex 0 5.91653 3.79027
      vertex 0 5.94038 3.69507
    endloop
  endfacet
  facet normal 0.499106 0.651511 0.571337
    outer loop
      vertex -3.15578 7.53173 5.5
      vertex -3.17211 7.84133 5.16122
      vertex -3.17211 7.54424 5.5
    endloop
  endfacet
  facet normal 0.499191 0.651477 0.571302
    outer loop
      vertex -3.17211 7.84133 5.16122
      vertex -3.15578 7.53173 5.5
      vertex -2.71332 7.63119 4.99997
    endloop
  endfacet
  facet normal 0.49919 0.720456 0.481406
    outer loop
      vertex -2.71332 7.63119 4.99997
      vertex -2.71332 7.87591 4.63373
      vertex -3.17211 7.84133 5.16122
    endloop
  endfacet
  facet normal 0.534441 0.72494 0.434551
    outer loop
      vertex -0.5 6.29106 4.55556
      vertex -0.5 6.34152 4.47138
      vertex -2.71332 7.87591 4.63373
    endloop
  endfacet
  facet normal 0.787652 0.580114 0.207538
    outer loop
      vertex 0 5.88347 3.88268
      vertex -0.5 6.41653 4.29027
      vertex -0.5 6.38347 4.38268
    endloop
  endfacet
  facet normal 0.787652 0.580114 0.207538
    outer loop
      vertex -0.5 6.41653 4.29027
      vertex 0 5.88347 3.88268
      vertex 0 5.91653 3.79027
    endloop
  endfacet
  facet normal 0.799611 0.542867 0.256745
    outer loop
      vertex 0 5.84152 3.97138
      vertex -0.5 6.38347 4.38268
      vertex -0.5 6.34152 4.47138
    endloop
  endfacet
  facet normal 0.799611 0.542867 0.256745
    outer loop
      vertex -0.5 6.38347 4.38268
      vertex 0 5.84152 3.97138
      vertex 0 5.88347 3.88268
    endloop
  endfacet
  facet normal 0.489523 0.855233 -0.170129
    outer loop
      vertex -1.12516 6.93649 1.90735e-07
      vertex -3.17211 8.46817 1.80988
      vertex -3.17211 8.56087 2.27588
    endloop
  endfacet
  facet normal 0.489533 0.85523 -0.170116
    outer loop
      vertex -3.17211 8.46817 1.80988
      vertex -1.12516 6.93649 1.90735e-07
      vertex -1.24146 7.00306 1.90735e-07
    endloop
  endfacet
  facet normal 0.381992 0.906405 -0.180309
    outer loop
      vertex -3.17211 8.46817 1.80988
      vertex -3.66155 8.664 1.75741
      vertex -3.17211 8.56087 2.27588
    endloop
  endfacet
  facet normal 0.382679 0.923881 -0
    outer loop
      vertex -3.17211 8.59194 2.75
      vertex -3.66155 8.79467 2.95
      vertex -3.17211 8.59194 2.95
    endloop
  endfacet
  facet normal 0.382679 0.923881 0
    outer loop
      vertex -3.66155 8.79467 2.95
      vertex -3.17211 8.59194 2.75
      vertex -3.66155 8.79467 2.75
    endloop
  endfacet
  facet normal 0.258825 -0.126061 0.957663
    outer loop
      vertex -1.47958 -0.574148 5.5
      vertex -0.5 -2.39801 4.99517
      vertex -1.40835 -0.4279 5.5
    endloop
  endfacet
  facet normal -0.0838322 -0.335751 0.938213
    outer loop
      vertex -1.9939 -0.702219 5.5
      vertex -0.509999 -2.68268 4.92386
      vertex -0.509999 -2.59027 4.95693
    endloop
  endfacet
  facet normal -0.0837964 -0.335727 0.938225
    outer loop
      vertex -0.509999 -2.68268 4.92386
      vertex -1.9939 -0.702219 5.5
      vertex -2.05467 -0.687051 5.5
    endloop
  endfacet
  facet normal 0 -0.279962 0.960011
    outer loop
      vertex -1.70213 -0.728039 5.5
      vertex -0.509999 -2.59027 4.95693
      vertex -0.5 -2.59027 4.95693
    endloop
  endfacet
  facet normal 0 -0.279962 0.960011
    outer loop
      vertex -0.509999 -2.59027 4.95693
      vertex -1.70213 -0.728039 5.5
      vertex -1.86096 -0.728039 5.5
    endloop
  endfacet
  facet normal 0.139529 -0.19318 0.971192
    outer loop
      vertex -1.55602 -0.647488 5.5
      vertex -0.5 -2.49507 4.98078
      vertex -1.4999 -0.606954 5.5
    endloop
  endfacet
  facet normal 0.771609 -0.154581 0.617028
    outer loop
      vertex -0.5 -2.49507 4.98078
      vertex 0 -2.09027 4.45693
      vertex 0 -1.99507 4.48078
    endloop
  endfacet
  facet normal 0.771609 -0.154581 0.617028
    outer loop
      vertex 0 -2.09027 4.45693
      vertex -0.5 -2.49507 4.98078
      vertex -0.5 -2.59027 4.95693
    endloop
  endfacet
  facet normal 0.787666 -0.207588 0.580078
    outer loop
      vertex -0.5 -2.59027 4.95693
      vertex 0 -2.18268 4.42386
      vertex 0 -2.09027 4.45693
    endloop
  endfacet
  facet normal 0.787666 -0.207588 0.580078
    outer loop
      vertex 0 -2.18268 4.42386
      vertex -0.5 -2.59027 4.95693
      vertex -0.5 -2.68268 4.92386
    endloop
  endfacet
  facet normal -0.192317 -0.504495 0.841724
    outer loop
      vertex -3.31 -2.45557 4.43146
      vertex -0.509999 -2.77138 4.88192
      vertex -3.31 -2.37138 4.48192
    endloop
  endfacet
  facet normal -0.192319 -0.504612 0.841653
    outer loop
      vertex -0.509999 -2.77138 4.88192
      vertex -3.31 -2.45557 4.43146
      vertex -0.509999 -2.85556 4.83145
    endloop
  endfacet
  facet normal -0.572224 -0.550741 0.607654
    outer loop
      vertex -3.31 -2.53439 4.373
      vertex -5.54733 0.365107 4.89405
      vertex -3.31 -2.6071 4.3071
    endloop
  endfacet
  facet normal -0.572384 -0.550824 0.607429
    outer loop
      vertex -3.31 -2.53439 4.373
      vertex -5.55474 0.389547 4.90923
      vertex -5.54733 0.365107 4.89405
    endloop
  endfacet
  facet normal -0.572187 -0.550723 0.607706
    outer loop
      vertex -5.55474 0.389547 4.90923
      vertex -3.31 -2.53439 4.373
      vertex -5.56292 0.416562 4.92601
    endloop
  endfacet
  facet normal -0.608579 -0.567704 0.554387
    outer loop
      vertex -5.46612 0.0925067 4.70405
      vertex -5.54733 0.365107 4.89405
      vertex -5.48995 0.160161 4.74717
    endloop
  endfacet
  facet normal -0.608713 -0.567667 0.554277
    outer loop
      vertex -5.54733 0.365107 4.89405
      vertex -5.46612 0.0925067 4.70405
      vertex -3.31 -2.6071 4.3071
    endloop
  endfacet
  facet normal 0.813514 -0.467142 0.346372
    outer loop
      vertex -0.5 -3.13145 4.55556
      vertex 0 -2.573 4.13439
      vertex -0.5 -3.073 4.63439
    endloop
  endfacet
  facet normal 0.813514 -0.467142 0.346372
    outer loop
      vertex 0 -2.573 4.13439
      vertex -0.5 -3.13145 4.55556
      vertex 0 -2.63145 4.05556
    endloop
  endfacet
  facet normal -0.192319 -0.841653 0.504612
    outer loop
      vertex -3.31 -2.73146 4.15557
      vertex -0.509999 -3.18192 4.47138
      vertex -0.509999 -3.13145 4.55556
    endloop
  endfacet
  facet normal -0.192317 -0.841724 0.504495
    outer loop
      vertex -0.509999 -3.18192 4.47138
      vertex -3.31 -2.73146 4.15557
      vertex -3.31 -2.78192 4.07138
    endloop
  endfacet
  facet normal 0 -0.740954 0.671556
    outer loop
      vertex -0.509999 -3.073 4.63439
      vertex -0.5 -3.0071 4.7071
      vertex -0.509999 -3.0071 4.7071
    endloop
  endfacet
  facet normal 0 -0.740954 0.671556
    outer loop
      vertex -0.5 -3.0071 4.7071
      vertex -0.509999 -3.073 4.63439
      vertex -0.5 -3.073 4.63439
    endloop
  endfacet
  facet normal 0 -0.595605 0.803277
    outer loop
      vertex -0.509999 -2.85556 4.83145
      vertex -0.5 -2.93439 4.773
      vertex -0.5 -2.85556 4.83145
    endloop
  endfacet
  facet normal 0 -0.595605 0.803277
    outer loop
      vertex -0.5 -2.93439 4.773
      vertex -0.509999 -2.85556 4.83145
      vertex -0.509999 -2.93439 4.773
    endloop
  endfacet
  facet normal 0 0.896871 -0.442293
    outer loop
      vertex -4.69849 8.4595 0.729336
      vertex -5.22826 8.69331 1.20345
      vertex -4.69849 8.69331 1.20345
    endloop
  endfacet
  facet normal 0 0.896871 -0.442293
    outer loop
      vertex -5.22826 8.69331 1.20345
      vertex -4.69849 8.4595 0.729336
      vertex -5.22826 8.4595 0.729336
    endloop
  endfacet
  facet normal -0.258233 0.866453 -0.427288
    outer loop
      vertex -5.75349 8.62942 1.22991
      vertex -5.76756 8.51562 1.00765
      vertex -5.75706 8.62699 1.22714
    endloop
  endfacet
  facet normal -0.258401 0.866417 -0.427259
    outer loop
      vertex -5.75349 8.39962 0.76391
      vertex -5.76756 8.51562 1.00765
      vertex -5.75349 8.62942 1.22991
    endloop
  endfacet
  facet normal -0.258173 0.866478 -0.427274
    outer loop
      vertex -5.76756 8.51562 1.00765
      vertex -5.75349 8.39962 0.76391
      vertex -5.77249 8.4634 0.904731
    endloop
  endfacet
  facet normal -0.25878 0.866296 -0.427274
    outer loop
      vertex -5.77249 8.4634 0.904731
      vertex -5.75349 8.39962 0.76391
      vertex -5.76922 8.41268 0.799916
    endloop
  endfacet
  facet normal -0.258638 0.866358 -0.427235
    outer loop
      vertex -5.76922 8.41268 0.799916
      vertex -5.75349 8.39962 0.76391
      vertex -5.76816 8.39621 0.765876
    endloop
  endfacet
  facet normal -0.258181 0.726251 -0.637105
    outer loop
      vertex -5.75349 8.11095 0.33189
      vertex -5.78994 8.07964 0.31097
      vertex -5.78621 8.104 0.337227
    endloop
  endfacet
  facet normal -0.258164 0.803519 -0.536384
    outer loop
      vertex -5.78614 8.11482 0.353402
      vertex -5.75349 8.11095 0.33189
      vertex -5.78621 8.104 0.337227
    endloop
  endfacet
  facet normal -0.25868 0.802904 -0.537056
    outer loop
      vertex -5.75349 8.11095 0.33189
      vertex -5.78614 8.11482 0.353402
      vertex -5.7861 8.12178 0.363788
    endloop
  endfacet
  facet normal 0 0.751844 -0.659341
    outer loop
      vertex -4.69849 7.91167 1.90735e-07
      vertex -5.22826 8.16581 0.289795
      vertex -4.69849 8.16581 0.289795
    endloop
  endfacet
  facet normal 0 0.751844 -0.659341
    outer loop
      vertex -5.22826 8.16581 0.289795
      vertex -4.69849 7.91167 1.90735e-07
      vertex -5.22826 7.91167 1.90735e-07
    endloop
  endfacet
  facet normal 0.258293 0.914798 -0.31053
    outer loop
      vertex -3.66155 8.50275 1.28238
      vertex -4.17326 8.62942 1.22991
      vertex -3.66155 8.664 1.75741
    endloop
  endfacet
  facet normal 0.258293 0.866433 -0.427292
    outer loop
      vertex -3.66155 8.50275 1.28238
      vertex -3.66155 8.28087 0.832467
      vertex -4.17326 8.62942 1.22991
    endloop
  endfacet
  facet normal 0.13026 0.938864 0.318694
    outer loop
      vertex -4.17326 8.62942 4.47009
      vertex -4.69849 8.86323 3.99597
      vertex -4.69849 8.69331 4.49655
    endloop
  endfacet
  facet normal 0.130244 0.938861 0.31871
    outer loop
      vertex -4.17326 8.62942 4.47009
      vertex -4.17326 8.79644 3.97808
      vertex -4.69849 8.86323 3.99597
    endloop
  endfacet
  facet normal 0 0.946932 -0.321433
    outer loop
      vertex -4.69849 8.69331 1.20345
      vertex -5.22826 8.86323 1.70403
      vertex -4.69849 8.86323 1.70403
    endloop
  endfacet
  facet normal 0 0.946932 -0.321433
    outer loop
      vertex -5.22826 8.86323 1.70403
      vertex -4.69849 8.69331 1.20345
      vertex -5.22826 8.69331 1.20345
    endloop
  endfacet
  facet normal 0 0.980785 -0.19509
    outer loop
      vertex -4.69849 8.86323 1.70403
      vertex -5.22826 8.96636 2.2225
      vertex -4.69849 8.96636 2.2225
    endloop
  endfacet
  facet normal 0 0.980785 -0.19509
    outer loop
      vertex -5.22826 8.96636 2.2225
      vertex -4.69849 8.86323 1.70403
      vertex -5.22826 8.86323 1.70403
    endloop
  endfacet
  facet normal 0.38197 0.922196 -0.0604444
    outer loop
      vertex -3.17211 8.56087 2.27588
      vertex -3.66155 8.76186 2.24942
      vertex -3.66155 8.79467 2.75
    endloop
  endfacet
  facet normal 0.38197 0.906419 -0.180285
    outer loop
      vertex -3.17211 8.56087 2.27588
      vertex -3.66155 8.664 1.75741
      vertex -3.66155 8.76186 2.24942
    endloop
  endfacet
  facet normal 0.258316 0.963992 0.0631791
    outer loop
      vertex -4.17326 8.89781 3.46847
      vertex -3.66155 8.79467 2.95
      vertex -4.17326 8.93179 2.95
    endloop
  endfacet
  facet normal 0.25832 0.963991 0.0631838
    outer loop
      vertex -3.66155 8.76186 3.45058
      vertex -3.66155 8.79467 2.95
      vertex -4.17326 8.89781 3.46847
    endloop
  endfacet
  facet normal -0.130257 0.989357 0.0648568
    outer loop
      vertex -5.22826 9.00094 2.95
      vertex -5.73448 8.93304 2.9691
      vertex -5.22826 8.96636 3.4775
    endloop
  endfacet
  facet normal -0.130257 0.989358 0.0648428
    outer loop
      vertex -5.73448 8.93304 2.9691
      vertex -5.22826 9.00094 2.95
      vertex -5.73419 8.93433 2.95
    endloop
  endfacet
  facet normal -0.130244 0.989361 0.0648178
    outer loop
      vertex -5.22826 8.96636 3.4775
      vertex -5.73112 8.91486 3.25314
      vertex -5.72045 8.90212 3.46904
    endloop
  endfacet
  facet normal -0.130268 0.989354 0.0648737
    outer loop
      vertex -5.22826 8.96636 3.4775
      vertex -5.73695 8.92182 3.13529
      vertex -5.73112 8.91486 3.25314
    endloop
  endfacet
  facet normal -0.130269 0.989354 0.0648749
    outer loop
      vertex -5.22826 8.96636 3.4775
      vertex -5.73521 8.92971 3.01846
      vertex -5.73695 8.92182 3.13529
    endloop
  endfacet
  facet normal -0.13022 0.989364 0.0648201
    outer loop
      vertex -5.73521 8.92971 3.01846
      vertex -5.22826 8.96636 3.4775
      vertex -5.73448 8.93304 2.9691
    endloop
  endfacet
  facet normal -0.130245 0.889222 0.438544
    outer loop
      vertex -5.22826 8.4595 4.97066
      vertex -5.70135 8.43258 4.88474
      vertex -5.69981 8.40574 4.93962
    endloop
  endfacet
  facet normal -0.130241 0.889236 0.438516
    outer loop
      vertex -5.22826 8.4595 4.97066
      vertex -5.70815 8.55046 4.64368
      vertex -5.70135 8.43258 4.88474
    endloop
  endfacet
  facet normal -0.130255 0.889225 0.438535
    outer loop
      vertex -5.22826 8.4595 4.97066
      vertex -5.7033 8.60676 4.53096
      vertex -5.70815 8.55046 4.64368
    endloop
  endfacet
  facet normal -0.13005 0.889345 0.438353
    outer loop
      vertex -5.7033 8.60676 4.53096
      vertex -5.22826 8.4595 4.97066
      vertex -5.70276 8.61301 4.51844
    endloop
  endfacet
  facet normal 0.13024 0.745446 0.653718
    outer loop
      vertex -4.33086 8.02283 5.5
      vertex -4.69849 8.16581 5.4102
      vertex -4.69849 8.08706 5.5
    endloop
  endfacet
  facet normal 0.130248 0.745458 0.653703
    outer loop
      vertex -4.69849 8.16581 5.4102
      vertex -4.33086 8.02283 5.5
      vertex -4.17326 8.11095 5.36811
    endloop
  endfacet
  facet normal 0 0.75185 0.659334
    outer loop
      vertex -4.69849 8.16581 5.4102
      vertex -5.22826 8.08706 5.5
      vertex -4.69849 8.08706 5.5
    endloop
  endfacet
  facet normal 0 0.75185 0.659334
    outer loop
      vertex -5.22826 8.08706 5.5
      vertex -4.69849 8.16581 5.4102
      vertex -5.22826 8.16581 5.4102
    endloop
  endfacet
  facet normal -0.774428 -0.571919 -0.2705
    outer loop
      vertex -4.47747 -1.47129 1.90735e-07
      vertex -4.73168 -1.21517 0.186275
      vertex -4.7273 -1.19083 0.122273
    endloop
  endfacet
  facet normal -0.774428 -0.571919 -0.270501
    outer loop
      vertex -4.73168 -1.21517 0.186275
      vertex -4.47747 -1.47129 1.90735e-07
      vertex -4.33581 -1.66311 1.90735e-07
    endloop
  endfacet
  facet normal 0.381976 0.768416 0.513451
    outer loop
      vertex -3.17211 7.84133 5.16122
      vertex -3.17211 8.1053 4.76617
      vertex -3.66155 8.28087 4.86753
    endloop
  endfacet
  facet normal 0.499189 0.720457 0.481405
    outer loop
      vertex -3.17211 7.84133 5.16122
      vertex -2.71332 7.87591 4.63373
      vertex -3.17211 8.1053 4.76617
    endloop
  endfacet
  facet normal -0.258048 -0.427305 0.8665
    outer loop
      vertex -4.61375 0.480438 5.5
      vertex -3.31 -2.37138 4.48192
      vertex -4.4736 0.395802 5.5
    endloop
  endfacet
  facet normal 0.808099 -0.302894 0.505204
    outer loop
      vertex -0.5 -2.77138 4.88192
      vertex 0 -2.35556 4.33145
      vertex 0 -2.27138 4.38192
    endloop
  endfacet
  facet normal 0.808099 -0.302894 0.505204
    outer loop
      vertex 0 -2.35556 4.33145
      vertex -0.5 -2.77138 4.88192
      vertex -0.5 -2.85556 4.83145
    endloop
  endfacet
  facet normal 0 -0.336937 0.941527
    outer loop
      vertex -0.509999 -2.59027 4.95693
      vertex -0.5 -2.68268 4.92386
      vertex -0.5 -2.59027 4.95693
    endloop
  endfacet
  facet normal 0 -0.336937 0.941527
    outer loop
      vertex -0.5 -2.68268 4.92386
      vertex -0.509999 -2.59027 4.95693
      vertex -0.509999 -2.68268 4.92386
    endloop
  endfacet
  facet normal 0 -0.904036 0.427455
    outer loop
      vertex -0.509999 -3.22386 4.38268
      vertex -0.5 -3.18192 4.47138
      vertex -0.509999 -3.18192 4.47138
    endloop
  endfacet
  facet normal 0 -0.904036 0.427455
    outer loop
      vertex -0.5 -3.18192 4.47138
      vertex -0.509999 -3.22386 4.38268
      vertex -0.5 -3.22386 4.38268
    endloop
  endfacet
  facet normal 0 -0.803277 0.595605
    outer loop
      vertex -0.509999 -3.13145 4.55556
      vertex -0.5 -3.073 4.63439
      vertex -0.509999 -3.073 4.63439
    endloop
  endfacet
  facet normal 0 -0.803277 0.595605
    outer loop
      vertex -0.5 -3.073 4.63439
      vertex -0.509999 -3.13145 4.55556
      vertex -0.5 -3.13145 4.55556
    endloop
  endfacet
  facet normal 0.813514 -0.346372 0.467142
    outer loop
      vertex -0.5 -2.85556 4.83145
      vertex 0 -2.43439 4.273
      vertex 0 -2.35556 4.33145
    endloop
  endfacet
  facet normal 0.813514 -0.346372 0.467142
    outer loop
      vertex 0 -2.43439 4.273
      vertex -0.5 -2.85556 4.83145
      vertex -0.5 -2.93439 4.773
    endloop
  endfacet
  facet normal 0 -0.671556 0.740954
    outer loop
      vertex -0.509999 -2.93439 4.773
      vertex -0.5 -3.0071 4.7071
      vertex -0.5 -2.93439 4.773
    endloop
  endfacet
  facet normal 0 -0.671556 0.740954
    outer loop
      vertex -0.5 -3.0071 4.7071
      vertex -0.509999 -2.93439 4.773
      vertex -0.509999 -3.0071 4.7071
    endloop
  endfacet
  facet normal -0.256564 0.915668 -0.309399
    outer loop
      vertex -5.75712 8.62967 1.23366
      vertex -5.75349 8.62942 1.22991
      vertex -5.75691 8.62858 1.23026
    endloop
  endfacet
  facet normal -0.130238 0.972436 -0.193409
    outer loop
      vertex -5.22826 8.86323 1.70403
      vertex -5.75078 8.84941 1.9864
      vertex -5.74026 8.89693 2.21824
    endloop
  endfacet
  facet normal -0.130258 0.972425 -0.193447
    outer loop
      vertex -5.75078 8.84941 1.9864
      vertex -5.22826 8.86323 1.70403
      vertex -5.74849 8.82712 1.87281
    endloop
  endfacet
  facet normal -0.130254 0.972428 -0.193434
    outer loop
      vertex -5.74849 8.82712 1.87281
      vertex -5.22826 8.86323 1.70403
      vertex -5.74544 8.79746 1.72165
    endloop
  endfacet
  facet normal -0.130254 0.938865 -0.318696
    outer loop
      vertex -5.22826 8.86323 1.70403
      vertex -5.75349 8.76138 1.61865
      vertex -5.74544 8.79746 1.72165
    endloop
  endfacet
  facet normal -0.130252 0.938863 -0.318702
    outer loop
      vertex -5.75349 8.76138 1.61865
      vertex -5.22826 8.86323 1.70403
      vertex -5.75349 8.62942 1.22991
    endloop
  endfacet
  facet normal 0 0.831471 -0.555568
    outer loop
      vertex -4.69849 8.16581 0.289795
      vertex -5.22826 8.4595 0.729336
      vertex -4.69849 8.4595 0.729336
    endloop
  endfacet
  facet normal 0 0.831471 -0.555568
    outer loop
      vertex -5.22826 8.4595 0.729336
      vertex -4.69849 8.16581 0.289795
      vertex -5.22826 8.16581 0.289795
    endloop
  endfacet
  facet normal -0.130263 0.745438 -0.653723
    outer loop
      vertex -5.22826 7.91167 1.90735e-07
      vertex -5.66495 7.83536 1.90735e-07
      vertex -5.22826 8.16581 0.289795
    endloop
  endfacet
  facet normal -0.130254 0.745433 -0.653731
    outer loop
      vertex -5.66495 7.83536 1.90735e-07
      vertex -5.75349 8.11095 0.33189
      vertex -5.22826 8.16581 0.289795
    endloop
  endfacet
  facet normal -0.130245 0.745435 -0.65373
    outer loop
      vertex -5.75349 8.11095 0.33189
      vertex -5.66495 7.83536 1.90735e-07
      vertex -5.75349 7.81989 1.90735e-07
    endloop
  endfacet
  facet normal 0.170384 0.791439 -0.58702
    outer loop
      vertex -4.17326 8.11095 0.33189
      vertex -3.29459 7.67562 1.90735e-07
      vertex -3.34183 7.68579 1.90735e-07
    endloop
  endfacet
  facet normal 0.130374 0.755839 -0.641646
    outer loop
      vertex -3.84418 7.77244 1.90735e-07
      vertex -4.17326 8.11095 0.33189
      vertex -3.34183 7.68579 1.90735e-07
    endloop
  endfacet
  facet normal 0.130372 0.755839 -0.641647
    outer loop
      vertex -4.17326 8.11095 0.33189
      vertex -3.84418 7.77244 1.90735e-07
      vertex -4.69849 8.16581 0.289795
    endloop
  endfacet
  facet normal 0.258729 0.849485 -0.45982
    outer loop
      vertex -2.55622 7.49361 1.90735e-07
      vertex -3.66155 8.28087 0.832467
      vertex -2.20251 7.38588 1.90735e-07
    endloop
  endfacet
  facet normal 0.25874 0.849488 -0.459808
    outer loop
      vertex -3.66155 8.28087 0.832467
      vertex -2.55622 7.49361 1.90735e-07
      vertex -4.17326 8.39962 0.76391
    endloop
  endfacet
  facet normal 0.258314 0.866438 -0.427269
    outer loop
      vertex -3.66155 8.28087 0.832467
      vertex -4.17326 8.39962 0.76391
      vertex -4.17326 8.62942 1.22991
    endloop
  endfacet
  facet normal 0.130244 0.938861 -0.31871
    outer loop
      vertex -4.17326 8.79644 1.72192
      vertex -4.17326 8.62942 1.22991
      vertex -4.69849 8.86323 1.70403
    endloop
  endfacet
  facet normal 0.258303 0.914792 -0.31054
    outer loop
      vertex -3.66155 8.664 1.75741
      vertex -4.17326 8.62942 1.22991
      vertex -4.17326 8.79644 1.72192
    endloop
  endfacet
  facet normal -0.130279 0.745415 0.653746
    outer loop
      vertex -5.59589 8.02283 5.5
      vertex -5.70464 8.06525 5.42996
      vertex -5.70752 8.00332 5.5
    endloop
  endfacet
  facet normal -0.130199 0.745495 0.653671
    outer loop
      vertex -5.70464 8.06525 5.42996
      vertex -5.59589 8.02283 5.5
      vertex -5.7038 8.08317 5.40969
    endloop
  endfacet
  facet normal -0.13024 0.745446 0.653718
    outer loop
      vertex -5.22826 8.16581 5.4102
      vertex -5.59589 8.02283 5.5
      vertex -5.22826 8.08706 5.5
    endloop
  endfacet
  facet normal -0.130243 0.745451 0.653712
    outer loop
      vertex -5.70226 8.1163 5.37222
      vertex -5.59589 8.02283 5.5
      vertex -5.22826 8.16581 5.4102
    endloop
  endfacet
  facet normal -0.130289 0.745426 0.653731
    outer loop
      vertex -5.59589 8.02283 5.5
      vertex -5.70226 8.1163 5.37222
      vertex -5.7038 8.08317 5.40969
    endloop
  endfacet
  facet normal 0.258293 0.726337 0.636961
    outer loop
      vertex -3.66155 8.00217 5.28464
      vertex -3.94346 7.91356 5.5
      vertex -3.66155 7.81331 5.5
    endloop
  endfacet
  facet normal 0.258305 0.726323 0.636972
    outer loop
      vertex -3.94346 7.91356 5.5
      vertex -3.66155 8.00217 5.28464
      vertex -4.17326 8.11095 5.36811
    endloop
  endfacet
  facet normal 0.258316 0.803247 0.536719
    outer loop
      vertex -4.17326 8.11095 5.36811
      vertex -3.66155 8.28087 4.86753
      vertex -4.17326 8.39962 4.93609
    endloop
  endfacet
  facet normal 0.130242 0.824384 0.550843
    outer loop
      vertex -4.17326 8.11095 5.36811
      vertex -4.17326 8.39962 4.93609
      vertex -4.69849 8.4595 4.97066
    endloop
  endfacet
  facet normal 0 -0.427455 0.904036
    outer loop
      vertex -0.509999 -2.68268 4.92386
      vertex -0.5 -2.77138 4.88192
      vertex -0.5 -2.68268 4.92386
    endloop
  endfacet
  facet normal 0 -0.427455 0.904036
    outer loop
      vertex -0.5 -2.77138 4.88192
      vertex -0.509999 -2.68268 4.92386
      vertex -0.509999 -2.77138 4.88192
    endloop
  endfacet
  facet normal 0 -0.970023 0.243015
    outer loop
      vertex -0.509999 -3.28078 4.19507
      vertex -0.5 -3.25693 4.29027
      vertex -0.509999 -3.25693 4.29027
    endloop
  endfacet
  facet normal 0 -0.970023 0.243015
    outer loop
      vertex -0.5 -3.25693 4.29027
      vertex -0.509999 -3.28078 4.19507
      vertex -0.5 -3.28078 4.19507
    endloop
  endfacet
  facet normal 0.816168 -0.428134 0.388035
    outer loop
      vertex -0.5 -3.073 4.63439
      vertex 0 -2.5071 4.2071
      vertex -0.5 -3.0071 4.7071
    endloop
  endfacet
  facet normal 0.816168 -0.428134 0.388035
    outer loop
      vertex 0 -2.5071 4.2071
      vertex -0.5 -3.073 4.63439
      vertex 0 -2.573 4.13439
    endloop
  endfacet
  facet normal 0.816168 -0.388035 0.428134
    outer loop
      vertex -0.5 -2.93439 4.773
      vertex 0 -2.5071 4.2071
      vertex 0 -2.43439 4.273
    endloop
  endfacet
  facet normal 0.816168 -0.388035 0.428134
    outer loop
      vertex 0 -2.5071 4.2071
      vertex -0.5 -2.93439 4.773
      vertex -0.5 -3.0071 4.7071
    endloop
  endfacet
  facet normal -0.130246 0.824389 -0.550835
    outer loop
      vertex -5.22826 8.4595 0.729336
      vertex -5.22826 8.16581 0.289795
      vertex -5.75349 8.39962 0.76391
    endloop
  endfacet
  facet normal -0.130245 0.889237 -0.438512
    outer loop
      vertex -5.75349 8.62942 1.22991
      vertex -5.22826 8.4595 0.729336
      vertex -5.75349 8.39962 0.76391
    endloop
  endfacet
  facet normal 0.258325 0.726333 0.636952
    outer loop
      vertex -3.94346 7.91356 5.5
      vertex -4.17326 8.11095 5.36811
      vertex -4.17326 7.99529 5.5
    endloop
  endfacet
  facet normal 0.130264 0.745446 0.653714
    outer loop
      vertex -4.17326 7.99529 5.5
      vertex -4.17326 8.11095 5.36811
      vertex -4.33086 8.02283 5.5
    endloop
  endfacet
  facet normal 0.787666 -0.580078 0.207588
    outer loop
      vertex -0.5 -3.25693 4.29027
      vertex 0 -2.72386 3.88268
      vertex -0.5 -3.22386 4.38268
    endloop
  endfacet
  facet normal 0.787666 -0.580078 0.207588
    outer loop
      vertex 0 -2.72386 3.88268
      vertex -0.5 -3.25693 4.29027
      vertex 0 -2.75693 3.79027
    endloop
  endfacet
  facet normal 0 -0.941527 0.336937
    outer loop
      vertex -0.509999 -3.25693 4.29027
      vertex -0.5 -3.22386 4.38268
      vertex -0.509999 -3.22386 4.38268
    endloop
  endfacet
  facet normal 0 -0.941527 0.336937
    outer loop
      vertex -0.5 -3.22386 4.38268
      vertex -0.509999 -3.25693 4.29027
      vertex -0.5 -3.25693 4.29027
    endloop
  endfacet
  facet normal 0.808099 -0.505204 0.302894
    outer loop
      vertex -0.5 -3.18192 4.47138
      vertex 0 -2.63145 4.05556
      vertex -0.5 -3.13145 4.55556
    endloop
  endfacet
  facet normal 0.808099 -0.505204 0.302894
    outer loop
      vertex 0 -2.63145 4.05556
      vertex -0.5 -3.18192 4.47138
      vertex 0 -2.68192 3.97138
    endloop
  endfacet
  facet normal 0 -0.857664 0.514211
    outer loop
      vertex -0.509999 -3.18192 4.47138
      vertex -0.5 -3.13145 4.55556
      vertex -0.509999 -3.13145 4.55556
    endloop
  endfacet
  facet normal 0 -0.857664 0.514211
    outer loop
      vertex -0.5 -3.13145 4.55556
      vertex -0.509999 -3.18192 4.47138
      vertex -0.5 -3.18192 4.47138
    endloop
  endfacet
  facet normal -0.887171 -0.352228 0.298098
    outer loop
      vertex -6.65208 2.69494 4.53547
      vertex -5.81081 1.38196 5.48778
      vertex -6.64386 2.74553 4.61971
    endloop
  endfacet
  facet normal -0.88717 -0.352207 0.298126
    outer loop
      vertex -6.66673 2.60484 4.38543
      vertex -5.81081 1.38196 5.48778
      vertex -6.65208 2.69494 4.53547
    endloop
  endfacet
  facet normal -0.88717 -0.352204 0.29813
    outer loop
      vertex -6.66673 2.60484 4.38543
      vertex -5.79171 1.29365 5.44029
      vertex -5.81081 1.38196 5.48778
    endloop
  endfacet
  facet normal -0.887169 -0.352133 0.298217
    outer loop
      vertex -6.66673 2.60484 4.38543
      vertex -5.78561 1.26225 5.42136
      vertex -5.79171 1.29365 5.44029
    endloop
  endfacet
  facet normal -0.887172 -0.352231 0.298093
    outer loop
      vertex -5.78561 1.26225 5.42136
      vertex -6.66673 2.60484 4.38543
      vertex -5.75911 1.1251 5.33817
    endloop
  endfacet
  facet normal -0.891907 -0.435562 0.1216
    outer loop
      vertex -6.74292 2.26561 3.30508
      vertex -5.25303 -0.559554 4.11354
      vertex -6.72806 2.31066 3.57544
    endloop
  endfacet
  facet normal -0.891907 -0.435568 0.121579
    outer loop
      vertex -5.21481 -0.703696 3.87752
      vertex -5.25303 -0.559554 4.11354
      vertex -6.74292 2.26561 3.30508
    endloop
  endfacet
  facet normal -0.89203 -0.435359 0.121431
    outer loop
      vertex -5.25303 -0.559554 4.11354
      vertex -5.21481 -0.703696 3.87752
      vertex -5.23364 -0.622403 4.03065
    endloop
  endfacet
  facet normal -0.891584 -0.436121 0.121967
    outer loop
      vertex -5.23364 -0.622403 4.03065
      vertex -5.21784 -0.684692 3.92342
      vertex -5.22255 -0.659718 3.97829
    endloop
  endfacet
  facet normal -0.892276 -0.434926 0.121171
    outer loop
      vertex -5.23364 -0.622403 4.03065
      vertex -5.21481 -0.703696 3.87752
      vertex -5.21784 -0.684692 3.92342
    endloop
  endfacet
  facet normal -0.843336 0.419319 -0.33609
    outer loop
      vertex -5.79629 8.03821 0.266301
      vertex -5.80021 7.9614 0.180306
      vertex -6.48794 7.21415 0.973699
    endloop
  endfacet
  facet normal -0.883435 -0.286461 -0.370786
    outer loop
      vertex -6.30209 2.77516 1.90735e-07
      vertex -6.26529 2.66167 1.90735e-07
      vertex -6.71148 3.27976 0.585571
    endloop
  endfacet
  facet normal -0.876507 -0.164421 -0.45244
    outer loop
      vertex -6.51743 3.61117 1.90735e-07
      vertex -6.51069 3.57524 1.90735e-07
      vertex -6.68559 3.73542 0.280621
    endloop
  endfacet
  facet normal -0.836836 0.533779 0.121597
    outer loop
      vertex -5.72286 8.89122 3.52222
      vertex -6.42703 7.83575 3.30933
      vertex -5.72048 8.86805 3.64031
    endloop
  endfacet
  facet normal -0.836827 0.533624 0.122337
    outer loop
      vertex -6.42703 7.83575 3.30933
      vertex -5.72286 8.89122 3.52222
      vertex -6.4278 7.83562 3.30463
    endloop
  endfacet
  facet normal -0.852236 0.262718 -0.452407
    outer loop
      vertex -6.44432 6.18467 1.90735e-07
      vertex -6.53585 6.37099 0.280621
      vertex -6.3547 6.47539 1.90735e-07
    endloop
  endfacet
  facet normal -0.852225 0.262738 -0.452417
    outer loop
      vertex -6.53585 6.37099 0.280621
      vertex -6.44432 6.18467 1.90735e-07
      vertex -6.54994 6.12299 0.163138
    endloop
  endfacet
  facet normal -0.888721 -0.379649 0.256984
    outer loop
      vertex -6.6668 2.59659 4.373
      vertex -5.75911 1.1251 5.33817
      vertex -6.66673 2.60484 4.38543
    endloop
  endfacet
  facet normal -0.888719 -0.379448 0.257289
    outer loop
      vertex -5.75911 1.1251 5.33817
      vertex -6.6668 2.59659 4.373
      vertex -5.70515 0.922755 5.22614
    endloop
  endfacet
  facet normal -0.998112 0.0613036 -0.00374997
    outer loop
      vertex -6.47866 7.37757 1.1944
      vertex -6.48429 7.27839 1.07154
      vertex -6.48382 7.28678 1.0836
    endloop
  endfacet
  facet normal -0.998406 0.0564457 0.000185092
    outer loop
      vertex -6.48794 7.21415 0.973699
      vertex -6.48429 7.27839 1.07154
      vertex -6.47866 7.37757 1.1944
    endloop
  endfacet
  facet normal -0.998326 0.0578338 -0.000729312
    outer loop
      vertex -6.48429 7.27839 1.07154
      vertex -6.48794 7.21415 0.973699
      vertex -6.48689 7.23268 1.00581
    endloop
  endfacet
  facet normal -0.998381 0.0568745 -0.000173905
    outer loop
      vertex -6.48794 7.21415 0.973699
      vertex -6.49203 7.14215 0.907082
      vertex -6.48689 7.23268 1.00581
    endloop
  endfacet
  facet normal -0.998397 0.0565989 0.00012489
    outer loop
      vertex -6.49203 7.14215 0.907082
      vertex -6.48794 7.21415 0.973699
      vertex -6.49841 7.02991 0.770102
    endloop
  endfacet
  facet normal -0.840023 0.477639 -0.257336
    outer loop
      vertex -5.77249 8.4634 0.904731
      vertex -5.76922 8.41268 0.799916
      vertex -6.47064 7.51861 1.43009
    endloop
  endfacet
  facet normal -0.998391 0.0567038 0
    outer loop
      vertex -6.68559 3.73542 0.293592
      vertex -6.68559 3.73542 0.280621
      vertex -6.68811 3.69105 0.31709
    endloop
  endfacet
  facet normal -0.998388 0.0567523 0
    outer loop
      vertex -6.7335 2.89226 0.986711
      vertex -6.73149 2.92762 0.944628
      vertex -6.7335 2.89226 0.973699
    endloop
  endfacet
  facet normal -0.883435 -0.286496 0.37076
    outer loop
      vertex -6.6019 3.12796 5.05824
      vertex -6.30209 2.77516 5.5
      vertex -6.6009 3.14346 5.0726
    endloop
  endfacet
  facet normal -0.883435 -0.28646 0.370788
    outer loop
      vertex -6.30209 2.77516 5.5
      vertex -6.6019 3.12796 5.05824
      vertex -6.26529 2.66167 5.5
    endloop
  endfacet
  facet normal -0.891445 -0.436446 -0.121819
    outer loop
      vertex -6.76271 2.37808 1.9372
      vertex -6.76217 2.34561 2.04958
      vertex -6.76377 2.35949 2.01156
    endloop
  endfacet
  facet normal -0.892684 -0.434065 -0.121257
    outer loop
      vertex -6.76254 2.34451 2.05618
      vertex -6.7665 2.31143 2.20375
      vertex -6.76505 2.3369 2.1019
    endloop
  endfacet
  facet normal -0.884513 -0.449591 -0.124518
    outer loop
      vertex -6.76217 2.34561 2.04958
      vertex -6.7665 2.31143 2.20375
      vertex -6.76254 2.34451 2.05618
    endloop
  endfacet
  facet normal -0.891907 -0.435559 -0.121615
    outer loop
      vertex -6.76217 2.34561 2.04958
      vertex -5.10458 -0.917903 1.58118
      vertex -6.7665 2.31143 2.20375
    endloop
  endfacet
  facet normal -0.89191 -0.435568 -0.121563
    outer loop
      vertex -6.76271 2.37808 1.9372
      vertex -5.10458 -0.917903 1.58118
      vertex -6.76217 2.34561 2.04958
    endloop
  endfacet
  facet normal -0.891907 -0.435562 -0.121604
    outer loop
      vertex -5.10458 -0.917903 1.58118
      vertex -6.76271 2.37808 1.9372
      vertex -5.022 -1.00911 1.30218
    endloop
  endfacet
  facet normal -0.892724 -0.449934 -0.024575
    outer loop
      vertex -6.76955 2.25771 2.75
      vertex -5.231 -0.778267 2.44436
      vertex -5.24997 -0.757322 2.75
    endloop
  endfacet
  facet normal -0.876533 -0.164529 0.452349
    outer loop
      vertex -6.54103 3.7369 5.5
      vertex -6.55111 3.63606 5.44379
      vertex -6.51743 3.61117 5.5
    endloop
  endfacet
  facet normal -0.878993 -0.20754 0.429299
    outer loop
      vertex -6.55344 3.59179 5.42047
      vertex -6.51069 3.57524 5.5
      vertex -6.55329 3.61426 5.43164
    endloop
  endfacet
  facet normal -0.878961 -0.207842 0.429219
    outer loop
      vertex -6.51069 3.57524 5.5
      vertex -6.55344 3.59179 5.42047
      vertex -6.50117 3.53498 5.5
    endloop
  endfacet
  facet normal -0.998413 0.0562812 -0.00211132
    outer loop
      vertex -6.63952 4.54636 1.90735e-07
      vertex -6.64025 4.53341 1.90735e-07
      vertex -6.6417 4.50783 0.00380154
    endloop
  endfacet
  facet normal -0.886085 -0.353914 -0.299331
    outer loop
      vertex -6.7335 2.89226 0.973699
      vertex -6.73791 2.80152 1.09404
      vertex -6.7381 2.81124 1.08311
    endloop
  endfacet
  facet normal -0.887371 -0.351893 -0.297898
    outer loop
      vertex -6.73791 2.80152 1.09404
      vertex -6.74278 2.72884 1.1944
      vertex -6.73905 2.79449 1.10574
    endloop
  endfacet
  facet normal -0.887173 -0.352224 -0.298097
    outer loop
      vertex -5.79909 1.36276 1.90735e-07
      vertex -6.73791 2.80152 1.09404
      vertex -6.7335 2.89226 0.973699
    endloop
  endfacet
  facet normal -0.887173 -0.352208 -0.298117
    outer loop
      vertex -5.79909 1.36276 1.90735e-07
      vertex -6.74278 2.72884 1.1944
      vertex -6.73791 2.80152 1.09404
    endloop
  endfacet
  facet normal -0.887173 -0.352217 -0.298107
    outer loop
      vertex -6.74278 2.72884 1.1944
      vertex -5.79909 1.36276 1.90735e-07
      vertex -5.60495 0.873756 1.90735e-07
    endloop
  endfacet
  facet normal -0.998361 0.0572265 0
    outer loop
      vertex -6.47783 7.39205 1.23495
      vertex -6.47866 7.37757 1.1944
      vertex -6.47866 7.37757 1.21412
    endloop
  endfacet
  facet normal -0.998345 0.0575104 0
    outer loop
      vertex -6.45265 7.83523 2.47555
      vertex -6.45329 7.82412 2.44445
      vertex -6.45265 7.83523 2.60841
    endloop
  endfacet
  facet normal -0.841569 0.450559 0.297923
    outer loop
      vertex -6.38019 7.49133 4.41169
      vertex -5.70433 8.36771 4.99547
      vertex -6.38265 7.50033 4.39113
    endloop
  endfacet
  facet normal -0.841569 0.450421 0.298132
    outer loop
      vertex -6.38115 7.3512 4.62069
      vertex -5.70433 8.36771 4.99547
      vertex -6.38019 7.49133 4.41169
    endloop
  endfacet
  facet normal -0.84157 0.450423 0.298127
    outer loop
      vertex -5.70433 8.36771 4.99547
      vertex -6.38115 7.3512 4.62069
      vertex -5.70515 8.21877 5.21818
    endloop
  endfacet
  facet normal -0.852236 0.262771 0.452378
    outer loop
      vertex -6.38512 6.48042 5.43977
      vertex -6.3547 6.47539 5.5
      vertex -6.34393 6.51032 5.5
    endloop
  endfacet
  facet normal -0.852248 0.262726 0.452381
    outer loop
      vertex -6.3547 6.47539 5.5
      vertex -6.38512 6.48042 5.43977
      vertex -6.38375 6.45864 5.455
    endloop
  endfacet
  facet normal -0.885401 -0.320893 0.336293
    outer loop
      vertex -6.64146 2.75734 4.63986
      vertex -5.99878 1.88549 5.5
      vertex -6.64065 2.76504 4.64934
    endloop
  endfacet
  facet normal -0.885403 -0.320995 0.336191
    outer loop
      vertex -6.64238 2.75462 4.63484
      vertex -5.99878 1.88549 5.5
      vertex -6.64146 2.75734 4.63986
    endloop
  endfacet
  facet normal -0.885404 -0.321097 0.33609
    outer loop
      vertex -5.99878 1.88549 5.5
      vertex -6.64238 2.75462 4.63484
      vertex -5.91608 1.65745 5.5
    endloop
  endfacet
  facet normal -0.836186 0.54269 0.0792532
    outer loop
      vertex -6.44797 7.84224 3.02593
      vertex -5.73695 8.92182 3.13529
      vertex -6.44803 7.84226 3.02516
    endloop
  endfacet
  facet normal -0.836289 0.543345 0.0734599
    outer loop
      vertex -5.73695 8.92182 3.13529
      vertex -6.44797 7.84224 3.02593
      vertex -5.73112 8.91486 3.25314
    endloop
  endfacet
  facet normal -0.85747 0.170824 -0.48535
    outer loop
      vertex -6.52089 5.88365 1.90735e-07
      vertex -6.52242 5.87597 1.90735e-07
      vertex -6.56461 5.86469 0.0705673
    endloop
  endfacet
  facet normal -0.836016 0.548155 0.024568
    outer loop
      vertex -6.44801 7.84232 3.02441
      vertex -5.73695 8.92182 3.13529
      vertex -5.73521 8.92971 3.01846
    endloop
  endfacet
  facet normal -0.835933 0.548407 0.021581
    outer loop
      vertex -5.73695 8.92182 3.13529
      vertex -6.44801 7.84232 3.02441
      vertex -6.44803 7.84226 3.02516
    endloop
  endfacet
  facet normal -0.883508 -0.287282 0.369977
    outer loop
      vertex -6.60203 3.1259 5.05633
      vertex -6.26529 2.66167 5.5
      vertex -6.6019 3.12796 5.05824
    endloop
  endfacet
  facet normal -0.883435 -0.286434 0.370808
    outer loop
      vertex -6.61118 2.98439 4.92522
      vertex -6.26529 2.66167 5.5
      vertex -6.60203 3.1259 5.05633
    endloop
  endfacet
  facet normal -0.883435 -0.286424 0.370814
    outer loop
      vertex -6.62249 2.93801 4.86245
      vertex -6.26529 2.66167 5.5
      vertex -6.61118 2.98439 4.92522
    endloop
  endfacet
  facet normal -0.883435 -0.286423 0.370815
    outer loop
      vertex -6.26529 2.66167 5.5
      vertex -6.62249 2.93801 4.86245
      vertex -6.13894 2.27196 5.5
    endloop
  endfacet
  facet normal -0.892724 -0.449934 0.024575
    outer loop
      vertex -6.76955 2.25771 2.75
      vertex -5.24997 -0.757322 2.75
      vertex -5.231 -0.778267 3.05564
    endloop
  endfacet
  facet normal -0.986394 0.164399 0
    outer loop
      vertex -6.76954 2.25777 2.75055
      vertex -6.76955 2.25771 2.75
      vertex -6.76954 2.25777 2.7511
    endloop
  endfacet
  facet normal -0.836017 0.548152 0.0246057
    outer loop
      vertex -5.73419 8.93433 2.95
      vertex -6.45211 7.84483 2.82883
      vertex -6.44638 7.84813 2.95
    endloop
  endfacet
  facet normal -0.836015 0.548157 0.0245482
    outer loop
      vertex -6.45211 7.84483 2.82883
      vertex -5.73419 8.93433 2.95
      vertex -5.74062 8.93348 2.75
    endloop
  endfacet
  facet normal -0.836022 0.548156 0.0243285
    outer loop
      vertex -5.73419 8.93433 2.95
      vertex -6.44638 7.84813 2.95
      vertex -5.73448 8.93304 2.9691
    endloop
  endfacet
  facet normal -0.836017 0.548156 0.0245079
    outer loop
      vertex -6.45211 7.84483 2.82883
      vertex -5.74062 8.93348 2.75
      vertex -6.45189 7.84869 2.75
    endloop
  endfacet
  facet normal -0.836019 0.548148 0.0246159
    outer loop
      vertex -5.73448 8.93304 2.9691
      vertex -6.44638 7.84813 2.95
      vertex -5.73521 8.92971 3.01846
    endloop
  endfacet
  facet normal -0.836018 0.548156 0.024487
    outer loop
      vertex -5.73521 8.92971 3.01846
      vertex -6.44638 7.84813 2.95
      vertex -6.44801 7.84232 3.02441
    endloop
  endfacet
  facet normal -0.998393 0.0566667 -0.000287696
    outer loop
      vertex -6.6842 3.75991 0.280621
      vertex -6.68336 3.77467 0.272799
      vertex -6.68559 3.73542 0.280621
    endloop
  endfacet
  facet normal -0.998395 0.0566359 0.000230893
    outer loop
      vertex -6.53585 6.37099 0.280621
      vertex -6.53923 6.31148 0.262539
      vertex -6.53698 6.35107 0.280621
    endloop
  endfacet
  facet normal -0.998498 0.0547796 0.000959198
    outer loop
      vertex -6.47701 7.40657 1.25582
      vertex -6.47866 7.37757 1.1944
      vertex -6.47751 7.39768 1.24304
    endloop
  endfacet
  facet normal -0.998388 0.0567528 1.14052e-05
    outer loop
      vertex -6.45494 7.79498 2.20375
      vertex -6.45788 7.7433 2.00411
      vertex -6.45614 7.77388 2.15273
    endloop
  endfacet
  facet normal -0.998332 0.0577279 -0.000241838
    outer loop
      vertex -6.45873 7.72832 1.9372
      vertex -6.45788 7.7433 2.00411
      vertex -6.45494 7.79498 2.20375
    endloop
  endfacet
  facet normal -0.998401 0.0565228 2.8841e-05
    outer loop
      vertex -6.45873 7.72832 1.9372
      vertex -6.45893 7.72478 1.95143
      vertex -6.45788 7.7433 2.00411
    endloop
  endfacet
  facet normal -0.998398 0.0565833 4.39364e-05
    outer loop
      vertex -6.45893 7.72478 1.95143
      vertex -6.45873 7.72832 1.9372
      vertex -6.46063 7.69485 1.86633
    endloop
  endfacet
  facet normal -0.881275 -0.248359 0.402085
    outer loop
      vertex -6.6009 3.14346 5.0726
      vertex -6.329 2.8706 5.5
      vertex -6.59816 3.15854 5.08792
    endloop
  endfacet
  facet normal -0.881276 -0.248482 0.402008
    outer loop
      vertex -6.329 2.8706 5.5
      vertex -6.6009 3.14346 5.0726
      vertex -6.30209 2.77516 5.5
    endloop
  endfacet
  facet normal -0.852252 0.262672 0.452404
    outer loop
      vertex -6.38138 6.42105 5.48129
      vertex -6.3547 6.47539 5.5
      vertex -6.38375 6.45864 5.455
    endloop
  endfacet
  facet normal -0.852304 0.262747 0.452263
    outer loop
      vertex -6.3547 6.47539 5.5
      vertex -6.38138 6.42105 5.48129
      vertex -6.38386 6.3808 5.5
    endloop
  endfacet
  facet normal -0.887169 -0.352064 0.298299
    outer loop
      vertex -6.64386 2.74553 4.61971
      vertex -5.91608 1.65745 5.5
      vertex -6.64238 2.75462 4.63484
    endloop
  endfacet
  facet normal -0.887171 -0.352228 0.298099
    outer loop
      vertex -5.81081 1.38196 5.48778
      vertex -5.91608 1.65745 5.5
      vertex -6.64386 2.74553 4.61971
    endloop
  endfacet
  facet normal -0.887296 -0.352258 0.297692
    outer loop
      vertex -5.91608 1.65745 5.5
      vertex -5.81081 1.38196 5.48778
      vertex -5.81573 1.40468 5.5
    endloop
  endfacet
  facet normal -0.892359 -0.446331 0.0669573
    outer loop
      vertex -6.74291 2.26553 3.30468
      vertex -5.21481 -0.703696 3.87752
      vertex -6.74292 2.26561 3.30508
    endloop
  endfacet
  facet normal -0.892458 -0.444992 0.0741655
    outer loop
      vertex -6.74321 2.26542 3.30041
      vertex -5.21481 -0.703696 3.87752
      vertex -6.74291 2.26553 3.30468
    endloop
  endfacet
  facet normal -0.89245 -0.445127 0.073449
    outer loop
      vertex -5.18688 -0.809092 3.57815
      vertex -5.21481 -0.703696 3.87752
      vertex -6.74321 2.26542 3.30041
    endloop
  endfacet
  facet normal -0.892567 -0.444907 0.0733608
    outer loop
      vertex -5.19181 -0.773599 3.73342
      vertex -5.21481 -0.703696 3.87752
      vertex -5.18688 -0.809092 3.57815
    endloop
  endfacet
  facet normal -0.892181 -0.445614 0.0737657
    outer loop
      vertex -5.21481 -0.703696 3.87752
      vertex -5.19181 -0.773599 3.73342
      vertex -5.19734 -0.753128 3.7902
    endloop
  endfacet
  facet normal -0.892804 -0.44445 0.0732489
    outer loop
      vertex -5.19181 -0.773599 3.73342
      vertex -5.18688 -0.809092 3.57815
      vertex -5.18653 -0.806728 3.59676
    endloop
  endfacet
  facet normal -0.891098 -0.421325 -0.16861
    outer loop
      vertex -4.7638 -1.25792 0.45871
      vertex -4.90412 -1.13931 0.903913
      vertex -6.76271 2.37808 1.9372
    endloop
  endfacet
  facet normal -0.891174 -0.421134 -0.168685
    outer loop
      vertex -4.8548 -1.19055 0.771276
      vertex -4.90412 -1.13931 0.903913
      vertex -4.7638 -1.25792 0.45871
    endloop
  endfacet
  facet normal -0.890132 -0.423913 -0.167223
    outer loop
      vertex -4.90412 -1.13931 0.903913
      vertex -4.8548 -1.19055 0.771276
      vertex -4.88487 -1.16056 0.855314
    endloop
  endfacet
  facet normal -0.891033 -0.421479 -0.168569
    outer loop
      vertex -4.8548 -1.19055 0.771276
      vertex -4.7638 -1.25792 0.45871
      vertex -4.80596 -1.23716 0.629655
    endloop
  endfacet
  facet normal -0.891631 -0.420085 -0.168886
    outer loop
      vertex -4.80596 -1.23716 0.629655
      vertex -4.7638 -1.25792 0.45871
      vertex -4.7846 -1.25097 0.551236
    endloop
  endfacet
  facet normal -0.998393 0.0566648 0
    outer loop
      vertex -6.7335 2.89226 0.973699
      vertex -6.73744 2.82284 1.06932
      vertex -6.7335 2.89226 0.986711
    endloop
  endfacet
  facet normal -0.998334 0.0576862 0.000743977
    outer loop
      vertex -6.73744 2.82284 1.06932
      vertex -6.7335 2.89226 0.973699
      vertex -6.7381 2.81124 1.08311
    endloop
  endfacet
  facet normal -0.99839 0.056725 0
    outer loop
      vertex -6.74278 2.72884 1.20786
      vertex -6.73905 2.79449 1.10574
      vertex -6.74278 2.72884 1.1944
    endloop
  endfacet
  facet normal -0.998406 0.0564302 -0.000433005
    outer loop
      vertex -6.71148 3.27976 0.585571
      vertex -6.70773 3.34578 0.542844
      vertex -6.70557 3.38379 0.51595
    endloop
  endfacet
  facet normal -0.998423 0.0561272 -0.000902678
    outer loop
      vertex -6.71148 3.27976 0.585571
      vertex -6.71067 3.29407 0.579431
      vertex -6.70773 3.34578 0.542844
    endloop
  endfacet
  facet normal -0.998408 0.0564057 -0.000251545
    outer loop
      vertex -6.71148 3.27976 0.585571
      vertex -6.71309 3.25141 0.618704
      vertex -6.71067 3.29407 0.579431
    endloop
  endfacet
  facet normal -0.998406 0.0564469 -0.000216176
    outer loop
      vertex -6.71309 3.25141 0.618704
      vertex -6.71148 3.27976 0.585571
      vertex -6.7164 3.19307 0.672404
    endloop
  endfacet
  facet normal -0.998373 0.0570268 0.000394262
    outer loop
      vertex -6.68559 3.73542 0.280621
      vertex -6.68993 3.65907 0.334027
      vertex -6.68811 3.69105 0.31709
    endloop
  endfacet
  facet normal -0.998407 0.0564231 -0.000471452
    outer loop
      vertex -6.68993 3.65907 0.334027
      vertex -6.68559 3.73542 0.280621
      vertex -6.69087 3.64251 0.342798
    endloop
  endfacet
  facet normal -0.998396 0.0566145 -0.00016806
    outer loop
      vertex -6.73149 2.92762 0.944628
      vertex -6.72957 2.96136 0.90449
      vertex -6.7335 2.89226 0.973699
    endloop
  endfacet
  facet normal -0.878974 -0.207845 -0.429191
    outer loop
      vertex -6.51069 3.57524 1.90735e-07
      vertex -6.50117 3.53498 1.90735e-07
      vertex -6.68559 3.73542 0.280621
    endloop
  endfacet
  facet normal -0.998411 0.0563583 -0.000157662
    outer loop
      vertex -6.76163 2.3971 1.89693
      vertex -6.75866 2.44927 1.73793
      vertex -6.76271 2.37808 1.9372
    endloop
  endfacet
  facet normal -0.998411 0.0563557 -0.000160429
    outer loop
      vertex -6.75805 2.46014 1.7075
      vertex -6.75566 2.50223 1.61904
      vertex -6.75746 2.47051 1.67849
    endloop
  endfacet
  facet normal -0.998412 0.0563351 -0.000181038
    outer loop
      vertex -6.74414 2.7049 1.2451
      vertex -6.74278 2.72884 1.1944
      vertex -6.74518 2.68656 1.27362
    endloop
  endfacet
  facet normal -0.998392 0.056691 0
    outer loop
      vertex -6.76271 2.37808 1.95489
      vertex -6.76163 2.3971 1.89693
      vertex -6.76271 2.37808 1.9372
    endloop
  endfacet
  facet normal -0.99839 0.0567172 0
    outer loop
      vertex -6.74278 2.72884 1.20786
      vertex -6.74278 2.72884 1.1944
      vertex -6.74414 2.7049 1.2451
    endloop
  endfacet
  facet normal -0.891912 -0.43536 0.122289
    outer loop
      vertex -6.72806 2.31066 3.57544
      vertex -5.33025 -0.332857 4.35918
      vertex -6.72768 2.3118 3.58227
    endloop
  endfacet
  facet normal -0.891908 -0.435564 0.121592
    outer loop
      vertex -5.25303 -0.559554 4.11354
      vertex -5.33025 -0.332857 4.35918
      vertex -6.72806 2.31066 3.57544
    endloop
  endfacet
  facet normal -0.891653 -0.435953 0.122063
    outer loop
      vertex -5.33025 -0.332857 4.35918
      vertex -5.26397 -0.524104 4.1603
      vertex -5.30622 -0.398049 4.30188
    endloop
  endfacet
  facet normal -0.891822 -0.435688 0.121777
    outer loop
      vertex -5.30622 -0.398049 4.30188
      vertex -5.26397 -0.524104 4.1603
      vertex -5.28997 -0.444398 4.25506
    endloop
  endfacet
  facet normal -0.892059 -0.435328 0.121327
    outer loop
      vertex -5.33025 -0.332857 4.35918
      vertex -5.25303 -0.559554 4.11354
      vertex -5.26397 -0.524104 4.1603
    endloop
  endfacet
  facet normal -0.892451 -0.445128 -0.0734309
    outer loop
      vertex -6.7665 2.31143 2.20375
      vertex -5.10458 -0.917903 1.58118
      vertex -5.16632 -0.849712 1.91818
    endloop
  endfacet
  facet normal -0.891907 -0.435563 -0.121596
    outer loop
      vertex -6.76271 2.37808 1.9372
      vertex -4.90412 -1.13931 0.903913
      vertex -5.022 -1.00911 1.30218
    endloop
  endfacet
  facet normal -0.998379 0.056916 0
    outer loop
      vertex -6.6845 3.75454 0.283462
      vertex -6.68559 3.73542 0.280621
      vertex -6.68559 3.73542 0.293592
    endloop
  endfacet
  facet normal -0.998384 0.0568291 0
    outer loop
      vertex -6.49841 7.02991 0.770102
      vertex -6.49929 7.01445 0.767804
      vertex -6.49841 7.02991 0.784673
    endloop
  endfacet
  facet normal -0.998412 0.0559604 0.00644336
    outer loop
      vertex -6.68442 3.75606 0.282657
      vertex -6.68559 3.73542 0.280621
      vertex -6.6845 3.75454 0.283462
    endloop
  endfacet
  facet normal -0.998382 0.0568653 -0.00024426
    outer loop
      vertex -6.49841 7.02991 0.770102
      vertex -6.50126 6.9797 0.729908
      vertex -6.49929 7.01445 0.767804
    endloop
  endfacet
  facet normal -0.998418 0.0562295 0.000552515
    outer loop
      vertex -6.50996 6.82664 0.585571
      vertex -6.50126 6.9797 0.729908
      vertex -6.49841 7.02991 0.770102
    endloop
  endfacet
  facet normal -0.99835 0.0574124 -0.000705952
    outer loop
      vertex -6.50126 6.9797 0.729908
      vertex -6.50996 6.82664 0.585571
      vertex -6.50567 6.90222 0.665331
    endloop
  endfacet
  facet normal -0.99838 0.0568965 -0.00021553
    outer loop
      vertex -6.50567 6.90222 0.665331
      vertex -6.50996 6.82664 0.585571
      vertex -6.51126 6.80382 0.58332
    endloop
  endfacet
  facet normal -0.847464 0.346723 0.40198
    outer loop
      vertex -6.37842 6.95565 5.08046
      vertex -6.0836 7.18985 5.5
      vertex -6.04605 7.28163 5.5
    endloop
  endfacet
  facet normal -0.847437 0.346967 0.401826
    outer loop
      vertex -6.0836 7.18985 5.5
      vertex -6.37842 6.95565 5.08046
      vertex -6.37827 6.93883 5.0953
    endloop
  endfacet
  facet normal -0.876506 -0.164522 -0.452404
    outer loop
      vertex -6.57355 3.91017 1.90735e-07
      vertex -6.68559 3.73542 0.280621
      vertex -6.6715 3.98341 0.163138
    endloop
  endfacet
  facet normal -0.87651 -0.164514 -0.4524
    outer loop
      vertex -6.68559 3.73542 0.280621
      vertex -6.57355 3.91017 1.90735e-07
      vertex -6.51743 3.61117 1.90735e-07
    endloop
  endfacet
  facet normal -0.99839 0.0567148 1.75027e-05
    outer loop
      vertex -6.54994 6.12299 0.163138
      vertex -6.54822 6.15326 0.190289
      vertex -6.53585 6.37099 0.280621
    endloop
  endfacet
  facet normal -0.998393 0.0566633 7.5128e-05
    outer loop
      vertex -6.54994 6.12299 0.163138
      vertex -6.55459 6.04109 0.139067
      vertex -6.54822 6.15326 0.190289
    endloop
  endfacet
  facet normal -0.998397 0.0566042 0.000276682
    outer loop
      vertex -6.56461 5.86469 0.0705673
      vertex -6.55459 6.04109 0.139067
      vertex -6.54994 6.12299 0.163138
    endloop
  endfacet
  facet normal -0.998386 0.0567953 -0.000216927
    outer loop
      vertex -6.55459 6.04109 0.139067
      vertex -6.56461 5.86469 0.0705673
      vertex -6.55701 5.9985 0.126082
    endloop
  endfacet
  facet normal -0.854798 0.21745 -0.471206
    outer loop
      vertex -6.51882 5.89181 1.90735e-07
      vertex -6.54994 6.12299 0.163138
      vertex -6.44432 6.18467 1.90735e-07
    endloop
  endfacet
  facet normal -0.854844 0.217402 -0.471146
    outer loop
      vertex -6.54994 6.12299 0.163138
      vertex -6.51882 5.89181 1.90735e-07
      vertex -6.56461 5.86469 0.0705673
    endloop
  endfacet
  facet normal -0.836019 0.548153 -0.0245159
    outer loop
      vertex -5.74462 8.91535 2.48146
      vertex -5.74634 8.90757 2.36616
      vertex -6.45265 7.83523 2.47555
    endloop
  endfacet
  facet normal -0.83683 0.533821 0.121452
    outer loop
      vertex -6.42323 7.83248 3.34988
      vertex -5.72048 8.86805 3.64031
      vertex -6.42385 7.83632 3.32873
    endloop
  endfacet
  facet normal -0.836831 0.533811 0.121487
    outer loop
      vertex -6.42385 7.83632 3.32873
      vertex -5.72048 8.86805 3.64031
      vertex -6.42703 7.83575 3.30933
    endloop
  endfacet
  facet normal -0.836834 0.533779 0.121609
    outer loop
      vertex -6.41638 7.79027 3.58229
      vertex -5.72048 8.86805 3.64031
      vertex -6.42323 7.83248 3.34988
    endloop
  endfacet
  facet normal -0.836835 0.533781 0.121596
    outer loop
      vertex -5.72048 8.86805 3.64031
      vertex -6.41638 7.79027 3.58229
      vertex -5.71515 8.8161 3.90504
    endloop
  endfacet
  facet normal -0.885403 -0.321096 -0.336093
    outer loop
      vertex -5.99878 1.88549 1.90735e-07
      vertex -5.91608 1.65745 1.90735e-07
      vertex -6.7335 2.89226 0.973699
    endloop
  endfacet
  facet normal -0.881282 -0.24857 0.401939
    outer loop
      vertex -6.58179 3.24878 5.1796
      vertex -6.42248 3.20205 5.5
      vertex -6.57778 3.36947 5.26303
    endloop
  endfacet
  facet normal -0.881279 -0.248521 0.401975
    outer loop
      vertex -6.329 2.8706 5.5
      vertex -6.58179 3.24878 5.1796
      vertex -6.59816 3.15854 5.08792
    endloop
  endfacet
  facet normal -0.881285 -0.248552 0.401943
    outer loop
      vertex -6.58179 3.24878 5.1796
      vertex -6.329 2.8706 5.5
      vertex -6.42248 3.20205 5.5
    endloop
  endfacet
  facet normal -0.878963 -0.207863 0.429205
    outer loop
      vertex -6.55373 3.54633 5.39786
      vertex -6.50117 3.53498 5.5
      vertex -6.55344 3.59179 5.42047
    endloop
  endfacet
  facet normal -0.878982 -0.207734 0.429229
    outer loop
      vertex -6.57156 3.41517 5.29787
      vertex -6.50117 3.53498 5.5
      vertex -6.55373 3.54633 5.39786
    endloop
  endfacet
  facet normal -0.878956 -0.207664 0.429315
    outer loop
      vertex -6.42248 3.20205 5.5
      vertex -6.57156 3.41517 5.29787
      vertex -6.57778 3.36947 5.26303
    endloop
  endfacet
  facet normal -0.878974 -0.207751 0.429237
    outer loop
      vertex -6.57156 3.41517 5.29787
      vertex -6.42248 3.20205 5.5
      vertex -6.50117 3.53498 5.5
    endloop
  endfacet
  facet normal -0.8911 -0.421331 0.168586
    outer loop
      vertex -6.71783 2.32089 3.65704
      vertex -5.48995 0.160161 4.74717
      vertex -6.7098 2.38364 3.85631
    endloop
  endfacet
  facet normal -0.891106 -0.421252 0.16875
    outer loop
      vertex -6.72398 2.31522 3.61041
      vertex -5.48995 0.160161 4.74717
      vertex -6.71783 2.32089 3.65704
    endloop
  endfacet
  facet normal -0.891081 -0.421518 0.168218
    outer loop
      vertex -6.72674 2.31267 3.5894
      vertex -5.48995 0.160161 4.74717
      vertex -6.72398 2.31522 3.61041
    endloop
  endfacet
  facet normal -0.8911 -0.421328 0.168593
    outer loop
      vertex -6.72674 2.31267 3.5894
      vertex -5.46612 0.0925067 4.70405
      vertex -5.48995 0.160161 4.74717
    endloop
  endfacet
  facet normal -0.891096 -0.421373 0.168498
    outer loop
      vertex -6.72674 2.31267 3.5894
      vertex -5.44623 0.0342694 4.6636
      vertex -5.46612 0.0925067 4.70405
    endloop
  endfacet
  facet normal -0.8911 -0.421311 0.168636
    outer loop
      vertex -5.44623 0.0342694 4.6636
      vertex -6.72674 2.31267 3.5894
      vertex -5.40222 -0.0966437 4.56909
    endloop
  endfacet
  facet normal -0.860769 0.122498 -0.494035
    outer loop
      vertex -6.57746 5.5992 1.90735e-07
      vertex -6.58119 5.57299 1.90735e-07
      vertex -6.57973 5.59858 0.00380154
    endloop
  endfacet
  facet normal -0.887171 -0.352201 -0.298131
    outer loop
      vertex -5.91608 1.65745 1.90735e-07
      vertex -5.79909 1.36276 1.90735e-07
      vertex -6.7335 2.89226 0.973699
    endloop
  endfacet
  facet normal -0.883433 -0.286432 -0.370814
    outer loop
      vertex -6.26529 2.66167 1.90735e-07
      vertex -6.72303 3.07649 0.770102
      vertex -6.71148 3.27976 0.585571
    endloop
  endfacet
  facet normal -0.883433 -0.286423 -0.37082
    outer loop
      vertex -6.72303 3.07649 0.770102
      vertex -6.26529 2.66167 1.90735e-07
      vertex -6.13894 2.27196 1.90735e-07
    endloop
  endfacet
  facet normal -0.888718 -0.379443 -0.2573
    outer loop
      vertex -5.39646 0.385457 1.90735e-07
      vertex -6.7494 2.61238 1.38901
      vertex -6.74278 2.72884 1.1944
    endloop
  endfacet
  facet normal -0.886168 -0.383738 -0.259715
    outer loop
      vertex -6.74942 2.60959 1.39322
      vertex -6.75079 2.5878 1.43009
      vertex -6.74959 2.60892 1.39479
    endloop
  endfacet
  facet normal -0.888738 -0.380166 -0.256161
    outer loop
      vertex -6.7494 2.61238 1.38901
      vertex -5.39646 0.385457 1.90735e-07
      vertex -6.74942 2.60959 1.39322
    endloop
  endfacet
  facet normal -0.888719 -0.379454 -0.257278
    outer loop
      vertex -5.39646 0.385457 1.90735e-07
      vertex -6.75079 2.5878 1.43009
      vertex -6.74942 2.60959 1.39322
    endloop
  endfacet
  facet normal -0.888719 -0.379443 -0.257295
    outer loop
      vertex -6.75079 2.5878 1.43009
      vertex -5.39646 0.385457 1.90735e-07
      vertex -5.15386 -0.182753 1.90735e-07
    endloop
  endfacet
  facet normal -0.891101 -0.421213 0.168877
    outer loop
      vertex -6.72768 2.3118 3.58227
      vertex -5.40222 -0.0966437 4.56909
      vertex -6.72674 2.31267 3.5894
    endloop
  endfacet
  facet normal -0.8911 -0.421326 0.168598
    outer loop
      vertex -5.33025 -0.332857 4.35918
      vertex -5.40222 -0.0966437 4.56909
      vertex -6.72768 2.3118 3.58227
    endloop
  endfacet
  facet normal -0.891104 -0.421334 0.168557
    outer loop
      vertex -5.40222 -0.0966437 4.56909
      vertex -5.35809 -0.232599 4.46255
      vertex -5.37283 -0.18405 4.50598
    endloop
  endfacet
  facet normal -0.890926 -0.421563 0.168924
    outer loop
      vertex -5.40222 -0.0966437 4.56909
      vertex -5.33025 -0.332857 4.35918
      vertex -5.35809 -0.232599 4.46255
    endloop
  endfacet
  facet normal -0.986394 0.164399 0
    outer loop
      vertex -6.76954 2.25777 2.75037
      vertex -6.76955 2.25771 2.75
      vertex -6.76954 2.25777 2.75055
    endloop
  endfacet
  facet normal -0.998402 0.0565133 0
    outer loop
      vertex -6.76271 2.37808 1.95489
      vertex -6.76271 2.37808 1.9372
      vertex -6.76298 2.37331 1.96944
    endloop
  endfacet
  facet normal -0.972362 0.232521 0.0211383
    outer loop
      vertex -6.76955 2.25771 2.75
      vertex -6.76954 2.2578 2.74947
      vertex -6.76954 2.25781 2.74936
    endloop
  endfacet
  facet normal -0.986394 0.164399 0
    outer loop
      vertex -6.76954 2.25777 2.75
      vertex -6.76955 2.25771 2.75
      vertex -6.76954 2.25777 2.75037
    endloop
  endfacet
  facet normal -0.986351 0.164392 0.0093052
    outer loop
      vertex -6.76954 2.2578 2.74947
      vertex -6.76955 2.25771 2.75
      vertex -6.76954 2.25777 2.75
    endloop
  endfacet
  facet normal -0.837643 0.519548 -0.168594
    outer loop
      vertex -5.754 8.75927 1.61285
      vertex -5.75523 8.72178 1.50343
      vertex -6.45873 7.72832 1.9372
    endloop
  endfacet
  facet normal -0.998384 0.0568292 -0.00029892
    outer loop
      vertex -6.56461 5.86469 0.0705673
      vertex -6.56308 5.89169 0.0935179
      vertex -6.55701 5.9985 0.126082
    endloop
  endfacet
  facet normal -0.998385 0.0568163 -0.000283747
    outer loop
      vertex -6.56308 5.89169 0.0935179
      vertex -6.56461 5.86469 0.0705673
      vertex -6.57253 5.72538 0.0428126
    endloop
  endfacet
  facet normal -0.998391 0.0567115 -1.89393e-05
    outer loop
      vertex -6.53585 6.37099 0.280621
      vertex -6.54733 6.16886 0.197413
      vertex -6.53923 6.31148 0.262539
    endloop
  endfacet
  facet normal -0.998505 0.054371 0.00568235
    outer loop
      vertex -6.54733 6.16886 0.197413
      vertex -6.53585 6.37099 0.280621
      vertex -6.54822 6.15326 0.190289
    endloop
  endfacet
  facet normal -0.998394 0.0566409 0.00078042
    outer loop
      vertex -6.58474 5.5105 1.90735e-07
      vertex -6.58534 5.49992 0.000287028
      vertex -6.5813 5.57097 0.0120486
    endloop
  endfacet
  facet normal -0.998371 0.0567717 0.00565495
    outer loop
      vertex -6.58534 5.49992 0.000287028
      vertex -6.58474 5.5105 1.90735e-07
      vertex -6.58544 5.49819 1.90735e-07
    endloop
  endfacet
  facet normal -0.854861 0.216858 -0.471365
    outer loop
      vertex -6.51882 5.89181 1.90735e-07
      vertex -6.52089 5.88365 1.90735e-07
      vertex -6.56461 5.86469 0.0705673
    endloop
  endfacet
  facet normal -0.837643 0.519546 -0.168601
    outer loop
      vertex -6.46398 7.6359 1.67849
      vertex -5.75523 8.72178 1.50343
      vertex -5.75809 8.63457 1.2489
    endloop
  endfacet
  facet normal -0.837643 0.519546 -0.168601
    outer loop
      vertex -5.75523 8.72178 1.50343
      vertex -6.46398 7.6359 1.67849
      vertex -6.45873 7.72832 1.9372
    endloop
  endfacet
  facet normal -0.998355 0.0573288 -0.000302131
    outer loop
      vertex -6.47064 7.51861 1.43009
      vertex -6.46721 7.57909 1.57204
      vertex -6.46398 7.6359 1.67849
    endloop
  endfacet
  facet normal -0.998376 0.056966 -0.000147056
    outer loop
      vertex -6.47064 7.51861 1.43009
      vertex -6.47471 7.44698 1.31391
      vertex -6.46721 7.57909 1.57204
    endloop
  endfacet
  facet normal -0.998344 0.0575191 -0.000409487
    outer loop
      vertex -6.47471 7.44698 1.31391
      vertex -6.47866 7.37757 1.1944
      vertex -6.47609 7.42278 1.27912
    endloop
  endfacet
  facet normal -0.998469 0.0552981 0.000884538
    outer loop
      vertex -6.47866 7.37757 1.1944
      vertex -6.47471 7.44698 1.31391
      vertex -6.47064 7.51861 1.43009
    endloop
  endfacet
  facet normal -0.998389 0.0567429 0
    outer loop
      vertex -6.47866 7.37757 1.1944
      vertex -6.48382 7.28678 1.0836
      vertex -6.47866 7.37757 1.21412
    endloop
  endfacet
  facet normal -0.998361 0.0572279 -0.000392114
    outer loop
      vertex -6.49841 7.02991 0.770102
      vertex -6.4977 7.04249 0.798385
      vertex -6.49203 7.14215 0.907082
    endloop
  endfacet
  facet normal -0.998411 0.0563491 0
    outer loop
      vertex -6.4977 7.04249 0.798385
      vertex -6.49841 7.02991 0.770102
      vertex -6.49841 7.02991 0.784673
    endloop
  endfacet
  facet normal -0.849771 0.305988 -0.429256
    outer loop
      vertex -6.32991 6.54925 1.90735e-07
      vertex -6.52248 6.6063 0.421886
      vertex -6.21401 6.87112 1.90735e-07
    endloop
  endfacet
  facet normal -0.849773 0.305981 -0.429256
    outer loop
      vertex -6.52248 6.6063 0.421886
      vertex -6.32991 6.54925 1.90735e-07
      vertex -6.53585 6.37099 0.280621
    endloop
  endfacet
  facet normal -0.838711 0.500757 0.214025
    outer loop
      vertex -6.3912 7.63126 4.11764
      vertex -5.70815 8.55046 4.64368
      vertex -5.7033 8.60676 4.53096
    endloop
  endfacet
  facet normal -0.838702 0.500837 0.213872
    outer loop
      vertex -5.70815 8.55046 4.64368
      vertex -6.3912 7.63126 4.11764
      vertex -6.39183 7.62526 4.12922
    endloop
  endfacet
  facet normal -0.837439 0.519849 0.168681
    outer loop
      vertex -5.71515 8.8161 3.90504
      vertex -5.70927 8.78668 4.0249
      vertex -5.70881 8.80212 3.9796
    endloop
  endfacet
  facet normal -0.837642 0.519429 0.168967
    outer loop
      vertex -6.4155 7.78936 3.58945
      vertex -5.71515 8.8161 3.90504
      vertex -6.41638 7.79027 3.58229
    endloop
  endfacet
  facet normal -0.837645 0.519539 0.168615
    outer loop
      vertex -5.71515 8.8161 3.90504
      vertex -6.4155 7.78936 3.58945
      vertex -5.70927 8.78668 4.0249
    endloop
  endfacet
  facet normal -0.845307 0.384655 0.370805
    outer loop
      vertex -6.37889 7.14641 4.88151
      vertex -6.04605 7.28163 5.5
      vertex -5.89132 7.62166 5.5
    endloop
  endfacet
  facet normal -0.845297 0.38469 0.370791
    outer loop
      vertex -6.3716 7.02927 5.01966
      vertex -6.04605 7.28163 5.5
      vertex -6.37889 7.14641 4.88151
    endloop
  endfacet
  facet normal -0.845315 0.384586 0.370858
    outer loop
      vertex -6.04605 7.28163 5.5
      vertex -6.3716 7.02927 5.01966
      vertex -6.37842 6.95565 5.08046
    endloop
  endfacet
  facet normal -0.836291 0.543351 0.0733929
    outer loop
      vertex -6.4278 7.83562 3.30463
      vertex -5.72045 8.90212 3.46904
      vertex -5.73112 8.91486 3.25314
    endloop
  endfacet
  facet normal -0.836293 0.543312 0.0736547
    outer loop
      vertex -5.72045 8.90212 3.46904
      vertex -6.4278 7.83562 3.30463
      vertex -5.72186 8.89572 3.50024
    endloop
  endfacet
  facet normal -0.836288 0.54335 0.0734373
    outer loop
      vertex -6.42796 7.83567 3.30241
      vertex -5.73112 8.91486 3.25314
      vertex -6.44797 7.84224 3.02593
    endloop
  endfacet
  facet normal -0.836364 0.543357 0.0725163
    outer loop
      vertex -6.4278 7.83562 3.30463
      vertex -5.73112 8.91486 3.25314
      vertex -6.42796 7.83567 3.30241
    endloop
  endfacet
  facet normal -0.836283 0.543389 0.0732015
    outer loop
      vertex -5.72186 8.89572 3.50024
      vertex -6.4278 7.83562 3.30463
      vertex -5.72286 8.89122 3.52222
    endloop
  endfacet
  facet normal -0.849763 0.305998 0.429265
    outer loop
      vertex -6.37821 6.71 5.2898
      vertex -6.34393 6.51032 5.5
      vertex -6.23495 6.81296 5.5
    endloop
  endfacet
  facet normal -0.849778 0.305978 0.429249
    outer loop
      vertex -6.34393 6.51032 5.5
      vertex -6.37821 6.71 5.2898
      vertex -6.38512 6.48042 5.43977
    endloop
  endfacet
  facet normal -0.849775 0.305954 0.429272
    outer loop
      vertex -6.37758 6.73069 5.27629
      vertex -6.23495 6.81296 5.5
      vertex -6.21401 6.87112 5.5
    endloop
  endfacet
  facet normal -0.84974 0.306216 0.429154
    outer loop
      vertex -6.3779 6.7203 5.28307
      vertex -6.23495 6.81296 5.5
      vertex -6.37758 6.73069 5.27629
    endloop
  endfacet
  facet normal -0.849759 0.306041 0.429241
    outer loop
      vertex -6.23495 6.81296 5.5
      vertex -6.3779 6.7203 5.28307
      vertex -6.37821 6.71 5.2898
    endloop
  endfacet
  facet normal -0.885405 -0.321086 0.336097
    outer loop
      vertex -6.6321 2.84652 4.74973
      vertex -6.13894 2.27196 5.5
      vertex -6.62249 2.93801 4.86245
    endloop
  endfacet
  facet normal -0.885402 -0.321138 0.336055
    outer loop
      vertex -6.64065 2.76504 4.64934
      vertex -6.13894 2.27196 5.5
      vertex -6.6321 2.84652 4.74973
    endloop
  endfacet
  facet normal -0.885406 -0.321108 0.336075
    outer loop
      vertex -6.13894 2.27196 5.5
      vertex -6.64065 2.76504 4.64934
      vertex -5.99878 1.88549 5.5
    endloop
  endfacet
  facet normal -0.998352 0.0573747 0.000713104
    outer loop
      vertex -6.72303 3.07649 0.770102
      vertex -6.7164 3.19307 0.672404
      vertex -6.71148 3.27976 0.585571
    endloop
  endfacet
  facet normal -0.998382 0.0568644 0.000102147
    outer loop
      vertex -6.72303 3.07649 0.770102
      vertex -6.72561 3.0311 0.821496
      vertex -6.7164 3.19307 0.672404
    endloop
  endfacet
  facet normal -0.998359 0.0572676 0.000486071
    outer loop
      vertex -6.72561 3.0311 0.821496
      vertex -6.7335 2.89226 0.973699
      vertex -6.72957 2.96136 0.90449
    endloop
  endfacet
  facet normal -0.998411 0.0563516 -0.000352227
    outer loop
      vertex -6.7335 2.89226 0.973699
      vertex -6.72561 3.0311 0.821496
      vertex -6.72303 3.07649 0.770102
    endloop
  endfacet
  facet normal -0.885404 -0.3211 -0.336087
    outer loop
      vertex -6.13894 2.27196 1.90735e-07
      vertex -6.7335 2.89226 0.973699
      vertex -6.72303 3.07649 0.770102
    endloop
  endfacet
  facet normal -0.885403 -0.321107 -0.336082
    outer loop
      vertex -6.7335 2.89226 0.973699
      vertex -6.13894 2.27196 1.90735e-07
      vertex -5.99878 1.88549 1.90735e-07
    endloop
  endfacet
  facet normal -0.881284 -0.248522 -0.401964
    outer loop
      vertex -6.42248 3.20205 1.90735e-07
      vertex -6.71148 3.27976 0.585571
      vertex -6.69896 3.50011 0.421886
    endloop
  endfacet
  facet normal -0.881279 -0.24855 -0.401958
    outer loop
      vertex -6.71148 3.27976 0.585571
      vertex -6.42248 3.20205 1.90735e-07
      vertex -6.329 2.8706 1.90735e-07
    endloop
  endfacet
  facet normal -0.881277 -0.248482 -0.402004
    outer loop
      vertex -6.329 2.8706 1.90735e-07
      vertex -6.30209 2.77516 1.90735e-07
      vertex -6.71148 3.27976 0.585571
    endloop
  endfacet
  facet normal -0.890033 -0.402559 -0.21398
    outer loop
      vertex -5.15386 -0.182753 1.90735e-07
      vertex -6.75746 2.47051 1.67849
      vertex -6.75079 2.5878 1.43009
    endloop
  endfacet
  facet normal -0.890033 -0.402566 -0.213969
    outer loop
      vertex -6.75746 2.47051 1.67849
      vertex -5.15386 -0.182753 1.90735e-07
      vertex -4.90151 -0.740674 1.90735e-07
    endloop
  endfacet
  facet normal -0.998444 0.0557568 -0.000582108
    outer loop
      vertex -6.75079 2.5878 1.43009
      vertex -6.75003 2.60121 1.41099
      vertex -6.74959 2.60892 1.39479
    endloop
  endfacet
  facet normal -0.998422 0.0561523 -0.000303601
    outer loop
      vertex -6.75079 2.5878 1.43009
      vertex -6.75566 2.50223 1.61904
      vertex -6.75003 2.60121 1.41099
    endloop
  endfacet
  facet normal -0.998446 0.0557284 -0.000496162
    outer loop
      vertex -6.75566 2.50223 1.61904
      vertex -6.75079 2.5878 1.43009
      vertex -6.75746 2.47051 1.67849
    endloop
  endfacet
  facet normal -0.998384 0.056826 8.18216e-05
    outer loop
      vertex -6.74278 2.72884 1.1944
      vertex -6.74891 2.62088 1.37579
      vertex -6.74518 2.68656 1.27362
    endloop
  endfacet
  facet normal -0.997642 0.068282 0.00692528
    outer loop
      vertex -6.74891 2.62088 1.37579
      vertex -6.74278 2.72884 1.1944
      vertex -6.7494 2.61238 1.38901
    endloop
  endfacet
  facet normal -0.88872 -0.379458 -0.257271
    outer loop
      vertex -5.60495 0.873756 1.90735e-07
      vertex -5.39646 0.385457 1.90735e-07
      vertex -6.74278 2.72884 1.1944
    endloop
  endfacet
  facet normal -0.890034 -0.40285 0.213427
    outer loop
      vertex -6.7098 2.38364 3.85631
      vertex -5.55474 0.389547 4.90923
      vertex -6.70869 2.38612 3.86562
    endloop
  endfacet
  facet normal -0.890034 -0.402649 0.213808
    outer loop
      vertex -6.7098 2.38364 3.85631
      vertex -5.54733 0.365107 4.89405
      vertex -5.55474 0.389547 4.90923
    endloop
  endfacet
  facet normal -0.890033 -0.402553 0.213994
    outer loop
      vertex -5.54733 0.365107 4.89405
      vertex -6.7098 2.38364 3.85631
      vertex -5.48995 0.160161 4.74717
    endloop
  endfacet
  facet normal -0.892724 -0.449934 -0.024571
    outer loop
      vertex -6.76878 2.27117 2.47555
      vertex -5.231 -0.778267 2.44436
      vertex -6.76955 2.25771 2.75
    endloop
  endfacet
  facet normal -0.892724 -0.449935 -0.0245553
    outer loop
      vertex -5.231 -0.778267 2.44436
      vertex -6.76878 2.27117 2.47555
      vertex -5.21476 -0.796204 2.18261
    endloop
  endfacet
  facet normal -0.891957 -0.446096 -0.0735652
    outer loop
      vertex -6.7665 2.31143 2.20375
      vertex -6.76614 2.27883 2.39707
      vertex -6.76761 2.29186 2.33588
    endloop
  endfacet
  facet normal -0.895109 -0.439823 -0.0730394
    outer loop
      vertex -6.76878 2.27117 2.47555
      vertex -6.76633 2.27876 2.39982
      vertex -6.76614 2.27883 2.39707
    endloop
  endfacet
  facet normal -0.892702 -0.444623 -0.0734426
    outer loop
      vertex -6.76633 2.27876 2.39982
      vertex -6.76878 2.27117 2.47555
      vertex -6.76839 2.27801 2.4294
    endloop
  endfacet
  facet normal -0.89245 -0.445125 -0.0734674
    outer loop
      vertex -6.76614 2.27883 2.39707
      vertex -5.21476 -0.796204 2.18261
      vertex -6.76878 2.27117 2.47555
    endloop
  endfacet
  facet normal -0.892452 -0.44513 -0.0734014
    outer loop
      vertex -6.7665 2.31143 2.20375
      vertex -5.21476 -0.796204 2.18261
      vertex -6.76614 2.27883 2.39707
    endloop
  endfacet
  facet normal -0.892452 -0.44513 -0.073412
    outer loop
      vertex -5.21476 -0.796204 2.18261
      vertex -6.7665 2.31143 2.20375
      vertex -5.16632 -0.849712 1.91818
    endloop
  endfacet
  facet normal -0.929729 -0.36714 0.0284779
    outer loop
      vertex -6.76955 2.25771 2.75
      vertex -6.76898 2.25733 2.76371
      vertex -6.76954 2.25777 2.7511
    endloop
  endfacet
  facet normal -0.892724 -0.449934 0.0245755
    outer loop
      vertex -6.76898 2.25733 2.76371
      vertex -5.231 -0.778267 3.05564
      vertex -6.76175 2.25316 2.95
    endloop
  endfacet
  facet normal -0.892725 -0.449928 0.0246448
    outer loop
      vertex -5.231 -0.778267 3.05564
      vertex -6.76898 2.25733 2.76371
      vertex -6.76955 2.25771 2.75
    endloop
  endfacet
  facet normal -0.892724 -0.449934 0.0245565
    outer loop
      vertex -5.231 -0.778267 3.05564
      vertex -6.76234 2.25846 3.02566
      vertex -6.76175 2.25316 2.95
    endloop
  endfacet
  facet normal -0.892724 -0.449934 0.0245554
    outer loop
      vertex -6.76234 2.25846 3.02566
      vertex -5.231 -0.778267 3.05564
      vertex -5.21476 -0.796204 3.31739
    endloop
  endfacet
  facet normal -0.892451 -0.445129 0.07342
    outer loop
      vertex -5.21476 -0.796204 3.31739
      vertex -6.74467 2.26489 3.27943
      vertex -6.76234 2.25846 3.02566
    endloop
  endfacet
  facet normal -0.892455 -0.445132 0.0733511
    outer loop
      vertex -6.74467 2.26489 3.27943
      vertex -5.21476 -0.796204 3.31739
      vertex -6.74321 2.26542 3.30041
    endloop
  endfacet
  facet normal -0.892058 -0.445936 0.0733017
    outer loop
      vertex -5.20345 -0.805815 3.39656
      vertex -5.21476 -0.796204 3.31739
      vertex -5.21117 -0.800167 3.33697
    endloop
  endfacet
  facet normal -0.89225 -0.44554 0.0733771
    outer loop
      vertex -5.18688 -0.809092 3.57815
      vertex -5.21476 -0.796204 3.31739
      vertex -5.20345 -0.805815 3.39656
    endloop
  endfacet
  facet normal -0.892451 -0.44513 0.0734189
    outer loop
      vertex -5.21476 -0.796204 3.31739
      vertex -5.18688 -0.809092 3.57815
      vertex -6.74321 2.26542 3.30041
    endloop
  endfacet
  facet normal -0.892388 -0.445261 0.0733947
    outer loop
      vertex -5.18688 -0.809092 3.57815
      vertex -5.20345 -0.805815 3.39656
      vertex -5.18763 -0.814146 3.53837
    endloop
  endfacet
  facet normal -0.836773 0.542582 -0.0735956
    outer loop
      vertex -5.74026 8.89693 2.21824
      vertex -5.74059 8.90071 2.24986
      vertex -5.73967 8.89961 2.23129
    endloop
  endfacet
  facet normal -0.83629 0.543349 -0.0734221
    outer loop
      vertex -6.45494 7.79498 2.20375
      vertex -5.74026 8.89693 2.21824
      vertex -5.75078 8.84941 1.9864
    endloop
  endfacet
  facet normal -0.83629 0.543349 -0.0734169
    outer loop
      vertex -6.45265 7.83523 2.47555
      vertex -5.74026 8.89693 2.21824
      vertex -6.45494 7.79498 2.20375
    endloop
  endfacet
  facet normal -0.836303 0.543295 -0.073676
    outer loop
      vertex -5.74026 8.89693 2.21824
      vertex -6.45265 7.83523 2.47555
      vertex -5.74059 8.90071 2.24986
    endloop
  endfacet
  facet normal -0.84746 0.346743 -0.401971
    outer loop
      vertex -6.21401 6.87112 1.90735e-07
      vertex -6.50996 6.82664 0.585571
      vertex -6.0836 7.18985 1.90735e-07
    endloop
  endfacet
  facet normal -0.847454 0.346764 -0.401966
    outer loop
      vertex -6.50996 6.82664 0.585571
      vertex -6.21401 6.87112 1.90735e-07
      vertex -6.52248 6.6063 0.421886
    endloop
  endfacet
  facet normal -0.99842 0.0561798 0.000753413
    outer loop
      vertex -6.50996 6.82664 0.585571
      vertex -6.51755 6.69302 0.490976
      vertex -6.51576 6.72448 0.517199
    endloop
  endfacet
  facet normal -0.998411 0.0563403 0.000525936
    outer loop
      vertex -6.52248 6.6063 0.421886
      vertex -6.51755 6.69302 0.490976
      vertex -6.50996 6.82664 0.585571
    endloop
  endfacet
  facet normal -0.99839 0.0567271 3.88757e-05
    outer loop
      vertex -6.52248 6.6063 0.421886
      vertex -6.52481 6.5653 0.410662
      vertex -6.51755 6.69302 0.490976
    endloop
  endfacet
  facet normal -0.998389 0.0567466 -3.24162e-05
    outer loop
      vertex -6.52481 6.5653 0.410662
      vertex -6.52248 6.6063 0.421886
      vertex -6.53585 6.37099 0.280621
    endloop
  endfacet
  facet normal -0.876532 -0.164472 0.452373
    outer loop
      vertex -6.55329 3.61426 5.43164
      vertex -6.51743 3.61117 5.5
      vertex -6.55111 3.63606 5.44379
    endloop
  endfacet
  facet normal -0.876537 -0.164427 0.452378
    outer loop
      vertex -6.51743 3.61117 5.5
      vertex -6.55329 3.61426 5.43164
      vertex -6.51069 3.57524 5.5
    endloop
  endfacet
  facet normal -0.84002 0.477679 0.257272
    outer loop
      vertex -6.38316 7.50719 4.37675
      vertex -5.70815 8.55046 4.64368
      vertex -6.39183 7.62526 4.12922
    endloop
  endfacet
  facet normal -0.840019 0.477676 0.257283
    outer loop
      vertex -5.70815 8.55046 4.64368
      vertex -6.38316 7.50719 4.37675
      vertex -5.70135 8.43258 4.88474
    endloop
  endfacet
  facet normal -0.837641 0.519566 0.168546
    outer loop
      vertex -6.40143 7.77478 3.70432
      vertex -5.70927 8.78668 4.0249
      vertex -6.4155 7.78936 3.58945
    endloop
  endfacet
  facet normal -0.837619 0.518222 0.172741
    outer loop
      vertex -6.40143 7.77459 3.70489
      vertex -5.70927 8.78668 4.0249
      vertex -6.40143 7.77478 3.70432
    endloop
  endfacet
  facet normal -0.837642 0.519557 0.16857
    outer loop
      vertex -6.40372 7.72116 3.85819
      vertex -5.70927 8.78668 4.0249
      vertex -6.40143 7.77459 3.70489
    endloop
  endfacet
  facet normal -0.83764 0.519552 0.168595
    outer loop
      vertex -5.70927 8.78668 4.0249
      vertex -6.40372 7.72116 3.85819
      vertex -5.71185 8.69999 4.27923
    endloop
  endfacet
  facet normal -0.836293 0.543348 -0.0733968
    outer loop
      vertex -5.74634 8.90757 2.36616
      vertex -5.74059 8.90071 2.24986
      vertex -6.45265 7.83523 2.47555
    endloop
  endfacet
  facet normal -0.998417 0.0562411 0.000353006
    outer loop
      vertex -6.47751 7.39768 1.24304
      vertex -6.47866 7.37757 1.1944
      vertex -6.47783 7.39205 1.23495
    endloop
  endfacet
  facet normal -0.998344 0.0575224 -4.29978e-06
    outer loop
      vertex -6.45265 7.83523 2.47555
      vertex -6.45337 7.82273 2.42384
      vertex -6.45329 7.82412 2.44445
    endloop
  endfacet
  facet normal -0.998303 0.0582337 -0.000176822
    outer loop
      vertex -6.45265 7.83523 2.47555
      vertex -6.45356 7.81932 2.37351
      vertex -6.45337 7.82273 2.42384
    endloop
  endfacet
  facet normal -0.998026 0.0627885 -0.000889471
    outer loop
      vertex -6.45494 7.79498 2.20375
      vertex -6.45356 7.81932 2.37351
      vertex -6.45265 7.83523 2.47555
    endloop
  endfacet
  facet normal -0.998318 0.057977 -0.000197233
    outer loop
      vertex -6.45494 7.79498 2.20375
      vertex -6.45415 7.80899 2.32334
      vertex -6.45356 7.81932 2.37351
    endloop
  endfacet
  facet normal -0.998376 0.0569705 -7.89401e-05
    outer loop
      vertex -6.45415 7.80899 2.32334
      vertex -6.45494 7.79498 2.20375
      vertex -6.45614 7.77388 2.15273
    endloop
  endfacet
  facet normal -0.99841 0.0563735 -0.000545799
    outer loop
      vertex -6.68559 3.73542 0.280621
      vertex -6.69403 3.58683 0.372287
      vertex -6.69087 3.64251 0.342798
    endloop
  endfacet
  facet normal -0.998352 0.0573787 0.00108889
    outer loop
      vertex -6.69896 3.50011 0.421886
      vertex -6.69403 3.58683 0.372287
      vertex -6.68559 3.73542 0.280621
    endloop
  endfacet
  facet normal -0.998385 0.0568148 9.96765e-05
    outer loop
      vertex -6.69896 3.50011 0.421886
      vertex -6.70557 3.38379 0.51595
      vertex -6.69403 3.58683 0.372287
    endloop
  endfacet
  facet normal -0.998394 0.0566452 -0.000110718
    outer loop
      vertex -6.70557 3.38379 0.51595
      vertex -6.69896 3.50011 0.421886
      vertex -6.71148 3.27976 0.585571
    endloop
  endfacet
  facet normal -0.878966 -0.207753 -0.429251
    outer loop
      vertex -6.50117 3.53498 1.90735e-07
      vertex -6.69896 3.50011 0.421886
      vertex -6.68559 3.73542 0.280621
    endloop
  endfacet
  facet normal -0.878967 -0.207749 -0.429252
    outer loop
      vertex -6.69896 3.50011 0.421886
      vertex -6.50117 3.53498 1.90735e-07
      vertex -6.42248 3.20205 1.90735e-07
    endloop
  endfacet
  facet normal -0.890075 -0.402577 -0.213773
    outer loop
      vertex -4.72293 -1.14927 0.0259242
      vertex -4.90151 -0.740674 1.90735e-07
      vertex -4.72513 -1.13064 1.90735e-07
    endloop
  endfacet
  facet normal -0.89002 -0.402569 -0.214016
    outer loop
      vertex -4.90151 -0.740674 1.90735e-07
      vertex -4.72293 -1.14927 0.0259242
      vertex -4.7273 -1.19083 0.122273
    endloop
  endfacet
  facet normal -0.890034 -0.402562 -0.213971
    outer loop
      vertex -4.90151 -0.740674 1.90735e-07
      vertex -4.7273 -1.19083 0.122273
      vertex -4.73451 -1.21681 0.201142
    endloop
  endfacet
  facet normal -0.890307 -0.402036 -0.213823
    outer loop
      vertex -4.73451 -1.21681 0.201142
      vertex -4.7273 -1.19083 0.122273
      vertex -4.73168 -1.21517 0.186275
    endloop
  endfacet
  facet normal -0.890033 -0.402563 -0.213974
    outer loop
      vertex -4.90151 -0.740674 1.90735e-07
      vertex -4.73451 -1.21681 0.201142
      vertex -6.75746 2.47051 1.67849
    endloop
  endfacet
  facet normal -0.890843 -0.421757 -0.16888
    outer loop
      vertex -6.75746 2.47051 1.67849
      vertex -6.75768 2.457 1.71339
      vertex -6.75805 2.46014 1.7075
    endloop
  endfacet
  facet normal -0.891107 -0.421474 -0.168188
    outer loop
      vertex -4.7638 -1.25792 0.45871
      vertex -6.75866 2.44927 1.73793
      vertex -6.75811 2.45361 1.72414
    endloop
  endfacet
  facet normal -0.8911 -0.421358 -0.168519
    outer loop
      vertex -4.7638 -1.25792 0.45871
      vertex -6.75811 2.45361 1.72414
      vertex -6.75768 2.457 1.71339
    endloop
  endfacet
  facet normal -0.891099 -0.421334 -0.168582
    outer loop
      vertex -4.7638 -1.25792 0.45871
      vertex -6.75746 2.47051 1.67849
      vertex -4.73451 -1.21681 0.201142
    endloop
  endfacet
  facet normal -0.891096 -0.421293 -0.168702
    outer loop
      vertex -6.75746 2.47051 1.67849
      vertex -4.7638 -1.25792 0.45871
      vertex -6.75768 2.457 1.71339
    endloop
  endfacet
  facet normal -0.890702 -0.422139 -0.168665
    outer loop
      vertex -4.7638 -1.25792 0.45871
      vertex -4.73451 -1.21681 0.201142
      vertex -4.73721 -1.23192 0.253218
    endloop
  endfacet
  facet normal -0.89122 -0.421073 -0.168597
    outer loop
      vertex -4.7638 -1.25792 0.45871
      vertex -4.73721 -1.23192 0.253218
      vertex -4.74492 -1.25744 0.35771
    endloop
  endfacet
  facet normal -0.891098 -0.421317 -0.168628
    outer loop
      vertex -6.75866 2.44927 1.73793
      vertex -4.7638 -1.25792 0.45871
      vertex -6.76271 2.37808 1.9372
    endloop
  endfacet
  facet normal -0.891722 -0.419972 -0.168686
    outer loop
      vertex -4.7638 -1.25792 0.45871
      vertex -4.74492 -1.25744 0.35771
      vertex -4.75737 -1.26007 0.430072
    endloop
  endfacet
  facet normal -0.890033 -0.402557 0.213986
    outer loop
      vertex -6.69246 2.42221 4.00102
      vertex -5.63616 0.654001 5.06809
      vertex -6.68943 2.48134 4.12486
    endloop
  endfacet
  facet normal -0.890032 -0.402579 0.213947
    outer loop
      vertex -6.7007 2.40388 3.93225
      vertex -5.63616 0.654001 5.06809
      vertex -6.69246 2.42221 4.00102
    endloop
  endfacet
  facet normal -0.890035 -0.402532 0.214023
    outer loop
      vertex -6.70869 2.38612 3.86562
      vertex -5.63616 0.654001 5.06809
      vertex -6.7007 2.40388 3.93225
    endloop
  endfacet
  facet normal -0.890032 -0.402571 0.213964
    outer loop
      vertex -6.70869 2.38612 3.86562
      vertex -5.56292 0.416562 4.92601
      vertex -5.63616 0.654001 5.06809
    endloop
  endfacet
  facet normal -0.890032 -0.402491 0.214113
    outer loop
      vertex -5.56292 0.416562 4.92601
      vertex -6.70869 2.38612 3.86562
      vertex -5.55474 0.389547 4.90923
    endloop
  endfacet
  facet normal -0.888715 -0.379405 0.257368
    outer loop
      vertex -6.66706 2.56841 4.33056
      vertex -5.70515 0.922755 5.22614
      vertex -6.6668 2.59659 4.373
    endloop
  endfacet
  facet normal -0.88872 -0.379477 0.257242
    outer loop
      vertex -6.67668 2.53094 4.24205
      vertex -5.70515 0.922755 5.22614
      vertex -6.66706 2.56841 4.33056
    endloop
  endfacet
  facet normal -0.888719 -0.379447 0.257289
    outer loop
      vertex -6.68943 2.48134 4.12486
      vertex -5.70515 0.922755 5.22614
      vertex -6.67668 2.53094 4.24205
    endloop
  endfacet
  facet normal -0.888719 -0.379455 0.257278
    outer loop
      vertex -6.68943 2.48134 4.12486
      vertex -5.6556 0.736963 5.12328
      vertex -5.70515 0.922755 5.22614
    endloop
  endfacet
  facet normal -0.888718 -0.37943 0.257321
    outer loop
      vertex -5.6556 0.736963 5.12328
      vertex -6.68943 2.48134 4.12486
      vertex -5.63616 0.654001 5.06809
    endloop
  endfacet
  facet normal -0.998252 0.0591 0.000367275
    outer loop
      vertex -6.76684 2.3053 2.26604
      vertex -6.7665 2.31143 2.20375
      vertex -6.76761 2.29186 2.33588
    endloop
  endfacet
  facet normal -0.998392 0.056687 -3.5408e-05
    outer loop
      vertex -6.76878 2.27117 2.47555
      vertex -6.76898 2.26772 2.59158
      vertex -6.76839 2.27801 2.4294
    endloop
  endfacet
  facet normal -0.998434 0.0559416 -5.76415e-05
    outer loop
      vertex -6.76955 2.25771 2.75
      vertex -6.76898 2.26772 2.59158
      vertex -6.76878 2.27117 2.47555
    endloop
  endfacet
  facet normal -0.996465 0.0839971 0.00172217
    outer loop
      vertex -6.76898 2.26772 2.59158
      vertex -6.76955 2.25771 2.75
      vertex -6.76954 2.25786 2.74847
    endloop
  endfacet
  facet normal -0.998329 0.0577835 0.000237291
    outer loop
      vertex -6.76684 2.3053 2.26604
      vertex -6.76505 2.3369 2.1019
      vertex -6.7665 2.31143 2.20375
    endloop
  endfacet
  facet normal -0.998344 0.0575278 0.000150581
    outer loop
      vertex -6.76298 2.37331 1.96944
      vertex -6.76271 2.37808 1.9372
      vertex -6.76377 2.35949 2.01156
    endloop
  endfacet
  facet normal -0.987991 0.154265 0.00866659
    outer loop
      vertex -6.76954 2.25781 2.74936
      vertex -6.76954 2.25786 2.74847
      vertex -6.76955 2.25771 2.75
    endloop
  endfacet
  facet normal -0.99839 0.0567309 -5.81987e-05
    outer loop
      vertex -6.6626 4.13999 0.11589
      vertex -6.6715 3.98341 0.163138
      vertex -6.66782 4.04816 0.150239
    endloop
  endfacet
  facet normal -0.998025 0.0611115 0.0145278
    outer loop
      vertex -6.6715 3.98341 0.163138
      vertex -6.6626 4.13999 0.11589
      vertex -6.66234 4.14465 0.114149
    endloop
  endfacet
  facet normal -0.998359 0.0572644 0
    outer loop
      vertex -6.63952 4.54636 1.90735e-07
      vertex -6.63876 4.55961 0.00375869
      vertex -6.63876 4.55961 1.90735e-07
    endloop
  endfacet
  facet normal -0.99839 0.0566889 0.00203481
    outer loop
      vertex -6.6417 4.50783 0.00380154
      vertex -6.63876 4.55961 0.00375869
      vertex -6.63952 4.54636 1.90735e-07
    endloop
  endfacet
  facet normal -0.998392 0.0566873 -0.000145423
    outer loop
      vertex -6.6417 4.50783 0.00380154
      vertex -6.64991 4.36335 0.0493459
      vertex -6.63876 4.55961 0.00375869
    endloop
  endfacet
  facet normal -0.998371 0.0570452 0.000993835
    outer loop
      vertex -6.64991 4.36335 0.0493459
      vertex -6.6417 4.50783 0.00380154
      vertex -6.65122 4.34033 0.0546932
    endloop
  endfacet
  facet normal -0.998389 0.0567405 -9.4846e-06
    outer loop
      vertex -6.6715 3.98341 0.163138
      vertex -6.67596 3.90494 0.203806
      vertex -6.66782 4.04816 0.150239
    endloop
  endfacet
  facet normal -0.998399 0.0565602 -0.000344952
    outer loop
      vertex -6.67596 3.90494 0.203806
      vertex -6.68559 3.73542 0.280621
      vertex -6.68295 3.78195 0.268946
    endloop
  endfacet
  facet normal -0.998402 0.0565114 -0.000453009
    outer loop
      vertex -6.68559 3.73542 0.280621
      vertex -6.67596 3.90494 0.203806
      vertex -6.6715 3.98341 0.163138
    endloop
  endfacet
  facet normal -0.998381 0.0568741 -0.000574571
    outer loop
      vertex -6.56461 5.86469 0.0705673
      vertex -6.57465 5.68805 0.0314289
      vertex -6.57253 5.72538 0.0428126
    endloop
  endfacet
  facet normal -0.99838 0.0568988 -0.000686358
    outer loop
      vertex -6.57973 5.59858 0.00380154
      vertex -6.57465 5.68805 0.0314289
      vertex -6.56461 5.86469 0.0705673
    endloop
  endfacet
  facet normal -0.99838 0.0568981 0.000424315
    outer loop
      vertex -6.5813 5.57097 0.0120486
      vertex -6.57973 5.59858 0.00380154
      vertex -6.58119 5.57299 1.90735e-07
    endloop
  endfacet
  facet normal -0.99839 0.0567303 -0.000139115
    outer loop
      vertex -6.57973 5.59858 0.00380154
      vertex -6.5813 5.57097 0.0120486
      vertex -6.57465 5.68805 0.0314289
    endloop
  endfacet
  facet normal -0.99839 0.0567176 0.00039397
    outer loop
      vertex -6.5813 5.57097 0.0120486
      vertex -6.58119 5.57299 1.90735e-07
      vertex -6.58474 5.5105 1.90735e-07
    endloop
  endfacet
  facet normal -0.857494 0.170526 -0.485412
    outer loop
      vertex -6.57746 5.5992 1.90735e-07
      vertex -6.56461 5.86469 0.0705673
      vertex -6.52242 5.87597 1.90735e-07
    endloop
  endfacet
  facet normal -0.858003 0.17033 -0.484581
    outer loop
      vertex -6.56461 5.86469 0.0705673
      vertex -6.57746 5.5992 1.90735e-07
      vertex -6.57973 5.59858 0.00380154
    endloop
  endfacet
  facet normal -0.845303 0.384674 0.370793
    outer loop
      vertex -6.37971 7.15953 4.86604
      vertex -5.89132 7.62166 5.5
      vertex -5.82695 7.76311 5.5
    endloop
  endfacet
  facet normal -0.845319 0.384521 0.370917
    outer loop
      vertex -5.89132 7.62166 5.5
      vertex -6.37971 7.15953 4.86604
      vertex -6.37889 7.14641 4.88151
    endloop
  endfacet
  facet normal -0.99841 0.0563665 0.000207535
    outer loop
      vertex -6.47609 7.42278 1.27912
      vertex -6.47866 7.37757 1.1944
      vertex -6.47701 7.40657 1.25582
    endloop
  endfacet
  facet normal -0.998399 0.0565566 5.65654e-05
    outer loop
      vertex -6.46398 7.6359 1.67849
      vertex -6.46063 7.69485 1.86633
      vertex -6.45873 7.72832 1.9372
    endloop
  endfacet
  facet normal -0.998375 0.056991 -8.02048e-05
    outer loop
      vertex -6.46398 7.6359 1.67849
      vertex -6.46498 7.61834 1.64872
      vertex -6.46063 7.69485 1.86633
    endloop
  endfacet
  facet normal -0.998241 0.0592667 -0.00142699
    outer loop
      vertex -6.46398 7.6359 1.67849
      vertex -6.46661 7.58953 1.59242
      vertex -6.46498 7.61834 1.64872
    endloop
  endfacet
  facet normal -0.999083 0.0421015 0.00784643
    outer loop
      vertex -6.46661 7.58953 1.59242
      vertex -6.46398 7.6359 1.67849
      vertex -6.46721 7.57909 1.57204
    endloop
  endfacet
  facet normal -0.840019 0.477686 -0.257263
    outer loop
      vertex -6.47866 7.37757 1.1944
      vertex -5.76816 8.39621 0.765876
      vertex -5.78523 8.26426 0.576608
    endloop
  endfacet
  facet normal -0.840018 0.477679 -0.257279
    outer loop
      vertex -5.76816 8.39621 0.765876
      vertex -6.47866 7.37757 1.1944
      vertex -5.76922 8.41268 0.799916
    endloop
  endfacet
  facet normal -0.840019 0.477683 -0.257268
    outer loop
      vertex -5.76922 8.41268 0.799916
      vertex -6.47866 7.37757 1.1944
      vertex -6.47064 7.51861 1.43009
    endloop
  endfacet
  facet normal -0.836016 0.548155 -0.0245538
    outer loop
      vertex -5.74081 8.93262 2.73727
      vertex -6.45189 7.84869 2.75
      vertex -5.74062 8.93348 2.75
    endloop
  endfacet
  facet normal -0.836016 0.548155 -0.024555
    outer loop
      vertex -5.74462 8.91535 2.48146
      vertex -6.45189 7.84869 2.75
      vertex -5.74081 8.93262 2.73727
    endloop
  endfacet
  facet normal -0.836017 0.548153 -0.0245683
    outer loop
      vertex -6.45189 7.84869 2.75
      vertex -5.74462 8.91535 2.48146
      vertex -6.45265 7.83523 2.47555
    endloop
  endfacet
  facet normal -0.99841 0.0563738 0
    outer loop
      vertex -6.45265 7.83523 2.60841
      vertex -6.45189 7.84869 2.75
      vertex -6.45265 7.83523 2.47555
    endloop
  endfacet
  facet normal -0.99838 0.0569025 -5.04179e-05
    outer loop
      vertex -6.45189 7.84869 2.75
      vertex -6.45265 7.83523 2.60841
      vertex -6.45211 7.84483 2.75
    endloop
  endfacet
  facet normal -0.99838 0.0569025 0
    outer loop
      vertex -6.45189 7.84869 2.75
      vertex -6.45211 7.84483 2.75
      vertex -6.45211 7.84483 2.82883
    endloop
  endfacet
  facet normal -0.868656 -0.0242935 -0.494819
    outer loop
      vertex -6.64025 4.53341 1.90735e-07
      vertex -6.63951 4.50695 1.90735e-07
      vertex -6.6417 4.50783 0.00380154
    endloop
  endfacet
  facet normal -0.870973 -0.0622124 -0.487376
    outer loop
      vertex -6.63951 4.50695 1.90735e-07
      vertex -6.63948 4.50653 1.90735e-07
      vertex -6.6417 4.50783 0.00380154
    endloop
  endfacet
  facet normal -0.83835 0.501295 0.214179
    outer loop
      vertex -5.70352 8.65167 4.42498
      vertex -5.70276 8.61301 4.51844
      vertex -5.70079 8.63583 4.47274
    endloop
  endfacet
  facet normal -0.838707 0.500791 0.21396
    outer loop
      vertex -6.38848 7.65729 4.06742
      vertex -5.70352 8.65167 4.42498
      vertex -5.71185 8.69999 4.27923
    endloop
  endfacet
  facet normal -0.838706 0.500787 0.213972
    outer loop
      vertex -5.70352 8.65167 4.42498
      vertex -6.38848 7.65729 4.06742
      vertex -5.70276 8.61301 4.51844
    endloop
  endfacet
  facet normal -0.838707 0.500697 0.214181
    outer loop
      vertex -6.40081 7.71096 3.89343
      vertex -5.71185 8.69999 4.27923
      vertex -6.40372 7.72116 3.85819
    endloop
  endfacet
  facet normal -0.838711 0.500803 0.213917
    outer loop
      vertex -6.38848 7.65729 4.06742
      vertex -5.71185 8.69999 4.27923
      vertex -6.40081 7.71096 3.89343
    endloop
  endfacet
  facet normal -0.838704 0.500844 0.213848
    outer loop
      vertex -5.70276 8.61301 4.51844
      vertex -6.38848 7.65729 4.06742
      vertex -5.7033 8.60676 4.53096
    endloop
  endfacet
  facet normal -0.838719 0.500564 0.214443
    outer loop
      vertex -6.38906 7.65173 4.07813
      vertex -5.7033 8.60676 4.53096
      vertex -6.38848 7.65729 4.06742
    endloop
  endfacet
  facet normal -0.838711 0.500761 0.214015
    outer loop
      vertex -5.7033 8.60676 4.53096
      vertex -6.38906 7.65173 4.07813
      vertex -6.3912 7.63126 4.11764
    endloop
  endfacet
  facet normal -0.843349 0.419305 0.336075
    outer loop
      vertex -5.70464 8.06525 5.42996
      vertex -5.82695 7.76311 5.5
      vertex -5.70752 8.00332 5.5
    endloop
  endfacet
  facet normal -0.843341 0.419306 0.336094
    outer loop
      vertex -6.37985 7.33159 4.651
      vertex -5.82695 7.76311 5.5
      vertex -5.70464 8.06525 5.42996
    endloop
  endfacet
  facet normal -0.843327 0.419364 0.336056
    outer loop
      vertex -6.37476 7.2955 4.70881
      vertex -5.82695 7.76311 5.5
      vertex -6.37985 7.33159 4.651
    endloop
  endfacet
  facet normal -0.843359 0.419207 0.336171
    outer loop
      vertex -6.37276 7.28132 4.73151
      vertex -5.82695 7.76311 5.5
      vertex -6.37476 7.2955 4.70881
    endloop
  endfacet
  facet normal -0.843326 0.419377 0.336041
    outer loop
      vertex -6.37382 7.26273 4.75205
      vertex -5.82695 7.76311 5.5
      vertex -6.37276 7.28132 4.73151
    endloop
  endfacet
  facet normal -0.843333 0.41934 0.336071
    outer loop
      vertex -5.82695 7.76311 5.5
      vertex -6.37382 7.26273 4.75205
      vertex -6.37971 7.15953 4.86604
    endloop
  endfacet
  facet normal -0.840286 0.477341 0.257031
    outer loop
      vertex -5.70135 8.43258 4.88474
      vertex -5.70433 8.36771 4.99547
      vertex -5.69981 8.40574 4.93962
    endloop
  endfacet
  facet normal -0.84002 0.477509 0.257588
    outer loop
      vertex -6.38265 7.50033 4.39113
      vertex -5.70135 8.43258 4.88474
      vertex -6.38316 7.50719 4.37675
    endloop
  endfacet
  facet normal -0.840021 0.477692 0.257244
    outer loop
      vertex -5.70135 8.43258 4.88474
      vertex -6.38265 7.50033 4.39113
      vertex -5.70433 8.36771 4.99547
    endloop
  endfacet
  facet normal -0.845397 0.491251 -0.209705
    outer loop
      vertex -5.75706 8.62699 1.22714
      vertex -5.75712 8.62967 1.23366
      vertex -5.75691 8.62858 1.23026
    endloop
  endfacet
  facet normal -0.834179 0.507342 -0.216216
    outer loop
      vertex -5.75712 8.62967 1.23366
      vertex -5.75706 8.62699 1.22714
      vertex -5.75809 8.63457 1.2489
    endloop
  endfacet
  facet normal -0.838708 0.500783 -0.213977
    outer loop
      vertex -6.46398 7.6359 1.67849
      vertex -5.75706 8.62699 1.22714
      vertex -5.76756 8.51562 1.00765
    endloop
  endfacet
  facet normal -0.838709 0.500718 -0.214123
    outer loop
      vertex -5.75706 8.62699 1.22714
      vertex -6.46398 7.6359 1.67849
      vertex -5.75809 8.63457 1.2489
    endloop
  endfacet
  facet normal -0.838707 0.500784 -0.213974
    outer loop
      vertex -6.46398 7.6359 1.67849
      vertex -5.76756 8.51562 1.00765
      vertex -6.47064 7.51861 1.43009
    endloop
  endfacet
  facet normal -0.838707 0.500804 -0.213927
    outer loop
      vertex -5.76756 8.51562 1.00765
      vertex -5.77249 8.4634 0.904731
      vertex -6.47064 7.51861 1.43009
    endloop
  endfacet
  facet normal -0.841571 0.450203 -0.298455
    outer loop
      vertex -6.48794 7.21415 0.973699
      vertex -5.7861 8.12178 0.363788
      vertex -5.78614 8.11482 0.353402
    endloop
  endfacet
  facet normal -0.841568 0.450432 -0.298118
    outer loop
      vertex -5.7861 8.12178 0.363788
      vertex -6.47866 7.37757 1.1944
      vertex -5.78523 8.26426 0.576608
    endloop
  endfacet
  facet normal -0.84157 0.45042 -0.298131
    outer loop
      vertex -5.7861 8.12178 0.363788
      vertex -6.48794 7.21415 0.973699
      vertex -6.47866 7.37757 1.1944
    endloop
  endfacet
  facet normal -0.843099 0.448652 -0.29647
    outer loop
      vertex -5.78994 8.07964 0.31097
      vertex -5.78614 8.11482 0.353402
      vertex -5.78621 8.104 0.337227
    endloop
  endfacet
  facet normal -0.841569 0.450423 -0.298128
    outer loop
      vertex -6.48794 7.21415 0.973699
      vertex -5.78994 8.07964 0.31097
      vertex -5.79629 8.03821 0.266301
    endloop
  endfacet
  facet normal -0.841568 0.450447 -0.298095
    outer loop
      vertex -5.78994 8.07964 0.31097
      vertex -6.48794 7.21415 0.973699
      vertex -5.78614 8.11482 0.353402
    endloop
  endfacet
  facet normal -0.843435 0.419226 -0.335956
    outer loop
      vertex -5.82695 7.76311 1.90735e-07
      vertex -5.80021 7.9614 0.180306
      vertex -5.80844 7.80035 1.90735e-07
    endloop
  endfacet
  facet normal -0.843336 0.419326 -0.336081
    outer loop
      vertex -6.49841 7.02991 0.770102
      vertex -5.80021 7.9614 0.180306
      vertex -5.82695 7.76311 1.90735e-07
    endloop
  endfacet
  facet normal -0.843336 0.419322 -0.336086
    outer loop
      vertex -5.80021 7.9614 0.180306
      vertex -6.49841 7.02991 0.770102
      vertex -6.48794 7.21415 0.973699
    endloop
  endfacet
  facet normal -0.836834 0.533778 -0.121615
    outer loop
      vertex -5.75078 8.84941 1.9864
      vertex -5.74849 8.82712 1.87281
      vertex -6.45494 7.79498 2.20375
    endloop
  endfacet
  facet normal -0.836831 0.533791 -0.121579
    outer loop
      vertex -6.45873 7.72832 1.9372
      vertex -5.74544 8.79746 1.72165
      vertex -5.75349 8.76138 1.61865
    endloop
  endfacet
  facet normal -0.836799 0.53404 -0.120699
    outer loop
      vertex -6.45873 7.72832 1.9372
      vertex -5.75349 8.76138 1.61865
      vertex -5.754 8.75927 1.61285
    endloop
  endfacet
  facet normal -0.836831 0.533782 -0.121621
    outer loop
      vertex -5.74544 8.79746 1.72165
      vertex -6.45873 7.72832 1.9372
      vertex -5.74849 8.82712 1.87281
    endloop
  endfacet
  facet normal -0.836833 0.533785 -0.121593
    outer loop
      vertex -5.74849 8.82712 1.87281
      vertex -6.45873 7.72832 1.9372
      vertex -6.45494 7.79498 2.20375
    endloop
  endfacet
  facet normal -0.873941 -0.119198 -0.471189
    outer loop
      vertex -6.61553 4.21793 1.90735e-07
      vertex -6.6715 3.98341 0.163138
      vertex -6.65682 4.24171 0.0705673
    endloop
  endfacet
  facet normal -0.873935 -0.119206 -0.471199
    outer loop
      vertex -6.6715 3.98341 0.163138
      vertex -6.61553 4.21793 1.90735e-07
      vertex -6.57617 3.92937 1.90735e-07
    endloop
  endfacet
  facet normal -0.873936 -0.119256 -0.471183
    outer loop
      vertex -6.57617 3.92937 1.90735e-07
      vertex -6.57355 3.91017 1.90735e-07
      vertex -6.6715 3.98341 0.163138
    endloop
  endfacet
  facet normal -0.845305 0.384675 -0.370788
    outer loop
      vertex -5.82695 7.76311 1.90735e-07
      vertex -5.89132 7.62166 1.90735e-07
      vertex -6.49841 7.02991 0.770102
    endloop
  endfacet
  facet normal -0.998393 0.0566666 -0.000726845
    outer loop
      vertex -6.6842 3.75991 0.280621
      vertex -6.68559 3.73542 0.280621
      vertex -6.68442 3.75606 0.282657
    endloop
  endfacet
  facet normal -0.998379 0.0569087 -0.000339226
    outer loop
      vertex -6.50996 6.82664 0.585571
      vertex -6.51576 6.72448 0.517199
      vertex -6.51126 6.80382 0.58332
    endloop
  endfacet
  facet normal -0.998369 0.0570931 -0.000551905
    outer loop
      vertex -6.53585 6.37099 0.280621
      vertex -6.52951 6.48261 0.358668
      vertex -6.52481 6.5653 0.410662
    endloop
  endfacet
  facet normal -0.998405 0.0564488 0.000372544
    outer loop
      vertex -6.52951 6.48261 0.358668
      vertex -6.53585 6.37099 0.280621
      vertex -6.53544 6.37816 0.292991
    endloop
  endfacet
  facet normal -0.998395 0.0566359 0.000263769
    outer loop
      vertex -6.53544 6.37816 0.292991
      vertex -6.53585 6.37099 0.280621
      vertex -6.53698 6.35107 0.280621
    endloop
  endfacet
  facet normal -0.847457 0.346741 0.401979
    outer loop
      vertex -6.37827 6.93883 5.0953
      vertex -6.21401 6.87112 5.5
      vertex -6.0836 7.18985 5.5
    endloop
  endfacet
  facet normal -0.847457 0.34674 0.401979
    outer loop
      vertex -6.37661 6.7588 5.25409
      vertex -6.21401 6.87112 5.5
      vertex -6.37827 6.93883 5.0953
    endloop
  endfacet
  facet normal -0.84746 0.346725 0.401988
    outer loop
      vertex -6.37644 6.74019 5.2705
      vertex -6.21401 6.87112 5.5
      vertex -6.37661 6.7588 5.25409
    endloop
  endfacet
  facet normal -0.847462 0.346704 0.402001
    outer loop
      vertex -6.21401 6.87112 5.5
      vertex -6.37644 6.74019 5.2705
      vertex -6.37758 6.73069 5.27629
    endloop
  endfacet
  facet normal -0.843329 0.419921 0.335354
    outer loop
      vertex -6.37985 7.33159 4.651
      vertex -5.70519 8.14301 5.33156
      vertex -5.70555 8.14632 5.32651
    endloop
  endfacet
  facet normal -0.842972 0.419739 0.336477
    outer loop
      vertex -5.70519 8.14301 5.33156
      vertex -5.7038 8.08317 5.40969
      vertex -5.70226 8.1163 5.37222
    endloop
  endfacet
  facet normal -0.84334 0.419278 0.33613
    outer loop
      vertex -5.70519 8.14301 5.33156
      vertex -6.37985 7.33159 4.651
      vertex -5.7038 8.08317 5.40969
    endloop
  endfacet
  facet normal -0.843337 0.419291 0.336121
    outer loop
      vertex -6.37985 7.33159 4.651
      vertex -5.70555 8.14632 5.32651
      vertex -6.38122 7.3413 4.63545
    endloop
  endfacet
  facet normal -0.843324 0.419489 0.335908
    outer loop
      vertex -5.7038 8.08317 5.40969
      vertex -6.37985 7.33159 4.651
      vertex -5.70464 8.06525 5.42996
    endloop
  endfacet
  facet normal -0.84157 0.450425 0.298123
    outer loop
      vertex -6.38122 7.3413 4.63545
      vertex -5.70515 8.21877 5.21818
      vertex -6.38115 7.3512 4.62069
    endloop
  endfacet
  facet normal -0.84157 0.450421 0.29813
    outer loop
      vertex -5.70515 8.21877 5.21818
      vertex -6.38122 7.3413 4.63545
      vertex -5.70555 8.14632 5.32651
    endloop
  endfacet
  facet normal -0.998372 0.0570222 0.00150254
    outer loop
      vertex -6.68336 3.77467 0.272799
      vertex -6.68295 3.78195 0.268946
      vertex -6.68559 3.73542 0.280621
    endloop
  endfacet
  facet normal -0.998395 0.0566337 -0.000364834
    outer loop
      vertex -6.65682 4.24171 0.0705673
      vertex -6.65122 4.34033 0.0546932
      vertex -6.6417 4.50783 0.00380154
    endloop
  endfacet
  facet normal -0.998401 0.0565145 -0.00110774
    outer loop
      vertex -6.65122 4.34033 0.0546932
      vertex -6.65682 4.24171 0.0705673
      vertex -6.65673 4.24343 0.0772014
    endloop
  endfacet
  facet normal -0.998413 0.0563084 -0.00105415
    outer loop
      vertex -6.65682 4.24171 0.0705673
      vertex -6.66234 4.14465 0.114149
      vertex -6.65673 4.24343 0.0772014
    endloop
  endfacet
  facet normal -0.998397 0.0565885 -0.000428492
    outer loop
      vertex -6.66234 4.14465 0.114149
      vertex -6.65682 4.24171 0.0705673
      vertex -6.6715 3.98341 0.163138
    endloop
  endfacet
  facet normal -0.871815 -0.0720237 -0.484512
    outer loop
      vertex -6.63948 4.50653 1.90735e-07
      vertex -6.65682 4.24171 0.0705673
      vertex -6.6417 4.50783 0.00380154
    endloop
  endfacet
  facet normal -0.871278 -0.0723046 -0.485434
    outer loop
      vertex -6.65682 4.24171 0.0705673
      vertex -6.63948 4.50653 1.90735e-07
      vertex -6.61553 4.21793 1.90735e-07
    endloop
  endfacet
  facet normal -0.849772 0.306031 -0.429223
    outer loop
      vertex -6.32991 6.54925 1.90735e-07
      vertex -6.34393 6.51032 1.90735e-07
      vertex -6.53585 6.37099 0.280621
    endloop
  endfacet
  facet normal -0.852232 0.26277 -0.452385
    outer loop
      vertex -6.34393 6.51032 1.90735e-07
      vertex -6.3547 6.47539 1.90735e-07
      vertex -6.53585 6.37099 0.280621
    endloop
  endfacet
  facet normal -0.845307 0.384655 -0.370805
    outer loop
      vertex -6.04605 7.28163 1.90735e-07
      vertex -6.49841 7.02991 0.770102
      vertex -5.89132 7.62166 1.90735e-07
    endloop
  endfacet
  facet normal -0.845307 0.384653 -0.370806
    outer loop
      vertex -6.49841 7.02991 0.770102
      vertex -6.04605 7.28163 1.90735e-07
      vertex -6.50996 6.82664 0.585571
    endloop
  endfacet
  facet normal -0.847462 0.346722 -0.401985
    outer loop
      vertex -6.04605 7.28163 1.90735e-07
      vertex -6.0836 7.18985 1.90735e-07
      vertex -6.50996 6.82664 0.585571
    endloop
  endfacet
  facet normal 0 0 1
    outer loop
      vertex -1.34001 5.26984 5.5
      vertex -2.97415 5.13325 5.5
      vertex -2.95932 4.95961 5.5
    endloop
  endfacet
  facet normal 0 0 1
    outer loop
      vertex -2.28594 6.78757 5.5
      vertex -2.988 5.29532 5.5
      vertex -2.97415 5.13325 5.5
    endloop
  endfacet
  facet normal 0 0 1
    outer loop
      vertex -2.28594 6.78757 5.5
      vertex -3.04956 5.53694 5.5
      vertex -2.988 5.29532 5.5
    endloop
  endfacet
  facet normal 0 0 1
    outer loop
      vertex -2.28594 6.78757 5.5
      vertex -3.07655 5.64288 5.5
      vertex -3.04956 5.53694 5.5
    endloop
  endfacet
  facet normal 0 0 1
    outer loop
      vertex -3.52594 6.36496 5.5
      vertex -2.33487 6.83343 5.5
      vertex -3.10598 7.49257 5.5
    endloop
  endfacet
  facet normal 0 0 1
    outer loop
      vertex -3.7904 6.57535 5.5
      vertex -3.10598 7.49257 5.5
      vertex -3.11135 7.4971 5.5
    endloop
  endfacet
  facet normal 0 0 1
    outer loop
      vertex -3.7904 6.57535 5.5
      vertex -3.11135 7.4971 5.5
      vertex -3.12692 7.50961 5.5
    endloop
  endfacet
  facet normal 0 0 1
    outer loop
      vertex -3.7904 6.57535 5.5
      vertex -3.12692 7.50961 5.5
      vertex -3.15578 7.53173 5.5
    endloop
  endfacet
  facet normal 0 0 1
    outer loop
      vertex -2.28594 6.78757 5.5
      vertex -3.15777 5.83635 5.5
      vertex -3.07655 5.64288 5.5
    endloop
  endfacet
  facet normal 0 0 1
    outer loop
      vertex -3.7904 6.57535 5.5
      vertex -3.15578 7.53173 5.5
      vertex -3.17211 7.54424 5.5
    endloop
  endfacet
  facet normal 0 0 1
    outer loop
      vertex -2.28594 6.78757 5.5
      vertex -3.21944 5.94687 5.5
      vertex -3.15777 5.83635 5.5
    endloop
  endfacet
  facet normal 0 0 1
    outer loop
      vertex -2.28594 6.78757 5.5
      vertex -3.25793 6.01585 5.5
      vertex -3.21944 5.94687 5.5
    endloop
  endfacet
  facet normal 0 0 1
    outer loop
      vertex -2.33487 6.83343 5.5
      vertex -3.37672 6.17059 5.5
      vertex -3.25793 6.01585 5.5
    endloop
  endfacet
  facet normal 0 0 1
    outer loop
      vertex -3.9187 6.6708 5.5
      vertex -3.17211 7.54424 5.5
      vertex -3.50334 7.72633 5.5
    endloop
  endfacet
  facet normal 0 0 1
    outer loop
      vertex -2.33487 6.83343 5.5
      vertex -3.52594 6.36496 5.5
      vertex -3.37672 6.17059 5.5
    endloop
  endfacet
  facet normal 0 0 1
    outer loop
      vertex -3.10598 7.49257 5.5
      vertex -3.59752 6.43185 5.5
      vertex -3.52594 6.36496 5.5
    endloop
  endfacet
  facet normal 0 0 1
    outer loop
      vertex -4.05831 6.73799 5.5
      vertex -3.50334 7.72633 5.5
      vertex -3.66155 7.81331 5.5
    endloop
  endfacet
  facet normal 0 0 1
    outer loop
      vertex -3.10598 7.49257 5.5
      vertex -3.7904 6.57535 5.5
      vertex -3.59752 6.43185 5.5
    endloop
  endfacet
  facet normal 0 0 1
    outer loop
      vertex -3.17211 7.54424 5.5
      vertex -3.9187 6.6708 5.5
      vertex -3.7904 6.57535 5.5
    endloop
  endfacet
  facet normal 0 0 1
    outer loop
      vertex -4.32933 6.86842 5.5
      vertex -3.66155 7.81331 5.5
      vertex -3.94346 7.91356 5.5
    endloop
  endfacet
  facet normal 0 0 1
    outer loop
      vertex -3.50334 7.72633 5.5
      vertex -4.05831 6.73799 5.5
      vertex -3.9187 6.6708 5.5
    endloop
  endfacet
  facet normal 0 0 1
    outer loop
      vertex -4.32933 6.86842 5.5
      vertex -3.94346 7.91356 5.5
      vertex -4.17326 7.99529 5.5
    endloop
  endfacet
  facet normal 0 0 1
    outer loop
      vertex -3.66155 7.81331 5.5
      vertex -4.32933 6.86842 5.5
      vertex -4.05831 6.73799 5.5
    endloop
  endfacet
  facet normal 0 0 1
    outer loop
      vertex -4.53178 6.91629 5.5
      vertex -4.17326 7.99529 5.5
      vertex -4.33086 8.02283 5.5
    endloop
  endfacet
  facet normal 0 0 1
    outer loop
      vertex -4.17326 7.99529 5.5
      vertex -4.53178 6.91629 5.5
      vertex -4.32933 6.86842 5.5
    endloop
  endfacet
  facet normal 0 0 1
    outer loop
      vertex -4.72058 6.95391 5.5
      vertex -4.33086 8.02283 5.5
      vertex -4.69849 8.08706 5.5
    endloop
  endfacet
  facet normal 0 0 1
    outer loop
      vertex -4.33086 8.02283 5.5
      vertex -4.72058 6.95391 5.5
      vertex -4.53178 6.91629 5.5
    endloop
  endfacet
  facet normal 0 0 1
    outer loop
      vertex -4.69849 8.08706 5.5
      vertex -4.75082 6.95993 5.5
      vertex -4.72058 6.95391 5.5
    endloop
  endfacet
  facet normal 0 0 1
    outer loop
      vertex -4.69849 8.08706 5.5
      vertex -5.17594 6.95993 5.5
      vertex -4.75082 6.95993 5.5
    endloop
  endfacet
  facet normal -0 0 1
    outer loop
      vertex -5.22826 8.08706 5.5
      vertex -5.17594 6.95993 5.5
      vertex -4.69849 8.08706 5.5
    endloop
  endfacet
  facet normal 0 0 1
    outer loop
      vertex -5.17594 6.95993 5.5
      vertex -5.22826 8.08706 5.5
      vertex -5.20617 6.95391 5.5
    endloop
  endfacet
  facet normal -0 0 1
    outer loop
      vertex -5.82695 7.76311 5.5
      vertex -5.20617 6.95391 5.5
      vertex -5.22826 8.08706 5.5
    endloop
  endfacet
  facet normal 0 0 1
    outer loop
      vertex -5.82695 7.76311 5.5
      vertex -5.22826 8.08706 5.5
      vertex -5.59589 8.02283 5.5
    endloop
  endfacet
  facet normal -0 0 1
    outer loop
      vertex -5.89132 7.62166 5.5
      vertex -5.20617 6.95391 5.5
      vertex -5.82695 7.76311 5.5
    endloop
  endfacet
  facet normal 0 0 1
    outer loop
      vertex -5.82695 7.76311 5.5
      vertex -5.59589 8.02283 5.5
      vertex -5.70752 8.00332 5.5
    endloop
  endfacet
  facet normal 0 0 1
    outer loop
      vertex -5.20617 6.95391 5.5
      vertex -5.89132 7.62166 5.5
      vertex -5.39497 6.91629 5.5
    endloop
  endfacet
  facet normal 0 0 1
    outer loop
      vertex -5.39497 6.91629 5.5
      vertex -5.89132 7.62166 5.5
      vertex -5.59742 6.86842 5.5
    endloop
  endfacet
  facet normal -0 0 1
    outer loop
      vertex -6.04605 7.28163 5.5
      vertex -5.59742 6.86842 5.5
      vertex -5.89132 7.62166 5.5
    endloop
  endfacet
  facet normal -0 0 1
    outer loop
      vertex -6.0836 7.18985 5.5
      vertex -5.59742 6.86842 5.5
      vertex -6.04605 7.28163 5.5
    endloop
  endfacet
  facet normal 0 0 1
    outer loop
      vertex -5.59742 6.86842 5.5
      vertex -6.0836 7.18985 5.5
      vertex -5.86844 6.73799 5.5
    endloop
  endfacet
  facet normal -0 0 1
    outer loop
      vertex -6.21401 6.87112 5.5
      vertex -5.86844 6.73799 5.5
      vertex -6.0836 7.18985 5.5
    endloop
  endfacet
  facet normal 0 0 1
    outer loop
      vertex -5.86844 6.73799 5.5
      vertex -6.21401 6.87112 5.5
      vertex -6.00805 6.6708 5.5
    endloop
  endfacet
  facet normal -0 0 1
    outer loop
      vertex -6.23495 6.81296 5.5
      vertex -6.00805 6.6708 5.5
      vertex -6.21401 6.87112 5.5
    endloop
  endfacet
  facet normal 0 0 1
    outer loop
      vertex -6.00805 6.6708 5.5
      vertex -6.23495 6.81296 5.5
      vertex -6.13635 6.57535 5.5
    endloop
  endfacet
  facet normal 0 0 1
    outer loop
      vertex -6.34393 6.51032 5.5
      vertex -6.13635 6.57535 5.5
      vertex -6.23495 6.81296 5.5
    endloop
  endfacet
  facet normal 0 0 1
    outer loop
      vertex -6.13635 6.57535 5.5
      vertex -6.34393 6.51032 5.5
      vertex -6.32923 6.43185 5.5
    endloop
  endfacet
  facet normal -0 0 1
    outer loop
      vertex -6.3547 6.47539 5.5
      vertex -6.32923 6.43185 5.5
      vertex -6.34393 6.51032 5.5
    endloop
  endfacet
  facet normal 0 0 1
    outer loop
      vertex -6.32923 6.43185 5.5
      vertex -6.3547 6.47539 5.5
      vertex -6.38386 6.3808 5.5
    endloop
  endfacet
  facet normal -0 0 1
    outer loop
      vertex -3.21944 3.97234 5.5
      vertex -1.34001 0.455216 5.5
      vertex -1.34001 5.26984 5.5
    endloop
  endfacet
  facet normal 0 0 1
    outer loop
      vertex -2.97415 5.13325 5.5
      vertex -1.34001 5.26984 5.5
      vertex -1.34502 5.3293 5.5
    endloop
  endfacet
  facet normal -0 0 1
    outer loop
      vertex -3.25793 3.90336 5.5
      vertex -1.34001 0.455216 5.5
      vertex -3.21944 3.97234 5.5
    endloop
  endfacet
  facet normal 0 0 1
    outer loop
      vertex -2.97415 5.13325 5.5
      vertex -1.34502 5.3293 5.5
      vertex -1.36384 5.49577 5.5
    endloop
  endfacet
  facet normal 0 0 1
    outer loop
      vertex -1.38343 5.58163 5.5
      vertex -1.36384 5.49577 5.5
      vertex -1.36689 5.51742 5.5
    endloop
  endfacet
  facet normal 0 0 1
    outer loop
      vertex -2.97415 5.13325 5.5
      vertex -1.36384 5.49577 5.5
      vertex -1.38343 5.58163 5.5
    endloop
  endfacet
  facet normal 0 0 1
    outer loop
      vertex -1.34001 5.26984 5.5
      vertex -3.15777 4.08287 5.5
      vertex -3.21944 3.97234 5.5
    endloop
  endfacet
  facet normal -0 0 1
    outer loop
      vertex -3.37672 3.74863 5.5
      vertex -1.34001 0.455216 5.5
      vertex -3.25793 3.90336 5.5
    endloop
  endfacet
  facet normal 0 0 1
    outer loop
      vertex -2.97415 5.13325 5.5
      vertex -1.38343 5.58163 5.5
      vertex -1.43885 5.74078 5.5
    endloop
  endfacet
  facet normal 0 0 1
    outer loop
      vertex -2.97415 5.13325 5.5
      vertex -1.43885 5.74078 5.5
      vertex -1.46638 5.80407 5.5
    endloop
  endfacet
  facet normal -0 0 1
    outer loop
      vertex -3.52594 3.55426 5.5
      vertex -1.34001 0.455216 5.5
      vertex -3.37672 3.74863 5.5
    endloop
  endfacet
  facet normal -0 0 1
    outer loop
      vertex -3.59752 3.48736 5.5
      vertex -1.34001 0.455216 5.5
      vertex -3.52594 3.55426 5.5
    endloop
  endfacet
  facet normal -0 0 1
    outer loop
      vertex -3.7904 3.34386 5.5
      vertex -1.34001 0.455216 5.5
      vertex -3.59752 3.48736 5.5
    endloop
  endfacet
  facet normal 0 0 1
    outer loop
      vertex -2.97415 5.13325 5.5
      vertex -1.46638 5.80407 5.5
      vertex -1.57579 5.99134 5.5
    endloop
  endfacet
  facet normal 0 0 1
    outer loop
      vertex -1.65988 6.11271 5.5
      vertex -1.57579 5.99134 5.5
      vertex -1.61398 6.0538 5.5
    endloop
  endfacet
  facet normal 0 0 1
    outer loop
      vertex -2.97415 5.13325 5.5
      vertex -1.57579 5.99134 5.5
      vertex -1.65988 6.11271 5.5
    endloop
  endfacet
  facet normal 0 0 1
    outer loop
      vertex -1.34001 5.26984 5.5
      vertex -3.07655 4.27634 5.5
      vertex -3.15777 4.08287 5.5
    endloop
  endfacet
  facet normal -0 0 1
    outer loop
      vertex -3.9187 3.24842 5.5
      vertex -1.34001 0.455216 5.5
      vertex -3.7904 3.34386 5.5
    endloop
  endfacet
  facet normal 0 0 1
    outer loop
      vertex -2.97415 5.13325 5.5
      vertex -1.65988 6.11271 5.5
      vertex -1.8607 6.36117 5.5
    endloop
  endfacet
  facet normal 0 0 1
    outer loop
      vertex -4.44799 0.382278 5.5
      vertex -1.34001 0.455216 5.5
      vertex -3.9187 3.24842 5.5
    endloop
  endfacet
  facet normal 0 0 1
    outer loop
      vertex -2.97415 5.13325 5.5
      vertex -1.8607 6.36117 5.5
      vertex -1.91304 6.41739 5.5
    endloop
  endfacet
  facet normal 0 -0 1
    outer loop
      vertex -2.29128 -0.602889 5.5
      vertex -1.34001 0.455216 5.5
      vertex -4.44799 0.382278 5.5
    endloop
  endfacet
  facet normal 0 0 1
    outer loop
      vertex -1.34992 -0.0577597 5.5
      vertex -2.05467 -0.687051 5.5
      vertex -1.3917 -0.322828 5.5
    endloop
  endfacet
  facet normal 0 0 1
    outer loop
      vertex -2.97415 5.13325 5.5
      vertex -1.91304 6.41739 5.5
      vertex -2.28594 6.78757 5.5
    endloop
  endfacet
  facet normal 0 0 1
    outer loop
      vertex -1.34001 5.26984 5.5
      vertex -2.988 4.62389 5.5
      vertex -3.04956 4.38228 5.5
    endloop
  endfacet
  facet normal 0 0 1
    outer loop
      vertex -3.25793 6.01585 5.5
      vertex -2.28594 6.78757 5.5
      vertex -2.33487 6.83343 5.5
    endloop
  endfacet
  facet normal 0 0 1
    outer loop
      vertex -1.34001 5.26984 5.5
      vertex -2.95932 4.95961 5.5
      vertex -2.97415 4.78597 5.5
    endloop
  endfacet
  facet normal 0 0 1
    outer loop
      vertex -1.34001 5.26984 5.5
      vertex -2.97415 4.78597 5.5
      vertex -2.988 4.62389 5.5
    endloop
  endfacet
  facet normal 0 0 1
    outer loop
      vertex -1.34001 5.26984 5.5
      vertex -3.04956 4.38228 5.5
      vertex -3.07655 4.27634 5.5
    endloop
  endfacet
  facet normal 0 -0 1
    outer loop
      vertex -1.86096 -0.728039 5.5
      vertex -1.3917 -0.322828 5.5
      vertex -1.9939 -0.702219 5.5
    endloop
  endfacet
  facet normal 0 0 1
    outer loop
      vertex -1.3917 -0.322828 5.5
      vertex -1.86096 -0.728039 5.5
      vertex -1.40835 -0.4279 5.5
    endloop
  endfacet
  facet normal 0 -0 1
    outer loop
      vertex -1.55602 -0.647488 5.5
      vertex -1.40835 -0.4279 5.5
      vertex -1.86096 -0.728039 5.5
    endloop
  endfacet
  facet normal 0 0 1
    outer loop
      vertex -1.47958 -0.574148 5.5
      vertex -1.55602 -0.647488 5.5
      vertex -1.4999 -0.606954 5.5
    endloop
  endfacet
  facet normal 0 0 1
    outer loop
      vertex -1.55602 -0.647488 5.5
      vertex -1.70213 -0.728039 5.5
      vertex -1.66398 -0.718341 5.5
    endloop
  endfacet
  facet normal 0 -0 1
    outer loop
      vertex -1.70213 -0.728039 5.5
      vertex -1.55602 -0.647488 5.5
      vertex -1.86096 -0.728039 5.5
    endloop
  endfacet
  facet normal 0 0 1
    outer loop
      vertex -1.40835 -0.4279 5.5
      vertex -1.55602 -0.647488 5.5
      vertex -1.47958 -0.574148 5.5
    endloop
  endfacet
  facet normal 0 -0 1
    outer loop
      vertex -1.9939 -0.702219 5.5
      vertex -1.3917 -0.322828 5.5
      vertex -2.05467 -0.687051 5.5
    endloop
  endfacet
  facet normal 0 -0 1
    outer loop
      vertex -2.05467 -0.687051 5.5
      vertex -1.34992 -0.0577597 5.5
      vertex -2.29128 -0.602889 5.5
    endloop
  endfacet
  facet normal 0 0 1
    outer loop
      vertex -1.34001 0.455216 5.5
      vertex -2.29128 -0.602889 5.5
      vertex -1.34437 -0.00600083 5.5
    endloop
  endfacet
  facet normal 0 0 1
    outer loop
      vertex -4.44799 0.382278 5.5
      vertex -3.9187 3.24842 5.5
      vertex -4.05831 3.18123 5.5
    endloop
  endfacet
  facet normal 0 0 1
    outer loop
      vertex -4.44799 0.382278 5.5
      vertex -4.05831 3.18123 5.5
      vertex -4.32933 3.05079 5.5
    endloop
  endfacet
  facet normal 0 0 1
    outer loop
      vertex -1.34437 -0.00600083 5.5
      vertex -2.29128 -0.602889 5.5
      vertex -1.34992 -0.0577597 5.5
    endloop
  endfacet
  facet normal 0 0 1
    outer loop
      vertex -4.32933 3.05079 5.5
      vertex -4.4736 0.395802 5.5
      vertex -4.44799 0.382278 5.5
    endloop
  endfacet
  facet normal 0 0 1
    outer loop
      vertex -4.61375 0.480438 5.5
      vertex -4.32933 3.05079 5.5
      vertex -4.53178 3.00292 5.5
    endloop
  endfacet
  facet normal 0 0 1
    outer loop
      vertex -4.32933 3.05079 5.5
      vertex -4.61375 0.480438 5.5
      vertex -4.4736 0.395802 5.5
    endloop
  endfacet
  facet normal 0 0 1
    outer loop
      vertex -4.99141 0.708696 5.5
      vertex -4.53178 3.00292 5.5
      vertex -4.72058 2.96531 5.5
    endloop
  endfacet
  facet normal 0 0 1
    outer loop
      vertex -4.99141 0.708696 5.5
      vertex -4.72058 2.96531 5.5
      vertex -4.75082 2.95928 5.5
    endloop
  endfacet
  facet normal 0 0 1
    outer loop
      vertex -4.53178 3.00292 5.5
      vertex -4.99141 0.708696 5.5
      vertex -4.61375 0.480438 5.5
    endloop
  endfacet
  facet normal 0 0 1
    outer loop
      vertex -5.52167 1.13934 5.5
      vertex -4.75082 2.95928 5.5
      vertex -5.17594 2.95928 5.5
    endloop
  endfacet
  facet normal 0 0 1
    outer loop
      vertex -5.99878 1.88549 5.5
      vertex -5.17594 2.95928 5.5
      vertex -5.20617 2.96531 5.5
    endloop
  endfacet
  facet normal 0 0 1
    outer loop
      vertex -5.99878 1.88549 5.5
      vertex -5.20617 2.96531 5.5
      vertex -5.39497 3.00292 5.5
    endloop
  endfacet
  facet normal 0 0 1
    outer loop
      vertex -4.75082 2.95928 5.5
      vertex -5.48312 1.10774 5.5
      vertex -4.99141 0.708696 5.5
    endloop
  endfacet
  facet normal 0 0 1
    outer loop
      vertex -4.75082 2.95928 5.5
      vertex -5.52167 1.13934 5.5
      vertex -5.48312 1.10774 5.5
    endloop
  endfacet
  facet normal 0 0 1
    outer loop
      vertex -6.13894 2.27196 5.5
      vertex -5.39497 3.00292 5.5
      vertex -5.59742 3.05079 5.5
    endloop
  endfacet
  facet normal 0 0 1
    outer loop
      vertex -5.17594 2.95928 5.5
      vertex -5.91608 1.65745 5.5
      vertex -5.52167 1.13934 5.5
    endloop
  endfacet
  facet normal 0 0 1
    outer loop
      vertex -6.26529 2.66167 5.5
      vertex -5.59742 3.05079 5.5
      vertex -5.86844 3.18123 5.5
    endloop
  endfacet
  facet normal 0 0 1
    outer loop
      vertex -5.52167 1.13934 5.5
      vertex -5.91608 1.65745 5.5
      vertex -5.81573 1.40468 5.5
    endloop
  endfacet
  facet normal 0 0 1
    outer loop
      vertex -5.17594 2.95928 5.5
      vertex -5.99878 1.88549 5.5
      vertex -5.91608 1.65745 5.5
    endloop
  endfacet
  facet normal 0 0 1
    outer loop
      vertex -6.329 2.8706 5.5
      vertex -5.86844 3.18123 5.5
      vertex -6.00805 3.24842 5.5
    endloop
  endfacet
  facet normal 0 0 1
    outer loop
      vertex -6.42248 3.20205 5.5
      vertex -6.00805 3.24842 5.5
      vertex -6.13635 3.34386 5.5
    endloop
  endfacet
  facet normal 0 0 1
    outer loop
      vertex -5.39497 3.00292 5.5
      vertex -6.13894 2.27196 5.5
      vertex -5.99878 1.88549 5.5
    endloop
  endfacet
  facet normal 0 0 1
    outer loop
      vertex -5.59742 3.05079 5.5
      vertex -6.26529 2.66167 5.5
      vertex -6.13894 2.27196 5.5
    endloop
  endfacet
  facet normal 0 0 1
    outer loop
      vertex -5.86844 3.18123 5.5
      vertex -6.30209 2.77516 5.5
      vertex -6.26529 2.66167 5.5
    endloop
  endfacet
  facet normal 0 0 1
    outer loop
      vertex -5.86844 3.18123 5.5
      vertex -6.329 2.8706 5.5
      vertex -6.30209 2.77516 5.5
    endloop
  endfacet
  facet normal 0 0 1
    outer loop
      vertex -6.42248 3.20205 5.5
      vertex -6.13635 3.34386 5.5
      vertex -6.32923 3.48736 5.5
    endloop
  endfacet
  facet normal -0 0 1
    outer loop
      vertex -6.50117 3.53498 5.5
      vertex -6.32923 3.48736 5.5
      vertex -6.40081 3.55426 5.5
    endloop
  endfacet
  facet normal 0 0 1
    outer loop
      vertex -6.00805 3.24842 5.5
      vertex -6.42248 3.20205 5.5
      vertex -6.329 2.8706 5.5
    endloop
  endfacet
  facet normal 0 0 1
    outer loop
      vertex -6.32923 3.48736 5.5
      vertex -6.50117 3.53498 5.5
      vertex -6.42248 3.20205 5.5
    endloop
  endfacet
  facet normal 0 0 1
    outer loop
      vertex -6.40081 3.55426 5.5
      vertex -6.51069 3.57524 5.5
      vertex -6.50117 3.53498 5.5
    endloop
  endfacet
  facet normal 0 0 1
    outer loop
      vertex -6.40081 3.55426 5.5
      vertex -6.51743 3.61117 5.5
      vertex -6.51069 3.57524 5.5
    endloop
  endfacet
  facet normal -0 -0 1
    outer loop
      vertex -6.51743 3.61117 5.5
      vertex -6.40081 3.55426 5.5
      vertex -6.54103 3.7369 5.5
    endloop
  endfacet
  facet normal 0 -0.941546 -0.336885
    outer loop
      vertex -2.2 -1.38582 0.625976
      vertex 1.75 -1.43541 0.764573
      vertex -2.2 -1.43541 0.764573
    endloop
  endfacet
  facet normal 0 -0.941546 -0.336885
    outer loop
      vertex 1.75 -1.43541 0.764573
      vertex -2.2 -1.38582 0.625976
      vertex 1.75 -1.38582 0.625976
    endloop
  endfacet
  facet normal 0 0.857721 0.514116
    outer loop
      vertex 1.75 1.32288 1.90709
      vertex -2.2 1.2472 2.03335
      vertex 1.75 1.2472 2.03335
    endloop
  endfacet
  facet normal 0 0.857721 0.514116
    outer loop
      vertex -2.2 1.2472 2.03335
      vertex 1.75 1.32288 1.90709
      vertex -2.2 1.32288 1.90709
    endloop
  endfacet
  facet normal 0 0.941546 -0.336885
    outer loop
      vertex 1.75 1.38582 0.625976
      vertex -2.2 1.43541 0.764573
      vertex 1.75 1.43541 0.764573
    endloop
  endfacet
  facet normal 0 0.941546 -0.336885
    outer loop
      vertex -2.2 1.43541 0.764573
      vertex 1.75 1.38582 0.625976
      vertex -2.2 1.38582 0.625976
    endloop
  endfacet
  facet normal -0 0.242877 0.970057
    outer loop
      vertex -2.2 0.435427 2.63541
      vertex 1.75 0.4 2.64428
      vertex 1.75 0.435427 2.63541
    endloop
  endfacet
  facet normal 0 0.242877 0.970057
    outer loop
      vertex 1.75 0.4 2.64428
      vertex -2.2 0.435427 2.63541
      vertex -2.2 0.4 2.64428
    endloop
  endfacet
  facet normal -0 0.336885 0.941546
    outer loop
      vertex -2.2 0.574024 2.58582
      vertex 1.75 0.435427 2.63541
      vertex 1.75 0.574024 2.58582
    endloop
  endfacet
  facet normal 0 0.336885 0.941546
    outer loop
      vertex 1.75 0.435427 2.63541
      vertex -2.2 0.574024 2.58582
      vertex -2.2 0.435427 2.63541
    endloop
  endfacet
  facet normal -0 0.671577 0.740935
    outer loop
      vertex -2.2 1.06066 2.26066
      vertex 1.75 0.95159 2.35952
      vertex 1.75 1.06066 2.26066
    endloop
  endfacet
  facet normal 0 0.671577 0.740935
    outer loop
      vertex 1.75 0.95159 2.35952
      vertex -2.2 1.06066 2.26066
      vertex -2.2 0.95159 2.35952
    endloop
  endfacet
  facet normal 0 0.903983 0.427569
    outer loop
      vertex 1.75 1.38582 1.77402
      vertex -2.2 1.32288 1.90709
      vertex 1.75 1.32288 1.90709
    endloop
  endfacet
  facet normal 0 0.903983 0.427569
    outer loop
      vertex -2.2 1.32288 1.90709
      vertex 1.75 1.38582 1.77402
      vertex -2.2 1.38582 1.77402
    endloop
  endfacet
  facet normal 0 0.998796 0.0490465
    outer loop
      vertex 1.75 1.5 1.2
      vertex -2.2 1.49278 1.34703
      vertex 1.75 1.49278 1.34703
    endloop
  endfacet
  facet normal 0 0.998796 0.0490465
    outer loop
      vertex -2.2 1.49278 1.34703
      vertex 1.75 1.5 1.2
      vertex -2.2 1.5 1.2
    endloop
  endfacet
  facet normal 0 0.989176 0.146736
    outer loop
      vertex 1.75 1.49278 1.34703
      vertex -2.2 1.47118 1.49264
      vertex 1.75 1.47118 1.49264
    endloop
  endfacet
  facet normal 0 0.989176 0.146736
    outer loop
      vertex -2.2 1.47118 1.49264
      vertex 1.75 1.49278 1.34703
      vertex -2.2 1.49278 1.34703
    endloop
  endfacet
  facet normal 0 0.803237 -0.59566
    outer loop
      vertex 1.75 1.15952 0.24841
      vertex -2.2 1.2472 0.366645
      vertex 1.75 1.2472 0.366645
    endloop
  endfacet
  facet normal 0 0.803237 -0.59566
    outer loop
      vertex -2.2 1.2472 0.366645
      vertex 1.75 1.15952 0.24841
      vertex -2.2 1.15952 0.24841
    endloop
  endfacet
  facet normal 0 -0.336885 0.941546
    outer loop
      vertex -2.2 -0.435427 2.63541
      vertex 1.75 -0.574024 2.58582
      vertex 1.75 -0.435427 2.63541
    endloop
  endfacet
  facet normal 0 -0.336885 0.941546
    outer loop
      vertex 1.75 -0.574024 2.58582
      vertex -2.2 -0.435427 2.63541
      vertex -2.2 -0.574024 2.58582
    endloop
  endfacet
  facet normal 0 -0.94154 0.3369
    outer loop
      vertex -2.2 -1.43541 1.63543
      vertex 1.75 -1.38582 1.77402
      vertex -2.2 -1.38582 1.77402
    endloop
  endfacet
  facet normal 0 -0.94154 0.3369
    outer loop
      vertex 1.75 -1.38582 1.77402
      vertex -2.2 -1.43541 1.63543
      vertex 1.75 -1.43541 1.63543
    endloop
  endfacet
  facet normal 0 -0.671577 0.740935
    outer loop
      vertex -2.2 -0.95159 2.35952
      vertex 1.75 -1.06066 2.26066
      vertex 1.75 -0.95159 2.35952
    endloop
  endfacet
  facet normal 0 -0.671577 0.740935
    outer loop
      vertex 1.75 -1.06066 2.26066
      vertex -2.2 -0.95159 2.35952
      vertex -2.2 -1.06066 2.26066
    endloop
  endfacet
  facet normal -0 0.427569 0.903983
    outer loop
      vertex -2.2 0.707094 2.52288
      vertex 1.75 0.574024 2.58582
      vertex 1.75 0.707094 2.52288
    endloop
  endfacet
  facet normal 0 0.427569 0.903983
    outer loop
      vertex 1.75 0.574024 2.58582
      vertex -2.2 0.707094 2.52288
      vertex -2.2 0.574024 2.58582
    endloop
  endfacet
  facet normal -0 0.514113 0.857722
    outer loop
      vertex -2.2 0.833355 2.4472
      vertex 1.75 0.707094 2.52288
      vertex 1.75 0.833355 2.4472
    endloop
  endfacet
  facet normal 0 0.514113 0.857722
    outer loop
      vertex 1.75 0.707094 2.52288
      vertex -2.2 0.833355 2.4472
      vertex -2.2 0.707094 2.52288
    endloop
  endfacet
  facet normal -0 0.59566 0.803237
    outer loop
      vertex -2.2 0.95159 2.35952
      vertex 1.75 0.833355 2.4472
      vertex 1.75 0.95159 2.35952
    endloop
  endfacet
  facet normal 0 0.59566 0.803237
    outer loop
      vertex 1.75 0.833355 2.4472
      vertex -2.2 0.95159 2.35952
      vertex -2.2 0.833355 2.4472
    endloop
  endfacet
  facet normal 0 0.740935 0.671577
    outer loop
      vertex 1.75 1.15952 2.15159
      vertex -2.2 1.06066 2.26066
      vertex 1.75 1.06066 2.26066
    endloop
  endfacet
  facet normal 0 0.740935 0.671577
    outer loop
      vertex -2.2 1.06066 2.26066
      vertex 1.75 1.15952 2.15159
      vertex -2.2 1.15952 2.15159
    endloop
  endfacet
  facet normal 0 0.94154 0.3369
    outer loop
      vertex 1.75 1.43541 1.63543
      vertex -2.2 1.38582 1.77402
      vertex 1.75 1.38582 1.77402
    endloop
  endfacet
  facet normal 0 0.94154 0.3369
    outer loop
      vertex -2.2 1.38582 1.77402
      vertex 1.75 1.43541 1.63543
      vertex -2.2 1.43541 1.63543
    endloop
  endfacet
  facet normal 0 0.671563 -0.740947
    outer loop
      vertex -2.2 0.95159 0.0404846
      vertex 1.75 1.06066 0.139341
      vertex 1.75 0.95159 0.0404846
    endloop
  endfacet
  facet normal 0 0.671563 -0.740947
    outer loop
      vertex 1.75 1.06066 0.139341
      vertex -2.2 0.95159 0.0404846
      vertex -2.2 1.06066 0.139341
    endloop
  endfacet
  facet normal 0 0.595692 -0.803213
    outer loop
      vertex -2.2 0.897002 1.90735e-07
      vertex 1.75 0.95159 0.0404846
      vertex 1.75 0.897002 1.90735e-07
    endloop
  endfacet
  facet normal 0 0.595692 -0.803213
    outer loop
      vertex 1.75 0.95159 0.0404846
      vertex -2.2 0.897002 1.90735e-07
      vertex -2.2 0.95159 0.0404846
    endloop
  endfacet
  facet normal 0 0.998796 -0.0490465
    outer loop
      vertex 1.75 1.49278 1.05297
      vertex -2.2 1.5 1.2
      vertex 1.75 1.5 1.2
    endloop
  endfacet
  facet normal 0 0.998796 -0.0490465
    outer loop
      vertex -2.2 1.5 1.2
      vertex 1.75 1.49278 1.05297
      vertex -2.2 1.49278 1.05297
    endloop
  endfacet
  facet normal 0 0.989175 -0.146741
    outer loop
      vertex 1.75 1.47118 0.907365
      vertex -2.2 1.49278 1.05297
      vertex 1.75 1.49278 1.05297
    endloop
  endfacet
  facet normal 0 0.989175 -0.146741
    outer loop
      vertex -2.2 1.49278 1.05297
      vertex 1.75 1.47118 0.907365
      vertex -2.2 1.47118 0.907365
    endloop
  endfacet
  facet normal 0 0.903983 -0.427569
    outer loop
      vertex 1.75 1.32288 0.492906
      vertex -2.2 1.38582 0.625976
      vertex 1.75 1.38582 0.625976
    endloop
  endfacet
  facet normal 0 0.903983 -0.427569
    outer loop
      vertex -2.2 1.38582 0.625976
      vertex 1.75 1.32288 0.492906
      vertex -2.2 1.32288 0.492906
    endloop
  endfacet
  facet normal 0 0.857722 -0.514113
    outer loop
      vertex 1.75 1.2472 0.366645
      vertex -2.2 1.32288 0.492906
      vertex 1.75 1.32288 0.492906
    endloop
  endfacet
  facet normal 0 0.857722 -0.514113
    outer loop
      vertex -2.2 1.32288 0.492906
      vertex 1.75 1.2472 0.366645
      vertex -2.2 1.2472 0.366645
    endloop
  endfacet
  facet normal 0 0.740932 -0.67158
    outer loop
      vertex 1.75 1.06066 0.139341
      vertex -2.2 1.15952 0.24841
      vertex 1.75 1.15952 0.24841
    endloop
  endfacet
  facet normal 0 0.740932 -0.67158
    outer loop
      vertex -2.2 1.15952 0.24841
      vertex 1.75 1.06066 0.139341
      vertex -2.2 1.06066 0.139341
    endloop
  endfacet
  facet normal 0 -0.998796 0.0490465
    outer loop
      vertex -2.2 -1.5 1.2
      vertex 1.75 -1.49278 1.34703
      vertex -2.2 -1.49278 1.34703
    endloop
  endfacet
  facet normal 0 -0.998796 0.0490465
    outer loop
      vertex 1.75 -1.49278 1.34703
      vertex -2.2 -1.5 1.2
      vertex 1.75 -1.5 1.2
    endloop
  endfacet
  facet normal 0 -0.242877 0.970057
    outer loop
      vertex -2.2 -0.4 2.64428
      vertex 1.75 -0.435427 2.63541
      vertex 1.75 -0.4 2.64428
    endloop
  endfacet
  facet normal 0 -0.242877 0.970057
    outer loop
      vertex 1.75 -0.435427 2.63541
      vertex -2.2 -0.4 2.64428
      vertex -2.2 -0.435427 2.63541
    endloop
  endfacet
  facet normal 0 -0.857721 0.514116
    outer loop
      vertex -2.2 -1.32288 1.90709
      vertex 1.75 -1.2472 2.03335
      vertex -2.2 -1.2472 2.03335
    endloop
  endfacet
  facet normal 0 -0.857721 0.514116
    outer loop
      vertex 1.75 -1.2472 2.03335
      vertex -2.2 -1.32288 1.90709
      vertex 1.75 -1.32288 1.90709
    endloop
  endfacet
  facet normal 0 -0.740935 0.671577
    outer loop
      vertex -2.2 -1.15952 2.15159
      vertex 1.75 -1.06066 2.26066
      vertex -2.2 -1.06066 2.26066
    endloop
  endfacet
  facet normal 0 -0.740935 0.671577
    outer loop
      vertex 1.75 -1.06066 2.26066
      vertex -2.2 -1.15952 2.15159
      vertex 1.75 -1.15952 2.15159
    endloop
  endfacet
  facet normal 0 -0.59566 0.803237
    outer loop
      vertex -2.2 -0.833355 2.4472
      vertex 1.75 -0.95159 2.35952
      vertex 1.75 -0.833355 2.4472
    endloop
  endfacet
  facet normal 0 -0.59566 0.803237
    outer loop
      vertex 1.75 -0.95159 2.35952
      vertex -2.2 -0.833355 2.4472
      vertex -2.2 -0.95159 2.35952
    endloop
  endfacet
  facet normal 0 -0.427569 0.903983
    outer loop
      vertex -2.2 -0.574024 2.58582
      vertex 1.75 -0.707094 2.52288
      vertex 1.75 -0.574024 2.58582
    endloop
  endfacet
  facet normal 0 -0.427569 0.903983
    outer loop
      vertex 1.75 -0.707094 2.52288
      vertex -2.2 -0.574024 2.58582
      vertex -2.2 -0.707094 2.52288
    endloop
  endfacet
  facet normal 0 -0.514113 0.857722
    outer loop
      vertex -2.2 -0.707094 2.52288
      vertex 1.75 -0.833355 2.4472
      vertex 1.75 -0.707094 2.52288
    endloop
  endfacet
  facet normal 0 -0.514113 0.857722
    outer loop
      vertex 1.75 -0.833355 2.4472
      vertex -2.2 -0.707094 2.52288
      vertex -2.2 -0.833355 2.4472
    endloop
  endfacet
  facet normal 0 -0.989175 -0.146741
    outer loop
      vertex -2.2 -1.47118 0.907365
      vertex 1.75 -1.49278 1.05297
      vertex -2.2 -1.49278 1.05297
    endloop
  endfacet
  facet normal 0 -0.989175 -0.146741
    outer loop
      vertex 1.75 -1.49278 1.05297
      vertex -2.2 -1.47118 0.907365
      vertex 1.75 -1.47118 0.907365
    endloop
  endfacet
  facet normal 0 -0.998796 -0.0490465
    outer loop
      vertex -2.2 -1.49278 1.05297
      vertex 1.75 -1.5 1.2
      vertex -2.2 -1.5 1.2
    endloop
  endfacet
  facet normal 0 -0.998796 -0.0490465
    outer loop
      vertex 1.75 -1.5 1.2
      vertex -2.2 -1.49278 1.05297
      vertex 1.75 -1.49278 1.05297
    endloop
  endfacet
  facet normal 0 -0.857722 -0.514113
    outer loop
      vertex -2.2 -1.2472 0.366645
      vertex 1.75 -1.32288 0.492906
      vertex -2.2 -1.32288 0.492906
    endloop
  endfacet
  facet normal 0 -0.857722 -0.514113
    outer loop
      vertex 1.75 -1.32288 0.492906
      vertex -2.2 -1.2472 0.366645
      vertex 1.75 -1.2472 0.366645
    endloop
  endfacet
  facet normal 0 -0.740932 -0.67158
    outer loop
      vertex -2.2 -1.06066 0.139341
      vertex 1.75 -1.15952 0.24841
      vertex -2.2 -1.15952 0.24841
    endloop
  endfacet
  facet normal 0 -0.740932 -0.67158
    outer loop
      vertex 1.75 -1.15952 0.24841
      vertex -2.2 -1.06066 0.139341
      vertex 1.75 -1.06066 0.139341
    endloop
  endfacet
  facet normal 0 -0.903983 -0.427569
    outer loop
      vertex -2.2 -1.32288 0.492906
      vertex 1.75 -1.38582 0.625976
      vertex -2.2 -1.38582 0.625976
    endloop
  endfacet
  facet normal 0 -0.903983 -0.427569
    outer loop
      vertex 1.75 -1.38582 0.625976
      vertex -2.2 -1.32288 0.492906
      vertex 1.75 -1.32288 0.492906
    endloop
  endfacet
  facet normal 0 -0.595692 -0.803213
    outer loop
      vertex -2.2 -0.95159 0.0404846
      vertex 1.75 -0.897002 1.90735e-07
      vertex 1.75 -0.95159 0.0404846
    endloop
  endfacet
  facet normal -0 -0.595692 -0.803213
    outer loop
      vertex 1.75 -0.897002 1.90735e-07
      vertex -2.2 -0.95159 0.0404846
      vertex -2.2 -0.897002 1.90735e-07
    endloop
  endfacet
  facet normal 0 0.803249 0.595643
    outer loop
      vertex 1.75 1.2472 2.03335
      vertex -2.2 1.15952 2.15159
      vertex 1.75 1.15952 2.15159
    endloop
  endfacet
  facet normal 0 0.803249 0.595643
    outer loop
      vertex -2.2 1.15952 2.15159
      vertex 1.75 1.2472 2.03335
      vertex -2.2 1.2472 2.03335
    endloop
  endfacet
  facet normal 0 0.970027 0.242999
    outer loop
      vertex 1.75 1.47118 1.49264
      vertex -2.2 1.43541 1.63543
      vertex 1.75 1.43541 1.63543
    endloop
  endfacet
  facet normal 0 0.970027 0.242999
    outer loop
      vertex -2.2 1.43541 1.63543
      vertex 1.75 1.47118 1.49264
      vertex -2.2 1.47118 1.49264
    endloop
  endfacet
  facet normal 0 0.970027 -0.242996
    outer loop
      vertex 1.75 1.43541 0.764573
      vertex -2.2 1.47118 0.907365
      vertex 1.75 1.47118 0.907365
    endloop
  endfacet
  facet normal 0 0.970027 -0.242996
    outer loop
      vertex -2.2 1.47118 0.907365
      vertex 1.75 1.43541 0.764573
      vertex -2.2 1.43541 0.764573
    endloop
  endfacet
  facet normal 0 -0.989176 0.146736
    outer loop
      vertex -2.2 -1.49278 1.34703
      vertex 1.75 -1.47118 1.49264
      vertex -2.2 -1.47118 1.49264
    endloop
  endfacet
  facet normal 0 -0.989176 0.146736
    outer loop
      vertex 1.75 -1.47118 1.49264
      vertex -2.2 -1.49278 1.34703
      vertex 1.75 -1.49278 1.34703
    endloop
  endfacet
  facet normal 0 -0.903983 0.427569
    outer loop
      vertex -2.2 -1.38582 1.77402
      vertex 1.75 -1.32288 1.90709
      vertex -2.2 -1.32288 1.90709
    endloop
  endfacet
  facet normal 0 -0.903983 0.427569
    outer loop
      vertex 1.75 -1.32288 1.90709
      vertex -2.2 -1.38582 1.77402
      vertex 1.75 -1.38582 1.77402
    endloop
  endfacet
  facet normal 0 -0.803249 0.595643
    outer loop
      vertex -2.2 -1.2472 2.03335
      vertex 1.75 -1.15952 2.15159
      vertex -2.2 -1.15952 2.15159
    endloop
  endfacet
  facet normal 0 -0.803249 0.595643
    outer loop
      vertex 1.75 -1.15952 2.15159
      vertex -2.2 -1.2472 2.03335
      vertex 1.75 -1.2472 2.03335
    endloop
  endfacet
  facet normal 0 -0.970027 -0.242996
    outer loop
      vertex -2.2 -1.43541 0.764573
      vertex 1.75 -1.47118 0.907365
      vertex -2.2 -1.47118 0.907365
    endloop
  endfacet
  facet normal 0 -0.970027 -0.242996
    outer loop
      vertex 1.75 -1.47118 0.907365
      vertex -2.2 -1.43541 0.764573
      vertex 1.75 -1.43541 0.764573
    endloop
  endfacet
  facet normal 0 -0.803237 -0.59566
    outer loop
      vertex -2.2 -1.15952 0.24841
      vertex 1.75 -1.2472 0.366645
      vertex -2.2 -1.2472 0.366645
    endloop
  endfacet
  facet normal 0 -0.803237 -0.59566
    outer loop
      vertex 1.75 -1.2472 0.366645
      vertex -2.2 -1.15952 0.24841
      vertex 1.75 -1.15952 0.24841
    endloop
  endfacet
  facet normal 0 -0.671563 -0.740947
    outer loop
      vertex -2.2 -1.06066 0.139341
      vertex 1.75 -0.95159 0.0404846
      vertex 1.75 -1.06066 0.139341
    endloop
  endfacet
  facet normal -0 -0.671563 -0.740947
    outer loop
      vertex 1.75 -0.95159 0.0404846
      vertex -2.2 -1.06066 0.139341
      vertex -2.2 -0.95159 0.0404846
    endloop
  endfacet
  facet normal 0 -0.970027 0.242999
    outer loop
      vertex -2.2 -1.47118 1.49264
      vertex 1.75 -1.43541 1.63543
      vertex -2.2 -1.43541 1.63543
    endloop
  endfacet
  facet normal 0 -0.970027 0.242999
    outer loop
      vertex 1.75 -1.43541 1.63543
      vertex -2.2 -1.47118 1.49264
      vertex 1.75 -1.47118 1.49264
    endloop
  endfacet
  facet normal 0.432868 0.814902 -0.385435
    outer loop
      vertex 3.05 1.1024 0.610754
      vertex 1.75 1.73227 0.482469
      vertex 3.05 1.15485 0.721646
    endloop
  endfacet
  facet normal 0.432865 0.536979 0.724072
    outer loop
      vertex 1.75 1.04169 2.759
      vertex 3.05 0.694463 2.23934
      vertex 1.75 1.18949 2.64939
    endloop
  endfacet
  facet normal 0.432868 -0.667917 0.605402
    outer loop
      vertex 1.75 -1.44939 2.38949
      vertex 3.05 -0.883883 2.08388
      vertex 1.75 -1.32582 2.52582
    endloop
  endfacet
  facet normal 0.432868 0.605402 0.667917
    outer loop
      vertex 1.75 1.18949 2.64939
      vertex 3.05 0.883883 2.08388
      vertex 1.75 1.32582 2.52582
    endloop
  endfacet
  facet normal 0.432868 0.848761 0.303692
    outer loop
      vertex 1.75 1.73227 1.91753
      vertex 3.05 1.15485 1.67835
      vertex 1.75 1.79426 1.74428
    endloop
  endfacet
  facet normal 0.432865 -0.536979 0.724072
    outer loop
      vertex 1.75 -1.18949 2.64939
      vertex 3.05 -0.694463 2.23934
      vertex 1.75 -1.04169 2.759
    endloop
  endfacet
  facet normal 0.432866 -0.724072 0.536979
    outer loop
      vertex 1.75 -1.559 2.24169
      vertex 3.05 -1.03934 1.89446
      vertex 1.75 -1.44939 2.38949
    endloop
  endfacet
  facet normal 0.432868 -0.814902 -0.385435
    outer loop
      vertex 3.05 -1.15485 0.721646
      vertex 1.75 -1.73227 0.482469
      vertex 3.05 -1.1024 0.610754
    endloop
  endfacet
  facet normal 0.432867 0.605383 -0.667935
    outer loop
      vertex 2.42106 0.984814 1.90735e-07
      vertex 3.05 0.883883 0.316117
      vertex 3.05 0.792991 0.233737
    endloop
  endfacet
  facet normal 0.43287 0.605371 -0.667944
    outer loop
      vertex 3.05 0.883883 0.316117
      vertex 2.42106 0.984814 1.90735e-07
      vertex 2.32331 1.05471 1.90735e-07
    endloop
  endfacet
  facet normal 0.43287 0.891699 0.132278
    outer loop
      vertex 1.75 1.83897 1.56579
      vertex 3.05 1.24398 1.32252
      vertex 1.75 1.86597 1.38378
    endloop
  endfacet
  facet normal 0.432869 0.814913 0.385411
    outer loop
      vertex 1.75 1.6536 2.08387
      vertex 3.05 1.1024 1.78925
      vertex 1.75 1.73227 1.91753
    endloop
  endfacet
  facet normal 0.432873 0.21903 0.874441
    outer loop
      vertex 1.75 0.4 3.0304
      vertex 2.78384 0.4 2.51862
      vertex 1.75 0.544283 2.99426
    endloop
  endfacet
  facet normal 0.432868 -0.605402 0.667917
    outer loop
      vertex 1.75 -1.32582 2.52582
      vertex 3.05 -0.883883 2.08388
      vertex 1.75 -1.18949 2.64939
    endloop
  endfacet
  facet normal 0.43287 -0.90037 0.0442395
    outer loop
      vertex 3.05 -1.24398 1.32252
      vertex 1.75 -1.875 1.2
      vertex 3.05 -1.25 1.2
    endloop
  endfacet
  facet normal 0.43287 -0.463416 0.77322
    outer loop
      vertex 1.75 -0.883868 2.8536
      vertex 3.05 -0.694463 2.23934
      vertex 3.05 -0.589246 2.3024
    endloop
  endfacet
  facet normal 0.432865 -0.463461 0.773196
    outer loop
      vertex 3.05 -0.694463 2.23934
      vertex 1.75 -0.883868 2.8536
      vertex 1.75 -1.04169 2.759
    endloop
  endfacet
  facet normal 0.432868 -0.303696 0.84876
    outer loop
      vertex 1.75 -0.717531 2.93227
      vertex 3.05 -0.478354 2.35485
      vertex 1.75 -0.544283 2.99426
    endloop
  endfacet
  facet normal 0.432873 -0.21903 0.874441
    outer loop
      vertex 1.75 -0.544283 2.99426
      vertex 2.78384 -0.4 2.51862
      vertex 1.75 -0.4 3.0304
    endloop
  endfacet
  facet normal 0.432871 -0.303537 -0.848816
    outer loop
      vertex 3.05 -0.478354 0.0451509
      vertex 2.94835 -0.497056 1.90735e-07
      vertex 2.9582 -0.483009 1.90735e-07
    endloop
  endfacet
  facet normal 1 0 0
    outer loop
      vertex 3.05 -0.589246 2.3024
      vertex 3.05 -0.4 2.38288
      vertex 3.05 -0.478354 2.35485
    endloop
  endfacet
  facet normal 1 0 0
    outer loop
      vertex 3.05 -0.4 2.38288
      vertex 3.05 -0.589246 2.3024
      vertex 3.05 -0.4 0.0171158
    endloop
  endfacet
  facet normal 1 -0 0
    outer loop
      vertex 3.05 -0.589246 0.0975992
      vertex 3.05 -0.4 0.0171158
      vertex 3.05 -0.589246 2.3024
    endloop
  endfacet
  facet normal 1 0 0
    outer loop
      vertex 3.05 -0.4 0.0171158
      vertex 3.05 -0.589246 0.0975992
      vertex 3.05 -0.478354 0.0451509
    endloop
  endfacet
  facet normal 1 -0 0
    outer loop
      vertex 3.05 -0.694463 2.23934
      vertex 3.05 -0.589246 0.0975992
      vertex 3.05 -0.589246 2.3024
    endloop
  endfacet
  facet normal 1 0 0
    outer loop
      vertex 3.05 -0.694463 2.23934
      vertex 3.05 -0.694463 0.160664
      vertex 3.05 -0.589246 0.0975992
    endloop
  endfacet
  facet normal 1 -0 0
    outer loop
      vertex 3.05 -0.792991 2.16626
      vertex 3.05 -0.694463 0.160664
      vertex 3.05 -0.694463 2.23934
    endloop
  endfacet
  facet normal 1 0 0
    outer loop
      vertex 3.05 -0.792991 2.16626
      vertex 3.05 -0.792991 0.233737
      vertex 3.05 -0.694463 0.160664
    endloop
  endfacet
  facet normal 1 -0 0
    outer loop
      vertex 3.05 -0.883883 2.08388
      vertex 3.05 -0.792991 0.233737
      vertex 3.05 -0.792991 2.16626
    endloop
  endfacet
  facet normal 1 0 0
    outer loop
      vertex 3.05 -0.883883 2.08388
      vertex 3.05 -0.883883 0.316117
      vertex 3.05 -0.792991 0.233737
    endloop
  endfacet
  facet normal 1 -0 0
    outer loop
      vertex 3.05 -0.966263 1.99299
      vertex 3.05 -0.883883 0.316117
      vertex 3.05 -0.883883 2.08388
    endloop
  endfacet
  facet normal 1 0 0
    outer loop
      vertex 3.05 -0.966263 1.99299
      vertex 3.05 -0.966263 0.407009
      vertex 3.05 -0.883883 0.316117
    endloop
  endfacet
  facet normal 1 -0 0
    outer loop
      vertex 3.05 -1.03934 1.89446
      vertex 3.05 -0.966263 0.407009
      vertex 3.05 -0.966263 1.99299
    endloop
  endfacet
  facet normal 1 0 0
    outer loop
      vertex 3.05 -1.03934 1.89446
      vertex 3.05 -1.03934 0.505537
      vertex 3.05 -0.966263 0.407009
    endloop
  endfacet
  facet normal 1 -0 0
    outer loop
      vertex 3.05 -1.1024 1.78925
      vertex 3.05 -1.03934 0.505537
      vertex 3.05 -1.03934 1.89446
    endloop
  endfacet
  facet normal 1 0 0
    outer loop
      vertex 3.05 -1.1024 1.78925
      vertex 3.05 -1.1024 0.610754
      vertex 3.05 -1.03934 0.505537
    endloop
  endfacet
  facet normal 1 -0 0
    outer loop
      vertex 3.05 -1.15485 1.67835
      vertex 3.05 -1.1024 0.610754
      vertex 3.05 -1.1024 1.78925
    endloop
  endfacet
  facet normal 1 0 0
    outer loop
      vertex 3.05 -1.15485 1.67835
      vertex 3.05 -1.15485 0.721646
      vertex 3.05 -1.1024 0.610754
    endloop
  endfacet
  facet normal 1 -0 0
    outer loop
      vertex 3.05 -1.19617 1.56286
      vertex 3.05 -1.15485 0.721646
      vertex 3.05 -1.15485 1.67835
    endloop
  endfacet
  facet normal 1 0 0
    outer loop
      vertex 3.05 -1.19617 1.56286
      vertex 3.05 -1.19617 0.837145
      vertex 3.05 -1.15485 0.721646
    endloop
  endfacet
  facet normal 1 -0 0
    outer loop
      vertex 3.05 -1.22598 1.44386
      vertex 3.05 -1.19617 0.837145
      vertex 3.05 -1.19617 1.56286
    endloop
  endfacet
  facet normal 1 0 0
    outer loop
      vertex 3.05 -1.22598 1.44386
      vertex 3.05 -1.22598 0.956138
      vertex 3.05 -1.19617 0.837145
    endloop
  endfacet
  facet normal 1 -0 0
    outer loop
      vertex 3.05 -1.24398 1.32252
      vertex 3.05 -1.22598 0.956138
      vertex 3.05 -1.22598 1.44386
    endloop
  endfacet
  facet normal 1 0 0
    outer loop
      vertex 3.05 -1.24398 1.32252
      vertex 3.05 -1.24398 1.07748
      vertex 3.05 -1.22598 0.956138
    endloop
  endfacet
  facet normal 1 0 -0
    outer loop
      vertex 3.05 -1.24398 1.07748
      vertex 3.05 -1.24398 1.32252
      vertex 3.05 -1.25 1.2
    endloop
  endfacet
  facet normal 1 0 0
    outer loop
      vertex 3.05 1.24398 1.32252
      vertex 3.05 1.24398 1.07748
      vertex 3.05 1.25 1.2
    endloop
  endfacet
  facet normal 1 0 0
    outer loop
      vertex 3.05 1.22598 1.44386
      vertex 3.05 1.24398 1.07748
      vertex 3.05 1.24398 1.32252
    endloop
  endfacet
  facet normal 1 0 0
    outer loop
      vertex 3.05 1.22598 1.44386
      vertex 3.05 1.22598 0.956138
      vertex 3.05 1.24398 1.07748
    endloop
  endfacet
  facet normal 1 0 0
    outer loop
      vertex 3.05 1.19617 1.56286
      vertex 3.05 1.22598 0.956138
      vertex 3.05 1.22598 1.44386
    endloop
  endfacet
  facet normal 1 0 0
    outer loop
      vertex 3.05 1.19617 1.56286
      vertex 3.05 1.19617 0.837145
      vertex 3.05 1.22598 0.956138
    endloop
  endfacet
  facet normal 1 0 0
    outer loop
      vertex 3.05 1.15485 1.67835
      vertex 3.05 1.19617 0.837145
      vertex 3.05 1.19617 1.56286
    endloop
  endfacet
  facet normal 1 0 0
    outer loop
      vertex 3.05 1.15485 1.67835
      vertex 3.05 1.15485 0.721646
      vertex 3.05 1.19617 0.837145
    endloop
  endfacet
  facet normal 1 0 0
    outer loop
      vertex 3.05 1.1024 1.78925
      vertex 3.05 1.15485 0.721646
      vertex 3.05 1.15485 1.67835
    endloop
  endfacet
  facet normal 1 0 0
    outer loop
      vertex 3.05 1.1024 1.78925
      vertex 3.05 1.1024 0.610754
      vertex 3.05 1.15485 0.721646
    endloop
  endfacet
  facet normal 1 0 0
    outer loop
      vertex 3.05 1.03934 1.89446
      vertex 3.05 1.1024 0.610754
      vertex 3.05 1.1024 1.78925
    endloop
  endfacet
  facet normal 1 0 0
    outer loop
      vertex 3.05 1.03934 1.89446
      vertex 3.05 1.03934 0.505537
      vertex 3.05 1.1024 0.610754
    endloop
  endfacet
  facet normal 1 0 0
    outer loop
      vertex 3.05 0.966263 1.99299
      vertex 3.05 1.03934 0.505537
      vertex 3.05 1.03934 1.89446
    endloop
  endfacet
  facet normal 1 0 0
    outer loop
      vertex 3.05 0.966263 1.99299
      vertex 3.05 0.966263 0.407009
      vertex 3.05 1.03934 0.505537
    endloop
  endfacet
  facet normal 1 0 0
    outer loop
      vertex 3.05 0.883883 2.08388
      vertex 3.05 0.966263 0.407009
      vertex 3.05 0.966263 1.99299
    endloop
  endfacet
  facet normal 1 0 0
    outer loop
      vertex 3.05 0.883883 2.08388
      vertex 3.05 0.883883 0.316117
      vertex 3.05 0.966263 0.407009
    endloop
  endfacet
  facet normal 1 0 0
    outer loop
      vertex 3.05 0.792991 2.16626
      vertex 3.05 0.883883 0.316117
      vertex 3.05 0.883883 2.08388
    endloop
  endfacet
  facet normal 1 0 0
    outer loop
      vertex 3.05 0.792991 2.16626
      vertex 3.05 0.792991 0.233737
      vertex 3.05 0.883883 0.316117
    endloop
  endfacet
  facet normal 1 0 0
    outer loop
      vertex 3.05 0.694463 2.23934
      vertex 3.05 0.792991 0.233737
      vertex 3.05 0.792991 2.16626
    endloop
  endfacet
  facet normal 1 0 0
    outer loop
      vertex 3.05 0.694463 2.23934
      vertex 3.05 0.694463 0.160664
      vertex 3.05 0.792991 0.233737
    endloop
  endfacet
  facet normal 1 0 0
    outer loop
      vertex 3.05 0.589246 2.3024
      vertex 3.05 0.694463 0.160664
      vertex 3.05 0.694463 2.23934
    endloop
  endfacet
  facet normal 1 0 0
    outer loop
      vertex 3.05 0.589246 2.3024
      vertex 3.05 0.589246 0.0975992
      vertex 3.05 0.694463 0.160664
    endloop
  endfacet
  facet normal 1 0 0
    outer loop
      vertex 3.05 0.4 2.38288
      vertex 3.05 0.589246 2.3024
      vertex 3.05 0.478354 2.35485
    endloop
  endfacet
  facet normal 1 0 0
    outer loop
      vertex 3.05 0.589246 2.3024
      vertex 3.05 0.4 2.38288
      vertex 3.05 0.589246 0.0975992
    endloop
  endfacet
  facet normal 1 0 0
    outer loop
      vertex 3.05 0.4 0.0171158
      vertex 3.05 0.589246 0.0975992
      vertex 3.05 0.4 2.38288
    endloop
  endfacet
  facet normal 1 0 0
    outer loop
      vertex 3.05 0.589246 0.0975992
      vertex 3.05 0.4 0.0171158
      vertex 3.05 0.478354 0.0451509
    endloop
  endfacet
  facet normal 0.43287 -0.891699 -0.132276
    outer loop
      vertex 3.05 -1.24398 1.07748
      vertex 1.75 -1.83897 0.834206
      vertex 3.05 -1.22598 0.956138
    endloop
  endfacet
  facet normal 0.43287 -0.77322 -0.463416
    outer loop
      vertex 1.75 -1.6536 0.316132
      vertex 3.05 -1.03934 0.505537
      vertex 3.05 -1.1024 0.610754
    endloop
  endfacet
  facet normal 0.432866 -0.773201 -0.463452
    outer loop
      vertex 3.05 -1.03934 0.505537
      vertex 1.75 -1.6536 0.316132
      vertex 1.75 -1.559 0.158306
    endloop
  endfacet
  facet normal -1 0 0
    outer loop
      vertex 1.75 1.5 1.2
      vertex 1.75 1.875 1.2
      vertex 1.75 1.86597 1.01622
    endloop
  endfacet
  facet normal -1 0 0
    outer loop
      vertex 1.75 1.49278 1.05297
      vertex 1.75 1.86597 1.01622
      vertex 1.75 1.83897 0.834206
    endloop
  endfacet
  facet normal -1 0 0
    outer loop
      vertex 1.75 1.875 1.2
      vertex 1.75 1.5 1.2
      vertex 1.75 1.86597 1.38378
    endloop
  endfacet
  facet normal -1 0 0
    outer loop
      vertex 1.75 1.47118 0.907365
      vertex 1.75 1.83897 0.834206
      vertex 1.75 1.79426 0.655717
    endloop
  endfacet
  facet normal -1 0 0
    outer loop
      vertex 1.75 1.49278 1.34703
      vertex 1.75 1.86597 1.38378
      vertex 1.75 1.5 1.2
    endloop
  endfacet
  facet normal -1 0 0
    outer loop
      vertex 1.75 1.43541 0.764573
      vertex 1.75 1.79426 0.655717
      vertex 1.75 1.73227 0.482469
    endloop
  endfacet
  facet normal -1 -0 0
    outer loop
      vertex 1.75 1.86597 1.38378
      vertex 1.75 1.49278 1.34703
      vertex 1.75 1.83897 1.56579
    endloop
  endfacet
  facet normal -1 0 0
    outer loop
      vertex 1.75 1.38582 0.625976
      vertex 1.75 1.73227 0.482469
      vertex 1.75 1.6536 0.316132
    endloop
  endfacet
  facet normal -1 0 0
    outer loop
      vertex 1.75 1.47118 1.49264
      vertex 1.75 1.83897 1.56579
      vertex 1.75 1.49278 1.34703
    endloop
  endfacet
  facet normal -1 0 0
    outer loop
      vertex 1.75 1.32288 0.492906
      vertex 1.75 1.6536 0.316132
      vertex 1.75 1.559 0.158306
    endloop
  endfacet
  facet normal -1 -0 0
    outer loop
      vertex 1.75 1.83897 1.56579
      vertex 1.75 1.47118 1.49264
      vertex 1.75 1.79426 1.74428
    endloop
  endfacet
  facet normal -1 0 0
    outer loop
      vertex 1.75 1.43541 1.63543
      vertex 1.75 1.79426 1.74428
      vertex 1.75 1.47118 1.49264
    endloop
  endfacet
  facet normal -1 0 0
    outer loop
      vertex 1.75 1.86597 1.01622
      vertex 1.75 1.49278 1.05297
      vertex 1.75 1.5 1.2
    endloop
  endfacet
  facet normal -1 0 0
    outer loop
      vertex 1.75 1.83897 0.834206
      vertex 1.75 1.47118 0.907365
      vertex 1.75 1.49278 1.05297
    endloop
  endfacet
  facet normal -1 0 0
    outer loop
      vertex 1.75 1.2472 0.366645
      vertex 1.75 1.559 0.158306
      vertex 1.75 1.44939 0.0105135
    endloop
  endfacet
  facet normal -1 0 0
    outer loop
      vertex 1.75 1.15952 0.24841
      vertex 1.75 1.44939 0.0105135
      vertex 1.75 1.43987 1.90735e-07
    endloop
  endfacet
  facet normal -1 0 0
    outer loop
      vertex 1.75 1.79426 0.655717
      vertex 1.75 1.43541 0.764573
      vertex 1.75 1.47118 0.907365
    endloop
  endfacet
  facet normal -1 0 0
    outer loop
      vertex 1.75 1.73227 0.482469
      vertex 1.75 1.38582 0.625976
      vertex 1.75 1.43541 0.764573
    endloop
  endfacet
  facet normal -1 0 0
    outer loop
      vertex 1.75 1.6536 0.316132
      vertex 1.75 1.32288 0.492906
      vertex 1.75 1.38582 0.625976
    endloop
  endfacet
  facet normal -1 0 0
    outer loop
      vertex 1.75 1.559 0.158306
      vertex 1.75 1.2472 0.366645
      vertex 1.75 1.32288 0.492906
    endloop
  endfacet
  facet normal -1 0 0
    outer loop
      vertex 1.75 1.44939 0.0105135
      vertex 1.75 1.15952 0.24841
      vertex 1.75 1.2472 0.366645
    endloop
  endfacet
  facet normal -1 0 0
    outer loop
      vertex 1.75 1.43987 1.90735e-07
      vertex 1.75 1.06066 0.139341
      vertex 1.75 1.15952 0.24841
    endloop
  endfacet
  facet normal -1 0 0
    outer loop
      vertex 1.75 1.43987 1.90735e-07
      vertex 1.75 0.95159 0.0404846
      vertex 1.75 1.06066 0.139341
    endloop
  endfacet
  facet normal -1 0 -0
    outer loop
      vertex 1.75 0.95159 0.0404846
      vertex 1.75 1.43987 1.90735e-07
      vertex 1.75 0.897002 1.90735e-07
    endloop
  endfacet
  facet normal -1 -0 0
    outer loop
      vertex 1.75 1.79426 1.74428
      vertex 1.75 1.43541 1.63543
      vertex 1.75 1.73227 1.91753
    endloop
  endfacet
  facet normal -1 0 0
    outer loop
      vertex 1.75 1.38582 1.77402
      vertex 1.75 1.73227 1.91753
      vertex 1.75 1.43541 1.63543
    endloop
  endfacet
  facet normal -1 -0 0
    outer loop
      vertex 1.75 1.73227 1.91753
      vertex 1.75 1.38582 1.77402
      vertex 1.75 1.6536 2.08387
    endloop
  endfacet
  facet normal -1 0 0
    outer loop
      vertex 1.75 1.32288 1.90709
      vertex 1.75 1.6536 2.08387
      vertex 1.75 1.38582 1.77402
    endloop
  endfacet
  facet normal -1 -0 0
    outer loop
      vertex 1.75 1.6536 2.08387
      vertex 1.75 1.32288 1.90709
      vertex 1.75 1.559 2.24169
    endloop
  endfacet
  facet normal -1 0 0
    outer loop
      vertex 1.75 1.2472 2.03335
      vertex 1.75 1.559 2.24169
      vertex 1.75 1.32288 1.90709
    endloop
  endfacet
  facet normal -1 -0 0
    outer loop
      vertex 1.75 1.559 2.24169
      vertex 1.75 1.2472 2.03335
      vertex 1.75 1.44939 2.38949
    endloop
  endfacet
  facet normal -1 0 0
    outer loop
      vertex 1.75 1.15952 2.15159
      vertex 1.75 1.44939 2.38949
      vertex 1.75 1.2472 2.03335
    endloop
  endfacet
  facet normal -1 -0 0
    outer loop
      vertex 1.75 1.44939 2.38949
      vertex 1.75 1.15952 2.15159
      vertex 1.75 1.32582 2.52582
    endloop
  endfacet
  facet normal -1 0 0
    outer loop
      vertex 1.75 1.06066 2.26066
      vertex 1.75 1.32582 2.52582
      vertex 1.75 1.15952 2.15159
    endloop
  endfacet
  facet normal -1 -0 0
    outer loop
      vertex 1.75 1.32582 2.52582
      vertex 1.75 1.06066 2.26066
      vertex 1.75 1.18949 2.64939
    endloop
  endfacet
  facet normal -1 0 0
    outer loop
      vertex 1.75 0.95159 2.35952
      vertex 1.75 1.18949 2.64939
      vertex 1.75 1.06066 2.26066
    endloop
  endfacet
  facet normal -1 -0 0
    outer loop
      vertex 1.75 1.18949 2.64939
      vertex 1.75 0.95159 2.35952
      vertex 1.75 1.04169 2.759
    endloop
  endfacet
  facet normal -1 0 0
    outer loop
      vertex 1.75 0.833355 2.4472
      vertex 1.75 1.04169 2.759
      vertex 1.75 0.95159 2.35952
    endloop
  endfacet
  facet normal -1 -0 0
    outer loop
      vertex 1.75 1.04169 2.759
      vertex 1.75 0.833355 2.4472
      vertex 1.75 0.883868 2.8536
    endloop
  endfacet
  facet normal -1 0 0
    outer loop
      vertex 1.75 0.707094 2.52288
      vertex 1.75 0.883868 2.8536
      vertex 1.75 0.833355 2.4472
    endloop
  endfacet
  facet normal -1 -0 0
    outer loop
      vertex 1.75 0.883868 2.8536
      vertex 1.75 0.707094 2.52288
      vertex 1.75 0.717531 2.93227
    endloop
  endfacet
  facet normal -1 0 0
    outer loop
      vertex 1.75 0.574024 2.58582
      vertex 1.75 0.717531 2.93227
      vertex 1.75 0.707094 2.52288
    endloop
  endfacet
  facet normal -1 0 0
    outer loop
      vertex 1.75 0.574024 2.58582
      vertex 1.75 0.544283 2.99426
      vertex 1.75 0.717531 2.93227
    endloop
  endfacet
  facet normal -1 0 0
    outer loop
      vertex 1.75 0.435427 2.63541
      vertex 1.75 0.544283 2.99426
      vertex 1.75 0.574024 2.58582
    endloop
  endfacet
  facet normal -1 0 0
    outer loop
      vertex 1.75 0.4 2.64428
      vertex 1.75 0.544283 2.99426
      vertex 1.75 0.435427 2.63541
    endloop
  endfacet
  facet normal -1 -0 0
    outer loop
      vertex 1.75 0.544283 2.99426
      vertex 1.75 0.4 2.64428
      vertex 1.75 0.4 3.0304
    endloop
  endfacet
  facet normal -1 0 0
    outer loop
      vertex 1.75 -1.43987 1.90735e-07
      vertex 1.75 -0.95159 0.0404846
      vertex 1.75 -0.897002 1.90735e-07
    endloop
  endfacet
  facet normal -1 0 0
    outer loop
      vertex 1.75 -1.43987 1.90735e-07
      vertex 1.75 -1.06066 0.139341
      vertex 1.75 -0.95159 0.0404846
    endloop
  endfacet
  facet normal -1 0 0
    outer loop
      vertex 1.75 -1.43987 1.90735e-07
      vertex 1.75 -1.15952 0.24841
      vertex 1.75 -1.06066 0.139341
    endloop
  endfacet
  facet normal -1 0 0
    outer loop
      vertex 1.75 -1.44939 0.0105135
      vertex 1.75 -1.15952 0.24841
      vertex 1.75 -1.43987 1.90735e-07
    endloop
  endfacet
  facet normal -1 -0 0
    outer loop
      vertex 1.75 -1.15952 0.24841
      vertex 1.75 -1.44939 0.0105135
      vertex 1.75 -1.2472 0.366645
    endloop
  endfacet
  facet normal -1 0 0
    outer loop
      vertex 1.75 -1.559 0.158306
      vertex 1.75 -1.2472 0.366645
      vertex 1.75 -1.44939 0.0105135
    endloop
  endfacet
  facet normal -1 -0 0
    outer loop
      vertex 1.75 -1.2472 0.366645
      vertex 1.75 -1.559 0.158306
      vertex 1.75 -1.32288 0.492906
    endloop
  endfacet
  facet normal -1 0 0
    outer loop
      vertex 1.75 -1.6536 0.316132
      vertex 1.75 -1.32288 0.492906
      vertex 1.75 -1.559 0.158306
    endloop
  endfacet
  facet normal -1 -0 0
    outer loop
      vertex 1.75 -1.32288 0.492906
      vertex 1.75 -1.6536 0.316132
      vertex 1.75 -1.38582 0.625976
    endloop
  endfacet
  facet normal -1 0 0
    outer loop
      vertex 1.75 -1.73227 0.482469
      vertex 1.75 -1.38582 0.625976
      vertex 1.75 -1.6536 0.316132
    endloop
  endfacet
  facet normal -1 -0 0
    outer loop
      vertex 1.75 -1.38582 0.625976
      vertex 1.75 -1.73227 0.482469
      vertex 1.75 -1.43541 0.764573
    endloop
  endfacet
  facet normal -1 0 0
    outer loop
      vertex 1.75 -1.79426 0.655717
      vertex 1.75 -1.43541 0.764573
      vertex 1.75 -1.73227 0.482469
    endloop
  endfacet
  facet normal -1 0 0
    outer loop
      vertex 1.75 -0.544283 2.99426
      vertex 1.75 -0.4 2.64428
      vertex 1.75 -0.435427 2.63541
    endloop
  endfacet
  facet normal -1 0 0
    outer loop
      vertex 1.75 -0.4 2.64428
      vertex 1.75 -0.544283 2.99426
      vertex 1.75 -0.4 3.0304
    endloop
  endfacet
  facet normal -1 0 0
    outer loop
      vertex 1.75 -0.574024 2.58582
      vertex 1.75 -0.544283 2.99426
      vertex 1.75 -0.435427 2.63541
    endloop
  endfacet
  facet normal -1 0 0
    outer loop
      vertex 1.75 -0.717531 2.93227
      vertex 1.75 -0.574024 2.58582
      vertex 1.75 -0.707094 2.52288
    endloop
  endfacet
  facet normal -1 0 0
    outer loop
      vertex 1.75 -0.574024 2.58582
      vertex 1.75 -0.717531 2.93227
      vertex 1.75 -0.544283 2.99426
    endloop
  endfacet
  facet normal -1 0 0
    outer loop
      vertex 1.75 -0.883868 2.8536
      vertex 1.75 -0.707094 2.52288
      vertex 1.75 -0.833355 2.4472
    endloop
  endfacet
  facet normal -1 0 0
    outer loop
      vertex 1.75 -0.707094 2.52288
      vertex 1.75 -0.883868 2.8536
      vertex 1.75 -0.717531 2.93227
    endloop
  endfacet
  facet normal -1 0 0
    outer loop
      vertex 1.75 -1.04169 2.759
      vertex 1.75 -0.833355 2.4472
      vertex 1.75 -0.95159 2.35952
    endloop
  endfacet
  facet normal -1 0 0
    outer loop
      vertex 1.75 -0.833355 2.4472
      vertex 1.75 -1.04169 2.759
      vertex 1.75 -0.883868 2.8536
    endloop
  endfacet
  facet normal -1 0 0
    outer loop
      vertex 1.75 -1.18949 2.64939
      vertex 1.75 -0.95159 2.35952
      vertex 1.75 -1.06066 2.26066
    endloop
  endfacet
  facet normal -1 0 0
    outer loop
      vertex 1.75 -1.32582 2.52582
      vertex 1.75 -1.06066 2.26066
      vertex 1.75 -1.15952 2.15159
    endloop
  endfacet
  facet normal -1 0 0
    outer loop
      vertex 1.75 -0.95159 2.35952
      vertex 1.75 -1.18949 2.64939
      vertex 1.75 -1.04169 2.759
    endloop
  endfacet
  facet normal -1 0 0
    outer loop
      vertex 1.75 -1.44939 2.38949
      vertex 1.75 -1.15952 2.15159
      vertex 1.75 -1.2472 2.03335
    endloop
  endfacet
  facet normal -1 0 0
    outer loop
      vertex 1.75 -1.559 2.24169
      vertex 1.75 -1.2472 2.03335
      vertex 1.75 -1.32288 1.90709
    endloop
  endfacet
  facet normal -1 0 0
    outer loop
      vertex 1.75 -1.06066 2.26066
      vertex 1.75 -1.32582 2.52582
      vertex 1.75 -1.18949 2.64939
    endloop
  endfacet
  facet normal -1 0 0
    outer loop
      vertex 1.75 -1.6536 2.08387
      vertex 1.75 -1.32288 1.90709
      vertex 1.75 -1.38582 1.77402
    endloop
  endfacet
  facet normal -1 0 0
    outer loop
      vertex 1.75 -1.73227 1.91753
      vertex 1.75 -1.38582 1.77402
      vertex 1.75 -1.43541 1.63543
    endloop
  endfacet
  facet normal -1 0 0
    outer loop
      vertex 1.75 -1.15952 2.15159
      vertex 1.75 -1.44939 2.38949
      vertex 1.75 -1.32582 2.52582
    endloop
  endfacet
  facet normal -1 0 0
    outer loop
      vertex 1.75 -1.79426 1.74428
      vertex 1.75 -1.43541 1.63543
      vertex 1.75 -1.47118 1.49264
    endloop
  endfacet
  facet normal -1 0 0
    outer loop
      vertex 1.75 -1.83897 1.56579
      vertex 1.75 -1.47118 1.49264
      vertex 1.75 -1.49278 1.34703
    endloop
  endfacet
  facet normal -1 0 0
    outer loop
      vertex 1.75 -1.86597 1.38378
      vertex 1.75 -1.49278 1.34703
      vertex 1.75 -1.5 1.2
    endloop
  endfacet
  facet normal -1 -0 0
    outer loop
      vertex 1.75 -1.43541 0.764573
      vertex 1.75 -1.79426 0.655717
      vertex 1.75 -1.47118 0.907365
    endloop
  endfacet
  facet normal -1 0 0
    outer loop
      vertex 1.75 -1.2472 2.03335
      vertex 1.75 -1.559 2.24169
      vertex 1.75 -1.44939 2.38949
    endloop
  endfacet
  facet normal -1 0 0
    outer loop
      vertex 1.75 -1.83897 0.834206
      vertex 1.75 -1.47118 0.907365
      vertex 1.75 -1.79426 0.655717
    endloop
  endfacet
  facet normal -1 0 0
    outer loop
      vertex 1.75 -1.32288 1.90709
      vertex 1.75 -1.6536 2.08387
      vertex 1.75 -1.559 2.24169
    endloop
  endfacet
  facet normal -1 -0 0
    outer loop
      vertex 1.75 -1.47118 0.907365
      vertex 1.75 -1.83897 0.834206
      vertex 1.75 -1.49278 1.05297
    endloop
  endfacet
  facet normal -1 0 0
    outer loop
      vertex 1.75 -1.38582 1.77402
      vertex 1.75 -1.73227 1.91753
      vertex 1.75 -1.6536 2.08387
    endloop
  endfacet
  facet normal -1 0 0
    outer loop
      vertex 1.75 -1.86597 1.01622
      vertex 1.75 -1.49278 1.05297
      vertex 1.75 -1.83897 0.834206
    endloop
  endfacet
  facet normal -1 0 0
    outer loop
      vertex 1.75 -1.43541 1.63543
      vertex 1.75 -1.79426 1.74428
      vertex 1.75 -1.73227 1.91753
    endloop
  endfacet
  facet normal -1 -0 0
    outer loop
      vertex 1.75 -1.49278 1.05297
      vertex 1.75 -1.86597 1.01622
      vertex 1.75 -1.5 1.2
    endloop
  endfacet
  facet normal -1 0 0
    outer loop
      vertex 1.75 -1.47118 1.49264
      vertex 1.75 -1.83897 1.56579
      vertex 1.75 -1.79426 1.74428
    endloop
  endfacet
  facet normal -1 0 0
    outer loop
      vertex 1.75 -1.875 1.2
      vertex 1.75 -1.5 1.2
      vertex 1.75 -1.86597 1.01622
    endloop
  endfacet
  facet normal -1 0 0
    outer loop
      vertex 1.75 -1.49278 1.34703
      vertex 1.75 -1.86597 1.38378
      vertex 1.75 -1.83897 1.56579
    endloop
  endfacet
  facet normal -1 0 0
    outer loop
      vertex 1.75 -1.5 1.2
      vertex 1.75 -1.875 1.2
      vertex 1.75 -1.86597 1.38378
    endloop
  endfacet
  facet normal 0.432869 0.605374 -0.667942
    outer loop
      vertex 3.05 0.883883 0.316117
      vertex 2.32331 1.05471 1.90735e-07
      vertex 2.12012 1.2 1.90735e-07
    endloop
  endfacet
  facet normal 0.43287 0.90037 -0.0442395
    outer loop
      vertex 3.05 1.24398 1.07748
      vertex 1.75 1.86597 1.01622
      vertex 1.75 1.875 1.2
    endloop
  endfacet
  facet normal 0.43287 0.90037 -0.0442395
    outer loop
      vertex 3.05 1.25 1.2
      vertex 3.05 1.24398 1.07748
      vertex 1.75 1.875 1.2
    endloop
  endfacet
  facet normal 0.43287 0.536995 -0.724058
    outer loop
      vertex 2.54065 0.888417 1.90735e-07
      vertex 3.05 0.792991 0.233737
      vertex 3.05 0.694463 0.160664
    endloop
  endfacet
  facet normal 0.432868 0.537015 -0.724045
    outer loop
      vertex 3.05 0.792991 0.233737
      vertex 2.54065 0.888417 1.90735e-07
      vertex 2.42106 0.984814 1.90735e-07
    endloop
  endfacet
  facet normal 0.432871 0.303537 -0.848816
    outer loop
      vertex 3.05 0.478354 0.0451509
      vertex 2.9582 0.483009 1.90735e-07
      vertex 2.94835 0.497056 1.90735e-07
    endloop
  endfacet
  facet normal 0.432868 0.667917 0.605402
    outer loop
      vertex 1.75 1.32582 2.52582
      vertex 3.05 0.883883 2.08388
      vertex 1.75 1.44939 2.38949
    endloop
  endfacet
  facet normal 0.432871 0.605382 0.667934
    outer loop
      vertex 3.05 0.792991 2.16626
      vertex 3.05 0.883883 2.08388
      vertex 1.75 1.18949 2.64939
    endloop
  endfacet
  facet normal 0.432871 0.537028 0.724033
    outer loop
      vertex 3.05 0.694463 2.23934
      vertex 3.05 0.792991 2.16626
      vertex 1.75 1.18949 2.64939
    endloop
  endfacet
  facet normal 0.432868 0.303696 0.84876
    outer loop
      vertex 1.75 0.544283 2.99426
      vertex 3.05 0.478354 2.35485
      vertex 1.75 0.717531 2.93227
    endloop
  endfacet
  facet normal 0.432871 -0.537028 0.724033
    outer loop
      vertex 1.75 -1.18949 2.64939
      vertex 3.05 -0.792991 2.16626
      vertex 3.05 -0.694463 2.23934
    endloop
  endfacet
  facet normal 0.432871 -0.605382 0.667934
    outer loop
      vertex 1.75 -1.18949 2.64939
      vertex 3.05 -0.883883 2.08388
      vertex 3.05 -0.792991 2.16626
    endloop
  endfacet
  facet normal 0.43287 -0.90037 0.0442395
    outer loop
      vertex 1.75 -1.86597 1.38378
      vertex 1.75 -1.875 1.2
      vertex 3.05 -1.24398 1.32252
    endloop
  endfacet
  facet normal 0.432871 -0.87444 0.219039
    outer loop
      vertex 1.75 -1.83897 1.56579
      vertex 3.05 -1.19617 1.56286
      vertex 1.75 -1.79426 1.74428
    endloop
  endfacet
  facet normal 0.43287 -0.724049 0.537007
    outer loop
      vertex 1.75 -1.44939 2.38949
      vertex 3.05 -1.03934 1.89446
      vertex 3.05 -0.966263 1.99299
    endloop
  endfacet
  facet normal 0.432868 -0.848761 0.303692
    outer loop
      vertex 1.75 -1.79426 1.74428
      vertex 3.05 -1.15485 1.67835
      vertex 1.75 -1.73227 1.91753
    endloop
  endfacet
  facet normal 0.432869 -0.874438 0.21905
    outer loop
      vertex 1.75 -1.83897 1.56579
      vertex 3.05 -1.22598 1.44386
      vertex 3.05 -1.19617 1.56286
    endloop
  endfacet
  facet normal 0.432872 -0.303638 0.848779
    outer loop
      vertex 2.78384 -0.4 2.51862
      vertex 3.05 -0.478354 2.35485
      vertex 3.05 -0.4 2.38288
    endloop
  endfacet
  facet normal 0.432874 -0.303633 0.84878
    outer loop
      vertex 3.05 -0.478354 2.35485
      vertex 2.78384 -0.4 2.51862
      vertex 1.75 -0.544283 2.99426
    endloop
  endfacet
  facet normal 0.432869 -0.303688 -0.848763
    outer loop
      vertex 3.05 -0.478354 0.0451509
      vertex 3.01644 -0.4 1.90735e-07
      vertex 3.05 -0.4 0.0171158
    endloop
  endfacet
  facet normal 0.432855 -0.303696 -0.848767
    outer loop
      vertex 3.01644 -0.4 1.90735e-07
      vertex 3.05 -0.478354 0.0451509
      vertex 2.9582 -0.483009 1.90735e-07
    endloop
  endfacet
  facet normal 0.432863 -0.38542 -0.814912
    outer loop
      vertex 3.05 -0.589246 0.0975992
      vertex 2.81981 -0.641413 1.90735e-07
      vertex 2.84856 -0.609124 1.90735e-07
    endloop
  endfacet
  facet normal 0.433023 -0.668156 -0.605028
    outer loop
      vertex 2.12012 -1.2 1.90735e-07
      vertex 1.75 -1.44939 0.0105135
      vertex 1.75 -1.43987 1.90735e-07
    endloop
  endfacet
  facet normal 0.432869 -0.667942 -0.605374
    outer loop
      vertex 1.75 -1.44939 0.0105135
      vertex 2.12012 -1.2 1.90735e-07
      vertex 3.05 -0.883883 0.316117
    endloop
  endfacet
  facet normal 0.432869 -0.605374 -0.667942
    outer loop
      vertex 3.05 -0.883883 0.316117
      vertex 2.12012 -1.2 1.90735e-07
      vertex 2.32331 -1.05471 1.90735e-07
    endloop
  endfacet
  facet normal 0.432869 -0.874434 -0.219062
    outer loop
      vertex 3.05 -1.22598 0.956138
      vertex 1.75 -1.83897 0.834206
      vertex 3.05 -1.19617 0.837145
    endloop
  endfacet
  facet normal 0.43287 -0.90037 -0.0442395
    outer loop
      vertex 1.75 -1.875 1.2
      vertex 3.05 -1.24398 1.07748
      vertex 3.05 -1.25 1.2
    endloop
  endfacet
  facet normal 0.432868 -0.84876 -0.303696
    outer loop
      vertex 1.75 -1.79426 0.655717
      vertex 1.75 -1.73227 0.482469
      vertex 3.05 -1.15485 0.721646
    endloop
  endfacet
  facet normal 0.43287 -0.81491 -0.385416
    outer loop
      vertex 1.75 -1.73227 0.482469
      vertex 1.75 -1.6536 0.316132
      vertex 3.05 -1.1024 0.610754
    endloop
  endfacet
  facet normal 0.432868 -0.667935 -0.605383
    outer loop
      vertex 3.05 -0.966263 0.407009
      vertex 1.75 -1.44939 0.0105135
      vertex 3.05 -0.883883 0.316117
    endloop
  endfacet
  facet normal 0.432869 -0.724044 -0.537015
    outer loop
      vertex 3.05 -1.03934 0.505537
      vertex 1.75 -1.44939 0.0105135
      vertex 3.05 -0.966263 0.407009
    endloop
  endfacet
  facet normal 0.432863 0.463444 -0.773207
    outer loop
      vertex 2.81981 0.641413 1.90735e-07
      vertex 3.05 0.694463 0.160664
      vertex 3.05 0.589246 0.0975992
    endloop
  endfacet
  facet normal 0.432866 0.463437 -0.77321
    outer loop
      vertex 3.05 0.694463 0.160664
      vertex 2.81981 0.641413 1.90735e-07
      vertex 2.64808 0.801815 1.90735e-07
    endloop
  endfacet
  facet normal 0.432869 0.667942 -0.605374
    outer loop
      vertex 2.12012 1.2 1.90735e-07
      vertex 1.75 1.44939 0.0105135
      vertex 3.05 0.883883 0.316117
    endloop
  endfacet
  facet normal 0.433023 0.668156 -0.605028
    outer loop
      vertex 1.75 1.44939 0.0105135
      vertex 2.12012 1.2 1.90735e-07
      vertex 1.75 1.43987 1.90735e-07
    endloop
  endfacet
  facet normal 0.43287 0.891699 -0.132275
    outer loop
      vertex 3.05 1.24398 1.07748
      vertex 1.75 1.83897 0.834206
      vertex 1.75 1.86597 1.01622
    endloop
  endfacet
  facet normal 0.43287 0.77322 -0.463416
    outer loop
      vertex 3.05 1.03934 0.505537
      vertex 1.75 1.6536 0.316132
      vertex 3.05 1.1024 0.610754
    endloop
  endfacet
  facet normal 0.432866 0.773201 -0.463452
    outer loop
      vertex 1.75 1.6536 0.316132
      vertex 3.05 1.03934 0.505537
      vertex 1.75 1.559 0.158306
    endloop
  endfacet
  facet normal 0.43287 0.81491 -0.385416
    outer loop
      vertex 3.05 1.1024 0.610754
      vertex 1.75 1.6536 0.316132
      vertex 1.75 1.73227 0.482469
    endloop
  endfacet
  facet normal 0.432868 0.84876 -0.303696
    outer loop
      vertex 3.05 1.15485 0.721646
      vertex 1.75 1.73227 0.482469
      vertex 1.75 1.79426 0.655717
    endloop
  endfacet
  facet normal 0.432869 0.874434 -0.219062
    outer loop
      vertex 3.05 1.19617 0.837145
      vertex 1.75 1.83897 0.834206
      vertex 3.05 1.22598 0.956138
    endloop
  endfacet
  facet normal 0.432867 0.536973 -0.724076
    outer loop
      vertex 3.05 0.694463 0.160664
      vertex 2.64808 0.801815 1.90735e-07
      vertex 2.54065 0.888417 1.90735e-07
    endloop
  endfacet
  facet normal 0.432869 0.303688 -0.848763
    outer loop
      vertex 3.01644 0.4 1.90735e-07
      vertex 3.05 0.478354 0.0451509
      vertex 3.05 0.4 0.0171158
    endloop
  endfacet
  facet normal 0.432855 0.303696 -0.848767
    outer loop
      vertex 3.05 0.478354 0.0451509
      vertex 3.01644 0.4 1.90735e-07
      vertex 2.9582 0.483009 1.90735e-07
    endloop
  endfacet
  facet normal 0.43287 0.848768 0.303672
    outer loop
      vertex 3.05 1.15485 1.67835
      vertex 3.05 1.19617 1.56286
      vertex 1.75 1.79426 1.74428
    endloop
  endfacet
  facet normal 0.432866 0.773193 0.463465
    outer loop
      vertex 3.05 1.03934 1.89446
      vertex 1.75 1.6536 2.08387
      vertex 1.75 1.559 2.24169
    endloop
  endfacet
  facet normal 0.432869 0.773207 0.463439
    outer loop
      vertex 1.75 1.6536 2.08387
      vertex 3.05 1.03934 1.89446
      vertex 3.05 1.1024 1.78925
    endloop
  endfacet
  facet normal 0.432866 0.724072 0.536979
    outer loop
      vertex 1.75 1.44939 2.38949
      vertex 3.05 1.03934 1.89446
      vertex 1.75 1.559 2.24169
    endloop
  endfacet
  facet normal 0.432865 0.463461 0.773196
    outer loop
      vertex 1.75 0.883868 2.8536
      vertex 3.05 0.694463 2.23934
      vertex 1.75 1.04169 2.759
    endloop
  endfacet
  facet normal 0.43287 0.463416 0.77322
    outer loop
      vertex 3.05 0.694463 2.23934
      vertex 1.75 0.883868 2.8536
      vertex 3.05 0.589246 2.3024
    endloop
  endfacet
  facet normal 0.43287 0.385416 0.81491
    outer loop
      vertex 1.75 0.717531 2.93227
      vertex 3.05 0.589246 2.3024
      vertex 1.75 0.883868 2.8536
    endloop
  endfacet
  facet normal 0.432872 0.303638 0.848779
    outer loop
      vertex 3.05 0.478354 2.35485
      vertex 2.78384 0.4 2.51862
      vertex 3.05 0.4 2.38288
    endloop
  endfacet
  facet normal 0.432874 0.303633 0.84878
    outer loop
      vertex 2.78384 0.4 2.51862
      vertex 3.05 0.478354 2.35485
      vertex 1.75 0.544283 2.99426
    endloop
  endfacet
  facet normal 0.43287 -0.891699 0.132278
    outer loop
      vertex 1.75 -1.83897 1.56579
      vertex 3.05 -1.24398 1.32252
      vertex 3.05 -1.22598 1.44386
    endloop
  endfacet
  facet normal 0.43287 -0.891699 0.132278
    outer loop
      vertex 1.75 -1.86597 1.38378
      vertex 3.05 -1.24398 1.32252
      vertex 1.75 -1.83897 1.56579
    endloop
  endfacet
  facet normal 0.432866 -0.773193 0.463465
    outer loop
      vertex 1.75 -1.6536 2.08387
      vertex 3.05 -1.03934 1.89446
      vertex 1.75 -1.559 2.24169
    endloop
  endfacet
  facet normal 0.432869 -0.773207 0.463439
    outer loop
      vertex 3.05 -1.03934 1.89446
      vertex 1.75 -1.6536 2.08387
      vertex 3.05 -1.1024 1.78925
    endloop
  endfacet
  facet normal 0.432869 -0.814913 0.385411
    outer loop
      vertex 1.75 -1.73227 1.91753
      vertex 3.05 -1.1024 1.78925
      vertex 1.75 -1.6536 2.08387
    endloop
  endfacet
  facet normal 0.43287 -0.667927 0.60539
    outer loop
      vertex 1.75 -1.44939 2.38949
      vertex 3.05 -0.966263 1.99299
      vertex 3.05 -0.883883 2.08388
    endloop
  endfacet
  facet normal 0.43287 -0.848768 0.303672
    outer loop
      vertex 1.75 -1.79426 1.74428
      vertex 3.05 -1.19617 1.56286
      vertex 3.05 -1.15485 1.67835
    endloop
  endfacet
  facet normal 0.432868 -0.385435 0.814902
    outer loop
      vertex 1.75 -0.717531 2.93227
      vertex 3.05 -0.589246 2.3024
      vertex 3.05 -0.478354 2.35485
    endloop
  endfacet
  facet normal 0.43287 -0.385416 0.81491
    outer loop
      vertex 1.75 -0.883868 2.8536
      vertex 3.05 -0.589246 2.3024
      vertex 1.75 -0.717531 2.93227
    endloop
  endfacet
  facet normal 0.432863 -0.463444 -0.773207
    outer loop
      vertex 3.05 -0.694463 0.160664
      vertex 2.81981 -0.641413 1.90735e-07
      vertex 3.05 -0.589246 0.0975992
    endloop
  endfacet
  facet normal 0.432866 -0.463437 -0.77321
    outer loop
      vertex 2.81981 -0.641413 1.90735e-07
      vertex 3.05 -0.694463 0.160664
      vertex 2.64808 -0.801815 1.90735e-07
    endloop
  endfacet
  facet normal 0.432874 -0.385423 -0.814904
    outer loop
      vertex 3.05 -0.589246 0.0975992
      vertex 2.94835 -0.497056 1.90735e-07
      vertex 3.05 -0.478354 0.0451509
    endloop
  endfacet
  facet normal 0.432861 -0.385438 -0.814904
    outer loop
      vertex 2.94835 -0.497056 1.90735e-07
      vertex 3.05 -0.589246 0.0975992
      vertex 2.84856 -0.609124 1.90735e-07
    endloop
  endfacet
  facet normal 0.43287 -0.90037 -0.0442395
    outer loop
      vertex 1.75 -1.875 1.2
      vertex 1.75 -1.86597 1.01622
      vertex 3.05 -1.24398 1.07748
    endloop
  endfacet
  facet normal 0.43287 -0.891699 -0.132275
    outer loop
      vertex 1.75 -1.86597 1.01622
      vertex 1.75 -1.83897 0.834206
      vertex 3.05 -1.24398 1.07748
    endloop
  endfacet
  facet normal 0.432872 -0.874439 -0.21904
    outer loop
      vertex 1.75 -1.83897 0.834206
      vertex 1.75 -1.79426 0.655717
      vertex 3.05 -1.19617 0.837145
    endloop
  endfacet
  facet normal 0.432872 -0.848774 -0.303651
    outer loop
      vertex 3.05 -1.19617 0.837145
      vertex 1.75 -1.79426 0.655717
      vertex 3.05 -1.15485 0.721646
    endloop
  endfacet
  facet normal 0.432866 -0.724059 -0.536997
    outer loop
      vertex 1.75 -1.559 0.158306
      vertex 1.75 -1.44939 0.0105135
      vertex 3.05 -1.03934 0.505537
    endloop
  endfacet
  facet normal 0.432868 0.667935 -0.605383
    outer loop
      vertex 3.05 0.883883 0.316117
      vertex 1.75 1.44939 0.0105135
      vertex 3.05 0.966263 0.407009
    endloop
  endfacet
  facet normal 0.43287 0.891699 -0.132276
    outer loop
      vertex 3.05 1.22598 0.956138
      vertex 1.75 1.83897 0.834206
      vertex 3.05 1.24398 1.07748
    endloop
  endfacet
  facet normal 0.432872 0.848774 -0.303651
    outer loop
      vertex 3.05 1.15485 0.721646
      vertex 1.75 1.79426 0.655717
      vertex 3.05 1.19617 0.837145
    endloop
  endfacet
  facet normal 0.432872 0.874439 -0.21904
    outer loop
      vertex 3.05 1.19617 0.837145
      vertex 1.75 1.79426 0.655717
      vertex 1.75 1.83897 0.834206
    endloop
  endfacet
  facet normal 0.432874 0.385423 -0.814904
    outer loop
      vertex 2.94835 0.497056 1.90735e-07
      vertex 3.05 0.589246 0.0975992
      vertex 3.05 0.478354 0.0451509
    endloop
  endfacet
  facet normal 0.432861 0.385438 -0.814904
    outer loop
      vertex 3.05 0.589246 0.0975992
      vertex 2.94835 0.497056 1.90735e-07
      vertex 2.84856 0.609124 1.90735e-07
    endloop
  endfacet
  facet normal 0.432863 0.38542 -0.814912
    outer loop
      vertex 3.05 0.589246 0.0975992
      vertex 2.84856 0.609124 1.90735e-07
      vertex 2.81981 0.641413 1.90735e-07
    endloop
  endfacet
  facet normal 0.43287 0.891699 0.132278
    outer loop
      vertex 3.05 1.22598 1.44386
      vertex 3.05 1.24398 1.32252
      vertex 1.75 1.83897 1.56579
    endloop
  endfacet
  facet normal 0.432869 0.814912 0.385412
    outer loop
      vertex 3.05 1.1024 1.78925
      vertex 3.05 1.15485 1.67835
      vertex 1.75 1.73227 1.91753
    endloop
  endfacet
  facet normal 0.43287 0.724049 0.537007
    outer loop
      vertex 3.05 0.966263 1.99299
      vertex 3.05 1.03934 1.89446
      vertex 1.75 1.44939 2.38949
    endloop
  endfacet
  facet normal 0.43287 0.667927 0.60539
    outer loop
      vertex 3.05 0.883883 2.08388
      vertex 3.05 0.966263 1.99299
      vertex 1.75 1.44939 2.38949
    endloop
  endfacet
  facet normal 0.432868 0.385435 0.814902
    outer loop
      vertex 3.05 0.478354 2.35485
      vertex 3.05 0.589246 2.3024
      vertex 1.75 0.717531 2.93227
    endloop
  endfacet
  facet normal 0.432869 -0.814912 0.385412
    outer loop
      vertex 1.75 -1.73227 1.91753
      vertex 3.05 -1.15485 1.67835
      vertex 3.05 -1.1024 1.78925
    endloop
  endfacet
  facet normal 0.432867 -0.536973 -0.724076
    outer loop
      vertex 3.05 -0.694463 0.160664
      vertex 2.54065 -0.888417 1.90735e-07
      vertex 2.64808 -0.801815 1.90735e-07
    endloop
  endfacet
  facet normal 0.432869 0.724044 -0.537015
    outer loop
      vertex 3.05 0.966263 0.407009
      vertex 1.75 1.44939 0.0105135
      vertex 3.05 1.03934 0.505537
    endloop
  endfacet
  facet normal 0.432866 0.724059 -0.536997
    outer loop
      vertex 3.05 1.03934 0.505537
      vertex 1.75 1.44939 0.0105135
      vertex 1.75 1.559 0.158306
    endloop
  endfacet
  facet normal 0.432869 0.874438 0.21905
    outer loop
      vertex 3.05 1.19617 1.56286
      vertex 3.05 1.22598 1.44386
      vertex 1.75 1.83897 1.56579
    endloop
  endfacet
  facet normal 0.432871 0.87444 0.219039
    outer loop
      vertex 1.75 1.79426 1.74428
      vertex 3.05 1.19617 1.56286
      vertex 1.75 1.83897 1.56579
    endloop
  endfacet
  facet normal 0.43287 0.90037 0.0442395
    outer loop
      vertex 3.05 1.24398 1.32252
      vertex 3.05 1.25 1.2
      vertex 1.75 1.875 1.2
    endloop
  endfacet
  facet normal 0.43287 0.90037 0.0442395
    outer loop
      vertex 3.05 1.24398 1.32252
      vertex 1.75 1.875 1.2
      vertex 1.75 1.86597 1.38378
    endloop
  endfacet
  facet normal 0.432867 -0.605383 -0.667935
    outer loop
      vertex 3.05 -0.883883 0.316117
      vertex 2.42106 -0.984814 1.90735e-07
      vertex 3.05 -0.792991 0.233737
    endloop
  endfacet
  facet normal 0.43287 -0.605371 -0.667944
    outer loop
      vertex 2.42106 -0.984814 1.90735e-07
      vertex 3.05 -0.883883 0.316117
      vertex 2.32331 -1.05471 1.90735e-07
    endloop
  endfacet
  facet normal 0.43287 -0.536995 -0.724058
    outer loop
      vertex 3.05 -0.792991 0.233737
      vertex 2.54065 -0.888417 1.90735e-07
      vertex 3.05 -0.694463 0.160664
    endloop
  endfacet
  facet normal 0.432868 -0.537015 -0.724045
    outer loop
      vertex 2.54065 -0.888417 1.90735e-07
      vertex 3.05 -0.792991 0.233737
      vertex 2.42106 -0.984814 1.90735e-07
    endloop
  endfacet
  facet normal 0 -0.998796 0.0490579
    outer loop
      vertex -2.2 2.08989 0.994165
      vertex 0 2.1 1.2
      vertex -2.2 2.1 1.2
    endloop
  endfacet
  facet normal 0 -0.998796 0.0490579
    outer loop
      vertex 0 2.1 1.2
      vertex -2.2 2.08989 0.994165
      vertex 0 2.08989 0.994165
    endloop
  endfacet
  facet normal 0 0.998796 -0.0490567
    outer loop
      vertex 0 -2.1 1.2
      vertex -2.2 -2.08989 1.40584
      vertex 0 -2.08989 1.40584
    endloop
  endfacet
  facet normal 0 0.998796 -0.0490567
    outer loop
      vertex -2.2 -2.08989 1.40584
      vertex 0 -2.1 1.2
      vertex -2.2 -2.1 1.2
    endloop
  endfacet
  facet normal 0 -0.740927 -0.671585
    outer loop
      vertex -2.2 1.62332 2.53223
      vertex 0 1.48492 2.68492
      vertex -2.2 1.48492 2.68492
    endloop
  endfacet
  facet normal 0 -0.740927 -0.671585
    outer loop
      vertex 0 1.48492 2.68492
      vertex -2.2 1.62332 2.53223
      vertex 0 1.62332 2.53223
    endloop
  endfacet
  facet normal 0 -0.903975 0.427585
    outer loop
      vertex -2.2 1.85203 0.210067
      vertex 0 1.94015 0.396365
      vertex -2.2 1.94015 0.396365
    endloop
  endfacet
  facet normal 0 -0.903975 0.427585
    outer loop
      vertex 0 1.94015 0.396365
      vertex -2.2 1.85203 0.210067
      vertex 0 1.85203 0.210067
    endloop
  endfacet
  facet normal 0 -0.427585 -0.903975
    outer loop
      vertex -2.2 0.803635 3.14015
      vertex 0 0.989933 3.05203
      vertex 0 0.803635 3.14015
    endloop
  endfacet
  facet normal -0 -0.427585 -0.903975
    outer loop
      vertex 0 0.989933 3.05203
      vertex -2.2 0.803635 3.14015
      vertex -2.2 0.989933 3.05203
    endloop
  endfacet
  facet normal 0 -0.941552 -0.336868
    outer loop
      vertex -2.2 2.00957 1.8096
      vertex 0 1.94015 2.00363
      vertex -2.2 1.94015 2.00363
    endloop
  endfacet
  facet normal 0 -0.941552 -0.336868
    outer loop
      vertex 0 1.94015 2.00363
      vertex -2.2 2.00957 1.8096
      vertex 0 2.00957 1.8096
    endloop
  endfacet
  facet normal 0 -0.857754 -0.51406
    outer loop
      vertex -2.2 1.85203 2.18993
      vertex 0 1.74609 2.3667
      vertex -2.2 1.74609 2.3667
    endloop
  endfacet
  facet normal 0 -0.857754 -0.51406
    outer loop
      vertex 0 1.74609 2.3667
      vertex -2.2 1.85203 2.18993
      vertex 0 1.85203 2.18993
    endloop
  endfacet
  facet normal 0 -0.970025 0.243006
    outer loop
      vertex -2.2 2.00957 0.590403
      vertex 0 2.05965 0.790311
      vertex -2.2 2.05965 0.790311
    endloop
  endfacet
  facet normal 0 -0.970025 0.243006
    outer loop
      vertex 0 2.05965 0.790311
      vertex -2.2 2.00957 0.590403
      vertex 0 2.00957 0.590403
    endloop
  endfacet
  facet normal 0 0.989175 -0.146739
    outer loop
      vertex 0 -2.08989 1.40584
      vertex -2.2 -2.05965 1.60969
      vertex 0 -2.05965 1.60969
    endloop
  endfacet
  facet normal 0 0.989175 -0.146739
    outer loop
      vertex -2.2 -2.05965 1.60969
      vertex 0 -2.08989 1.40584
      vertex -2.2 -2.08989 1.40584
    endloop
  endfacet
  facet normal 0 -0.243006 -0.970025
    outer loop
      vertex -2.2 0.409689 3.25965
      vertex 0 0.609597 3.20957
      vertex 0 0.409689 3.25965
    endloop
  endfacet
  facet normal -0 -0.243006 -0.970025
    outer loop
      vertex 0 0.609597 3.20957
      vertex -2.2 0.409689 3.25965
      vertex -2.2 0.609597 3.20957
    endloop
  endfacet
  facet normal 0 -0.147007 -0.989135
    outer loop
      vertex -2.2 0.4 3.26109
      vertex 0 0.409689 3.25965
      vertex 0 0.4 3.26109
    endloop
  endfacet
  facet normal -0 -0.147007 -0.989135
    outer loop
      vertex 0 0.409689 3.25965
      vertex -2.2 0.4 3.26109
      vertex -2.2 0.409689 3.25965
    endloop
  endfacet
  facet normal 0 -0.336856 -0.941556
    outer loop
      vertex -2.2 0.609597 3.20957
      vertex 0 0.803635 3.14015
      vertex 0 0.609597 3.20957
    endloop
  endfacet
  facet normal -0 -0.336856 -0.941556
    outer loop
      vertex 0 0.803635 3.14015
      vertex -2.2 0.609597 3.20957
      vertex -2.2 0.803635 3.14015
    endloop
  endfacet
  facet normal 0 -0.595714 -0.803197
    outer loop
      vertex -2.2 1.1667 2.94609
      vertex 0 1.33223 2.82332
      vertex 0 1.1667 2.94609
    endloop
  endfacet
  facet normal -0 -0.595714 -0.803197
    outer loop
      vertex 0 1.33223 2.82332
      vertex -2.2 1.1667 2.94609
      vertex -2.2 1.33223 2.82332
    endloop
  endfacet
  facet normal 0 -0.671585 -0.740927
    outer loop
      vertex -2.2 1.33223 2.82332
      vertex 0 1.48492 2.68492
      vertex 0 1.33223 2.82332
    endloop
  endfacet
  facet normal -0 -0.671585 -0.740927
    outer loop
      vertex 0 1.48492 2.68492
      vertex -2.2 1.33223 2.82332
      vertex -2.2 1.48492 2.68492
    endloop
  endfacet
  facet normal 0 -0.514067 -0.85775
    outer loop
      vertex -2.2 0.989933 3.05203
      vertex 0 1.1667 2.94609
      vertex 0 0.989933 3.05203
    endloop
  endfacet
  facet normal -0 -0.514067 -0.85775
    outer loop
      vertex 0 1.1667 2.94609
      vertex -2.2 0.989933 3.05203
      vertex -2.2 1.1667 2.94609
    endloop
  endfacet
  facet normal 0 -0.989175 -0.146739
    outer loop
      vertex -2.2 2.08989 1.40584
      vertex 0 2.05965 1.60969
      vertex -2.2 2.05965 1.60969
    endloop
  endfacet
  facet normal 0 -0.989175 -0.146739
    outer loop
      vertex 0 2.05965 1.60969
      vertex -2.2 2.08989 1.40584
      vertex 0 2.08989 1.40584
    endloop
  endfacet
  facet normal 0 -0.970025 -0.243004
    outer loop
      vertex -2.2 2.05965 1.60969
      vertex 0 2.00957 1.8096
      vertex -2.2 2.00957 1.8096
    endloop
  endfacet
  facet normal 0 -0.970025 -0.243004
    outer loop
      vertex 0 2.00957 1.8096
      vertex -2.2 2.05965 1.60969
      vertex 0 2.05965 1.60969
    endloop
  endfacet
  facet normal 0 -0.998796 -0.0490567
    outer loop
      vertex -2.2 2.1 1.2
      vertex 0 2.08989 1.40584
      vertex -2.2 2.08989 1.40584
    endloop
  endfacet
  facet normal 0 -0.998796 -0.0490567
    outer loop
      vertex 0 2.08989 1.40584
      vertex -2.2 2.1 1.2
      vertex 0 2.1 1.2
    endloop
  endfacet
  facet normal 0 -0.903977 -0.427582
    outer loop
      vertex -2.2 1.94015 2.00363
      vertex 0 1.85203 2.18993
      vertex -2.2 1.85203 2.18993
    endloop
  endfacet
  facet normal 0 -0.903977 -0.427582
    outer loop
      vertex 0 1.85203 2.18993
      vertex -2.2 1.94015 2.00363
      vertex 0 1.94015 2.00363
    endloop
  endfacet
  facet normal 0 -0.803197 -0.595714
    outer loop
      vertex -2.2 1.74609 2.3667
      vertex 0 1.62332 2.53223
      vertex -2.2 1.62332 2.53223
    endloop
  endfacet
  facet normal 0 -0.803197 -0.595714
    outer loop
      vertex 0 1.62332 2.53223
      vertex -2.2 1.74609 2.3667
      vertex 0 1.74609 2.3667
    endloop
  endfacet
  facet normal 1 -0 0
    outer loop
      vertex -2.2 -0.409689 3.25965
      vertex -2.2 -0.4 2.64428
      vertex -2.2 -0.4 3.26109
    endloop
  endfacet
  facet normal 1 -0 0
    outer loop
      vertex -2.2 -0.609597 3.20957
      vertex -2.2 -0.4 2.64428
      vertex -2.2 -0.409689 3.25965
    endloop
  endfacet
  facet normal 1 0 0
    outer loop
      vertex -2.2 -0.4 2.64428
      vertex -2.2 -0.609597 3.20957
      vertex -2.2 -0.435427 2.63541
    endloop
  endfacet
  facet normal 1 0 0
    outer loop
      vertex -2.2 -0.435427 2.63541
      vertex -2.2 -0.609597 3.20957
      vertex -2.2 -0.574024 2.58582
    endloop
  endfacet
  facet normal 1 -0 0
    outer loop
      vertex -2.2 -0.803635 3.14015
      vertex -2.2 -0.574024 2.58582
      vertex -2.2 -0.609597 3.20957
    endloop
  endfacet
  facet normal 1 0 0
    outer loop
      vertex -2.2 -0.574024 2.58582
      vertex -2.2 -0.803635 3.14015
      vertex -2.2 -0.707094 2.52288
    endloop
  endfacet
  facet normal 1 -0 0
    outer loop
      vertex -2.2 -0.989933 3.05203
      vertex -2.2 -0.707094 2.52288
      vertex -2.2 -0.803635 3.14015
    endloop
  endfacet
  facet normal 1 0 0
    outer loop
      vertex -2.2 -0.707094 2.52288
      vertex -2.2 -0.989933 3.05203
      vertex -2.2 -0.833355 2.4472
    endloop
  endfacet
  facet normal 1 -0 0
    outer loop
      vertex -2.2 -1.1667 2.94609
      vertex -2.2 -0.833355 2.4472
      vertex -2.2 -0.989933 3.05203
    endloop
  endfacet
  facet normal 1 0 0
    outer loop
      vertex -2.2 -0.833355 2.4472
      vertex -2.2 -1.1667 2.94609
      vertex -2.2 -0.95159 2.35952
    endloop
  endfacet
  facet normal 1 -0 0
    outer loop
      vertex -2.2 -1.33223 2.82332
      vertex -2.2 -0.95159 2.35952
      vertex -2.2 -1.1667 2.94609
    endloop
  endfacet
  facet normal 1 0 0
    outer loop
      vertex -2.2 -0.95159 2.35952
      vertex -2.2 -1.33223 2.82332
      vertex -2.2 -1.06066 2.26066
    endloop
  endfacet
  facet normal 1 -0 0
    outer loop
      vertex -2.2 -1.48492 2.68492
      vertex -2.2 -1.06066 2.26066
      vertex -2.2 -1.33223 2.82332
    endloop
  endfacet
  facet normal 1 0 0
    outer loop
      vertex -2.2 -1.06066 2.26066
      vertex -2.2 -1.48492 2.68492
      vertex -2.2 -1.15952 2.15159
    endloop
  endfacet
  facet normal 1 -0 0
    outer loop
      vertex -2.2 -1.62332 2.53223
      vertex -2.2 -1.15952 2.15159
      vertex -2.2 -1.48492 2.68492
    endloop
  endfacet
  facet normal 1 0 0
    outer loop
      vertex -2.2 -1.15952 2.15159
      vertex -2.2 -1.62332 2.53223
      vertex -2.2 -1.2472 2.03335
    endloop
  endfacet
  facet normal 1 -0 0
    outer loop
      vertex -2.2 -1.74609 2.3667
      vertex -2.2 -1.2472 2.03335
      vertex -2.2 -1.62332 2.53223
    endloop
  endfacet
  facet normal 1 0 0
    outer loop
      vertex -2.2 -1.2472 2.03335
      vertex -2.2 -1.74609 2.3667
      vertex -2.2 -1.32288 1.90709
    endloop
  endfacet
  facet normal 1 -0 0
    outer loop
      vertex -2.2 -1.85203 2.18993
      vertex -2.2 -1.32288 1.90709
      vertex -2.2 -1.74609 2.3667
    endloop
  endfacet
  facet normal 1 0 0
    outer loop
      vertex -2.2 -1.32288 1.90709
      vertex -2.2 -1.85203 2.18993
      vertex -2.2 -1.38582 1.77402
    endloop
  endfacet
  facet normal 1 -0 0
    outer loop
      vertex -2.2 -1.94015 2.00363
      vertex -2.2 -1.38582 1.77402
      vertex -2.2 -1.85203 2.18993
    endloop
  endfacet
  facet normal 1 0 0
    outer loop
      vertex -2.2 -1.38582 1.77402
      vertex -2.2 -1.94015 2.00363
      vertex -2.2 -1.43541 1.63543
    endloop
  endfacet
  facet normal 1 0 0
    outer loop
      vertex -2.2 -0.4 3.26109
      vertex -2.2 0.4 3.26109
      vertex -2.2 0.4 3.4
    endloop
  endfacet
  facet normal 1 0 0
    outer loop
      vertex -2.2 0.4 3.26109
      vertex -2.2 -0.4 3.26109
      vertex -2.2 0.4 2.64428
    endloop
  endfacet
  facet normal 1 0 0
    outer loop
      vertex -2.2 -0.4 3.26109
      vertex -2.2 0.4 3.4
      vertex -2.2 -0.4 3.4
    endloop
  endfacet
  facet normal 1 0 0
    outer loop
      vertex -2.2 0.4 2.64428
      vertex -2.2 -0.4 3.26109
      vertex -2.2 -0.4 2.64428
    endloop
  endfacet
  facet normal 1 0 0
    outer loop
      vertex -2.2 0.4 2.64428
      vertex -2.2 -0.4 2.64428
      vertex -2.2 0.4 1.90735e-07
    endloop
  endfacet
  facet normal 1 0 0
    outer loop
      vertex -2.2 0.4 1.90735e-07
      vertex -2.2 -0.4 2.64428
      vertex -2.2 -0.4 1.90735e-07
    endloop
  endfacet
  facet normal 1 0 0
    outer loop
      vertex -2.2 2.08989 1.40584
      vertex -2.2 1.49278 1.34703
      vertex -2.2 1.5 1.2
    endloop
  endfacet
  facet normal 1 0 0
    outer loop
      vertex -2.2 1.15952 2.15159
      vertex -2.2 1.62332 2.53223
      vertex -2.2 1.48492 2.68492
    endloop
  endfacet
  facet normal 1 0 0
    outer loop
      vertex -2.2 1.74609 2.3667
      vertex -2.2 1.47118 1.49264
      vertex -2.2 1.49278 1.34703
    endloop
  endfacet
  facet normal 1 0 0
    outer loop
      vertex -2.2 1.74609 2.3667
      vertex -2.2 1.43541 1.63543
      vertex -2.2 1.47118 1.49264
    endloop
  endfacet
  facet normal 1 0 0
    outer loop
      vertex -2.2 1.74609 2.3667
      vertex -2.2 1.38582 1.77402
      vertex -2.2 1.43541 1.63543
    endloop
  endfacet
  facet normal 1 0 0
    outer loop
      vertex -2.2 1.06066 2.26066
      vertex -2.2 1.48492 2.68492
      vertex -2.2 1.33223 2.82332
    endloop
  endfacet
  facet normal 1 0 0
    outer loop
      vertex -2.2 1.74609 2.3667
      vertex -2.2 1.32288 1.90709
      vertex -2.2 1.38582 1.77402
    endloop
  endfacet
  facet normal 1 0 0
    outer loop
      vertex -2.2 1.74609 2.3667
      vertex -2.2 1.2472 2.03335
      vertex -2.2 1.32288 1.90709
    endloop
  endfacet
  facet normal 1 0 0
    outer loop
      vertex -2.2 0.95159 2.35952
      vertex -2.2 1.33223 2.82332
      vertex -2.2 1.1667 2.94609
    endloop
  endfacet
  facet normal 1 0 0
    outer loop
      vertex -2.2 1.62332 2.53223
      vertex -2.2 1.15952 2.15159
      vertex -2.2 1.2472 2.03335
    endloop
  endfacet
  facet normal 1 0 0
    outer loop
      vertex -2.2 1.48492 2.68492
      vertex -2.2 1.06066 2.26066
      vertex -2.2 1.15952 2.15159
    endloop
  endfacet
  facet normal 1 0 0
    outer loop
      vertex -2.2 0.833355 2.4472
      vertex -2.2 1.1667 2.94609
      vertex -2.2 0.989933 3.05203
    endloop
  endfacet
  facet normal 1 0 0
    outer loop
      vertex -2.2 1.33223 2.82332
      vertex -2.2 0.95159 2.35952
      vertex -2.2 1.06066 2.26066
    endloop
  endfacet
  facet normal 1 0 0
    outer loop
      vertex -2.2 1.1667 2.94609
      vertex -2.2 0.833355 2.4472
      vertex -2.2 0.95159 2.35952
    endloop
  endfacet
  facet normal 1 0 0
    outer loop
      vertex -2.2 0.707094 2.52288
      vertex -2.2 0.989933 3.05203
      vertex -2.2 0.803635 3.14015
    endloop
  endfacet
  facet normal 1 0 0
    outer loop
      vertex -2.2 0.989933 3.05203
      vertex -2.2 0.707094 2.52288
      vertex -2.2 0.833355 2.4472
    endloop
  endfacet
  facet normal 1 0 0
    outer loop
      vertex -2.2 0.574024 2.58582
      vertex -2.2 0.803635 3.14015
      vertex -2.2 0.609597 3.20957
    endloop
  endfacet
  facet normal 1 0 0
    outer loop
      vertex -2.2 0.803635 3.14015
      vertex -2.2 0.574024 2.58582
      vertex -2.2 0.707094 2.52288
    endloop
  endfacet
  facet normal 1 0 0
    outer loop
      vertex -2.2 0.609597 3.20957
      vertex -2.2 0.435427 2.63541
      vertex -2.2 0.574024 2.58582
    endloop
  endfacet
  facet normal 1 0 0
    outer loop
      vertex -2.2 0.4 2.64428
      vertex -2.2 0.609597 3.20957
      vertex -2.2 0.409689 3.25965
    endloop
  endfacet
  facet normal 1 0 0
    outer loop
      vertex -2.2 0.4 2.64428
      vertex -2.2 0.409689 3.25965
      vertex -2.2 0.4 3.26109
    endloop
  endfacet
  facet normal 1 0 0
    outer loop
      vertex -2.2 0.609597 3.20957
      vertex -2.2 0.4 2.64428
      vertex -2.2 0.435427 2.63541
    endloop
  endfacet
  facet normal 1 0 0
    outer loop
      vertex -2.2 1.5 1.2
      vertex -2.2 2.1 1.2
      vertex -2.2 2.08989 1.40584
    endloop
  endfacet
  facet normal 1 0 0
    outer loop
      vertex -2.2 1.49278 1.34703
      vertex -2.2 2.08989 1.40584
      vertex -2.2 2.05965 1.60969
    endloop
  endfacet
  facet normal 1 0 0
    outer loop
      vertex -2.2 2.1 1.2
      vertex -2.2 1.5 1.2
      vertex -2.2 2.08989 0.994165
    endloop
  endfacet
  facet normal 1 0 0
    outer loop
      vertex -2.2 1.49278 1.34703
      vertex -2.2 2.05965 1.60969
      vertex -2.2 2.00957 1.8096
    endloop
  endfacet
  facet normal 1 -0 0
    outer loop
      vertex -2.2 1.49278 1.05297
      vertex -2.2 2.08989 0.994165
      vertex -2.2 1.5 1.2
    endloop
  endfacet
  facet normal 1 0 0
    outer loop
      vertex -2.2 1.49278 1.34703
      vertex -2.2 2.00957 1.8096
      vertex -2.2 1.94015 2.00363
    endloop
  endfacet
  facet normal 1 0 0
    outer loop
      vertex -2.2 2.08989 0.994165
      vertex -2.2 1.49278 1.05297
      vertex -2.2 2.05965 0.790311
    endloop
  endfacet
  facet normal 1 0 0
    outer loop
      vertex -2.2 1.49278 1.34703
      vertex -2.2 1.94015 2.00363
      vertex -2.2 1.85203 2.18993
    endloop
  endfacet
  facet normal 1 -0 0
    outer loop
      vertex -2.2 1.47118 0.907365
      vertex -2.2 2.05965 0.790311
      vertex -2.2 1.49278 1.05297
    endloop
  endfacet
  facet normal 1 0 0
    outer loop
      vertex -2.2 1.49278 1.34703
      vertex -2.2 1.85203 2.18993
      vertex -2.2 1.74609 2.3667
    endloop
  endfacet
  facet normal 1 0 0
    outer loop
      vertex -2.2 2.05965 0.790311
      vertex -2.2 1.47118 0.907365
      vertex -2.2 2.00957 0.590403
    endloop
  endfacet
  facet normal 1 -0 0
    outer loop
      vertex -2.2 1.43541 0.764573
      vertex -2.2 2.00957 0.590403
      vertex -2.2 1.47118 0.907365
    endloop
  endfacet
  facet normal 1 0 0
    outer loop
      vertex -2.2 1.2472 2.03335
      vertex -2.2 1.74609 2.3667
      vertex -2.2 1.62332 2.53223
    endloop
  endfacet
  facet normal 1 0 0
    outer loop
      vertex -2.2 2.00957 0.590403
      vertex -2.2 1.43541 0.764573
      vertex -2.2 1.94015 0.396365
    endloop
  endfacet
  facet normal 1 -0 0
    outer loop
      vertex -2.2 1.38582 0.625976
      vertex -2.2 1.94015 0.396365
      vertex -2.2 1.43541 0.764573
    endloop
  endfacet
  facet normal 1 0 0
    outer loop
      vertex -2.2 1.94015 0.396365
      vertex -2.2 1.38582 0.625976
      vertex -2.2 1.85203 0.210067
    endloop
  endfacet
  facet normal 1 -0 0
    outer loop
      vertex -2.2 1.32288 0.492906
      vertex -2.2 1.85203 0.210067
      vertex -2.2 1.38582 0.625976
    endloop
  endfacet
  facet normal 1 0 0
    outer loop
      vertex -2.2 1.85203 0.210067
      vertex -2.2 1.32288 0.492906
      vertex -2.2 1.74609 0.0333035
    endloop
  endfacet
  facet normal 1 -0 0
    outer loop
      vertex -2.2 1.2472 0.366645
      vertex -2.2 1.74609 0.0333035
      vertex -2.2 1.32288 0.492906
    endloop
  endfacet
  facet normal 1 0 0
    outer loop
      vertex -2.2 1.74609 0.0333035
      vertex -2.2 1.2472 0.366645
      vertex -2.2 1.72139 1.90735e-07
    endloop
  endfacet
  facet normal 1 -0 0
    outer loop
      vertex -2.2 1.15952 0.24841
      vertex -2.2 1.72139 1.90735e-07
      vertex -2.2 1.2472 0.366645
    endloop
  endfacet
  facet normal 1 -0 0
    outer loop
      vertex -2.2 1.06066 0.139341
      vertex -2.2 1.72139 1.90735e-07
      vertex -2.2 1.15952 0.24841
    endloop
  endfacet
  facet normal 1 -0 0
    outer loop
      vertex -2.2 0.95159 0.0404846
      vertex -2.2 1.72139 1.90735e-07
      vertex -2.2 1.06066 0.139341
    endloop
  endfacet
  facet normal 1 0 0
    outer loop
      vertex -2.2 1.72139 1.90735e-07
      vertex -2.2 0.95159 0.0404846
      vertex -2.2 0.897002 1.90735e-07
    endloop
  endfacet
  facet normal 1 -0 0
    outer loop
      vertex -2.2 -2.00957 1.8096
      vertex -2.2 -1.43541 1.63543
      vertex -2.2 -1.94015 2.00363
    endloop
  endfacet
  facet normal 1 0 0
    outer loop
      vertex -2.2 -0.95159 0.0404846
      vertex -2.2 -1.72139 1.90735e-07
      vertex -2.2 -0.897002 1.90735e-07
    endloop
  endfacet
  facet normal 1 0 0
    outer loop
      vertex -2.2 -1.06066 0.139341
      vertex -2.2 -1.72139 1.90735e-07
      vertex -2.2 -0.95159 0.0404846
    endloop
  endfacet
  facet normal 1 0 0
    outer loop
      vertex -2.2 -1.15952 0.24841
      vertex -2.2 -1.72139 1.90735e-07
      vertex -2.2 -1.06066 0.139341
    endloop
  endfacet
  facet normal 1 0 0
    outer loop
      vertex -2.2 -1.2472 0.366645
      vertex -2.2 -1.72139 1.90735e-07
      vertex -2.2 -1.15952 0.24841
    endloop
  endfacet
  facet normal 1 0 0
    outer loop
      vertex -2.2 -1.74609 0.0333035
      vertex -2.2 -1.2472 0.366645
      vertex -2.2 -1.32288 0.492906
    endloop
  endfacet
  facet normal 1 0 0
    outer loop
      vertex -2.2 -1.85203 0.210067
      vertex -2.2 -1.32288 0.492906
      vertex -2.2 -1.38582 0.625976
    endloop
  endfacet
  facet normal 1 0 0
    outer loop
      vertex -2.2 -1.94015 0.396365
      vertex -2.2 -1.38582 0.625976
      vertex -2.2 -1.43541 0.764573
    endloop
  endfacet
  facet normal 1 0 0
    outer loop
      vertex -2.2 -2.00957 0.590403
      vertex -2.2 -1.43541 0.764573
      vertex -2.2 -1.47118 0.907365
    endloop
  endfacet
  facet normal 1 0 0
    outer loop
      vertex -2.2 -2.05965 0.790311
      vertex -2.2 -1.47118 0.907365
      vertex -2.2 -1.49278 1.05297
    endloop
  endfacet
  facet normal 1 0 0
    outer loop
      vertex -2.2 -1.43541 1.63543
      vertex -2.2 -2.00957 1.8096
      vertex -2.2 -1.47118 1.49264
    endloop
  endfacet
  facet normal 1 -0 0
    outer loop
      vertex -2.2 -2.05965 1.60969
      vertex -2.2 -1.47118 1.49264
      vertex -2.2 -2.00957 1.8096
    endloop
  endfacet
  facet normal 1 0 0
    outer loop
      vertex -2.2 -1.47118 1.49264
      vertex -2.2 -2.05965 1.60969
      vertex -2.2 -1.49278 1.34703
    endloop
  endfacet
  facet normal 1 0 0
    outer loop
      vertex -2.2 -1.32288 0.492906
      vertex -2.2 -1.85203 0.210067
      vertex -2.2 -1.74609 0.0333035
    endloop
  endfacet
  facet normal 1 0 0
    outer loop
      vertex -2.2 -1.2472 0.366645
      vertex -2.2 -1.74609 0.0333035
      vertex -2.2 -1.72139 1.90735e-07
    endloop
  endfacet
  facet normal 1 -0 0
    outer loop
      vertex -2.2 -2.08989 1.40584
      vertex -2.2 -1.49278 1.34703
      vertex -2.2 -2.05965 1.60969
    endloop
  endfacet
  facet normal 1 0 0
    outer loop
      vertex -2.2 -1.38582 0.625976
      vertex -2.2 -1.94015 0.396365
      vertex -2.2 -1.85203 0.210067
    endloop
  endfacet
  facet normal 1 0 0
    outer loop
      vertex -2.2 -1.49278 1.34703
      vertex -2.2 -2.08989 1.40584
      vertex -2.2 -1.5 1.2
    endloop
  endfacet
  facet normal 1 0 0
    outer loop
      vertex -2.2 -1.43541 0.764573
      vertex -2.2 -2.00957 0.590403
      vertex -2.2 -1.94015 0.396365
    endloop
  endfacet
  facet normal 1 0 0
    outer loop
      vertex -2.2 -2.1 1.2
      vertex -2.2 -1.5 1.2
      vertex -2.2 -2.08989 1.40584
    endloop
  endfacet
  facet normal 1 0 0
    outer loop
      vertex -2.2 -1.47118 0.907365
      vertex -2.2 -2.05965 0.790311
      vertex -2.2 -2.00957 0.590403
    endloop
  endfacet
  facet normal 1 0 0
    outer loop
      vertex -2.2 -1.5 1.2
      vertex -2.2 -2.1 1.2
      vertex -2.2 -1.49278 1.05297
    endloop
  endfacet
  facet normal 1 0 0
    outer loop
      vertex -2.2 -1.49278 1.05297
      vertex -2.2 -2.08989 0.994165
      vertex -2.2 -2.05965 0.790311
    endloop
  endfacet
  facet normal 1 0 0
    outer loop
      vertex -2.2 -1.49278 1.05297
      vertex -2.2 -2.1 1.2
      vertex -2.2 -2.08989 0.994165
    endloop
  endfacet
  facet normal 0 -0.803201 0.595708
    outer loop
      vertex -2.2 1.72139 1.90735e-07
      vertex 0 1.74609 0.0333035
      vertex -2.2 1.74609 0.0333035
    endloop
  endfacet
  facet normal 0 -0.803201 0.595708
    outer loop
      vertex 0 1.74609 0.0333035
      vertex -2.2 1.72139 1.90735e-07
      vertex 0 1.72139 1.90735e-07
    endloop
  endfacet
  facet normal 0 -0.941556 0.336856
    outer loop
      vertex -2.2 1.94015 0.396365
      vertex 0 2.00957 0.590403
      vertex -2.2 2.00957 0.590403
    endloop
  endfacet
  facet normal 0 -0.941556 0.336856
    outer loop
      vertex 0 2.00957 0.590403
      vertex -2.2 1.94015 0.396365
      vertex 0 1.94015 0.396365
    endloop
  endfacet
  facet normal 0 -0.989176 0.146736
    outer loop
      vertex -2.2 2.05965 0.790311
      vertex 0 2.08989 0.994165
      vertex -2.2 2.08989 0.994165
    endloop
  endfacet
  facet normal 0 -0.989176 0.146736
    outer loop
      vertex 0 2.08989 0.994165
      vertex -2.2 2.05965 0.790311
      vertex 0 2.05965 0.790311
    endloop
  endfacet
  facet normal 0 0.671585 -0.740927
    outer loop
      vertex -2.2 -1.48492 2.68492
      vertex 0 -1.33223 2.82332
      vertex 0 -1.48492 2.68492
    endloop
  endfacet
  facet normal 0 0.671585 -0.740927
    outer loop
      vertex 0 -1.33223 2.82332
      vertex -2.2 -1.48492 2.68492
      vertex -2.2 -1.33223 2.82332
    endloop
  endfacet
  facet normal 0 0.941552 -0.336868
    outer loop
      vertex 0 -2.00957 1.8096
      vertex -2.2 -1.94015 2.00363
      vertex 0 -1.94015 2.00363
    endloop
  endfacet
  facet normal 0 0.941552 -0.336868
    outer loop
      vertex -2.2 -1.94015 2.00363
      vertex 0 -2.00957 1.8096
      vertex -2.2 -2.00957 1.8096
    endloop
  endfacet
  facet normal 0 -0.857746 0.514074
    outer loop
      vertex -2.2 1.74609 0.0333035
      vertex 0 1.85203 0.210067
      vertex -2.2 1.85203 0.210067
    endloop
  endfacet
  facet normal 0 -0.857746 0.514074
    outer loop
      vertex 0 1.85203 0.210067
      vertex -2.2 1.74609 0.0333035
      vertex 0 1.74609 0.0333035
    endloop
  endfacet
  facet normal 0 0.243006 -0.970025
    outer loop
      vertex -2.2 -0.609597 3.20957
      vertex 0 -0.409689 3.25965
      vertex 0 -0.609597 3.20957
    endloop
  endfacet
  facet normal 0 0.243006 -0.970025
    outer loop
      vertex 0 -0.409689 3.25965
      vertex -2.2 -0.609597 3.20957
      vertex -2.2 -0.409689 3.25965
    endloop
  endfacet
  facet normal 0 0.147007 -0.989135
    outer loop
      vertex -2.2 -0.409689 3.25965
      vertex 0 -0.4 3.26109
      vertex 0 -0.409689 3.25965
    endloop
  endfacet
  facet normal 0 0.147007 -0.989135
    outer loop
      vertex 0 -0.4 3.26109
      vertex -2.2 -0.409689 3.25965
      vertex -2.2 -0.4 3.26109
    endloop
  endfacet
  facet normal 0 0.740927 -0.671585
    outer loop
      vertex 0 -1.62332 2.53223
      vertex -2.2 -1.48492 2.68492
      vertex 0 -1.48492 2.68492
    endloop
  endfacet
  facet normal 0 0.740927 -0.671585
    outer loop
      vertex -2.2 -1.48492 2.68492
      vertex 0 -1.62332 2.53223
      vertex -2.2 -1.62332 2.53223
    endloop
  endfacet
  facet normal 0 0.427585 -0.903975
    outer loop
      vertex -2.2 -0.989933 3.05203
      vertex 0 -0.803635 3.14015
      vertex 0 -0.989933 3.05203
    endloop
  endfacet
  facet normal 0 0.427585 -0.903975
    outer loop
      vertex 0 -0.803635 3.14015
      vertex -2.2 -0.989933 3.05203
      vertex -2.2 -0.803635 3.14015
    endloop
  endfacet
  facet normal 0 0.595714 -0.803197
    outer loop
      vertex -2.2 -1.33223 2.82332
      vertex 0 -1.1667 2.94609
      vertex 0 -1.33223 2.82332
    endloop
  endfacet
  facet normal 0 0.595714 -0.803197
    outer loop
      vertex 0 -1.1667 2.94609
      vertex -2.2 -1.33223 2.82332
      vertex -2.2 -1.1667 2.94609
    endloop
  endfacet
  facet normal 0 0.941556 0.336856
    outer loop
      vertex 0 -1.94015 0.396365
      vertex -2.2 -2.00957 0.590403
      vertex 0 -2.00957 0.590403
    endloop
  endfacet
  facet normal 0 0.941556 0.336856
    outer loop
      vertex -2.2 -2.00957 0.590403
      vertex 0 -1.94015 0.396365
      vertex -2.2 -1.94015 0.396365
    endloop
  endfacet
  facet normal 0 0.903977 -0.427582
    outer loop
      vertex 0 -1.94015 2.00363
      vertex -2.2 -1.85203 2.18993
      vertex 0 -1.85203 2.18993
    endloop
  endfacet
  facet normal 0 0.903977 -0.427582
    outer loop
      vertex -2.2 -1.85203 2.18993
      vertex 0 -1.94015 2.00363
      vertex -2.2 -1.94015 2.00363
    endloop
  endfacet
  facet normal 0 0.970025 -0.243004
    outer loop
      vertex 0 -2.05965 1.60969
      vertex -2.2 -2.00957 1.8096
      vertex 0 -2.00957 1.8096
    endloop
  endfacet
  facet normal 0 0.970025 -0.243004
    outer loop
      vertex -2.2 -2.00957 1.8096
      vertex 0 -2.05965 1.60969
      vertex -2.2 -2.05965 1.60969
    endloop
  endfacet
  facet normal 0 0.857754 -0.51406
    outer loop
      vertex 0 -1.85203 2.18993
      vertex -2.2 -1.74609 2.3667
      vertex 0 -1.74609 2.3667
    endloop
  endfacet
  facet normal 0 0.857754 -0.51406
    outer loop
      vertex -2.2 -1.74609 2.3667
      vertex 0 -1.85203 2.18993
      vertex -2.2 -1.85203 2.18993
    endloop
  endfacet
  facet normal 0 0.803197 -0.595714
    outer loop
      vertex 0 -1.74609 2.3667
      vertex -2.2 -1.62332 2.53223
      vertex 0 -1.62332 2.53223
    endloop
  endfacet
  facet normal 0 0.803197 -0.595714
    outer loop
      vertex -2.2 -1.62332 2.53223
      vertex 0 -1.74609 2.3667
      vertex -2.2 -1.74609 2.3667
    endloop
  endfacet
  facet normal 0 0.336856 -0.941556
    outer loop
      vertex -2.2 -0.803635 3.14015
      vertex 0 -0.609597 3.20957
      vertex 0 -0.803635 3.14015
    endloop
  endfacet
  facet normal 0 0.336856 -0.941556
    outer loop
      vertex 0 -0.609597 3.20957
      vertex -2.2 -0.803635 3.14015
      vertex -2.2 -0.609597 3.20957
    endloop
  endfacet
  facet normal 0 0.514067 -0.85775
    outer loop
      vertex -2.2 -1.1667 2.94609
      vertex 0 -0.989933 3.05203
      vertex 0 -1.1667 2.94609
    endloop
  endfacet
  facet normal 0 0.514067 -0.85775
    outer loop
      vertex 0 -0.989933 3.05203
      vertex -2.2 -1.1667 2.94609
      vertex -2.2 -0.989933 3.05203
    endloop
  endfacet
  facet normal 0 0.998796 0.0490579
    outer loop
      vertex 0 -2.08989 0.994165
      vertex -2.2 -2.1 1.2
      vertex 0 -2.1 1.2
    endloop
  endfacet
  facet normal 0 0.998796 0.0490579
    outer loop
      vertex -2.2 -2.1 1.2
      vertex 0 -2.08989 0.994165
      vertex -2.2 -2.08989 0.994165
    endloop
  endfacet
  facet normal 0 0.803201 0.595708
    outer loop
      vertex 0 -1.72139 1.90735e-07
      vertex -2.2 -1.74609 0.0333035
      vertex 0 -1.74609 0.0333035
    endloop
  endfacet
  facet normal 0 0.803201 0.595708
    outer loop
      vertex -2.2 -1.74609 0.0333035
      vertex 0 -1.72139 1.90735e-07
      vertex -2.2 -1.72139 1.90735e-07
    endloop
  endfacet
  facet normal 0 0.903975 0.427585
    outer loop
      vertex 0 -1.85203 0.210067
      vertex -2.2 -1.94015 0.396365
      vertex 0 -1.94015 0.396365
    endloop
  endfacet
  facet normal 0 0.903975 0.427585
    outer loop
      vertex -2.2 -1.94015 0.396365
      vertex 0 -1.85203 0.210067
      vertex -2.2 -1.85203 0.210067
    endloop
  endfacet
  facet normal 0 0.989176 0.146736
    outer loop
      vertex 0 -2.05965 0.790311
      vertex -2.2 -2.08989 0.994165
      vertex 0 -2.08989 0.994165
    endloop
  endfacet
  facet normal 0 0.989176 0.146736
    outer loop
      vertex -2.2 -2.08989 0.994165
      vertex 0 -2.05965 0.790311
      vertex -2.2 -2.05965 0.790311
    endloop
  endfacet
  facet normal 0 0.970025 0.243006
    outer loop
      vertex 0 -2.00957 0.590403
      vertex -2.2 -2.05965 0.790311
      vertex 0 -2.05965 0.790311
    endloop
  endfacet
  facet normal 0 0.970025 0.243006
    outer loop
      vertex -2.2 -2.05965 0.790311
      vertex 0 -2.00957 0.590403
      vertex -2.2 -2.00957 0.590403
    endloop
  endfacet
  facet normal 0 0.857746 0.514074
    outer loop
      vertex 0 -1.74609 0.0333035
      vertex -2.2 -1.85203 0.210067
      vertex 0 -1.85203 0.210067
    endloop
  endfacet
  facet normal 0 0.857746 0.514074
    outer loop
      vertex -2.2 -1.85203 0.210067
      vertex 0 -1.74609 0.0333035
      vertex -2.2 -1.74609 0.0333035
    endloop
  endfacet
  facet normal -0.258291 -0.866435 0.42729
    outer loop
      vertex -3.9187 7.80287 1.57228
      vertex -4.32933 7.90452 1.53018
      vertex -3.9187 7.62482 1.21124
    endloop
  endfacet
  facet normal -0.79272 -0.118918 -0.597874
    outer loop
      vertex -2.5199 5.23931 5.07454
      vertex -2.5199 5.51422 5.01986
      vertex -2.2611 5.42693 4.69408
    endloop
  endfacet
  facet normal -0.258293 -0.914793 0.310546
    outer loop
      vertex -3.9187 7.80287 1.57228
      vertex -4.32933 8.03855 1.925
      vertex -4.32933 7.90452 1.53018
    endloop
  endfacet
  facet normal -0.130264 -0.889237 0.438507
    outer loop
      vertex -4.32933 7.90452 1.53018
      vertex -4.75082 7.95579 1.50894
      vertex -4.32933 7.72011 1.15622
    endloop
  endfacet
  facet normal -0.607936 0.523518 0.596945
    outer loop
      vertex -2.8205 3.23181 1.0222
      vertex -2.8205 3.47211 0.811458
      vertex -3.15777 3.31457 0.60614
    endloop
  endfacet
  facet normal -0.86556 -0.278239 -0.4164
    outer loop
      vertex -2.04854 5.67833 4.19486
      vertex -2.2611 5.86241 4.5137
      vertex -2.04854 5.83466 4.0904
    endloop
  endfacet
  facet normal -0.792717 -0.401924 0.45832
    outer loop
      vertex -2.2611 6.05879 1.31752
      vertex -2.2611 6.23636 1.47324
      vertex -2.5199 6.47485 1.23476
    endloop
  endfacet
  facet normal -0.793349 -0.608767 0
    outer loop
      vertex -2.2611 6.76521 2.75
      vertex -2.5199 7.10248 2.95
      vertex -2.5199 7.10248 2.75
    endloop
  endfacet
  facet normal -0.793349 -0.608767 0
    outer loop
      vertex -2.5199 7.10248 2.95
      vertex -2.2611 6.76521 2.75
      vertex -2.2611 6.76521 2.95
    endloop
  endfacet
  facet normal -0.792718 0.338661 -0.50686
    outer loop
      vertex -2.5199 3.65511 4.65006
      vertex -2.5199 3.88817 4.80578
      vertex -2.2611 4.05681 4.5137
    endloop
  endfacet
  facet normal -0.499181 -0.849846 0.169056
    outer loop
      vertex -3.15777 7.56981 2.0506
      vertex -3.52594 7.84951 2.36954
      vertex -3.52594 7.77512 1.99558
    endloop
  endfacet
  facet normal -0.258313 -0.86644 0.427266
    outer loop
      vertex -3.9187 7.62482 1.21124
      vertex -4.32933 7.90452 1.53018
      vertex -4.32933 7.72011 1.15622
    endloop
  endfacet
  facet normal -0.258306 -0.914794 0.310531
    outer loop
      vertex -3.9187 7.93227 1.95348
      vertex -4.32933 8.03855 1.925
      vertex -3.9187 7.80287 1.57228
    endloop
  endfacet
  facet normal 0.381998 0.828853 0.408755
    outer loop
      vertex -6.40081 2.43529 1.29258
      vertex -6.40081 2.26665 1.63454
      vertex -6.00805 2.29439 1.21124
    endloop
  endfacet
  facet normal 0.258299 0.803258 -0.53671
    outer loop
      vertex -6.00805 2.51804 4.82348
      vertex -5.59742 2.43075 4.89046
      vertex -5.59742 2.19911 4.54378
    endloop
  endfacet
  facet normal -0.706363 -0.67029 -0.227513
    outer loop
      vertex -2.5199 6.93937 3.77004
      vertex -2.8205 7.31983 3.58242
      vertex -2.5199 7.02946 3.50462
    endloop
  endfacet
  facet normal -0.258313 0.914795 0.310523
    outer loop
      vertex -4.32933 1.88067 1.925
      vertex -3.9187 2.11635 1.57228
      vertex -4.32933 2.01469 1.53018
    endloop
  endfacet
  facet normal -0.382042 0.513434 -0.768394
    outer loop
      vertex -3.52594 3.18517 5.26249
      vertex -3.59752 3.48736 5.5
      vertex -3.52594 3.50219 5.47432
    endloop
  endfacet
  facet normal -0.382001 0.513451 -0.768403
    outer loop
      vertex -3.59752 3.48736 5.5
      vertex -3.52594 3.18517 5.26249
      vertex -3.7904 3.34386 5.5
    endloop
  endfacet
  facet normal 0.13023 0.653745 -0.745425
    outer loop
      vertex -5.59742 2.70567 5.20394
      vertex -5.39497 3.00292 5.5
      vertex -5.20617 2.96531 5.5
    endloop
  endfacet
  facet normal 0.130283 0.65372 -0.745437
    outer loop
      vertex -5.39497 3.00292 5.5
      vertex -5.59742 2.70567 5.20394
      vertex -5.59742 3.01915 5.47885
    endloop
  endfacet
  facet normal 0.130256 -0.550876 -0.82436
    outer loop
      vertex -5.39497 6.91629 5.5
      vertex -5.59742 6.86842 5.5
      vertex -5.59742 6.90007 5.47885
    endloop
  endfacet
  facet normal -0.38198 -0.875132 -0.297043
    outer loop
      vertex -3.52594 7.65257 4.06546
      vertex -3.9187 7.80287 4.12772
      vertex -3.52594 7.77512 3.70441
    endloop
  endfacet
  facet normal -0.130253 0.824386 -0.550837
    outer loop
      vertex -4.75082 2.15105 4.57152
      vertex -4.75082 2.38673 4.92424
      vertex -4.32933 2.19911 4.54378
    endloop
  endfacet
  facet normal -0.965786 0.170982 -0.194996
    outer loop
      vertex -1.88585 4.22091 3.6887
      vertex -1.77582 4.57363 3.45302
      vertex -1.77582 4.51127 3.39834
    endloop
  endfacet
  facet normal -0.792717 -0.195942 0.577241
    outer loop
      vertex -2.2611 5.42693 1.00592
      vertex -2.5199 5.77965 0.770243
      vertex -2.5199 5.51422 0.680144
    endloop
  endfacet
  facet normal -0.258309 -0.963994 0.0631835
    outer loop
      vertex -3.9187 8.0108 2.3483
      vertex -4.32933 8.14716 2.75
      vertex -4.32933 8.11989 2.33394
    endloop
  endfacet
  facet normal -0.60794 -0.351166 -0.712103
    outer loop
      vertex -3.15777 5.99372 5.44658
      vertex -3.15777 6.31075 5.29024
      vertex -2.8205 5.89469 5.20748
    endloop
  endfacet
  facet normal -0.991408 -0.0726725 -0.108756
    outer loop
      vertex -1.77582 5.27663 3.4991
      vertex -1.77582 5.34559 3.45302
      vertex -1.72033 5.06589 3.13408
    endloop
  endfacet
  facet normal 0.381983 -0.513445 -0.768416
    outer loop
      vertex -6.13635 6.57535 5.5
      vertex -6.00805 6.83309 5.39156
      vertex -6.00805 6.6708 5.5
    endloop
  endfacet
  facet normal 0.381994 -0.513448 -0.768408
    outer loop
      vertex -6.13635 6.57535 5.5
      vertex -6.37644 6.74019 5.2705
      vertex -6.00805 6.83309 5.39156
    endloop
  endfacet
  facet normal 0.38184 -0.51362 -0.76837
    outer loop
      vertex -6.3779 6.7203 5.28307
      vertex -6.37644 6.74019 5.2705
      vertex -6.13635 6.57535 5.5
    endloop
  endfacet
  facet normal 0.372728 -0.515133 -0.771824
    outer loop
      vertex -6.37644 6.74019 5.2705
      vertex -6.3779 6.7203 5.28307
      vertex -6.37758 6.73069 5.27629
    endloop
  endfacet
  facet normal -0.38269 -0.923877 0
    outer loop
      vertex -3.9187 8.03713 2.75
      vertex -3.52594 7.87444 2.95
      vertex -3.9187 8.03713 2.95
    endloop
  endfacet
  facet normal -0.38269 -0.923877 -0
    outer loop
      vertex -3.52594 7.87444 2.95
      vertex -3.9187 8.03713 2.75
      vertex -3.52594 7.87444 2.75
    endloop
  endfacet
  facet normal -0.991409 -0.0254983 -0.128291
    outer loop
      vertex -1.72033 4.98735 3.16074
      vertex -1.77582 5.04237 3.57862
      vertex -1.72033 5.01462 3.15532
    endloop
  endfacet
  facet normal -0.965787 -0.215628 0.144086
    outer loop
      vertex -1.77582 5.46263 2.36402
      vertex -1.77582 5.50871 2.43298
      vertex -1.88585 5.86433 2.22766
    endloop
  endfacet
  facet normal -0.38198 -0.82886 -0.408758
    outer loop
      vertex -3.52594 7.48393 4.40742
      vertex -3.9187 7.62482 4.48876
      vertex -3.52594 7.65257 4.06546
    endloop
  endfacet
  facet normal 0.500002 -0.866024 -5.88619e-05
    outer loop
      vertex -6.45211 7.84483 2.82883
      vertex -6.40081 7.87444 2.95
      vertex -6.44638 7.84813 2.95
    endloop
  endfacet
  facet normal 0.499898 -0.866084 0
    outer loop
      vertex -6.40081 7.87444 2.75
      vertex -6.45211 7.84483 2.82883
      vertex -6.45211 7.84483 2.75
    endloop
  endfacet
  facet normal 0.499898 -0.866084 0
    outer loop
      vertex -6.45211 7.84483 2.82883
      vertex -6.40081 7.87444 2.75
      vertex -6.40081 7.87444 2.95
    endloop
  endfacet
  facet normal -0.86556 -0.491185 -0.0976936
    outer loop
      vertex -2.04854 6.34807 3.32204
      vertex -2.2611 6.70369 3.41732
      vertex -2.04854 6.38475 3.13762
    endloop
  endfacet
  facet normal -0.130234 -0.889227 0.438537
    outer loop
      vertex -4.32933 7.72011 1.15622
      vertex -4.75082 7.95579 1.50894
      vertex -4.75082 7.76816 1.12848
    endloop
  endfacet
  facet normal 0.2583 0.726321 0.636977
    outer loop
      vertex -6.00805 2.78347 0.573863
      vertex -6.00805 2.51804 0.876523
      vertex -5.59742 2.70567 0.496061
    endloop
  endfacet
  facet normal -0.607936 -0.351164 0.712108
    outer loop
      vertex -2.8205 5.89469 0.49252
      vertex -3.15777 6.31075 0.409761
      vertex -3.15777 5.99372 0.253423
    endloop
  endfacet
  facet normal 0 0.83147 -0.55557
    outer loop
      vertex -4.75082 2.15105 4.57152
      vertex -5.17594 2.38673 4.92424
      vertex -4.75082 2.38673 4.92424
    endloop
  endfacet
  facet normal 0 0.83147 -0.55557
    outer loop
      vertex -5.17594 2.38673 4.92424
      vertex -4.75082 2.15105 4.57152
      vertex -5.17594 2.15105 4.57152
    endloop
  endfacet
  facet normal 0.38198 0.875122 0.297072
    outer loop
      vertex -6.40081 2.26665 1.63454
      vertex -6.40081 2.14409 1.99558
      vertex -6.00805 2.11635 1.57228
    endloop
  endfacet
  facet normal -0.130245 0.745429 -0.653737
    outer loop
      vertex -4.75082 2.38673 4.92424
      vertex -4.32933 2.70567 5.20394
      vertex -4.32933 2.43075 4.89046
    endloop
  endfacet
  facet normal 0.130248 0.745429 -0.653736
    outer loop
      vertex -5.59742 2.70567 5.20394
      vertex -5.17594 2.38673 4.92424
      vertex -5.59742 2.43075 4.89046
    endloop
  endfacet
  facet normal -0.607946 -0.5235 0.59695
    outer loop
      vertex -2.8205 6.4471 0.811458
      vertex -2.8205 6.68741 1.0222
      vertex -3.15777 6.60465 0.60614
    endloop
  endfacet
  facet normal -0.499995 0.866029 0
    outer loop
      vertex -3.15777 2.25733 2.75
      vertex -3.52594 2.04477 2.95
      vertex -3.15777 2.25733 2.95
    endloop
  endfacet
  facet normal -0.499995 0.866029 0
    outer loop
      vertex -3.52594 2.04477 2.95
      vertex -3.15777 2.25733 2.75
      vertex -3.52594 2.04477 2.75
    endloop
  endfacet
  facet normal -0.258299 0.72632 -0.636978
    outer loop
      vertex -4.32933 2.43075 4.89046
      vertex -4.32933 2.70567 5.20394
      vertex -3.9187 2.51804 4.82348
    endloop
  endfacet
  facet normal -0.381975 0.906412 0.180309
    outer loop
      vertex -3.9187 1.90841 2.3483
      vertex -3.52594 2.14409 1.99558
      vertex -3.9187 1.98695 1.95348
    endloop
  endfacet
  facet normal -0.382038 0.408764 -0.82883
    outer loop
      vertex -3.59752 3.48736 5.5
      vertex -3.52594 3.55426 5.5
      vertex -3.52594 3.50219 5.47432
    endloop
  endfacet
  facet normal -0.381991 0.513463 -0.7684
    outer loop
      vertex -3.9187 3.08613 5.39156
      vertex -3.7904 3.34386 5.5
      vertex -3.52594 3.18517 5.26249
    endloop
  endfacet
  facet normal -0.381948 0.513453 -0.768428
    outer loop
      vertex -3.7904 3.34386 5.5
      vertex -3.9187 3.08613 5.39156
      vertex -3.9187 3.24842 5.5
    endloop
  endfacet
  facet normal -0.70636 -0.706336 0.0463081
    outer loop
      vertex -2.5199 7.10248 2.75
      vertex -2.8205 7.40309 2.75
      vertex -2.8205 7.38218 2.43106
    endloop
  endfacet
  facet normal -0.607938 -0.596946 -0.523514
    outer loop
      vertex -2.8205 6.68741 4.6778
      vertex -3.15777 7.10347 4.59504
      vertex -2.8205 6.89815 4.4375
    endloop
  endfacet
  facet normal 0 -0.659342 -0.751843
    outer loop
      vertex -5.17594 6.95993 5.5
      vertex -4.75082 7.25278 5.24318
      vertex -4.75082 6.95993 5.5
    endloop
  endfacet
  facet normal -0 -0.659342 -0.751843
    outer loop
      vertex -4.75082 7.25278 5.24318
      vertex -5.17594 6.95993 5.5
      vertex -5.17594 7.25278 5.24318
    endloop
  endfacet
  facet normal -0.499191 0.278522 0.820508
    outer loop
      vertex -3.15777 3.92549 0.253423
      vertex -3.15777 4.26021 0.139802
      vertex -3.52594 3.84415 0.0570423
    endloop
  endfacet
  facet normal -0.923588 -0.363037 0.123242
    outer loop
      vertex -1.88585 5.92476 2.35022
      vertex -2.04854 6.34807 2.37796
      vertex -2.04854 6.28763 2.19992
    endloop
  endfacet
  facet normal -0.607949 -0.712093 0.351172
    outer loop
      vertex -2.8205 7.07572 1.52826
      vertex -3.15777 7.45619 1.71588
      vertex -3.15777 7.29985 1.39886
    endloop
  endfacet
  facet normal -0.706351 -0.588561 0.393274
    outer loop
      vertex -2.5199 6.81539 1.67856
      vertex -2.8205 7.07572 1.52826
      vertex -2.5199 6.65966 1.4455
    endloop
  endfacet
  facet normal 0.258221 0.536725 0.803274
    outer loop
      vertex -5.64267 3.37189 1.90735e-07
      vertex -5.59742 3.01915 0.221145
      vertex -5.59742 3.35012 1.90735e-07
    endloop
  endfacet
  facet normal 0.258315 0.53672 0.803247
    outer loop
      vertex -5.59742 3.01915 0.221145
      vertex -5.64267 3.37189 1.90735e-07
      vertex -6.00805 3.42085 0.0847876
    endloop
  endfacet
  facet normal -0.991409 0.128291 -0.0254983
    outer loop
      vertex -1.77582 4.33099 3.03276
      vertex -1.72033 4.75429 3.00501
      vertex -1.72033 4.74887 2.97774
    endloop
  endfacet
  facet normal -0.923585 0.363045 0.123244
    outer loop
      vertex -2.04854 3.57115 2.37796
      vertex -1.88585 3.99445 2.35022
      vertex -2.04854 3.63159 2.19992
    endloop
  endfacet
  facet normal -0.499189 -0.777131 -0.383246
    outer loop
      vertex -3.15777 7.29985 4.30114
      vertex -3.52594 7.65257 4.06546
      vertex -3.15777 7.45619 3.98412
    endloop
  endfacet
  facet normal 0.499187 0.481391 -0.720469
    outer loop
      vertex -6.55373 3.54633 5.39786
      vertex -6.40081 3.50219 5.47432
      vertex -6.57156 3.41517 5.29787
    endloop
  endfacet
  facet normal -0.130263 -0.938857 -0.318715
    outer loop
      vertex -4.32933 7.90452 4.16982
      vertex -4.75082 7.95579 4.19106
      vertex -4.32933 8.03855 3.775
    endloop
  endfacet
  facet normal 0.258297 0.803257 -0.536713
    outer loop
      vertex -6.00805 2.51804 4.82348
      vertex -5.59742 2.19911 4.54378
      vertex -6.00805 2.29439 4.48876
    endloop
  endfacet
  facet normal -0.258308 0.947497 0.188485
    outer loop
      vertex -4.32933 1.79932 2.33394
      vertex -3.9187 1.90841 2.3483
      vertex -4.32933 1.88067 1.925
    endloop
  endfacet
  facet normal 0.38198 0.875125 -0.297065
    outer loop
      vertex -6.40081 2.26665 4.06546
      vertex -6.00805 2.11635 4.12772
      vertex -6.40081 2.14409 3.70441
    endloop
  endfacet
  facet normal 0.381979 -0.768416 0.513449
    outer loop
      vertex -6.00805 7.62482 1.21124
      vertex -6.40081 7.48393 1.29258
      vertex -6.40081 7.2721 0.97556
    endloop
  endfacet
  facet normal -0.607936 0.712102 0.351177
    outer loop
      vertex -3.15777 2.46303 1.71588
      vertex -2.8205 2.84349 1.52826
      vertex -3.15777 2.61937 1.39886
    endloop
  endfacet
  facet normal 0.258284 0.964 -0.0631868
    outer loop
      vertex -6.00805 1.88208 2.95
      vertex -6.00805 1.90841 3.3517
      vertex -5.59742 1.77206 2.95
    endloop
  endfacet
  facet normal -0.991408 0.12829 -0.0255192
    outer loop
      vertex -1.77582 4.33099 3.03276
      vertex -1.77582 4.34717 3.1141
      vertex -1.72033 4.75429 3.00501
    endloop
  endfacet
  facet normal -0.991408 0.108756 -0.0726725
    outer loop
      vertex -1.77582 4.41051 3.26702
      vertex -1.77582 4.45659 3.33598
      vertex -1.72033 4.77553 3.05628
    endloop
  endfacet
  facet normal -0.923585 -0.288251 0.25279
    outer loop
      vertex -1.88585 5.69831 2.0113
      vertex -2.04854 6.1 1.87494
      vertex -2.04854 5.97603 1.73358
    endloop
  endfacet
  facet normal -0.923586 -0.16957 0.343853
    outer loop
      vertex -1.88585 5.35939 1.78484
      vertex -1.88585 5.48195 1.84528
      vertex -2.04854 5.67833 1.50514
    endloop
  endfacet
  facet normal -0.706349 0.706349 0.0462867
    outer loop
      vertex -2.8205 2.51613 2.75
      vertex -2.5199 2.81673 2.75
      vertex -2.8205 2.53703 2.43106
    endloop
  endfacet
  facet normal 0.48493 0.657686 0.576448
    outer loop
      vertex -6.73791 2.80152 1.09404
      vertex -6.73744 2.82284 1.06932
      vertex -6.7381 2.81124 1.08311
    endloop
  endfacet
  facet normal 0.499201 0.651442 0.571333
    outer loop
      vertex -6.40081 2.64711 0.97556
      vertex -6.73744 2.82284 1.06932
      vertex -6.73791 2.80152 1.09404
    endloop
  endfacet
  facet normal 0.499203 0.651451 0.571321
    outer loop
      vertex -6.73744 2.82284 1.06932
      vertex -6.40081 2.64711 0.97556
      vertex -6.40081 2.89851 0.6889
    endloop
  endfacet
  facet normal -0.792718 0.608282 0.0398852
    outer loop
      vertex -2.5199 2.81673 2.75
      vertex -2.2611 3.154 2.75
      vertex -2.5199 2.83507 2.4703
    endloop
  endfacet
  facet normal -0.991408 0.0420444 -0.123862
    outer loop
      vertex -1.77582 4.71697 3.53578
      vertex -1.77582 4.79551 3.56244
      vertex -1.72033 4.87826 3.14638
    endloop
  endfacet
  facet normal -0.706352 0.466729 -0.532195
    outer loop
      vertex -2.8205 3.23181 4.6778
      vertex -2.8205 3.47211 4.88854
      vertex -2.5199 3.65511 4.65006
    endloop
  endfacet
  facet normal 0.499192 0.651456 -0.571325
    outer loop
      vertex -6.40081 2.64711 4.72444
      vertex -6.6321 2.84652 4.74973
      vertex -6.40081 2.89851 5.0111
    endloop
  endfacet
  facet normal 0.499216 0.651478 -0.571279
    outer loop
      vertex -6.40081 2.64711 4.72444
      vertex -6.64065 2.76504 4.64934
      vertex -6.6321 2.84652 4.74973
    endloop
  endfacet
  facet normal 0.499188 0.65122 -0.571597
    outer loop
      vertex -6.64065 2.76504 4.64934
      vertex -6.40081 2.64711 4.72444
      vertex -6.64146 2.75734 4.63986
    endloop
  endfacet
  facet normal -0.865557 0.27824 -0.416405
    outer loop
      vertex -2.2611 3.86043 4.38248
      vertex -2.2611 4.05681 4.5137
      vertex -2.04854 4.08455 4.0904
    endloop
  endfacet
  facet normal -0.381996 0.768421 -0.513428
    outer loop
      vertex -3.9187 2.29439 4.48876
      vertex -3.52594 2.64711 4.72444
      vertex -3.52594 2.43529 4.40742
    endloop
  endfacet
  facet normal -0.792723 -0.597872 0.118908
    outer loop
      vertex -2.2611 6.74976 2.51432
      vertex -2.5199 7.08415 2.4703
      vertex -2.2611 6.70369 2.28268
    endloop
  endfacet
  facet normal -0.381988 -0.609347 0.694824
    outer loop
      vertex -3.52594 7.02071 0.6889
      vertex -3.9187 7.13575 0.573863
      vertex -3.52594 6.73405 0.437505
    endloop
  endfacet
  facet normal -0.258305 -0.947503 0.188459
    outer loop
      vertex -3.9187 7.93227 1.95348
      vertex -3.9187 8.0108 2.3483
      vertex -4.32933 8.03855 1.925
    endloop
  endfacet
  facet normal -0.130526 -0.991445 0
    outer loop
      vertex -4.75082 8.20265 2.75
      vertex -4.32933 8.14716 2.95
      vertex -4.75082 8.20265 2.95
    endloop
  endfacet
  facet normal -0.130526 -0.991445 -0
    outer loop
      vertex -4.32933 8.14716 2.95
      vertex -4.75082 8.20265 2.75
      vertex -4.32933 8.14716 2.75
    endloop
  endfacet
  facet normal -0.865561 -0.449161 -0.221491
    outer loop
      vertex -2.04854 6.20447 3.66872
      vertex -2.2611 6.62777 3.64097
      vertex -2.04854 6.28763 3.50008
    endloop
  endfacet
  facet normal -0.381993 -0.694829 -0.609339
    outer loop
      vertex -3.52594 7.02071 5.0111
      vertex -3.9187 7.13575 5.12614
      vertex -3.52594 7.2721 4.72444
    endloop
  endfacet
  facet normal -0.607946 0.351177 -0.712093
    outer loop
      vertex -3.15777 3.92549 5.44658
      vertex -2.8205 4.02453 5.20748
      vertex -2.8205 3.73787 5.06611
    endloop
  endfacet
  facet normal -0.38199 -0.768419 -0.513435
    outer loop
      vertex -3.52594 7.2721 4.72444
      vertex -3.9187 7.40117 4.82348
      vertex -3.9187 7.62482 4.48876
    endloop
  endfacet
  facet normal -0.130234 -0.824399 -0.550823
    outer loop
      vertex -4.75082 7.53249 4.92424
      vertex -4.75082 7.76816 4.57152
      vertex -4.32933 7.72011 4.54378
    endloop
  endfacet
  facet normal -0.706361 -0.588552 -0.393269
    outer loop
      vertex -2.5199 6.65966 4.2545
      vertex -2.8205 6.89815 4.4375
      vertex -2.5199 6.81539 4.02144
    endloop
  endfacet
  facet normal -0.706355 -0.466718 0.532201
    outer loop
      vertex -2.5199 6.47485 1.23476
      vertex -2.8205 6.68741 1.0222
      vertex -2.8205 6.4471 0.811458
    endloop
  endfacet
  facet normal -0.79272 0.195949 -0.577234
    outer loop
      vertex -2.5199 4.13957 4.92976
      vertex -2.5199 4.40499 5.01986
      vertex -2.2611 4.49228 4.69408
    endloop
  endfacet
  facet normal -0.792717 -0.506851 -0.338676
    outer loop
      vertex -2.5199 6.65966 4.2545
      vertex -2.5199 6.81539 4.02144
      vertex -2.2611 6.52331 3.8528
    endloop
  endfacet
  facet normal -0.607946 -0.712093 0.351177
    outer loop
      vertex -2.8205 7.21709 1.81492
      vertex -3.15777 7.45619 1.71588
      vertex -2.8205 7.07572 1.52826
    endloop
  endfacet
  facet normal -0.381987 -0.694833 0.609339
    outer loop
      vertex -3.52594 7.2721 0.97556
      vertex -3.9187 7.40117 0.876523
      vertex -3.9187 7.13575 0.573863
    endloop
  endfacet
  facet normal -0.991408 -0.0862446 -0.0983421
    outer loop
      vertex -1.77582 5.34559 3.45302
      vertex -1.77582 5.40794 3.39834
      vertex -1.72033 5.08901 3.11863
    endloop
  endfacet
  facet normal -0.865558 -0.499736 0.0327617
    outer loop
      vertex -2.04854 6.39705 2.75
      vertex -2.2611 6.76521 2.75
      vertex -2.04854 6.38475 2.56238
    endloop
  endfacet
  facet normal -0.792723 -0.608276 -0.0398755
    outer loop
      vertex -2.2611 6.74976 3.18568
      vertex -2.5199 7.08415 3.2297
      vertex -2.2611 6.76521 2.95
    endloop
  endfacet
  facet normal 0.38199 0.768419 -0.513435
    outer loop
      vertex -6.40081 2.64711 4.72444
      vertex -6.00805 2.51804 4.82348
      vertex -6.00805 2.29439 4.48876
    endloop
  endfacet
  facet normal 0.499182 0.571316 -0.651472
    outer loop
      vertex -6.60203 3.1259 5.05633
      vertex -6.40081 3.18517 5.26249
      vertex -6.40081 2.89851 5.0111
    endloop
  endfacet
  facet normal 0.499182 0.571315 -0.651473
    outer loop
      vertex -6.40081 3.18517 5.26249
      vertex -6.59816 3.15854 5.08792
      vertex -6.58179 3.24878 5.1796
    endloop
  endfacet
  facet normal 0.499154 0.571347 -0.651465
    outer loop
      vertex -6.6009 3.14346 5.0726
      vertex -6.40081 3.18517 5.26249
      vertex -6.6019 3.12796 5.05824
    endloop
  endfacet
  facet normal 0.499251 0.571188 -0.651531
    outer loop
      vertex -6.40081 3.18517 5.26249
      vertex -6.6009 3.14346 5.0726
      vertex -6.59816 3.15854 5.08792
    endloop
  endfacet
  facet normal 0.498555 0.572254 -0.651129
    outer loop
      vertex -6.40081 3.18517 5.26249
      vertex -6.60203 3.1259 5.05633
      vertex -6.6019 3.12796 5.05824
    endloop
  endfacet
  facet normal -0.130283 0.65372 -0.745437
    outer loop
      vertex -4.32933 2.70567 5.20394
      vertex -4.53178 3.00292 5.5
      vertex -4.32933 3.01915 5.47885
    endloop
  endfacet
  facet normal -0.13023 0.653745 -0.745425
    outer loop
      vertex -4.53178 3.00292 5.5
      vertex -4.32933 2.70567 5.20394
      vertex -4.72058 2.96531 5.5
    endloop
  endfacet
  facet normal -0.130238 0.972429 0.193444
    outer loop
      vertex -4.75082 1.74431 2.3267
      vertex -4.32933 1.79932 2.33394
      vertex -4.32933 1.88067 1.925
    endloop
  endfacet
  facet normal 0.258306 0.914797 -0.310524
    outer loop
      vertex -5.59742 2.01469 4.16982
      vertex -5.59742 1.88067 3.775
      vertex -6.00805 1.98695 3.74652
    endloop
  endfacet
  facet normal 0.500235 0.849126 -0.16956
    outer loop
      vertex -6.72674 2.31267 3.5894
      vertex -6.72806 2.31066 3.57544
      vertex -6.72768 2.3118 3.58227
    endloop
  endfacet
  facet normal 0.499398 0.849781 -0.168742
    outer loop
      vertex -6.40081 2.06971 3.33046
      vertex -6.72674 2.31267 3.5894
      vertex -6.72398 2.31522 3.61041
    endloop
  endfacet
  facet normal 0.49887 0.849931 -0.169547
    outer loop
      vertex -6.72674 2.31267 3.5894
      vertex -6.40081 2.06971 3.33046
      vertex -6.72806 2.31066 3.57544
    endloop
  endfacet
  facet normal 0.499183 0.849847 -0.169047
    outer loop
      vertex -6.40081 2.06971 3.33046
      vertex -6.74292 2.26561 3.30508
      vertex -6.72806 2.31066 3.57544
    endloop
  endfacet
  facet normal 0.499482 0.851817 -0.157876
    outer loop
      vertex -6.74292 2.26561 3.30508
      vertex -6.40081 2.06971 3.33046
      vertex -6.74291 2.26553 3.30468
    endloop
  endfacet
  facet normal 0.258284 0.964 0.0631868
    outer loop
      vertex -6.00805 1.88208 2.75
      vertex -5.59742 1.77206 2.75
      vertex -6.00805 1.90841 2.3483
    endloop
  endfacet
  facet normal 0.258294 0.866436 0.427286
    outer loop
      vertex -6.00805 2.29439 1.21124
      vertex -5.59742 2.01469 1.53018
      vertex -5.59742 2.19911 1.15622
    endloop
  endfacet
  facet normal 0.130241 0.98936 0.0648355
    outer loop
      vertex -5.59742 1.79932 2.33394
      vertex -5.17594 1.71657 2.75
      vertex -5.17594 1.74431 2.3267
    endloop
  endfacet
  facet normal 0.499198 0.57132 0.651456
    outer loop
      vertex -6.7164 3.19307 0.672404
      vertex -6.40081 2.89851 0.6889
      vertex -6.71309 3.25141 0.618704
    endloop
  endfacet
  facet normal 0.499179 0.571302 0.651486
    outer loop
      vertex -6.40081 2.89851 0.6889
      vertex -6.7164 3.19307 0.672404
      vertex -6.72561 3.0311 0.821496
    endloop
  endfacet
  facet normal 0.130244 0.938867 -0.318694
    outer loop
      vertex -5.59742 2.01469 4.16982
      vertex -5.17594 1.96343 4.19106
      vertex -5.59742 1.88067 3.775
    endloop
  endfacet
  facet normal -0.13025 0.653731 0.745433
    outer loop
      vertex -4.32933 2.70567 0.496061
      vertex -4.32933 3.01915 0.221145
      vertex -4.75082 2.98537 0.177122
    endloop
  endfacet
  facet normal -0.258313 0.914792 -0.31053
    outer loop
      vertex -4.32933 2.01469 4.16982
      vertex -3.9187 2.11635 4.12772
      vertex -3.9187 1.98695 3.74652
    endloop
  endfacet
  facet normal -0.381991 0.922187 -0.0604461
    outer loop
      vertex -3.9187 1.90841 3.3517
      vertex -3.52594 2.04477 2.95
      vertex -3.9187 1.88208 2.95
    endloop
  endfacet
  facet normal -0.381979 0.906411 -0.180309
    outer loop
      vertex -3.9187 1.98695 3.74652
      vertex -3.52594 2.14409 3.70441
      vertex -3.9187 1.90841 3.3517
    endloop
  endfacet
  facet normal -0.258309 0.963996 -0.0631604
    outer loop
      vertex -4.32933 1.79932 3.36606
      vertex -3.9187 1.90841 3.3517
      vertex -4.32933 1.77206 2.95
    endloop
  endfacet
  facet normal -0.923586 0.343853 -0.16957
    outer loop
      vertex -2.04854 3.71475 3.66872
      vertex -1.88585 4.05489 3.47234
      vertex -1.88585 3.99445 3.34978
    endloop
  endfacet
  facet normal -0.792724 0.546722 0.269599
    outer loop
      vertex -2.5199 2.97985 1.92996
      vertex -2.2611 3.39591 1.8472
      vertex -2.5199 3.10382 1.67856
    endloop
  endfacet
  facet normal -0.381981 0.828868 0.40874
    outer loop
      vertex -3.9187 2.11635 1.57228
      vertex -3.52594 2.26665 1.63454
      vertex -3.9187 2.29439 1.21124
    endloop
  endfacet
  facet normal -0.792717 -0.118929 0.597876
    outer loop
      vertex -2.2611 5.42693 1.00592
      vertex -2.5199 5.51422 0.680144
      vertex -2.5199 5.23931 0.625459
    endloop
  endfacet
  facet normal -0.499188 -0.169045 0.849844
    outer loop
      vertex -3.34179 5.49959 1.90735e-07
      vertex -3.15777 5.31233 0.0708429
      vertex -3.15777 5.65901 0.139802
    endloop
  endfacet
  facet normal -0.499195 -0.169054 0.849838
    outer loop
      vertex -3.15777 5.31233 0.0708429
      vertex -3.34179 5.49959 1.90735e-07
      vertex -3.28153 5.32165 1.90735e-07
    endloop
  endfacet
  facet normal -0.706355 0.466732 -0.532188
    outer loop
      vertex -2.8205 3.23181 4.6778
      vertex -2.5199 3.65511 4.65006
      vertex -2.5199 3.44437 4.46524
    endloop
  endfacet
  facet normal -0.923587 0.288247 -0.252784
    outer loop
      vertex -2.04854 3.81921 3.82506
      vertex -1.88585 4.22091 3.6887
      vertex -1.88585 4.13081 3.58596
    endloop
  endfacet
  facet normal -0.706351 0.227539 -0.670294
    outer loop
      vertex -2.8205 4.32719 5.31022
      vertex -2.5199 4.40499 5.01986
      vertex -2.5199 4.13957 4.92976
    endloop
  endfacet
  facet normal -0.965786 0.0833601 -0.245578
    outer loop
      vertex -1.88585 4.68923 3.95908
      vertex -1.77582 4.79551 3.56244
      vertex -1.77582 4.71697 3.53578
    endloop
  endfacet
  facet normal -0.792724 0.33867 -0.506844
    outer loop
      vertex -2.5199 3.65511 4.65006
      vertex -2.2611 4.05681 4.5137
      vertex -2.2611 3.86043 4.38248
    endloop
  endfacet
  facet normal -0.381998 0.828853 -0.408755
    outer loop
      vertex -3.9187 2.29439 4.48876
      vertex -3.52594 2.43529 4.40742
      vertex -3.52594 2.26665 4.06546
    endloop
  endfacet
  facet normal -0.499188 0.777131 -0.383248
    outer loop
      vertex -3.52594 2.43529 4.40742
      vertex -3.15777 2.61937 4.30114
      vertex -3.52594 2.26665 4.06546
    endloop
  endfacet
  facet normal 0.130256 0.824386 -0.550837
    outer loop
      vertex -5.17594 2.38673 4.92424
      vertex -5.17594 2.15105 4.57152
      vertex -5.59742 2.19911 4.54378
    endloop
  endfacet
  facet normal -0.499199 0.651453 -0.571322
    outer loop
      vertex -3.52594 2.64711 4.72444
      vertex -3.52594 2.89851 5.0111
      vertex -3.15777 2.81575 4.59504
    endloop
  endfacet
  facet normal -0.258307 0.53672 -0.803249
    outer loop
      vertex -4.05831 3.18123 5.5
      vertex -3.9187 3.24842 5.5
      vertex -3.9187 3.08613 5.39156
    endloop
  endfacet
  facet normal -0.499185 0.481405 -0.72046
    outer loop
      vertex -3.52594 3.18517 5.26249
      vertex -3.52594 3.50219 5.47432
      vertex -3.15777 3.31457 5.09386
    endloop
  endfacet
  facet normal -0.499186 0.571314 -0.65147
    outer loop
      vertex -3.52594 3.18517 5.26249
      vertex -3.15777 3.31457 5.09386
      vertex -3.52594 2.89851 5.0111
    endloop
  endfacet
  facet normal -0.607937 0.778729 -0.154901
    outer loop
      vertex -3.15777 2.28045 3.30272
      vertex -3.15777 2.34941 3.6494
      vertex -2.8205 2.53703 3.26894
    endloop
  endfacet
  facet normal -0.499193 0.820508 -0.27852
    outer loop
      vertex -3.52594 2.14409 3.70441
      vertex -3.15777 2.46303 3.98412
      vertex -3.15777 2.34941 3.6494
    endloop
  endfacet
  facet normal -0.499189 -0.820515 -0.278505
    outer loop
      vertex -3.15777 7.45619 3.98412
      vertex -3.52594 7.65257 4.06546
      vertex -3.52594 7.77512 3.70441
    endloop
  endfacet
  facet normal -0.381976 -0.906412 0.180308
    outer loop
      vertex -3.52594 7.84951 2.36954
      vertex -3.9187 8.0108 2.3483
      vertex -3.52594 7.77512 1.99558
    endloop
  endfacet
  facet normal -0.258309 -0.947501 0.188462
    outer loop
      vertex -3.9187 8.0108 2.3483
      vertex -4.32933 8.11989 2.33394
      vertex -4.32933 8.03855 1.925
    endloop
  endfacet
  facet normal -0.381976 -0.906411 -0.180313
    outer loop
      vertex -3.52594 7.77512 3.70441
      vertex -3.9187 8.0108 3.3517
      vertex -3.52594 7.84951 3.33046
    endloop
  endfacet
  facet normal -0.381962 -0.408734 0.828879
    outer loop
      vertex -3.9187 6.49837 0.0847876
      vertex -3.675 6.09869 1.90735e-07
      vertex -3.52594 6.07507 0.0570423
    endloop
  endfacet
  facet normal -0.381998 -0.40875 0.828855
    outer loop
      vertex -3.675 6.09869 1.90735e-07
      vertex -3.9187 6.49837 0.0847876
      vertex -3.9187 6.32644 1.90735e-07
    endloop
  endfacet
  facet normal -0.381979 -0.768416 0.513449
    outer loop
      vertex -3.52594 7.48393 1.29258
      vertex -3.9187 7.62482 1.21124
      vertex -3.52594 7.2721 0.97556
    endloop
  endfacet
  facet normal -0.258292 -0.914798 -0.310532
    outer loop
      vertex -3.9187 7.80287 4.12772
      vertex -4.32933 7.90452 4.16982
      vertex -3.9187 7.93227 3.74652
    endloop
  endfacet
  facet normal -0.381999 -0.875117 -0.297062
    outer loop
      vertex -3.9187 7.80287 4.12772
      vertex -3.9187 7.93227 3.74652
      vertex -3.52594 7.77512 3.70441
    endloop
  endfacet
  facet normal -0.38199 -0.408773 -0.828848
    outer loop
      vertex -3.52594 6.36496 5.5
      vertex -3.59752 6.43185 5.5
      vertex -3.52594 6.41703 5.47432
    endloop
  endfacet
  facet normal -0.607946 -0.712095 -0.351173
    outer loop
      vertex -3.15777 7.29985 4.30114
      vertex -3.15777 7.45619 3.98412
      vertex -2.8205 7.21709 3.88508
    endloop
  endfacet
  facet normal -0.381991 -0.922187 0.0604461
    outer loop
      vertex -3.52594 7.87444 2.75
      vertex -3.9187 8.03713 2.75
      vertex -3.9187 8.0108 2.3483
    endloop
  endfacet
  facet normal -0.258305 -0.947503 -0.188459
    outer loop
      vertex -3.9187 7.93227 3.74652
      vertex -4.32933 8.03855 3.775
      vertex -3.9187 8.0108 3.3517
    endloop
  endfacet
  facet normal 0.258299 -0.636965 -0.726331
    outer loop
      vertex -5.59742 6.90007 5.47885
      vertex -6.00805 6.83309 5.39156
      vertex -5.59742 7.21355 5.20394
    endloop
  endfacet
  facet normal 0.130284 0.550994 -0.824276
    outer loop
      vertex -5.59742 3.05079 5.5
      vertex -5.39497 3.00292 5.5
      vertex -5.59742 3.01915 5.47885
    endloop
  endfacet
  facet normal -0.258299 0.636965 -0.726331
    outer loop
      vertex -4.32933 3.01915 5.47885
      vertex -3.9187 3.08613 5.39156
      vertex -4.32933 2.70567 5.20394
    endloop
  endfacet
  facet normal -0.607936 0.255204 -0.751854
    outer loop
      vertex -3.15777 4.08287 5.5
      vertex -2.8205 4.32719 5.31022
      vertex -3.15777 3.92549 5.44658
    endloop
  endfacet
  facet normal -0.60794 0.255217 -0.751846
    outer loop
      vertex -2.8205 4.32719 5.31022
      vertex -3.15777 4.08287 5.5
      vertex -3.07655 4.27634 5.5
    endloop
  endfacet
  facet normal -0.706355 -0.22753 -0.670293
    outer loop
      vertex -2.5199 5.51422 5.01986
      vertex -2.8205 5.59203 5.31022
      vertex -2.5199 5.77965 4.92976
    endloop
  endfacet
  facet normal -0.706344 -0.466722 -0.532211
    outer loop
      vertex -2.8205 6.4471 4.88854
      vertex -2.8205 6.68741 4.6778
      vertex -2.5199 6.26411 4.65006
    endloop
  endfacet
  facet normal -0.991409 -0.128287 -0.0255186
    outer loop
      vertex -1.77582 5.57205 3.1141
      vertex -1.77582 5.58823 3.03276
      vertex -1.72033 5.16492 3.00501
    endloop
  endfacet
  facet normal -0.923588 -0.37602 -0.0747999
    outer loop
      vertex -1.88585 5.96869 3.22038
      vertex -2.04854 6.34807 3.32204
      vertex -1.88585 5.99535 3.08636
    endloop
  endfacet
  facet normal -0.792713 -0.597879 0.118936
    outer loop
      vertex -2.2611 6.70369 2.28268
      vertex -2.5199 7.08415 2.4703
      vertex -2.5199 7.02946 2.19538
    endloop
  endfacet
  facet normal -0.607949 -0.660173 -0.441101
    outer loop
      vertex -2.8205 6.89815 4.4375
      vertex -3.15777 7.29985 4.30114
      vertex -2.8205 7.07572 4.17174
    endloop
  endfacet
  facet normal -0.381979 -0.768416 -0.513449
    outer loop
      vertex -3.52594 7.2721 4.72444
      vertex -3.9187 7.62482 4.48876
      vertex -3.52594 7.48393 4.40742
    endloop
  endfacet
  facet normal -0.792718 -0.458318 0.401925
    outer loop
      vertex -2.2611 6.23636 1.47324
      vertex -2.2611 6.39209 1.65082
      vertex -2.5199 6.47485 1.23476
    endloop
  endfacet
  facet normal -0.13025 -0.653739 0.745426
    outer loop
      vertex -4.32933 6.90007 0.221145
      vertex -4.75082 7.25278 0.456824
      vertex -4.75082 6.93385 0.177122
    endloop
  endfacet
  facet normal -0.499198 -0.38323 0.777133
    outer loop
      vertex -3.15777 5.99372 0.253423
      vertex -3.15777 6.31075 0.409761
      vertex -3.52594 6.07507 0.0570423
    endloop
  endfacet
  facet normal -0.130238 -0.745443 0.653723
    outer loop
      vertex -4.32933 7.21355 0.496061
      vertex -4.32933 7.48846 0.809542
      vertex -4.75082 7.25278 0.456824
    endloop
  endfacet
  facet normal -0.381989 -0.69483 0.60934
    outer loop
      vertex -3.52594 7.02071 0.6889
      vertex -3.52594 7.2721 0.97556
      vertex -3.9187 7.13575 0.573863
    endloop
  endfacet
  facet normal -0.991409 -0.123868 -0.0420107
    outer loop
      vertex -1.72033 5.15599 3.03134
      vertex -1.77582 5.57205 3.1141
      vertex -1.72033 5.16492 3.00501
    endloop
  endfacet
  facet normal -0.923586 -0.38257 0.025082
    outer loop
      vertex -1.88585 6.00429 2.75
      vertex -2.04854 6.39705 2.75
      vertex -1.88585 5.99535 2.61364
    endloop
  endfacet
  facet normal -0.79272 -0.195942 -0.577236
    outer loop
      vertex -2.5199 5.51422 5.01986
      vertex -2.5199 5.77965 4.92976
      vertex -2.2611 5.42693 4.69408
    endloop
  endfacet
  facet normal -0.86556 -0.221495 -0.449161
    outer loop
      vertex -2.2611 5.65058 4.61816
      vertex -2.2611 5.86241 4.5137
      vertex -2.04854 5.67833 4.19486
    endloop
  endfacet
  facet normal -0.965786 -0.245578 -0.0833601
    outer loop
      vertex -1.77582 5.54539 3.19264
      vertex -1.88585 5.96869 3.22038
      vertex -1.77582 5.57205 3.1141
    endloop
  endfacet
  facet normal -0.965786 -0.245575 0.0833702
    outer loop
      vertex -1.77582 5.57205 2.5859
      vertex -1.88585 5.96869 2.47962
      vertex -1.88585 5.92476 2.35022
    endloop
  endfacet
  facet normal -0.130238 -0.972433 -0.193421
    outer loop
      vertex -4.32933 8.03855 3.775
      vertex -4.75082 8.1749 3.3733
      vertex -4.32933 8.11989 3.36606
    endloop
  endfacet
  facet normal -0.130264 -0.824377 0.550848
    outer loop
      vertex -4.32933 7.48846 0.809542
      vertex -4.32933 7.72011 1.15622
      vertex -4.75082 7.53249 0.775762
    endloop
  endfacet
  facet normal 0 -0.83148 -0.555554
    outer loop
      vertex -5.17594 7.76816 4.57152
      vertex -4.75082 7.53249 4.92424
      vertex -5.17594 7.53249 4.92424
    endloop
  endfacet
  facet normal 0 -0.83148 -0.555554
    outer loop
      vertex -4.75082 7.53249 4.92424
      vertex -5.17594 7.76816 4.57152
      vertex -4.75082 7.76816 4.57152
    endloop
  endfacet
  facet normal 0 -0.896865 -0.442304
    outer loop
      vertex -5.17594 7.95579 4.19106
      vertex -4.75082 7.76816 4.57152
      vertex -5.17594 7.76816 4.57152
    endloop
  endfacet
  facet normal 0 -0.896865 -0.442304
    outer loop
      vertex -4.75082 7.76816 4.57152
      vertex -5.17594 7.95579 4.19106
      vertex -4.75082 7.95579 4.19106
    endloop
  endfacet
  facet normal 0.130245 -0.745427 -0.653739
    outer loop
      vertex -5.17594 7.25278 5.24318
      vertex -5.59742 7.21355 5.20394
      vertex -5.17594 7.53249 4.92424
    endloop
  endfacet
  facet normal 0.38199 0.69482 -0.609351
    outer loop
      vertex -6.00805 2.78347 5.12614
      vertex -6.00805 2.51804 4.82348
      vertex -6.40081 2.64711 4.72444
    endloop
  endfacet
  facet normal 0.499186 0.777132 -0.383248
    outer loop
      vertex -6.40081 2.43529 4.40742
      vertex -6.67668 2.53094 4.24205
      vertex -6.66706 2.56841 4.33056
    endloop
  endfacet
  facet normal 0.499186 0.777132 -0.383248
    outer loop
      vertex -6.67668 2.53094 4.24205
      vertex -6.40081 2.43529 4.40742
      vertex -6.40081 2.26665 4.06546
    endloop
  endfacet
  facet normal 0.499181 0.720474 -0.48139
    outer loop
      vertex -6.40081 2.43529 4.40742
      vertex -6.66673 2.60484 4.38543
      vertex -6.65208 2.69494 4.53547
    endloop
  endfacet
  facet normal 0.49925 0.72062 -0.481099
    outer loop
      vertex -6.40081 2.43529 4.40742
      vertex -6.6668 2.59659 4.373
      vertex -6.66673 2.60484 4.38543
    endloop
  endfacet
  facet normal 0.499186 0.720444 -0.48143
    outer loop
      vertex -6.6668 2.59659 4.373
      vertex -6.40081 2.43529 4.40742
      vertex -6.66706 2.56841 4.33056
    endloop
  endfacet
  facet normal 0.499183 0.820516 -0.278513
    outer loop
      vertex -6.40081 2.26665 4.06546
      vertex -6.7007 2.40388 3.93225
      vertex -6.69246 2.42221 4.00102
    endloop
  endfacet
  facet normal 0.499186 0.82051 -0.278526
    outer loop
      vertex -6.7007 2.40388 3.93225
      vertex -6.40081 2.26665 4.06546
      vertex -6.40081 2.14409 3.70441
    endloop
  endfacet
  facet normal 0.258311 0.866439 -0.427268
    outer loop
      vertex -6.00805 2.29439 4.48876
      vertex -5.59742 2.01469 4.16982
      vertex -6.00805 2.11635 4.12772
    endloop
  endfacet
  facet normal 0.38198 0.875125 -0.297065
    outer loop
      vertex -6.00805 2.11635 4.12772
      vertex -6.00805 1.98695 3.74652
      vertex -6.40081 2.14409 3.70441
    endloop
  endfacet
  facet normal 0.617211 0.785541 0.0444646
    outer loop
      vertex -6.76954 2.25777 2.75
      vertex -6.76898 2.25733 2.75
      vertex -6.76954 2.2578 2.74947
    endloop
  endfacet
  facet normal 0.49921 0.849806 -0.169173
    outer loop
      vertex -6.40081 2.14409 3.70441
      vertex -6.72398 2.31522 3.61041
      vertex -6.71783 2.32089 3.65704
    endloop
  endfacet
  facet normal 0.49919 0.849844 -0.169037
    outer loop
      vertex -6.72398 2.31522 3.61041
      vertex -6.40081 2.14409 3.70441
      vertex -6.40081 2.06971 3.33046
    endloop
  endfacet
  facet normal 0.258306 0.914794 0.310531
    outer loop
      vertex -6.00805 1.98695 1.95348
      vertex -5.59742 1.88067 1.925
      vertex -6.00805 2.11635 1.57228
    endloop
  endfacet
  facet normal -0.258304 0.536712 0.803255
    outer loop
      vertex -4.32933 3.01915 0.221145
      vertex -3.9187 3.08613 0.308438
      vertex -3.9187 3.42085 0.0847876
    endloop
  endfacet
  facet normal -0.706351 0.588561 0.393274
    outer loop
      vertex -2.8205 2.84349 1.52826
      vertex -2.5199 3.10382 1.67856
      vertex -2.5199 3.25955 1.4455
    endloop
  endfacet
  facet normal -0.130251 0.98936 -0.0648223
    outer loop
      vertex -4.32933 1.79932 3.36606
      vertex -4.32933 1.77206 2.95
      vertex -4.75082 1.71657 2.95
    endloop
  endfacet
  facet normal 0 0.896875 -0.442285
    outer loop
      vertex -4.75082 1.96343 4.19106
      vertex -5.17594 2.15105 4.57152
      vertex -4.75082 2.15105 4.57152
    endloop
  endfacet
  facet normal 0 0.896875 -0.442285
    outer loop
      vertex -5.17594 2.15105 4.57152
      vertex -4.75082 1.96343 4.19106
      vertex -5.17594 1.96343 4.19106
    endloop
  endfacet
  facet normal 0.258294 0.866436 -0.427286
    outer loop
      vertex -6.00805 2.29439 4.48876
      vertex -5.59742 2.19911 4.54378
      vertex -5.59742 2.01469 4.16982
    endloop
  endfacet
  facet normal 0.4992 0.849851 0.168977
    outer loop
      vertex -6.40081 2.06971 2.36954
      vertex -6.76761 2.29186 2.33588
      vertex -6.76614 2.27883 2.39707
    endloop
  endfacet
  facet normal 0.499189 0.849843 0.169047
    outer loop
      vertex -6.40081 2.06971 2.36954
      vertex -6.76684 2.3053 2.26604
      vertex -6.76761 2.29186 2.33588
    endloop
  endfacet
  facet normal 0.499187 0.849843 0.169054
    outer loop
      vertex -6.40081 2.06971 2.36954
      vertex -6.76505 2.3369 2.1019
      vertex -6.76684 2.3053 2.26604
    endloop
  endfacet
  facet normal 0.499306 0.849811 0.168861
    outer loop
      vertex -6.76505 2.3369 2.1019
      vertex -6.40081 2.06971 2.36954
      vertex -6.76254 2.34451 2.05618
    endloop
  endfacet
  facet normal 0.130248 0.74543 0.653735
    outer loop
      vertex -5.59742 2.43075 0.809542
      vertex -5.17594 2.38673 0.775762
      vertex -5.59742 2.70567 0.496061
    endloop
  endfacet
  facet normal 0.499115 0.168998 0.849896
    outer loop
      vertex -6.63876 4.55961 0.00375869
      vertex -6.58496 4.41962 1.90735e-07
      vertex -6.63236 4.55961 1.90735e-07
    endloop
  endfacet
  facet normal 0.499212 0.169037 0.849832
    outer loop
      vertex -6.58496 4.41962 1.90735e-07
      vertex -6.63876 4.55961 0.00375869
      vertex -6.64991 4.36335 0.0493459
    endloop
  endfacet
  facet normal -0.130251 0.938862 -0.318704
    outer loop
      vertex -4.75082 1.82707 3.78936
      vertex -4.75082 1.96343 4.19106
      vertex -4.32933 1.88067 3.775
    endloop
  endfacet
  facet normal -0.38269 0.923877 0
    outer loop
      vertex -3.52594 2.04477 2.75
      vertex -3.9187 1.88208 2.95
      vertex -3.52594 2.04477 2.95
    endloop
  endfacet
  facet normal -0.38269 0.923877 0
    outer loop
      vertex -3.9187 1.88208 2.95
      vertex -3.52594 2.04477 2.75
      vertex -3.9187 1.88208 2.75
    endloop
  endfacet
  facet normal -0.381996 0.906409 0.180283
    outer loop
      vertex -3.9187 1.90841 2.3483
      vertex -3.52594 2.06971 2.36954
      vertex -3.52594 2.14409 1.99558
    endloop
  endfacet
  facet normal -0.258306 0.914794 0.310531
    outer loop
      vertex -4.32933 1.88067 1.925
      vertex -3.9187 1.98695 1.95348
      vertex -3.9187 2.11635 1.57228
    endloop
  endfacet
  facet normal -0.38199 0.768419 -0.513435
    outer loop
      vertex -3.9187 2.51804 4.82348
      vertex -3.52594 2.64711 4.72444
      vertex -3.9187 2.29439 4.48876
    endloop
  endfacet
  facet normal -0.13026 0.653719 -0.745442
    outer loop
      vertex -4.75082 2.66643 5.24318
      vertex -4.72058 2.96531 5.5
      vertex -4.32933 2.70567 5.20394
    endloop
  endfacet
  facet normal -0.130354 0.653716 -0.745428
    outer loop
      vertex -4.72058 2.96531 5.5
      vertex -4.75082 2.66643 5.24318
      vertex -4.75082 2.95928 5.5
    endloop
  endfacet
  facet normal -0.706351 0.670294 -0.227539
    outer loop
      vertex -2.8205 2.59939 3.58242
      vertex -2.5199 2.97985 3.77004
      vertex -2.5199 2.88975 3.50462
    endloop
  endfacet
  facet normal -0.792722 0.577231 -0.195948
    outer loop
      vertex -2.5199 2.88975 3.50462
      vertex -2.5199 2.97985 3.77004
      vertex -2.2611 3.21553 3.41732
    endloop
  endfacet
  facet normal -0.607946 0.751841 0.255218
    outer loop
      vertex -2.8205 2.59939 2.11758
      vertex -2.8205 2.70213 1.81492
      vertex -3.15777 2.46303 1.71588
    endloop
  endfacet
  facet normal -0.38198 0.875125 -0.297065
    outer loop
      vertex -3.9187 1.98695 3.74652
      vertex -3.9187 2.11635 4.12772
      vertex -3.52594 2.14409 3.70441
    endloop
  endfacet
  facet normal -0.499188 0.864638 -0.0566789
    outer loop
      vertex -3.52594 2.06971 3.33046
      vertex -3.15777 2.28045 3.30272
      vertex -3.52594 2.04477 2.95
    endloop
  endfacet
  facet normal -0.499193 0.571318 0.651461
    outer loop
      vertex -3.52594 2.89851 0.6889
      vertex -3.15777 3.31457 0.60614
      vertex -3.52594 3.18517 0.437505
    endloop
  endfacet
  facet normal -0.499188 0.864638 0.0566789
    outer loop
      vertex -3.52594 2.04477 2.75
      vertex -3.15777 2.28045 2.39728
      vertex -3.52594 2.06971 2.36954
    endloop
  endfacet
  facet normal -0.991409 0.117311 -0.0578557
    outer loop
      vertex -1.77582 4.41051 3.26702
      vertex -1.72033 4.77553 3.05628
      vertex -1.72033 4.76323 3.03134
    endloop
  endfacet
  facet normal -0.991408 -0.117313 0.0578522
    outer loop
      vertex -1.72033 5.15599 2.66866
      vertex -1.77582 5.54539 2.50736
      vertex -1.77582 5.50871 2.43298
    endloop
  endfacet
  facet normal -0.792719 0.03987 0.608282
    outer loop
      vertex -2.5199 4.67991 0.625459
      vertex -2.2611 4.95961 0.944397
      vertex -2.5199 4.95961 0.607126
    endloop
  endfacet
  facet normal -0.865559 -0.491187 -0.0976903
    outer loop
      vertex -2.2611 6.70369 3.41732
      vertex -2.2611 6.74976 3.18568
      vertex -2.04854 6.38475 3.13762
    endloop
  endfacet
  facet normal -0.707119 -0.707095 0
    outer loop
      vertex -2.5199 7.10248 2.75
      vertex -2.8205 7.40309 2.95
      vertex -2.8205 7.40309 2.75
    endloop
  endfacet
  facet normal -0.707119 -0.707095 0
    outer loop
      vertex -2.8205 7.40309 2.95
      vertex -2.5199 7.10248 2.75
      vertex -2.5199 7.10248 2.95
    endloop
  endfacet
  facet normal -0.706356 -0.313083 0.634854
    outer loop
      vertex -2.5199 5.77965 0.770243
      vertex -2.5199 6.03104 0.894218
      vertex -2.8205 5.89469 0.49252
    endloop
  endfacet
  facet normal 0.499188 0.481399 0.720463
    outer loop
      vertex -6.70557 3.38379 0.51595
      vertex -6.40081 3.50219 0.225678
      vertex -6.69403 3.58683 0.372287
    endloop
  endfacet
  facet normal 0.499189 0.481397 0.720463
    outer loop
      vertex -6.40081 3.50219 0.225678
      vertex -6.70557 3.38379 0.51595
      vertex -6.70773 3.34578 0.542844
    endloop
  endfacet
  facet normal -0.923587 -0.0747927 0.376023
    outer loop
      vertex -1.88585 5.22999 1.74092
      vertex -2.04854 5.33164 1.36154
      vertex -2.04854 5.14723 1.32486
    endloop
  endfacet
  facet normal -0.865561 0.0976983 0.491182
    outer loop
      vertex -2.04854 4.58757 1.36154
      vertex -2.04854 4.77198 1.32486
      vertex -2.2611 4.49228 1.00592
    endloop
  endfacet
  facet normal -0.991408 -0.108756 0.0726725
    outer loop
      vertex -1.72033 5.14369 2.64372
      vertex -1.77582 5.50871 2.43298
      vertex -1.77582 5.46263 2.36402
    endloop
  endfacet
  facet normal -0.965787 -0.194981 0.170992
    outer loop
      vertex -1.77582 5.46263 2.36402
      vertex -1.88585 5.78841 2.11404
      vertex -1.88585 5.69831 2.0113
    endloop
  endfacet
  facet normal -0.965786 0.0505962 -0.254357
    outer loop
      vertex -1.88585 4.68923 3.95908
      vertex -1.77582 4.87685 3.57862
      vertex -1.77582 4.79551 3.56244
    endloop
  endfacet
  facet normal -0.923588 0.363044 -0.123222
    outer loop
      vertex -2.04854 3.57115 3.32204
      vertex -1.88585 3.99445 3.34978
      vertex -1.88585 3.95053 3.22038
    endloop
  endfacet
  facet normal -0.965787 0.0833524 -0.245578
    outer loop
      vertex -1.88585 4.55983 3.91516
      vertex -1.88585 4.68923 3.95908
      vertex -1.77582 4.71697 3.53578
    endloop
  endfacet
  facet normal -0.923586 0.16957 -0.343853
    outer loop
      vertex -2.04854 4.24089 4.19486
      vertex -1.88585 4.55983 3.91516
      vertex -1.88585 4.43727 3.85472
    endloop
  endfacet
  facet normal -0.965786 -0.0505962 -0.254357
    outer loop
      vertex -1.77582 5.04237 3.57862
      vertex -1.88585 5.22999 3.95908
      vertex -1.77582 5.12371 3.56244
    endloop
  endfacet
  facet normal -0.991408 -0.0983412 -0.0862457
    outer loop
      vertex -1.77582 5.40794 3.39834
      vertex -1.77582 5.46263 3.33598
      vertex -1.72033 5.12824 3.0794
    endloop
  endfacet
  facet normal -0.70636 0.0463081 -0.706336
    outer loop
      vertex -2.8205 4.64067 5.37257
      vertex -2.8205 4.95961 5.39348
      vertex -2.5199 4.95961 5.09287
    endloop
  endfacet
  facet normal -0.706352 0.313086 -0.634858
    outer loop
      vertex -2.8205 3.73787 5.06611
      vertex -2.5199 4.13957 4.92976
      vertex -2.5199 3.88817 4.80578
    endloop
  endfacet
  facet normal -0.792714 0.118931 -0.59788
    outer loop
      vertex -2.5199 4.67991 5.07454
      vertex -2.2611 4.72393 4.74016
      vertex -2.2611 4.49228 4.69408
    endloop
  endfacet
  facet normal -0.991408 -0.0578522 -0.117313
    outer loop
      vertex -1.77582 5.20225 3.53578
      vertex -1.77582 5.27663 3.4991
      vertex -1.72033 5.04095 3.14638
    endloop
  endfacet
  facet normal -0.923586 -0.025082 -0.38257
    outer loop
      vertex -1.88585 4.95961 3.99468
      vertex -2.04854 4.95961 4.38744
      vertex -1.88585 5.09597 3.98574
    endloop
  endfacet
  facet normal -0.923588 0.318773 -0.213002
    outer loop
      vertex -2.04854 3.81921 3.82506
      vertex -1.88585 4.13081 3.58596
      vertex -1.88585 4.05489 3.47234
    endloop
  endfacet
  facet normal -0.792714 0.608287 -0.0398763
    outer loop
      vertex -2.5199 2.83507 3.2297
      vertex -2.2611 3.16945 3.18568
      vertex -2.2611 3.154 2.95
    endloop
  endfacet
  facet normal -0.792724 0.506844 -0.33867
    outer loop
      vertex -2.5199 3.25955 4.2545
      vertex -2.2611 3.52713 4.04918
      vertex -2.2611 3.39591 3.8528
    endloop
  endfacet
  facet normal -0.923586 0.212996 -0.318781
    outer loop
      vertex -2.04854 4.08455 4.0904
      vertex -2.04854 4.24089 4.19486
      vertex -1.88585 4.43727 3.85472
    endloop
  endfacet
  facet normal -0.706351 0.634869 -0.313066
    outer loop
      vertex -2.8205 2.84349 4.17174
      vertex -2.5199 3.10382 4.02144
      vertex -2.5199 2.97985 3.77004
    endloop
  endfacet
  facet normal -0.865557 0.376529 -0.330208
    outer loop
      vertex -2.2611 3.52713 4.04918
      vertex -2.04854 3.94318 3.96642
      vertex -2.04854 3.81921 3.82506
    endloop
  endfacet
  facet normal 0.258297 0.726321 -0.636977
    outer loop
      vertex -6.00805 2.78347 5.12614
      vertex -5.59742 2.70567 5.20394
      vertex -6.00805 2.51804 4.82348
    endloop
  endfacet
  facet normal 0.499189 0.383263 -0.777123
    outer loop
      vertex -6.55373 3.54633 5.39786
      vertex -6.40081 3.55426 5.5
      vertex -6.40081 3.50219 5.47432
    endloop
  endfacet
  facet normal 0.499217 0.383269 -0.777102
    outer loop
      vertex -6.40081 3.55426 5.5
      vertex -6.55111 3.63606 5.44379
      vertex -6.54103 3.7369 5.5
    endloop
  endfacet
  facet normal 0.4992 0.383211 -0.777141
    outer loop
      vertex -6.40081 3.55426 5.5
      vertex -6.55329 3.61426 5.43164
      vertex -6.55111 3.63606 5.44379
    endloop
  endfacet
  facet normal 0.499177 0.38304 -0.777241
    outer loop
      vertex -6.40081 3.55426 5.5
      vertex -6.55344 3.59179 5.42047
      vertex -6.55329 3.61426 5.43164
    endloop
  endfacet
  facet normal 0.499175 0.383317 -0.777105
    outer loop
      vertex -6.40081 3.55426 5.5
      vertex -6.55373 3.54633 5.39786
      vertex -6.55344 3.59179 5.42047
    endloop
  endfacet
  facet normal -0.258294 0.866436 -0.427286
    outer loop
      vertex -4.32933 2.19911 4.54378
      vertex -3.9187 2.29439 4.48876
      vertex -4.32933 2.01469 4.16982
    endloop
  endfacet
  facet normal -0.130255 0.889234 -0.438517
    outer loop
      vertex -4.75082 2.15105 4.57152
      vertex -4.32933 2.19911 4.54378
      vertex -4.75082 1.96343 4.19106
    endloop
  endfacet
  facet normal 0.258299 0.72632 -0.636978
    outer loop
      vertex -5.59742 2.70567 5.20394
      vertex -5.59742 2.43075 4.89046
      vertex -6.00805 2.51804 4.82348
    endloop
  endfacet
  facet normal 0.130248 0.824391 -0.550831
    outer loop
      vertex -5.59742 2.43075 4.89046
      vertex -5.17594 2.38673 4.92424
      vertex -5.59742 2.19911 4.54378
    endloop
  endfacet
  facet normal -0.130245 0.824392 -0.550831
    outer loop
      vertex -4.75082 2.38673 4.92424
      vertex -4.32933 2.43075 4.89046
      vertex -4.32933 2.19911 4.54378
    endloop
  endfacet
  facet normal -0.607938 0.523514 -0.596946
    outer loop
      vertex -3.15777 3.31457 5.09386
      vertex -2.8205 3.47211 4.88854
      vertex -2.8205 3.23181 4.6778
    endloop
  endfacet
  facet normal -0.706352 0.393259 -0.58857
    outer loop
      vertex -2.8205 3.47211 4.88854
      vertex -2.8205 3.73787 5.06611
      vertex -2.5199 3.88817 4.80578
    endloop
  endfacet
  facet normal -0.706353 0.313087 -0.634856
    outer loop
      vertex -2.8205 3.73787 5.06611
      vertex -2.8205 4.02453 5.20748
      vertex -2.5199 4.13957 4.92976
    endloop
  endfacet
  facet normal -0.258306 -0.963994 0.0631864
    outer loop
      vertex -3.9187 8.03713 2.75
      vertex -4.32933 8.14716 2.75
      vertex -3.9187 8.0108 2.3483
    endloop
  endfacet
  facet normal -0.258306 -0.963994 -0.0631864
    outer loop
      vertex -3.9187 8.0108 3.3517
      vertex -4.32933 8.14716 2.95
      vertex -3.9187 8.03713 2.95
    endloop
  endfacet
  facet normal -0.381993 -0.87512 0.297063
    outer loop
      vertex -3.52594 7.77512 1.99558
      vertex -3.9187 7.93227 1.95348
      vertex -3.9187 7.80287 1.57228
    endloop
  endfacet
  facet normal -0.381995 -0.906409 0.180285
    outer loop
      vertex -3.52594 7.77512 1.99558
      vertex -3.9187 8.0108 2.3483
      vertex -3.9187 7.93227 1.95348
    endloop
  endfacet
  facet normal -0.608752 -0.793361 0
    outer loop
      vertex -3.15777 7.66188 2.75
      vertex -2.8205 7.40309 2.95
      vertex -3.15777 7.66188 2.95
    endloop
  endfacet
  facet normal -0.608752 -0.793361 -0
    outer loop
      vertex -2.8205 7.40309 2.95
      vertex -3.15777 7.66188 2.75
      vertex -2.8205 7.40309 2.75
    endloop
  endfacet
  facet normal -0.706353 -0.670294 -0.227536
    outer loop
      vertex -2.5199 6.93937 3.77004
      vertex -2.8205 7.21709 3.88508
      vertex -2.8205 7.31983 3.58242
    endloop
  endfacet
  facet normal -0.792723 -0.608276 0.0398755
    outer loop
      vertex -2.2611 6.74976 2.51432
      vertex -2.2611 6.76521 2.75
      vertex -2.5199 7.08415 2.4703
    endloop
  endfacet
  facet normal -0.865563 -0.330194 0.376526
    outer loop
      vertex -2.04854 5.97603 1.73358
      vertex -2.2611 6.23636 1.47324
      vertex -2.2611 6.05879 1.31752
    endloop
  endfacet
  facet normal -0.258299 -0.726331 -0.636965
    outer loop
      vertex -4.32933 7.21355 5.20394
      vertex -4.32933 7.48846 4.89046
      vertex -3.9187 7.40117 4.82348
    endloop
  endfacet
  facet normal -0.792713 -0.597879 -0.118936
    outer loop
      vertex -2.2611 6.70369 3.41732
      vertex -2.5199 7.02946 3.50462
      vertex -2.5199 7.08415 3.2297
    endloop
  endfacet
  facet normal -0.381999 -0.906407 -0.180285
    outer loop
      vertex -3.52594 7.77512 3.70441
      vertex -3.9187 7.93227 3.74652
      vertex -3.9187 8.0108 3.3517
    endloop
  endfacet
  facet normal -0.258306 -0.91479 -0.310545
    outer loop
      vertex -4.32933 7.90452 4.16982
      vertex -4.32933 8.03855 3.775
      vertex -3.9187 7.93227 3.74652
    endloop
  endfacet
  facet normal -0.499191 -0.383234 -0.777136
    outer loop
      vertex -3.52594 6.36496 5.5
      vertex -3.15777 6.31075 5.29024
      vertex -3.37672 6.17059 5.5
    endloop
  endfacet
  facet normal -0.499188 -0.383263 -0.777123
    outer loop
      vertex -3.15777 6.31075 5.29024
      vertex -3.52594 6.36496 5.5
      vertex -3.52594 6.41703 5.47432
    endloop
  endfacet
  facet normal -0.499188 -0.777131 -0.383248
    outer loop
      vertex -3.15777 7.29985 4.30114
      vertex -3.52594 7.48393 4.40742
      vertex -3.52594 7.65257 4.06546
    endloop
  endfacet
  facet normal -0.607949 -0.71209 -0.351176
    outer loop
      vertex -2.8205 7.07572 4.17174
      vertex -3.15777 7.29985 4.30114
      vertex -2.8205 7.21709 3.88508
    endloop
  endfacet
  facet normal -0.499177 -0.820517 -0.278523
    outer loop
      vertex -3.15777 7.45619 3.98412
      vertex -3.52594 7.77512 3.70441
      vertex -3.15777 7.56981 3.6494
    endloop
  endfacet
  facet normal -0.865558 -0.499736 -0.0327602
    outer loop
      vertex -2.04854 6.38475 3.13762
      vertex -2.2611 6.74976 3.18568
      vertex -2.2611 6.76521 2.95
    endloop
  endfacet
  facet normal -0.607946 -0.751841 -0.255218
    outer loop
      vertex -2.8205 7.21709 3.88508
      vertex -3.15777 7.45619 3.98412
      vertex -2.8205 7.31983 3.58242
    endloop
  endfacet
  facet normal -0.499192 -0.864637 0.0566562
    outer loop
      vertex -3.15777 7.66188 2.75
      vertex -3.52594 7.87444 2.75
      vertex -3.52594 7.84951 2.36954
    endloop
  endfacet
  facet normal -0.381975 -0.922195 0.0604277
    outer loop
      vertex -3.52594 7.84951 2.36954
      vertex -3.52594 7.87444 2.75
      vertex -3.9187 8.0108 2.3483
    endloop
  endfacet
  facet normal -0.258299 -0.803247 -0.536726
    outer loop
      vertex -3.9187 7.40117 4.82348
      vertex -4.32933 7.48846 4.89046
      vertex -4.32933 7.72011 4.54378
    endloop
  endfacet
  facet normal -0.130142 -0.653735 -0.745449
    outer loop
      vertex -4.75082 7.25278 5.24318
      vertex -4.72058 6.95391 5.5
      vertex -4.75082 6.95993 5.5
    endloop
  endfacet
  facet normal -0.130244 -0.653732 -0.745434
    outer loop
      vertex -4.72058 6.95391 5.5
      vertex -4.75082 7.25278 5.24318
      vertex -4.32933 7.21355 5.20394
    endloop
  endfacet
  facet normal 0.381998 -0.609259 -0.694896
    outer loop
      vertex -6.37661 6.7588 5.25409
      vertex -6.00805 6.83309 5.39156
      vertex -6.37644 6.74019 5.2705
    endloop
  endfacet
  facet normal 0.38199 -0.609338 -0.694832
    outer loop
      vertex -6.00805 6.83309 5.39156
      vertex -6.37661 6.7588 5.25409
      vertex -6.00805 7.13575 5.12614
    endloop
  endfacet
  facet normal -0.706353 0.227536 -0.670294
    outer loop
      vertex -2.8205 4.02453 5.20748
      vertex -2.8205 4.32719 5.31022
      vertex -2.5199 4.13957 4.92976
    endloop
  endfacet
  facet normal -0.607939 -0.051922 -0.792284
    outer loop
      vertex -2.97415 5.13325 5.5
      vertex -2.8205 4.95961 5.39348
      vertex -2.95932 4.95961 5.5
    endloop
  endfacet
  facet normal -0.607953 -0.0519421 -0.792272
    outer loop
      vertex -2.8205 4.95961 5.39348
      vertex -2.97415 5.13325 5.5
      vertex -2.8205 5.27855 5.37257
    endloop
  endfacet
  facet normal -0.381981 -0.513448 -0.768415
    outer loop
      vertex -3.59752 6.43185 5.5
      vertex -3.52594 6.73405 5.26249
      vertex -3.52594 6.41703 5.47432
    endloop
  endfacet
  facet normal -0.381994 -0.513443 -0.768412
    outer loop
      vertex -3.52594 6.73405 5.26249
      vertex -3.59752 6.43185 5.5
      vertex -3.7904 6.57535 5.5
    endloop
  endfacet
  facet normal -0.499165 -0.383242 -0.777148
    outer loop
      vertex -3.25793 6.01585 5.5
      vertex -3.15777 6.31075 5.29024
      vertex -3.15777 5.99372 5.44658
    endloop
  endfacet
  facet normal -0.499199 -0.383223 -0.777136
    outer loop
      vertex -3.15777 6.31075 5.29024
      vertex -3.25793 6.01585 5.5
      vertex -3.37672 6.17059 5.5
    endloop
  endfacet
  facet normal -0.865559 -0.474228 -0.160981
    outer loop
      vertex -2.2611 6.62777 3.64097
      vertex -2.2611 6.70369 3.41732
      vertex -2.04854 6.34807 3.32204
    endloop
  endfacet
  facet normal -0.965786 -0.258784 -0.0169663
    outer loop
      vertex -1.77582 5.58823 3.03276
      vertex -1.88585 5.99535 3.08636
      vertex -1.88585 6.00429 2.95
    endloop
  endfacet
  facet normal -0.607949 -0.351176 -0.71209
    outer loop
      vertex -2.8205 5.89469 5.20748
      vertex -3.15777 6.31075 5.29024
      vertex -2.8205 6.18135 5.06611
    endloop
  endfacet
  facet normal -0.70636 -0.532189 -0.466723
    outer loop
      vertex -2.8205 6.68741 4.6778
      vertex -2.8205 6.89815 4.4375
      vertex -2.5199 6.65966 4.2545
    endloop
  endfacet
  facet normal -0.607947 -0.59695 -0.523499
    outer loop
      vertex -2.8205 6.68741 4.6778
      vertex -3.15777 6.87041 4.8608
      vertex -3.15777 7.10347 4.59504
    endloop
  endfacet
  facet normal -0.499184 -0.651472 -0.571313
    outer loop
      vertex -3.15777 6.87041 4.8608
      vertex -3.52594 7.02071 5.0111
      vertex -3.15777 7.10347 4.59504
    endloop
  endfacet
  facet normal -0.258301 -0.726332 0.636963
    outer loop
      vertex -3.9187 7.40117 0.876523
      vertex -4.32933 7.48846 0.809542
      vertex -4.32933 7.21355 0.496061
    endloop
  endfacet
  facet normal -0.381986 -0.609345 0.694827
    outer loop
      vertex -3.52594 6.73405 0.437505
      vertex -3.9187 7.13575 0.573863
      vertex -3.9187 6.83309 0.308438
    endloop
  endfacet
  facet normal -0.130238 -0.550826 0.824396
    outer loop
      vertex -4.75082 6.93385 0.177122
      vertex -4.75082 6.66876 1.90735e-07
      vertex -4.35292 6.57468 1.90735e-07
    endloop
  endfacet
  facet normal -0.381967 -0.297061 0.875132
    outer loop
      vertex -3.52594 6.07507 0.0570423
      vertex -3.675 6.09869 1.90735e-07
      vertex -3.60604 6.01002 1.90735e-07
    endloop
  endfacet
  facet normal 0 -0.751829 0.659358
    outer loop
      vertex -5.17594 7.25278 0.456824
      vertex -4.75082 7.53249 0.775762
      vertex -5.17594 7.53249 0.775762
    endloop
  endfacet
  facet normal 0 -0.751829 0.659358
    outer loop
      vertex -4.75082 7.53249 0.775762
      vertex -5.17594 7.25278 0.456824
      vertex -4.75082 7.25278 0.456824
    endloop
  endfacet
  facet normal -0.258315 -0.803251 0.536713
    outer loop
      vertex -3.9187 7.62482 1.21124
      vertex -4.32933 7.72011 1.15622
      vertex -3.9187 7.40117 0.876523
    endloop
  endfacet
  facet normal -0.499186 -0.65147 0.571314
    outer loop
      vertex -3.15777 7.10347 1.10496
      vertex -3.52594 7.2721 0.97556
      vertex -3.52594 7.02071 0.6889
    endloop
  endfacet
  facet normal -0.923586 -0.376026 -0.0747892
    outer loop
      vertex -2.04854 6.34807 3.32204
      vertex -2.04854 6.38475 3.13762
      vertex -1.88585 5.99535 3.08636
    endloop
  endfacet
  facet normal -0.991408 -0.130524 -0.00854809
    outer loop
      vertex -1.77582 5.58823 3.03276
      vertex -1.77582 5.59365 2.95
      vertex -1.72033 5.17217 2.95
    endloop
  endfacet
  facet normal -0.991408 -0.128285 -0.0255441
    outer loop
      vertex -1.72033 5.16492 3.00501
      vertex -1.77582 5.58823 3.03276
      vertex -1.72033 5.17035 2.97774
    endloop
  endfacet
  facet normal -0.923585 -0.288251 -0.25279
    outer loop
      vertex -2.04854 5.97603 3.96642
      vertex -2.04854 6.1 3.82506
      vertex -1.88585 5.69831 3.6887
    endloop
  endfacet
  facet normal -0.792717 -0.546722 -0.26962
    outer loop
      vertex -2.2611 6.52331 3.8528
      vertex -2.5199 6.81539 4.02144
      vertex -2.5199 6.93937 3.77004
    endloop
  endfacet
  facet normal -0.923877 -0.38269 0
    outer loop
      vertex -1.88585 6.00429 2.75
      vertex -2.04854 6.39705 2.95
      vertex -2.04854 6.39705 2.75
    endloop
  endfacet
  facet normal -0.923877 -0.38269 0
    outer loop
      vertex -2.04854 6.39705 2.95
      vertex -1.88585 6.00429 2.75
      vertex -1.88585 6.00429 2.95
    endloop
  endfacet
  facet normal -0.965786 -0.254357 0.0505962
    outer loop
      vertex -1.77582 5.57205 2.5859
      vertex -1.77582 5.58823 2.66724
      vertex -1.88585 5.96869 2.47962
    endloop
  endfacet
  facet normal -0.130263 -0.938857 0.318715
    outer loop
      vertex -4.32933 7.90452 1.53018
      vertex -4.32933 8.03855 1.925
      vertex -4.75082 7.95579 1.50894
    endloop
  endfacet
  facet normal 0.38198 -0.40875 0.828864
    outer loop
      vertex -6.00805 6.49837 0.0847876
      vertex -6.40081 6.41703 0.225678
      vertex -6.40081 6.07507 0.0570423
    endloop
  endfacet
  facet normal 0.381976 -0.906411 -0.180313
    outer loop
      vertex -6.00805 8.0108 3.3517
      vertex -6.40081 7.77512 3.70441
      vertex -6.40081 7.84951 3.33046
    endloop
  endfacet
  facet normal 0 -0.980785 -0.195092
    outer loop
      vertex -5.17594 8.1749 3.3733
      vertex -4.75082 8.09214 3.78936
      vertex -5.17594 8.09214 3.78936
    endloop
  endfacet
  facet normal 0 -0.980785 -0.195092
    outer loop
      vertex -4.75082 8.09214 3.78936
      vertex -5.17594 8.1749 3.3733
      vertex -4.75082 8.1749 3.3733
    endloop
  endfacet
  facet normal 0.499199 0.777133 -0.383229
    outer loop
      vertex -6.40081 2.26665 4.06546
      vertex -6.68943 2.48134 4.12486
      vertex -6.67668 2.53094 4.24205
    endloop
  endfacet
  facet normal 0.499184 0.777124 -0.383267
    outer loop
      vertex -6.68943 2.48134 4.12486
      vertex -6.40081 2.26665 4.06546
      vertex -6.69246 2.42221 4.00102
    endloop
  endfacet
  facet normal 0.381996 0.768421 -0.513428
    outer loop
      vertex -6.40081 2.64711 4.72444
      vertex -6.00805 2.29439 4.48876
      vertex -6.40081 2.43529 4.40742
    endloop
  endfacet
  facet normal 0.499208 0.720296 -0.481628
    outer loop
      vertex -6.64386 2.74553 4.61971
      vertex -6.64146 2.75734 4.63986
      vertex -6.40081 2.64711 4.72444
    endloop
  endfacet
  facet normal 0.497622 0.721175 -0.481954
    outer loop
      vertex -6.64146 2.75734 4.63986
      vertex -6.64386 2.74553 4.61971
      vertex -6.64238 2.75462 4.63484
    endloop
  endfacet
  facet normal 0.499178 0.720474 -0.481392
    outer loop
      vertex -6.40081 2.43529 4.40742
      vertex -6.64386 2.74553 4.61971
      vertex -6.40081 2.64711 4.72444
    endloop
  endfacet
  facet normal 0.499182 0.720474 -0.481387
    outer loop
      vertex -6.64386 2.74553 4.61971
      vertex -6.40081 2.43529 4.40742
      vertex -6.65208 2.69494 4.53547
    endloop
  endfacet
  facet normal 0.499161 0.820513 -0.278562
    outer loop
      vertex -6.40081 2.14409 3.70441
      vertex -6.70869 2.38612 3.86562
      vertex -6.7007 2.40388 3.93225
    endloop
  endfacet
  facet normal 0.499402 0.820519 -0.278112
    outer loop
      vertex -6.70869 2.38612 3.86562
      vertex -6.40081 2.14409 3.70441
      vertex -6.7098 2.38364 3.85631
    endloop
  endfacet
  facet normal 0.499206 0.820509 -0.278494
    outer loop
      vertex -6.7098 2.38364 3.85631
      vertex -6.40081 2.14409 3.70441
      vertex -6.71783 2.32089 3.65704
    endloop
  endfacet
  facet normal 0.381996 0.906408 -0.180288
    outer loop
      vertex -6.40081 2.14409 3.70441
      vertex -6.00805 1.90841 3.3517
      vertex -6.40081 2.06971 3.33046
    endloop
  endfacet
  facet normal 0.499212 0.86458 -0.057346
    outer loop
      vertex -6.40081 2.06971 3.33046
      vertex -6.74321 2.26542 3.30041
      vertex -6.74291 2.26553 3.30468
    endloop
  endfacet
  facet normal 0.499183 0.864647 -0.0565811
    outer loop
      vertex -6.40081 2.06971 3.33046
      vertex -6.74467 2.26489 3.27943
      vertex -6.74321 2.26542 3.30041
    endloop
  endfacet
  facet normal 0.499191 0.864636 -0.0566788
    outer loop
      vertex -6.74467 2.26489 3.27943
      vertex -6.40081 2.06971 3.33046
      vertex -6.40081 2.04477 2.95
    endloop
  endfacet
  facet normal 0.381996 0.906409 0.180283
    outer loop
      vertex -6.40081 2.06971 2.36954
      vertex -6.00805 1.90841 2.3483
      vertex -6.40081 2.14409 1.99558
    endloop
  endfacet
  facet normal -0.130251 0.938862 0.318704
    outer loop
      vertex -4.75082 1.82707 1.91064
      vertex -4.32933 1.88067 1.925
      vertex -4.75082 1.96343 1.50894
    endloop
  endfacet
  facet normal 0.130255 0.972429 0.193429
    outer loop
      vertex -5.59742 1.88067 1.925
      vertex -5.17594 1.74431 2.3267
      vertex -5.17594 1.82707 1.91064
    endloop
  endfacet
  facet normal 0.499183 0.720477 0.481383
    outer loop
      vertex -6.40081 2.64711 0.97556
      vertex -6.74518 2.68656 1.27362
      vertex -6.74891 2.62088 1.37579
    endloop
  endfacet
  facet normal 0.499195 0.720466 0.481387
    outer loop
      vertex -6.40081 2.64711 0.97556
      vertex -6.74278 2.72884 1.20786
      vertex -6.74414 2.7049 1.2451
    endloop
  endfacet
  facet normal 0.499199 0.720458 0.481395
    outer loop
      vertex -6.74278 2.72884 1.20786
      vertex -6.40081 2.64711 0.97556
      vertex -6.73905 2.79449 1.10574
    endloop
  endfacet
  facet normal 0.499238 0.72039 0.481457
    outer loop
      vertex -6.74518 2.68656 1.27362
      vertex -6.40081 2.64711 0.97556
      vertex -6.74414 2.7049 1.2451
    endloop
  endfacet
  facet normal 0.499206 0.720389 0.48149
    outer loop
      vertex -6.73905 2.79449 1.10574
      vertex -6.40081 2.64711 0.97556
      vertex -6.73791 2.80152 1.09404
    endloop
  endfacet
  facet normal 0.38198 0.40875 0.828864
    outer loop
      vertex -6.40081 3.50219 0.225678
      vertex -6.00805 3.42085 0.0847876
      vertex -6.40081 3.84415 0.0570423
    endloop
  endfacet
  facet normal -0.706351 0.634869 0.313066
    outer loop
      vertex -2.5199 2.97985 1.92996
      vertex -2.5199 3.10382 1.67856
      vertex -2.8205 2.84349 1.52826
    endloop
  endfacet
  facet normal -0.130238 0.989361 -0.0648355
    outer loop
      vertex -4.75082 1.74431 3.3733
      vertex -4.32933 1.79932 3.36606
      vertex -4.75082 1.71657 2.95
    endloop
  endfacet
  facet normal -0.258309 0.963996 0.0631604
    outer loop
      vertex -4.32933 1.77206 2.75
      vertex -3.9187 1.90841 2.3483
      vertex -4.32933 1.79932 2.33394
    endloop
  endfacet
  facet normal 0.258313 0.914792 -0.31053
    outer loop
      vertex -6.00805 2.11635 4.12772
      vertex -5.59742 2.01469 4.16982
      vertex -6.00805 1.98695 3.74652
    endloop
  endfacet
  facet normal 0.130255 0.972429 -0.193429
    outer loop
      vertex -5.59742 1.88067 3.775
      vertex -5.17594 1.82707 3.78936
      vertex -5.17594 1.74431 3.3733
    endloop
  endfacet
  facet normal 0.381979 0.906411 -0.180309
    outer loop
      vertex -6.40081 2.14409 3.70441
      vertex -6.00805 1.98695 3.74652
      vertex -6.00805 1.90841 3.3517
    endloop
  endfacet
  facet normal 0.258306 0.947498 -0.188482
    outer loop
      vertex -6.00805 1.98695 3.74652
      vertex -5.59742 1.88067 3.775
      vertex -6.00805 1.90841 3.3517
    endloop
  endfacet
  facet normal 0 0.980785 -0.195092
    outer loop
      vertex -4.75082 1.74431 3.3733
      vertex -5.17594 1.82707 3.78936
      vertex -4.75082 1.82707 3.78936
    endloop
  endfacet
  facet normal 0 0.980785 -0.195092
    outer loop
      vertex -5.17594 1.82707 3.78936
      vertex -4.75082 1.74431 3.3733
      vertex -5.17594 1.74431 3.3733
    endloop
  endfacet
  facet normal 0.130254 0.989359 -0.0648222
    outer loop
      vertex -5.59742 1.77206 2.95
      vertex -5.59742 1.79932 3.36606
      vertex -5.17594 1.71657 2.95
    endloop
  endfacet
  facet normal -0.130252 0.97243 -0.19343
    outer loop
      vertex -4.75082 1.82707 3.78936
      vertex -4.32933 1.88067 3.775
      vertex -4.75082 1.74431 3.3733
    endloop
  endfacet
  facet normal 0 0.946929 -0.321442
    outer loop
      vertex -4.75082 1.82707 3.78936
      vertex -5.17594 1.96343 4.19106
      vertex -4.75082 1.96343 4.19106
    endloop
  endfacet
  facet normal 0 0.946929 -0.321442
    outer loop
      vertex -5.17594 1.96343 4.19106
      vertex -4.75082 1.82707 3.78936
      vertex -5.17594 1.82707 3.78936
    endloop
  endfacet
  facet normal 0.130241 0.972428 0.193444
    outer loop
      vertex -5.59742 1.79932 2.33394
      vertex -5.17594 1.74431 2.3267
      vertex -5.59742 1.88067 1.925
    endloop
  endfacet
  facet normal 0.130529 0.991445 -0
    outer loop
      vertex -5.17594 1.71657 2.75
      vertex -5.59742 1.77206 2.95
      vertex -5.17594 1.71657 2.95
    endloop
  endfacet
  facet normal 0.130529 0.991445 0
    outer loop
      vertex -5.59742 1.77206 2.95
      vertex -5.17594 1.71657 2.75
      vertex -5.59742 1.77206 2.75
    endloop
  endfacet
  facet normal 0.381995 0.922185 0.0604513
    outer loop
      vertex -6.40081 2.06971 2.36954
      vertex -6.40081 2.04477 2.75
      vertex -6.00805 1.90841 2.3483
    endloop
  endfacet
  facet normal 0.2583 0.63697 0.726327
    outer loop
      vertex -6.00805 2.78347 0.573863
      vertex -5.59742 2.70567 0.496061
      vertex -6.00805 3.08613 0.308438
    endloop
  endfacet
  facet normal 0.499193 0.820503 0.278534
    outer loop
      vertex -6.40081 2.14409 1.99558
      vertex -6.76377 2.35949 2.01156
      vertex -6.76217 2.34561 2.04958
    endloop
  endfacet
  facet normal 0.499189 0.820492 0.278574
    outer loop
      vertex -6.40081 2.14409 1.99558
      vertex -6.76298 2.37331 1.96944
      vertex -6.76377 2.35949 2.01156
    endloop
  endfacet
  facet normal 0.499252 0.820556 0.278272
    outer loop
      vertex -6.40081 2.14409 1.99558
      vertex -6.76271 2.37808 1.95489
      vertex -6.76298 2.37331 1.96944
    endloop
  endfacet
  facet normal 0.499184 0.820501 0.278555
    outer loop
      vertex -6.40081 2.14409 1.99558
      vertex -6.76163 2.3971 1.89693
      vertex -6.76271 2.37808 1.95489
    endloop
  endfacet
  facet normal 0.499189 0.820503 0.278542
    outer loop
      vertex -6.40081 2.14409 1.99558
      vertex -6.75866 2.44927 1.73793
      vertex -6.76163 2.3971 1.89693
    endloop
  endfacet
  facet normal 0.499455 0.820477 0.278141
    outer loop
      vertex -6.75866 2.44927 1.73793
      vertex -6.40081 2.14409 1.99558
      vertex -6.75811 2.45361 1.72414
    endloop
  endfacet
  facet normal 0.49923 0.721169 0.480296
    outer loop
      vertex -6.40081 2.43529 1.29258
      vertex -6.7494 2.61238 1.38901
      vertex -6.74942 2.60959 1.39322
    endloop
  endfacet
  facet normal 0.499168 0.720315 0.481639
    outer loop
      vertex -6.7494 2.61238 1.38901
      vertex -6.40081 2.43529 1.29258
      vertex -6.74891 2.62088 1.37579
    endloop
  endfacet
  facet normal 0.49919 0.720469 0.481388
    outer loop
      vertex -6.74891 2.62088 1.37579
      vertex -6.40081 2.43529 1.29258
      vertex -6.40081 2.64711 0.97556
    endloop
  endfacet
  facet normal -0.258294 0.866436 0.427286
    outer loop
      vertex -4.32933 2.01469 1.53018
      vertex -3.9187 2.29439 1.21124
      vertex -4.32933 2.19911 1.15622
    endloop
  endfacet
  facet normal -0.499188 0.72047 0.481389
    outer loop
      vertex -3.52594 2.43529 1.29258
      vertex -3.15777 2.61937 1.39886
      vertex -3.52594 2.64711 0.97556
    endloop
  endfacet
  facet normal -0.130243 0.88923 -0.438528
    outer loop
      vertex -4.75082 1.96343 4.19106
      vertex -4.32933 2.19911 4.54378
      vertex -4.32933 2.01469 4.16982
    endloop
  endfacet
  facet normal 0 0.99786 -0.0653925
    outer loop
      vertex -4.75082 1.71657 2.95
      vertex -5.17594 1.74431 3.3733
      vertex -4.75082 1.74431 3.3733
    endloop
  endfacet
  facet normal 0 0.99786 -0.0653925
    outer loop
      vertex -5.17594 1.74431 3.3733
      vertex -4.75082 1.71657 2.95
      vertex -5.17594 1.71657 2.95
    endloop
  endfacet
  facet normal -0.607947 0.59695 -0.523499
    outer loop
      vertex -3.15777 3.04881 4.8608
      vertex -2.8205 3.23181 4.6778
      vertex -3.15777 2.81575 4.59504
    endloop
  endfacet
  facet normal -0.499184 0.651472 -0.571313
    outer loop
      vertex -3.52594 2.89851 5.0111
      vertex -3.15777 3.04881 4.8608
      vertex -3.15777 2.81575 4.59504
    endloop
  endfacet
  facet normal -0.258306 0.947498 0.188482
    outer loop
      vertex -3.9187 1.90841 2.3483
      vertex -3.9187 1.98695 1.95348
      vertex -4.32933 1.88067 1.925
    endloop
  endfacet
  facet normal -0.258311 0.866439 0.427268
    outer loop
      vertex -4.32933 2.01469 1.53018
      vertex -3.9187 2.11635 1.57228
      vertex -3.9187 2.29439 1.21124
    endloop
  endfacet
  facet normal -0.499197 0.849841 0.169032
    outer loop
      vertex -3.52594 2.06971 2.36954
      vertex -3.15777 2.34941 2.0506
      vertex -3.52594 2.14409 1.99558
    endloop
  endfacet
  facet normal -0.499188 0.777131 0.383248
    outer loop
      vertex -3.52594 2.26665 1.63454
      vertex -3.15777 2.61937 1.39886
      vertex -3.52594 2.43529 1.29258
    endloop
  endfacet
  facet normal -0.258306 0.947498 -0.188482
    outer loop
      vertex -4.32933 1.88067 3.775
      vertex -3.9187 1.98695 3.74652
      vertex -3.9187 1.90841 3.3517
    endloop
  endfacet
  facet normal -0.499187 0.849844 0.169047
    outer loop
      vertex -3.52594 2.06971 2.36954
      vertex -3.15777 2.28045 2.39728
      vertex -3.15777 2.34941 2.0506
    endloop
  endfacet
  facet normal -0.607937 0.778729 0.154901
    outer loop
      vertex -3.15777 2.28045 2.39728
      vertex -2.8205 2.53703 2.43106
      vertex -3.15777 2.34941 2.0506
    endloop
  endfacet
  facet normal -0.607935 0.71211 -0.351161
    outer loop
      vertex -3.15777 2.61937 4.30114
      vertex -2.8205 2.84349 4.17174
      vertex -2.8205 2.70213 3.88508
    endloop
  endfacet
  facet normal -0.607942 0.751846 -0.255213
    outer loop
      vertex -3.15777 2.34941 3.6494
      vertex -3.15777 2.46303 3.98412
      vertex -2.8205 2.59939 3.58242
    endloop
  endfacet
  facet normal -0.991408 0.12829 0.0255193
    outer loop
      vertex -1.77582 4.33099 2.66724
      vertex -1.72033 4.75429 2.69498
      vertex -1.77582 4.34717 2.5859
    endloop
  endfacet
  facet normal -0.607943 0.778722 0.15491
    outer loop
      vertex -2.8205 2.53703 2.43106
      vertex -2.8205 2.59939 2.11758
      vertex -3.15777 2.34941 2.0506
    endloop
  endfacet
  facet normal -0.865557 0.376529 0.330208
    outer loop
      vertex -2.04854 3.81921 1.87494
      vertex -2.04854 3.94318 1.73358
      vertex -2.2611 3.52713 1.65082
    endloop
  endfacet
  facet normal -0.923588 0.123236 0.363041
    outer loop
      vertex -2.04854 4.40952 1.42198
      vertex -1.88585 4.68923 1.74092
      vertex -2.04854 4.58757 1.36154
    endloop
  endfacet
  facet normal -0.792724 0.506844 0.33867
    outer loop
      vertex -2.2611 3.39591 1.8472
      vertex -2.2611 3.52713 1.65082
      vertex -2.5199 3.25955 1.4455
    endloop
  endfacet
  facet normal -0.865561 0.221502 0.449157
    outer loop
      vertex -2.04854 4.24089 1.50514
      vertex -2.04854 4.40952 1.42198
      vertex -2.2611 4.26863 1.08184
    endloop
  endfacet
  facet normal -0.499185 0.0566725 0.86464
    outer loop
      vertex -3.25142 4.86283 1.90735e-07
      vertex -3.15777 4.60689 0.0708429
      vertex -3.15777 4.95961 0.047724
    endloop
  endfacet
  facet normal -0.499203 0.0566631 0.86463
    outer loop
      vertex -3.15777 4.60689 0.0708429
      vertex -3.25142 4.86283 1.90735e-07
      vertex -3.28153 4.59756 1.90735e-07
    endloop
  endfacet
  facet normal -0.965786 -0.232602 0.114688
    outer loop
      vertex -1.77582 5.50871 2.43298
      vertex -1.88585 5.92476 2.35022
      vertex -1.88585 5.86433 2.22766
    endloop
  endfacet
  facet normal -0.60794 -0.660171 0.441117
    outer loop
      vertex -2.8205 6.89815 1.2625
      vertex -3.15777 7.29985 1.39886
      vertex -3.15777 7.10347 1.10496
    endloop
  endfacet
  facet normal -0.865561 -0.474223 0.160987
    outer loop
      vertex -2.04854 6.28763 2.19992
      vertex -2.04854 6.34807 2.37796
      vertex -2.2611 6.62777 2.05903
    endloop
  endfacet
  facet normal -0.865561 -0.449161 0.221491
    outer loop
      vertex -2.04854 6.28763 2.19992
      vertex -2.2611 6.62777 2.05903
      vertex -2.04854 6.20447 2.03128
    endloop
  endfacet
  facet normal -0.38198 -0.513443 0.768419
    outer loop
      vertex -3.52594 6.41703 0.225678
      vertex -3.52594 6.73405 0.437505
      vertex -3.9187 6.49837 0.0847876
    endloop
  endfacet
  facet normal -0.499188 -0.651468 0.571315
    outer loop
      vertex -3.15777 6.87041 0.839203
      vertex -3.15777 7.10347 1.10496
      vertex -3.52594 7.02071 0.6889
    endloop
  endfacet
  facet normal -0.607942 -0.351171 0.712099
    outer loop
      vertex -2.8205 5.89469 0.49252
      vertex -2.8205 6.18135 0.633886
      vertex -3.15777 6.31075 0.409761
    endloop
  endfacet
  facet normal -0.70636 -0.227527 0.670289
    outer loop
      vertex -2.5199 5.51422 0.680144
      vertex -2.5199 5.77965 0.770243
      vertex -2.8205 5.59203 0.38978
    endloop
  endfacet
  facet normal -0.923586 -0.025082 0.38257
    outer loop
      vertex -1.88585 4.95961 1.70532
      vertex -1.88585 5.09597 1.71426
      vertex -2.04854 4.95961 1.31256
    endloop
  endfacet
  facet normal -0.923588 0.213002 0.318773
    outer loop
      vertex -1.88585 4.32365 1.9212
      vertex -1.88585 4.43727 1.84528
      vertex -2.04854 4.08455 1.6096
    endloop
  endfacet
  facet normal -0.965786 -0.0833528 0.24558
    outer loop
      vertex -1.77582 5.12371 2.13756
      vertex -1.88585 5.35939 1.78484
      vertex -1.88585 5.22999 1.74092
    endloop
  endfacet
  facet normal -0.965787 -0.114702 0.232593
    outer loop
      vertex -1.77582 5.20225 2.16422
      vertex -1.88585 5.48195 1.84528
      vertex -1.88585 5.35939 1.78484
    endloop
  endfacet
  facet normal -0.865557 0.416405 0.27824
    outer loop
      vertex -2.2611 3.39591 1.8472
      vertex -2.04854 3.81921 1.87494
      vertex -2.2611 3.52713 1.65082
    endloop
  endfacet
  facet normal -0.923586 -0.0250805 0.38257
    outer loop
      vertex -1.88585 5.09597 1.71426
      vertex -2.04854 5.14723 1.32486
      vertex -2.04854 4.95961 1.31256
    endloop
  endfacet
  facet normal -0.865561 -0.221491 0.449161
    outer loop
      vertex -2.04854 5.50969 1.42198
      vertex -2.04854 5.67833 1.50514
      vertex -2.2611 5.65058 1.08184
    endloop
  endfacet
  facet normal -0.965787 -0.144082 0.21563
    outer loop
      vertex -1.77582 5.34559 2.24698
      vertex -1.88585 5.59557 1.9212
      vertex -1.88585 5.48195 1.84528
    endloop
  endfacet
  facet normal -0.965786 -0.254356 0.0505979
    outer loop
      vertex -1.77582 5.58823 2.66724
      vertex -1.88585 5.99535 2.61364
      vertex -1.88585 5.96869 2.47962
    endloop
  endfacet
  facet normal -0.991408 -0.00854809 0.130524
    outer loop
      vertex -1.72033 4.95961 2.53744
      vertex -1.77582 5.04237 2.12138
      vertex -1.77582 4.95961 2.11596
    endloop
  endfacet
  facet normal -0.991409 -0.0578557 0.117311
    outer loop
      vertex -1.72033 5.04095 2.55362
      vertex -1.72033 5.06589 2.56592
      vertex -1.77582 5.27663 2.2009
    endloop
  endfacet
  facet normal -0.923588 0.363044 0.123222
    outer loop
      vertex -2.04854 3.57115 2.37796
      vertex -1.88585 3.95053 2.47962
      vertex -1.88585 3.99445 2.35022
    endloop
  endfacet
  facet normal -0.991445 0.130526 0
    outer loop
      vertex -1.77582 4.32556 2.75
      vertex -1.72033 4.74705 2.95
      vertex -1.72033 4.74705 2.75
    endloop
  endfacet
  facet normal -0.991445 0.130526 0
    outer loop
      vertex -1.72033 4.74705 2.95
      vertex -1.77582 4.32556 2.75
      vertex -1.77582 4.32556 2.95
    endloop
  endfacet
  facet normal -0.991409 0.0862363 -0.0983485
    outer loop
      vertex -1.77582 4.51127 3.39834
      vertex -1.77582 4.57363 3.45302
      vertex -1.72033 4.83021 3.11863
    endloop
  endfacet
  facet normal -0.965787 0.144082 -0.21563
    outer loop
      vertex -1.88585 4.32365 3.7788
      vertex -1.88585 4.43727 3.85472
      vertex -1.77582 4.57363 3.45302
    endloop
  endfacet
  facet normal -0.923588 0.213002 -0.318773
    outer loop
      vertex -2.04854 4.08455 4.0904
      vertex -1.88585 4.43727 3.85472
      vertex -1.88585 4.32365 3.7788
    endloop
  endfacet
  facet normal -0.706354 -0.532201 -0.466718
    outer loop
      vertex -2.5199 6.47485 4.46524
      vertex -2.8205 6.68741 4.6778
      vertex -2.5199 6.65966 4.2545
    endloop
  endfacet
  facet normal -0.706355 -0.466732 -0.532188
    outer loop
      vertex -2.5199 6.26411 4.65006
      vertex -2.8205 6.68741 4.6778
      vertex -2.5199 6.47485 4.46524
    endloop
  endfacet
  facet normal -0.865563 0.0977053 -0.491177
    outer loop
      vertex -2.2611 4.49228 4.69408
      vertex -2.2611 4.72393 4.74016
      vertex -2.04854 4.77198 4.37514
    endloop
  endfacet
  facet normal -0.706351 0.0462901 -0.706347
    outer loop
      vertex -2.8205 4.64067 5.37257
      vertex -2.5199 4.95961 5.09287
      vertex -2.5199 4.67991 5.07454
    endloop
  endfacet
  facet normal -0.607947 -0.0519532 -0.792276
    outer loop
      vertex -2.97415 5.13325 5.5
      vertex -2.988 5.29532 5.5
      vertex -2.8205 5.27855 5.37257
    endloop
  endfacet
  facet normal -0.965786 0.0505979 -0.254356
    outer loop
      vertex -1.88585 4.68923 3.95908
      vertex -1.88585 4.82325 3.98574
      vertex -1.77582 4.87685 3.57862
    endloop
  endfacet
  facet normal -0.923587 0.0747929 -0.376024
    outer loop
      vertex -2.04854 4.58757 4.33846
      vertex -2.04854 4.77198 4.37514
      vertex -1.88585 4.82325 3.98574
    endloop
  endfacet
  facet normal -0.706351 -0.0462901 -0.706347
    outer loop
      vertex -2.5199 4.95961 5.09287
      vertex -2.8205 5.27855 5.37257
      vertex -2.5199 5.23931 5.07454
    endloop
  endfacet
  facet normal -0.792719 0.0398635 -0.608283
    outer loop
      vertex -2.5199 4.67991 5.07454
      vertex -2.5199 4.95961 5.09287
      vertex -2.2611 4.95961 4.7556
    endloop
  endfacet
  facet normal -0.86556 0.278227 -0.416408
    outer loop
      vertex -2.2611 4.05681 4.5137
      vertex -2.04854 4.24089 4.19486
      vertex -2.04854 4.08455 4.0904
    endloop
  endfacet
  facet normal -0.792718 0.269618 -0.546722
    outer loop
      vertex -2.5199 4.13957 4.92976
      vertex -2.2611 4.26863 4.61816
      vertex -2.2611 4.05681 4.5137
    endloop
  endfacet
  facet normal -0.792714 0.0398506 -0.60829
    outer loop
      vertex -2.5199 4.67991 5.07454
      vertex -2.2611 4.95961 4.7556
      vertex -2.2611 4.72393 4.74016
    endloop
  endfacet
  facet normal -0.865561 0.0976983 -0.491182
    outer loop
      vertex -2.2611 4.49228 4.69408
      vertex -2.04854 4.77198 4.37514
      vertex -2.04854 4.58757 4.33846
    endloop
  endfacet
  facet normal -0.923585 -0.169564 -0.343859
    outer loop
      vertex -2.04854 5.50969 4.27802
      vertex -2.04854 5.67833 4.19486
      vertex -1.88585 5.35939 3.91516
    endloop
  endfacet
  facet normal -0.923585 -0.123238 -0.363047
    outer loop
      vertex -2.04854 5.33164 4.33846
      vertex -2.04854 5.50969 4.27802
      vertex -1.88585 5.35939 3.91516
    endloop
  endfacet
  facet normal -0.706355 0.532188 -0.466732
    outer loop
      vertex -2.8205 3.23181 4.6778
      vertex -2.5199 3.44437 4.46524
      vertex -2.5199 3.25955 4.2545
    endloop
  endfacet
  facet normal -0.923588 0.0747924 0.376022
    outer loop
      vertex -2.04854 4.58757 1.36154
      vertex -1.88585 4.68923 1.74092
      vertex -2.04854 4.77198 1.32486
    endloop
  endfacet
  facet normal -0.965785 0.258786 -0.0169793
    outer loop
      vertex -1.77582 4.33099 3.03276
      vertex -1.77582 4.32556 2.95
      vertex -1.88585 3.91493 2.95
    endloop
  endfacet
  facet normal -0.792718 0.401937 -0.458306
    outer loop
      vertex -2.5199 3.44437 4.46524
      vertex -2.5199 3.65511 4.65006
      vertex -2.2611 3.68285 4.22675
    endloop
  endfacet
  facet normal -0.86556 0.449161 -0.221495
    outer loop
      vertex -2.2611 3.39591 3.8528
      vertex -2.04854 3.71475 3.66872
      vertex -2.2611 3.29145 3.64097
    endloop
  endfacet
  facet normal -0.865559 0.474228 -0.160981
    outer loop
      vertex -2.2611 3.21553 3.41732
      vertex -2.2611 3.29145 3.64097
      vertex -2.04854 3.57115 3.32204
    endloop
  endfacet
  facet normal -0.865564 0.499726 -0.0327611
    outer loop
      vertex -2.04854 3.53447 3.13762
      vertex -2.04854 3.52217 2.95
      vertex -2.2611 3.154 2.95
    endloop
  endfacet
  facet normal -0.499184 0.571313 -0.651472
    outer loop
      vertex -3.52594 2.89851 5.0111
      vertex -3.15777 3.31457 5.09386
      vertex -3.15777 3.04881 4.8608
    endloop
  endfacet
  facet normal -0.499199 0.720464 -0.481385
    outer loop
      vertex -3.52594 2.64711 4.72444
      vertex -3.15777 2.81575 4.59504
      vertex -3.52594 2.43529 4.40742
    endloop
  endfacet
  facet normal -0.70636 0.532178 -0.466736
    outer loop
      vertex -2.8205 3.02106 4.4375
      vertex -2.8205 3.23181 4.6778
      vertex -2.5199 3.25955 4.2545
    endloop
  endfacet
  facet normal -0.706353 0.670294 -0.227536
    outer loop
      vertex -2.8205 2.70213 3.88508
      vertex -2.5199 2.97985 3.77004
      vertex -2.8205 2.59939 3.58242
    endloop
  endfacet
  facet normal 0.381948 0.513453 -0.768428
    outer loop
      vertex -6.00805 3.08613 5.39156
      vertex -6.13635 3.34386 5.5
      vertex -6.00805 3.24842 5.5
    endloop
  endfacet
  facet normal 0.381991 0.513463 -0.7684
    outer loop
      vertex -6.13635 3.34386 5.5
      vertex -6.00805 3.08613 5.39156
      vertex -6.40081 3.18517 5.26249
    endloop
  endfacet
  facet normal 0.382001 0.513451 -0.768403
    outer loop
      vertex -6.40081 3.18517 5.26249
      vertex -6.32923 3.48736 5.5
      vertex -6.13635 3.34386 5.5
    endloop
  endfacet
  facet normal 0.382042 0.513434 -0.768394
    outer loop
      vertex -6.32923 3.48736 5.5
      vertex -6.40081 3.18517 5.26249
      vertex -6.40081 3.50219 5.47432
    endloop
  endfacet
  facet normal 0.258297 0.636964 -0.726333
    outer loop
      vertex -6.00805 3.08613 5.39156
      vertex -5.59742 2.70567 5.20394
      vertex -6.00805 2.78347 5.12614
    endloop
  endfacet
  facet normal 0 0.659342 -0.751843
    outer loop
      vertex -5.17594 2.66643 5.24318
      vertex -4.75082 2.95928 5.5
      vertex -4.75082 2.66643 5.24318
    endloop
  endfacet
  facet normal 0 0.659342 -0.751843
    outer loop
      vertex -4.75082 2.95928 5.5
      vertex -5.17594 2.66643 5.24318
      vertex -5.17594 2.95928 5.5
    endloop
  endfacet
  facet normal 0.130258 0.889233 -0.438517
    outer loop
      vertex -5.59742 2.19911 4.54378
      vertex -5.17594 2.15105 4.57152
      vertex -5.17594 1.96343 4.19106
    endloop
  endfacet
  facet normal 0.130246 0.88923 -0.438528
    outer loop
      vertex -5.59742 2.19911 4.54378
      vertex -5.17594 1.96343 4.19106
      vertex -5.59742 2.01469 4.16982
    endloop
  endfacet
  facet normal -0.258284 0.964 -0.0631868
    outer loop
      vertex -3.9187 1.90841 3.3517
      vertex -3.9187 1.88208 2.95
      vertex -4.32933 1.77206 2.95
    endloop
  endfacet
  facet normal -0.130241 0.938867 -0.318694
    outer loop
      vertex -4.75082 1.96343 4.19106
      vertex -4.32933 2.01469 4.16982
      vertex -4.32933 1.88067 3.775
    endloop
  endfacet
  facet normal -0.13026 0.745437 -0.653724
    outer loop
      vertex -4.75082 2.66643 5.24318
      vertex -4.32933 2.70567 5.20394
      vertex -4.75082 2.38673 4.92424
    endloop
  endfacet
  facet normal 0 0.751843 -0.659342
    outer loop
      vertex -4.75082 2.38673 4.92424
      vertex -5.17594 2.66643 5.24318
      vertex -4.75082 2.66643 5.24318
    endloop
  endfacet
  facet normal 0 0.751843 -0.659342
    outer loop
      vertex -5.17594 2.66643 5.24318
      vertex -4.75082 2.38673 4.92424
      vertex -5.17594 2.38673 4.92424
    endloop
  endfacet
  facet normal -0.499182 -0.820514 0.278522
    outer loop
      vertex -3.15777 7.56981 2.0506
      vertex -3.52594 7.77512 1.99558
      vertex -3.15777 7.45619 1.71588
    endloop
  endfacet
  facet normal -0.607946 -0.751841 0.255218
    outer loop
      vertex -2.8205 7.21709 1.81492
      vertex -2.8205 7.31983 2.11758
      vertex -3.15777 7.45619 1.71588
    endloop
  endfacet
  facet normal -0.706353 -0.634856 -0.313087
    outer loop
      vertex -2.8205 7.07572 4.17174
      vertex -2.8205 7.21709 3.88508
      vertex -2.5199 6.93937 3.77004
    endloop
  endfacet
  facet normal -0.706353 -0.670294 0.227536
    outer loop
      vertex -2.5199 6.93937 1.92996
      vertex -2.8205 7.31983 2.11758
      vertex -2.8205 7.21709 1.81492
    endloop
  endfacet
  facet normal -0.499187 -0.849844 0.169047
    outer loop
      vertex -3.15777 7.63877 2.39728
      vertex -3.52594 7.84951 2.36954
      vertex -3.15777 7.56981 2.0506
    endloop
  endfacet
  facet normal -0.965785 -0.232598 0.114704
    outer loop
      vertex -1.77582 5.50871 2.43298
      vertex -1.77582 5.54539 2.50736
      vertex -1.88585 5.92476 2.35022
    endloop
  endfacet
  facet normal -0.86556 -0.449161 0.221495
    outer loop
      vertex -2.04854 6.20447 2.03128
      vertex -2.2611 6.62777 2.05903
      vertex -2.2611 6.52331 1.8472
    endloop
  endfacet
  facet normal -0.258313 -0.86644 -0.427266
    outer loop
      vertex -3.9187 7.62482 4.48876
      vertex -4.32933 7.72011 4.54378
      vertex -4.32933 7.90452 4.16982
    endloop
  endfacet
  facet normal -0.258315 -0.803253 -0.53671
    outer loop
      vertex -3.9187 7.40117 4.82348
      vertex -4.32933 7.72011 4.54378
      vertex -3.9187 7.62482 4.48876
    endloop
  endfacet
  facet normal -0.258309 -0.963994 -0.0631835
    outer loop
      vertex -3.9187 8.0108 3.3517
      vertex -4.32933 8.11989 3.36606
      vertex -4.32933 8.14716 2.95
    endloop
  endfacet
  facet normal -0.258309 -0.947501 -0.188462
    outer loop
      vertex -4.32933 8.03855 3.775
      vertex -4.32933 8.11989 3.36606
      vertex -3.9187 8.0108 3.3517
    endloop
  endfacet
  facet normal -0.70636 -0.706336 -0.0463081
    outer loop
      vertex -2.8205 7.38218 3.26894
      vertex -2.8205 7.40309 2.95
      vertex -2.5199 7.10248 2.95
    endloop
  endfacet
  facet normal -0.60793 -0.79229 -0.0519432
    outer loop
      vertex -2.8205 7.38218 3.26894
      vertex -3.15777 7.66188 2.95
      vertex -2.8205 7.40309 2.95
    endloop
  endfacet
  facet normal -0.865561 -0.474223 -0.160987
    outer loop
      vertex -2.04854 6.28763 3.50008
      vertex -2.2611 6.62777 3.64097
      vertex -2.04854 6.34807 3.32204
    endloop
  endfacet
  facet normal -0.923585 -0.318779 -0.213006
    outer loop
      vertex -1.88585 5.78841 3.58596
      vertex -2.04854 6.1 3.82506
      vertex -1.88585 5.86433 3.47234
    endloop
  endfacet
  facet normal -0.381991 -0.694831 -0.609338
    outer loop
      vertex -3.9187 7.13575 5.12614
      vertex -3.9187 7.40117 4.82348
      vertex -3.52594 7.2721 4.72444
    endloop
  endfacet
  facet normal -0.258297 -0.726333 -0.636964
    outer loop
      vertex -3.9187 7.13575 5.12614
      vertex -4.32933 7.21355 5.20394
      vertex -3.9187 7.40117 4.82348
    endloop
  endfacet
  facet normal -0.130252 -0.653723 -0.74544
    outer loop
      vertex -4.53178 6.91629 5.5
      vertex -4.32933 7.21355 5.20394
      vertex -4.32933 6.90007 5.47885
    endloop
  endfacet
  facet normal -0.130259 -0.653719 -0.745442
    outer loop
      vertex -4.32933 7.21355 5.20394
      vertex -4.53178 6.91629 5.5
      vertex -4.72058 6.95391 5.5
    endloop
  endfacet
  facet normal 0.130266 -0.745439 -0.653721
    outer loop
      vertex -5.17594 7.53249 4.92424
      vertex -5.59742 7.21355 5.20394
      vertex -5.59742 7.48846 4.89046
    endloop
  endfacet
  facet normal -0.706353 -0.138086 -0.69426
    outer loop
      vertex -2.8205 5.27855 5.37257
      vertex -2.8205 5.59203 5.31022
      vertex -2.5199 5.51422 5.01986
    endloop
  endfacet
  facet normal -0.706343 -0.39325 -0.588586
    outer loop
      vertex -2.5199 6.03104 4.80578
      vertex -2.8205 6.4471 4.88854
      vertex -2.5199 6.26411 4.65006
    endloop
  endfacet
  facet normal -0.866023 -0.500005 0
    outer loop
      vertex -2.04854 6.39705 2.75
      vertex -2.2611 6.76521 2.95
      vertex -2.2611 6.76521 2.75
    endloop
  endfacet
  facet normal -0.866023 -0.500005 0
    outer loop
      vertex -2.2611 6.76521 2.95
      vertex -2.04854 6.39705 2.75
      vertex -2.04854 6.39705 2.95
    endloop
  endfacet
  facet normal -0.865558 -0.499736 -0.0327617
    outer loop
      vertex -2.04854 6.38475 3.13762
      vertex -2.2611 6.76521 2.95
      vertex -2.04854 6.39705 2.95
    endloop
  endfacet
  facet normal -0.923588 -0.363037 -0.123242
    outer loop
      vertex -1.88585 5.92476 3.34978
      vertex -2.04854 6.28763 3.50008
      vertex -2.04854 6.34807 3.32204
    endloop
  endfacet
  facet normal -0.923586 -0.38257 0.0250805
    outer loop
      vertex -1.88585 5.99535 2.61364
      vertex -2.04854 6.39705 2.75
      vertex -2.04854 6.38475 2.56238
    endloop
  endfacet
  facet normal -0.792719 -0.608283 -0.0398635
    outer loop
      vertex -2.5199 7.08415 3.2297
      vertex -2.5199 7.10248 2.95
      vertex -2.2611 6.76521 2.95
    endloop
  endfacet
  facet normal -0.792723 -0.597872 -0.118908
    outer loop
      vertex -2.2611 6.70369 3.41732
      vertex -2.5199 7.08415 3.2297
      vertex -2.2611 6.74976 3.18568
    endloop
  endfacet
  facet normal -0.499185 -0.72046 -0.481405
    outer loop
      vertex -3.15777 7.10347 4.59504
      vertex -3.52594 7.2721 4.72444
      vertex -3.52594 7.48393 4.40742
    endloop
  endfacet
  facet normal -0.499186 -0.65147 -0.571314
    outer loop
      vertex -3.52594 7.02071 5.0111
      vertex -3.52594 7.2721 4.72444
      vertex -3.15777 7.10347 4.59504
    endloop
  endfacet
  facet normal -0.607944 -0.596949 0.523504
    outer loop
      vertex -2.8205 6.68741 1.0222
      vertex -3.15777 7.10347 1.10496
      vertex -3.15777 6.87041 0.839203
    endloop
  endfacet
  facet normal -0.499188 -0.571316 0.651467
    outer loop
      vertex -3.15777 6.87041 0.839203
      vertex -3.52594 7.02071 0.6889
      vertex -3.15777 6.60465 0.60614
    endloop
  endfacet
  facet normal -0.49919 -0.169042 0.849844
    outer loop
      vertex -3.15777 5.65901 0.139802
      vertex -3.40846 5.69647 1.90735e-07
      vertex -3.34179 5.49959 1.90735e-07
    endloop
  endfacet
  facet normal 0.381998 -0.40875 0.828855
    outer loop
      vertex -6.00805 6.49837 0.0847876
      vertex -6.25175 6.09869 1.90735e-07
      vertex -6.00805 6.32644 1.90735e-07
    endloop
  endfacet
  facet normal 0.381962 -0.408734 0.828879
    outer loop
      vertex -6.25175 6.09869 1.90735e-07
      vertex -6.00805 6.49837 0.0847876
      vertex -6.40081 6.07507 0.0570423
    endloop
  endfacet
  facet normal -0.258304 -0.636972 0.726324
    outer loop
      vertex -3.9187 6.83309 0.308438
      vertex -4.32933 7.21355 0.496061
      vertex -4.32933 6.90007 0.221145
    endloop
  endfacet
  facet normal -0.258304 -0.536712 0.803255
    outer loop
      vertex -3.9187 6.83309 0.308438
      vertex -4.32933 6.90007 0.221145
      vertex -3.9187 6.49837 0.0847876
    endloop
  endfacet
  facet normal 0 -0.555558 0.831478
    outer loop
      vertex -5.17594 6.93385 0.177122
      vertex -4.75082 6.66876 1.90735e-07
      vertex -4.75082 6.93385 0.177122
    endloop
  endfacet
  facet normal 0 -0.555558 0.831478
    outer loop
      vertex -4.75082 6.66876 1.90735e-07
      vertex -5.17594 6.93385 0.177122
      vertex -5.17594 6.66876 1.90735e-07
    endloop
  endfacet
  facet normal -0.381987 -0.768418 0.513439
    outer loop
      vertex -3.52594 7.2721 0.97556
      vertex -3.9187 7.62482 1.21124
      vertex -3.9187 7.40117 0.876523
    endloop
  endfacet
  facet normal -0.499185 -0.720462 0.481403
    outer loop
      vertex -3.15777 7.10347 1.10496
      vertex -3.15777 7.29985 1.39886
      vertex -3.52594 7.2721 0.97556
    endloop
  endfacet
  facet normal -0.2583 -0.63697 0.726327
    outer loop
      vertex -3.9187 7.13575 0.573863
      vertex -4.32933 7.21355 0.496061
      vertex -3.9187 6.83309 0.308438
    endloop
  endfacet
  facet normal -0.2583 -0.726333 0.636963
    outer loop
      vertex -3.9187 7.13575 0.573863
      vertex -3.9187 7.40117 0.876523
      vertex -4.32933 7.21355 0.496061
    endloop
  endfacet
  facet normal -0.130262 -0.745424 0.65374
    outer loop
      vertex -4.32933 7.48846 0.809542
      vertex -4.75082 7.53249 0.775762
      vertex -4.75082 7.25278 0.456824
    endloop
  endfacet
  facet normal -0.2583 -0.803246 0.536728
    outer loop
      vertex -3.9187 7.40117 0.876523
      vertex -4.32933 7.72011 1.15622
      vertex -4.32933 7.48846 0.809542
    endloop
  endfacet
  facet normal -0.991409 -0.0726752 -0.108754
    outer loop
      vertex -1.72033 5.06589 3.13408
      vertex -1.77582 5.34559 3.45302
      vertex -1.72033 5.08901 3.11863
    endloop
  endfacet
  facet normal -0.923586 -0.38257 -0.025082
    outer loop
      vertex -1.88585 5.99535 3.08636
      vertex -2.04854 6.39705 2.95
      vertex -1.88585 6.00429 2.95
    endloop
  endfacet
  facet normal -0.923586 -0.38257 -0.0250805
    outer loop
      vertex -1.88585 5.99535 3.08636
      vertex -2.04854 6.38475 3.13762
      vertex -2.04854 6.39705 2.95
    endloop
  endfacet
  facet normal -0.965785 -0.232604 -0.114689
    outer loop
      vertex -1.88585 5.86433 3.47234
      vertex -1.88585 5.92476 3.34978
      vertex -1.77582 5.54539 3.19264
    endloop
  endfacet
  facet normal -0.965787 -0.194977 -0.170995
    outer loop
      vertex -1.77582 5.40794 3.39834
      vertex -1.88585 5.69831 3.6887
      vertex -1.77582 5.46263 3.33598
    endloop
  endfacet
  facet normal -0.965786 -0.258784 0.0169663
    outer loop
      vertex -1.77582 5.58823 2.66724
      vertex -1.88585 6.00429 2.75
      vertex -1.88585 5.99535 2.61364
    endloop
  endfacet
  facet normal -0.865561 -0.376523 -0.330203
    outer loop
      vertex -2.04854 5.97603 3.96642
      vertex -2.2611 6.39209 4.04918
      vertex -2.04854 6.1 3.82506
    endloop
  endfacet
  facet normal -0.965787 -0.194981 -0.170992
    outer loop
      vertex -1.88585 5.69831 3.6887
      vertex -1.88585 5.78841 3.58596
      vertex -1.77582 5.46263 3.33598
    endloop
  endfacet
  facet normal 0.258315 -0.803251 0.536713
    outer loop
      vertex -5.59742 7.72011 1.15622
      vertex -6.00805 7.62482 1.21124
      vertex -6.00805 7.40117 0.876523
    endloop
  endfacet
  facet normal -0.130234 -0.824398 0.550825
    outer loop
      vertex -4.32933 7.72011 1.15622
      vertex -4.75082 7.76816 1.12848
      vertex -4.75082 7.53249 0.775762
    endloop
  endfacet
  facet normal 0 -0.831479 0.555556
    outer loop
      vertex -5.17594 7.53249 0.775762
      vertex -4.75082 7.76816 1.12848
      vertex -5.17594 7.76816 1.12848
    endloop
  endfacet
  facet normal 0 -0.831479 0.555556
    outer loop
      vertex -4.75082 7.76816 1.12848
      vertex -5.17594 7.53249 0.775762
      vertex -4.75082 7.53249 0.775762
    endloop
  endfacet
  facet normal 0.38198 -0.513443 0.768419
    outer loop
      vertex -6.40081 6.73405 0.437505
      vertex -6.40081 6.41703 0.225678
      vertex -6.00805 6.49837 0.0847876
    endloop
  endfacet
  facet normal 0.499288 -0.86458 -0.0566806
    outer loop
      vertex -6.44797 7.84224 3.02593
      vertex -6.40081 7.84951 3.33046
      vertex -6.42796 7.83567 3.30241
    endloop
  endfacet
  facet normal 0.45815 -0.886932 -0.0587372
    outer loop
      vertex -6.44801 7.84232 3.02441
      vertex -6.44797 7.84224 3.02593
      vertex -6.44803 7.84226 3.02516
    endloop
  endfacet
  facet normal 0.496789 -0.865888 -0.0586464
    outer loop
      vertex -6.44797 7.84224 3.02593
      vertex -6.44801 7.84232 3.02441
      vertex -6.40081 7.87444 2.95
    endloop
  endfacet
  facet normal 0.499201 -0.864637 -0.0565763
    outer loop
      vertex -6.40081 7.87444 2.95
      vertex -6.44801 7.84232 3.02441
      vertex -6.44638 7.84813 2.95
    endloop
  endfacet
  facet normal 0.499153 -0.86466 -0.0566577
    outer loop
      vertex -6.44797 7.84224 3.02593
      vertex -6.40081 7.87444 2.95
      vertex -6.40081 7.84951 3.33046
    endloop
  endfacet
  facet normal 0.130237 -0.824397 0.550824
    outer loop
      vertex -5.17594 7.76816 1.12848
      vertex -5.59742 7.72011 1.15622
      vertex -5.17594 7.53249 0.775762
    endloop
  endfacet
  facet normal 0.499112 -0.383361 0.777124
    outer loop
      vertex -6.54822 6.15326 0.190289
      vertex -6.40081 6.07507 0.0570423
      vertex -6.54733 6.16886 0.197413
    endloop
  endfacet
  facet normal 0.499196 -0.383225 0.777137
    outer loop
      vertex -6.40081 6.07507 0.0570423
      vertex -6.54822 6.15326 0.190289
      vertex -6.55459 6.04109 0.139067
    endloop
  endfacet
  facet normal 0.258299 -0.726331 -0.636965
    outer loop
      vertex -5.59742 7.48846 4.89046
      vertex -5.59742 7.21355 5.20394
      vertex -6.00805 7.40117 4.82348
    endloop
  endfacet
  facet normal 0.258291 -0.866435 -0.42729
    outer loop
      vertex -5.59742 7.90452 4.16982
      vertex -6.00805 7.62482 4.48876
      vertex -6.00805 7.80287 4.12772
    endloop
  endfacet
  facet normal 0.499221 -0.777124 0.383219
    outer loop
      vertex -6.40081 7.65257 1.63454
      vertex -6.46498 7.61834 1.64872
      vertex -6.46661 7.58953 1.59242
    endloop
  endfacet
  facet normal 0.130232 -0.972432 -0.19343
    outer loop
      vertex -5.17594 8.09214 3.78936
      vertex -5.59742 8.03855 3.775
      vertex -5.17594 8.1749 3.3733
    endloop
  endfacet
  facet normal -0.130251 -0.989358 -0.0648459
    outer loop
      vertex -4.32933 8.11989 3.36606
      vertex -4.75082 8.20265 2.95
      vertex -4.32933 8.14716 2.95
    endloop
  endfacet
  facet normal 0.130237 -0.889227 -0.438536
    outer loop
      vertex -5.17594 7.76816 4.57152
      vertex -5.59742 7.72011 4.54378
      vertex -5.17594 7.95579 4.19106
    endloop
  endfacet
  facet normal 0.130233 -0.938872 -0.318684
    outer loop
      vertex -5.17594 8.09214 3.78936
      vertex -5.17594 7.95579 4.19106
      vertex -5.59742 8.03855 3.775
    endloop
  endfacet
  facet normal 0.381981 0.828868 -0.40874
    outer loop
      vertex -6.00805 2.29439 4.48876
      vertex -6.00805 2.11635 4.12772
      vertex -6.40081 2.26665 4.06546
    endloop
  endfacet
  facet normal 0.381998 0.828853 -0.408755
    outer loop
      vertex -6.40081 2.43529 4.40742
      vertex -6.00805 2.29439 4.48876
      vertex -6.40081 2.26665 4.06546
    endloop
  endfacet
  facet normal 0.617822 0.786318 -0
    outer loop
      vertex -6.76898 2.25733 2.75
      vertex -6.76954 2.25777 2.7511
      vertex -6.76898 2.25733 2.76371
    endloop
  endfacet
  facet normal 0.617822 0.786318 0
    outer loop
      vertex -6.76954 2.25777 2.7511
      vertex -6.76898 2.25733 2.75
      vertex -6.76954 2.25777 2.75055
    endloop
  endfacet
  facet normal 0.617822 0.786318 0
    outer loop
      vertex -6.76954 2.25777 2.75055
      vertex -6.76898 2.25733 2.75
      vertex -6.76954 2.25777 2.75037
    endloop
  endfacet
  facet normal 0.617822 0.786318 0
    outer loop
      vertex -6.76954 2.25777 2.75037
      vertex -6.76898 2.25733 2.75
      vertex -6.76954 2.25777 2.75
    endloop
  endfacet
  facet normal 0.381991 0.922187 0.0604461
    outer loop
      vertex -6.40081 2.04477 2.75
      vertex -6.00805 1.88208 2.75
      vertex -6.00805 1.90841 2.3483
    endloop
  endfacet
  facet normal 0.49919 0.864635 0.0567072
    outer loop
      vertex -6.40081 2.04477 2.75
      vertex -6.76898 2.26772 2.59158
      vertex -6.76898 2.25733 2.75
    endloop
  endfacet
  facet normal 0.499201 0.864631 0.0566752
    outer loop
      vertex -6.40081 2.04477 2.75
      vertex -6.76839 2.27801 2.4294
      vertex -6.76898 2.26772 2.59158
    endloop
  endfacet
  facet normal 0.499193 0.864635 0.0566874
    outer loop
      vertex -6.76839 2.27801 2.4294
      vertex -6.40081 2.04477 2.75
      vertex -6.76633 2.27876 2.39982
    endloop
  endfacet
  facet normal 0.600078 0.796656 0.0724233
    outer loop
      vertex -6.76898 2.25733 2.75
      vertex -6.76954 2.25781 2.74936
      vertex -6.76954 2.2578 2.74947
    endloop
  endfacet
  facet normal 0.620714 0.782803 0.0439777
    outer loop
      vertex -6.76898 2.25733 2.75
      vertex -6.76954 2.25786 2.74847
      vertex -6.76954 2.25781 2.74936
    endloop
  endfacet
  facet normal 0.607896 0.792315 0.0519641
    outer loop
      vertex -6.76954 2.25786 2.74847
      vertex -6.76898 2.25733 2.75
      vertex -6.76898 2.26772 2.59158
    endloop
  endfacet
  facet normal 0.258306 0.947498 0.188482
    outer loop
      vertex -6.00805 1.98695 1.95348
      vertex -6.00805 1.90841 2.3483
      vertex -5.59742 1.88067 1.925
    endloop
  endfacet
  facet normal 0.258308 0.947497 0.188485
    outer loop
      vertex -6.00805 1.90841 2.3483
      vertex -5.59742 1.79932 2.33394
      vertex -5.59742 1.88067 1.925
    endloop
  endfacet
  facet normal 0.130256 0.824384 0.550839
    outer loop
      vertex -5.59742 2.19911 1.15622
      vertex -5.17594 2.15105 1.12848
      vertex -5.17594 2.38673 0.775762
    endloop
  endfacet
  facet normal -0.130253 0.824385 0.550839
    outer loop
      vertex -4.75082 2.15105 1.12848
      vertex -4.32933 2.19911 1.15622
      vertex -4.75082 2.38673 0.775762
    endloop
  endfacet
  facet normal -0.381996 0.768421 0.513428
    outer loop
      vertex -3.9187 2.29439 1.21124
      vertex -3.52594 2.43529 1.29258
      vertex -3.52594 2.64711 0.97556
    endloop
  endfacet
  facet normal 0 0.831468 0.555572
    outer loop
      vertex -4.75082 2.38673 0.775762
      vertex -5.17594 2.15105 1.12848
      vertex -4.75082 2.15105 1.12848
    endloop
  endfacet
  facet normal 0 0.831468 0.555572
    outer loop
      vertex -5.17594 2.15105 1.12848
      vertex -4.75082 2.38673 0.775762
      vertex -5.17594 2.38673 0.775762
    endloop
  endfacet
  facet normal -0.258312 0.427269 0.866439
    outer loop
      vertex -3.9187 3.42085 0.0847876
      vertex -4.04318 3.51753 1.90735e-07
      vertex -4.28408 3.37189 1.90735e-07
    endloop
  endfacet
  facet normal 0.381985 0.513437 0.76842
    outer loop
      vertex -6.40081 3.18517 0.437505
      vertex -6.00805 3.08613 0.308438
      vertex -6.00805 3.42085 0.0847876
    endloop
  endfacet
  facet normal 0 0.99786 0.0653925
    outer loop
      vertex -4.75082 1.74431 2.3267
      vertex -5.17594 1.71657 2.75
      vertex -4.75082 1.71657 2.75
    endloop
  endfacet
  facet normal 0 0.99786 0.0653925
    outer loop
      vertex -5.17594 1.71657 2.75
      vertex -4.75082 1.74431 2.3267
      vertex -5.17594 1.74431 2.3267
    endloop
  endfacet
  facet normal 0.258308 0.947497 -0.188485
    outer loop
      vertex -5.59742 1.88067 3.775
      vertex -5.59742 1.79932 3.36606
      vertex -6.00805 1.90841 3.3517
    endloop
  endfacet
  facet normal 0.258309 0.963996 -0.0631604
    outer loop
      vertex -6.00805 1.90841 3.3517
      vertex -5.59742 1.79932 3.36606
      vertex -5.59742 1.77206 2.95
    endloop
  endfacet
  facet normal 0.258802 0.965931 -0
    outer loop
      vertex -5.59742 1.77206 2.75
      vertex -6.00805 1.88208 2.95
      vertex -5.59742 1.77206 2.95
    endloop
  endfacet
  facet normal 0.258802 0.965931 0
    outer loop
      vertex -6.00805 1.88208 2.95
      vertex -5.59742 1.77206 2.75
      vertex -6.00805 1.88208 2.75
    endloop
  endfacet
  facet normal 0.381988 0.609347 0.694824
    outer loop
      vertex -6.40081 2.89851 0.6889
      vertex -6.00805 2.78347 0.573863
      vertex -6.40081 3.18517 0.437505
    endloop
  endfacet
  facet normal 0.38198 0.513443 0.768419
    outer loop
      vertex -6.40081 3.50219 0.225678
      vertex -6.40081 3.18517 0.437505
      vertex -6.00805 3.42085 0.0847876
    endloop
  endfacet
  facet normal 0.499185 0.820508 0.278533
    outer loop
      vertex -6.40081 2.26665 1.63454
      vertex -6.75811 2.45361 1.72414
      vertex -6.40081 2.14409 1.99558
    endloop
  endfacet
  facet normal 0.499194 0.820448 0.278695
    outer loop
      vertex -6.75811 2.45361 1.72414
      vertex -6.40081 2.26665 1.63454
      vertex -6.75768 2.457 1.71339
    endloop
  endfacet
  facet normal 0.258311 0.866439 0.427268
    outer loop
      vertex -6.00805 2.11635 1.57228
      vertex -5.59742 2.01469 1.53018
      vertex -6.00805 2.29439 1.21124
    endloop
  endfacet
  facet normal 0.130248 0.82439 0.550833
    outer loop
      vertex -5.59742 2.43075 0.809542
      vertex -5.59742 2.19911 1.15622
      vertex -5.17594 2.38673 0.775762
    endloop
  endfacet
  facet normal 0.499232 0.651353 0.571408
    outer loop
      vertex -6.40081 2.89851 0.6889
      vertex -6.72957 2.96136 0.90449
      vertex -6.73149 2.92762 0.944628
    endloop
  endfacet
  facet normal 0.499149 0.651526 0.571282
    outer loop
      vertex -6.40081 2.89851 0.6889
      vertex -6.73149 2.92762 0.944628
      vertex -6.7335 2.89226 0.986711
    endloop
  endfacet
  facet normal 0.499177 0.651507 0.57128
    outer loop
      vertex -6.72957 2.96136 0.90449
      vertex -6.40081 2.89851 0.6889
      vertex -6.72561 3.0311 0.821496
    endloop
  endfacet
  facet normal 0.499162 0.651505 0.571296
    outer loop
      vertex -6.40081 2.89851 0.6889
      vertex -6.7335 2.89226 0.986711
      vertex -6.73744 2.82284 1.06932
    endloop
  endfacet
  facet normal 0.381975 0.906412 0.180309
    outer loop
      vertex -6.40081 2.14409 1.99558
      vertex -6.00805 1.90841 2.3483
      vertex -6.00805 1.98695 1.95348
    endloop
  endfacet
  facet normal 0.381974 0.875127 0.297066
    outer loop
      vertex -6.40081 2.14409 1.99558
      vertex -6.00805 1.98695 1.95348
      vertex -6.00805 2.11635 1.57228
    endloop
  endfacet
  facet normal 0.499197 0.777248 0.382998
    outer loop
      vertex -6.40081 2.26665 1.63454
      vertex -6.75805 2.46014 1.7075
      vertex -6.75768 2.457 1.71339
    endloop
  endfacet
  facet normal 0.499186 0.77713 0.383252
    outer loop
      vertex -6.40081 2.26665 1.63454
      vertex -6.75566 2.50223 1.61904
      vertex -6.75805 2.46014 1.7075
    endloop
  endfacet
  facet normal 0.499191 0.777137 0.383232
    outer loop
      vertex -6.75566 2.50223 1.61904
      vertex -6.40081 2.26665 1.63454
      vertex -6.75003 2.60121 1.41099
    endloop
  endfacet
  facet normal 0.499185 0.849848 0.169033
    outer loop
      vertex -6.40081 2.14409 1.99558
      vertex -6.76254 2.34451 2.05618
      vertex -6.40081 2.06971 2.36954
    endloop
  endfacet
  facet normal 0.499209 0.84972 0.169606
    outer loop
      vertex -6.76254 2.34451 2.05618
      vertex -6.40081 2.14409 1.99558
      vertex -6.76217 2.34561 2.04958
    endloop
  endfacet
  facet normal -0.38198 0.875122 0.297072
    outer loop
      vertex -3.52594 2.14409 1.99558
      vertex -3.52594 2.26665 1.63454
      vertex -3.9187 2.11635 1.57228
    endloop
  endfacet
  facet normal -0.381974 0.875127 0.297066
    outer loop
      vertex -3.9187 1.98695 1.95348
      vertex -3.52594 2.14409 1.99558
      vertex -3.9187 2.11635 1.57228
    endloop
  endfacet
  facet normal -0.381993 0.609339 -0.694829
    outer loop
      vertex -3.9187 2.78347 5.12614
      vertex -3.52594 3.18517 5.26249
      vertex -3.52594 2.89851 5.0111
    endloop
  endfacet
  facet normal -0.258297 0.636964 -0.726333
    outer loop
      vertex -4.32933 2.70567 5.20394
      vertex -3.9187 3.08613 5.39156
      vertex -3.9187 2.78347 5.12614
    endloop
  endfacet
  facet normal -0.130251 0.98936 0.0648223
    outer loop
      vertex -4.75082 1.71657 2.75
      vertex -4.32933 1.77206 2.75
      vertex -4.32933 1.79932 2.33394
    endloop
  endfacet
  facet normal -0.258284 0.964 0.0631868
    outer loop
      vertex -4.32933 1.77206 2.75
      vertex -3.9187 1.88208 2.75
      vertex -3.9187 1.90841 2.3483
    endloop
  endfacet
  facet normal -0.130238 0.989361 0.0648355
    outer loop
      vertex -4.75082 1.71657 2.75
      vertex -4.32933 1.79932 2.33394
      vertex -4.75082 1.74431 2.3267
    endloop
  endfacet
  facet normal -0.607942 0.751846 0.255213
    outer loop
      vertex -3.15777 2.34941 2.0506
      vertex -2.8205 2.59939 2.11758
      vertex -3.15777 2.46303 1.71588
    endloop
  endfacet
  facet normal -0.607937 0.792285 -0.0519325
    outer loop
      vertex -3.15777 2.28045 3.30272
      vertex -2.8205 2.53703 3.26894
      vertex -3.15777 2.25733 2.95
    endloop
  endfacet
  facet normal -0.499187 0.849844 -0.169047
    outer loop
      vertex -3.52594 2.06971 3.33046
      vertex -3.15777 2.34941 3.6494
      vertex -3.15777 2.28045 3.30272
    endloop
  endfacet
  facet normal -0.499194 0.849842 -0.169037
    outer loop
      vertex -3.52594 2.14409 3.70441
      vertex -3.15777 2.34941 3.6494
      vertex -3.52594 2.06971 3.33046
    endloop
  endfacet
  facet normal -0.792718 0.608282 -0.0398852
    outer loop
      vertex -2.5199 2.83507 3.2297
      vertex -2.2611 3.154 2.95
      vertex -2.5199 2.81673 2.95
    endloop
  endfacet
  facet normal -0.706363 0.694251 -0.138082
    outer loop
      vertex -2.8205 2.53703 3.26894
      vertex -2.5199 2.88975 3.50462
      vertex -2.5199 2.83507 3.2297
    endloop
  endfacet
  facet normal -0.499191 0.864637 -0.056675
    outer loop
      vertex -3.15777 2.28045 3.30272
      vertex -3.15777 2.25733 2.95
      vertex -3.52594 2.04477 2.95
    endloop
  endfacet
  facet normal -0.607946 0.792279 0.0519177
    outer loop
      vertex -3.15777 2.25733 2.75
      vertex -2.8205 2.51613 2.75
      vertex -2.8205 2.53703 2.43106
    endloop
  endfacet
  facet normal -0.499189 0.777131 -0.383246
    outer loop
      vertex -3.52594 2.26665 4.06546
      vertex -3.15777 2.61937 4.30114
      vertex -3.15777 2.46303 3.98412
    endloop
  endfacet
  facet normal -0.49919 0.820508 -0.278525
    outer loop
      vertex -3.52594 2.26665 4.06546
      vertex -3.15777 2.46303 3.98412
      vertex -3.52594 2.14409 3.70441
    endloop
  endfacet
  facet normal -0.792714 0.597879 0.118936
    outer loop
      vertex -2.5199 2.83507 2.4703
      vertex -2.2611 3.16945 2.51432
      vertex -2.2611 3.21553 2.28268
    endloop
  endfacet
  facet normal -0.865564 0.499726 0.0327595
    outer loop
      vertex -2.2611 3.154 2.75
      vertex -2.04854 3.53447 2.56238
      vertex -2.2611 3.16945 2.51432
    endloop
  endfacet
  facet normal -0.706351 0.670294 0.227539
    outer loop
      vertex -2.8205 2.59939 2.11758
      vertex -2.5199 2.88975 2.19538
      vertex -2.5199 2.97985 1.92996
    endloop
  endfacet
  facet normal -0.865559 0.474228 0.160981
    outer loop
      vertex -2.2611 3.21553 2.28268
      vertex -2.04854 3.57115 2.37796
      vertex -2.2611 3.29145 2.05903
    endloop
  endfacet
  facet normal -0.923587 0.288247 0.252784
    outer loop
      vertex -1.88585 4.13081 2.11404
      vertex -1.88585 4.22091 2.0113
      vertex -2.04854 3.81921 1.87494
    endloop
  endfacet
  facet normal -0.865561 0.474223 0.160987
    outer loop
      vertex -2.04854 3.57115 2.37796
      vertex -2.04854 3.63159 2.19992
      vertex -2.2611 3.29145 2.05903
    endloop
  endfacet
  facet normal -0.70636 0.532184 0.466728
    outer loop
      vertex -2.8205 3.02106 1.2625
      vertex -2.5199 3.25955 1.4455
      vertex -2.5199 3.44437 1.23476
    endloop
  endfacet
  facet normal -0.792716 0.195949 0.577239
    outer loop
      vertex -2.5199 4.13957 0.770243
      vertex -2.2611 4.49228 1.00592
      vertex -2.5199 4.40499 0.680144
    endloop
  endfacet
  facet normal -0.499189 0.777131 0.383246
    outer loop
      vertex -3.52594 2.26665 1.63454
      vertex -3.15777 2.46303 1.71588
      vertex -3.15777 2.61937 1.39886
    endloop
  endfacet
  facet normal -0.607947 0.712102 0.351157
    outer loop
      vertex -3.15777 2.46303 1.71588
      vertex -2.8205 2.70213 1.81492
      vertex -2.8205 2.84349 1.52826
    endloop
  endfacet
  facet normal -0.706359 -0.313077 0.634854
    outer loop
      vertex -2.5199 6.03104 0.894218
      vertex -2.8205 6.18135 0.633886
      vertex -2.8205 5.89469 0.49252
    endloop
  endfacet
  facet normal -0.923586 -0.318772 0.213011
    outer loop
      vertex -1.88585 5.86433 2.22766
      vertex -2.04854 6.20447 2.03128
      vertex -2.04854 6.1 1.87494
    endloop
  endfacet
  facet normal -0.923585 -0.288252 0.252788
    outer loop
      vertex -1.88585 5.69831 2.0113
      vertex -1.88585 5.78841 2.11404
      vertex -2.04854 6.1 1.87494
    endloop
  endfacet
  facet normal -0.381985 -0.513437 0.76842
    outer loop
      vertex -3.52594 6.73405 0.437505
      vertex -3.9187 6.83309 0.308438
      vertex -3.9187 6.49837 0.0847876
    endloop
  endfacet
  facet normal -0.499197 -0.278529 0.820503
    outer loop
      vertex -3.15777 5.65901 0.139802
      vertex -3.15777 5.99372 0.253423
      vertex -3.52594 6.07507 0.0570423
    endloop
  endfacet
  facet normal -0.499193 -0.571318 0.651461
    outer loop
      vertex -3.15777 6.60465 0.60614
      vertex -3.52594 7.02071 0.6889
      vertex -3.52594 6.73405 0.437505
    endloop
  endfacet
  facet normal -0.499192 -0.383239 0.777133
    outer loop
      vertex -3.15777 6.31075 0.409761
      vertex -3.52594 6.41703 0.225678
      vertex -3.52594 6.07507 0.0570423
    endloop
  endfacet
  facet normal -0.38198 -0.40875 0.828864
    outer loop
      vertex -3.52594 6.41703 0.225678
      vertex -3.9187 6.49837 0.0847876
      vertex -3.52594 6.07507 0.0570423
    endloop
  endfacet
  facet normal -0.499192 -0.481398 0.72046
    outer loop
      vertex -3.15777 6.60465 0.60614
      vertex -3.52594 6.73405 0.437505
      vertex -3.52594 6.41703 0.225678
    endloop
  endfacet
  facet normal -0.706356 -0.0462951 0.706342
    outer loop
      vertex -2.5199 5.23931 0.625459
      vertex -2.8205 5.27855 0.327425
      vertex -2.8205 4.95961 0.306521
    endloop
  endfacet
  facet normal -0.499205 0.169058 0.849831
    outer loop
      vertex -3.34179 4.41962 1.90735e-07
      vertex -3.15777 4.60689 0.0708429
      vertex -3.28153 4.59756 1.90735e-07
    endloop
  endfacet
  facet normal -0.499195 0.169044 0.84984
    outer loop
      vertex -3.15777 4.60689 0.0708429
      vertex -3.34179 4.41962 1.90735e-07
      vertex -3.15777 4.26021 0.139802
    endloop
  endfacet
  facet normal -0.607937 -0.25522 0.751848
    outer loop
      vertex -2.8205 5.59203 0.38978
      vertex -2.8205 5.89469 0.49252
      vertex -3.15777 5.99372 0.253423
    endloop
  endfacet
  facet normal -0.792719 -0.03987 0.608282
    outer loop
      vertex -2.2611 4.95961 0.944397
      vertex -2.5199 5.23931 0.625459
      vertex -2.5199 4.95961 0.607126
    endloop
  endfacet
  facet normal -0.706356 0.227536 0.67029
    outer loop
      vertex -2.5199 4.13957 0.770243
      vertex -2.5199 4.40499 0.680144
      vertex -2.8205 4.32719 0.38978
    endloop
  endfacet
  facet normal -0.607942 0.255219 0.751844
    outer loop
      vertex -2.8205 4.02453 0.49252
      vertex -2.8205 4.32719 0.38978
      vertex -3.15777 3.92549 0.253423
    endloop
  endfacet
  facet normal -0.792714 -0.338678 0.506855
    outer loop
      vertex -2.2611 5.86241 1.1863
      vertex -2.2611 6.05879 1.31752
      vertex -2.5199 6.03104 0.894218
    endloop
  endfacet
  facet normal -0.86556 -0.221495 0.449161
    outer loop
      vertex -2.04854 5.67833 1.50514
      vertex -2.2611 5.86241 1.1863
      vertex -2.2611 5.65058 1.08184
    endloop
  endfacet
  facet normal -0.965786 0.0505962 0.254357
    outer loop
      vertex -1.77582 4.79551 2.13756
      vertex -1.77582 4.87685 2.12138
      vertex -1.88585 4.68923 1.74092
    endloop
  endfacet
  facet normal -0.965786 0.0505979 0.254356
    outer loop
      vertex -1.88585 4.68923 1.74092
      vertex -1.77582 4.87685 2.12138
      vertex -1.88585 4.82325 1.71426
    endloop
  endfacet
  facet normal -0.991408 0.0862378 0.0983502
    outer loop
      vertex -1.77582 4.51127 2.30166
      vertex -1.72033 4.83021 2.58136
      vertex -1.77582 4.57363 2.24698
    endloop
  endfacet
  facet normal -0.923586 0.16957 0.343853
    outer loop
      vertex -1.88585 4.43727 1.84528
      vertex -1.88585 4.55983 1.78484
      vertex -2.04854 4.24089 1.50514
    endloop
  endfacet
  facet normal -0.792716 0.195949 0.577239
    outer loop
      vertex -2.2611 4.26863 1.08184
      vertex -2.2611 4.49228 1.00592
      vertex -2.5199 4.13957 0.770243
    endloop
  endfacet
  facet normal -0.79272 0.0398707 0.608281
    outer loop
      vertex -2.2611 4.72393 0.959845
      vertex -2.2611 4.95961 0.944397
      vertex -2.5199 4.67991 0.625459
    endloop
  endfacet
  facet normal -0.965786 -0.0505961 0.254356
    outer loop
      vertex -1.77582 5.04237 2.12138
      vertex -1.77582 5.12371 2.13756
      vertex -1.88585 5.09597 1.71426
    endloop
  endfacet
  facet normal -0.965787 -0.144086 0.215628
    outer loop
      vertex -1.77582 5.27663 2.2009
      vertex -1.77582 5.34559 2.24698
      vertex -1.88585 5.48195 1.84528
    endloop
  endfacet
  facet normal -0.923585 -0.252792 0.288249
    outer loop
      vertex -1.88585 5.69831 2.0113
      vertex -2.04854 5.97603 1.73358
      vertex -2.04854 5.83466 1.6096
    endloop
  endfacet
  facet normal -0.991409 -0.086272 0.0983144
    outer loop
      vertex -1.72033 5.08901 2.58136
      vertex -1.72033 5.10991 2.5997
      vertex -1.77582 5.40794 2.30166
    endloop
  endfacet
  facet normal -0.86556 -0.278237 0.416402
    outer loop
      vertex -2.04854 5.67833 1.50514
      vertex -2.2611 6.05879 1.31752
      vertex -2.2611 5.86241 1.1863
    endloop
  endfacet
  facet normal -0.923586 -0.213006 0.318775
    outer loop
      vertex -1.88585 5.48195 1.84528
      vertex -2.04854 5.83466 1.6096
      vertex -2.04854 5.67833 1.50514
    endloop
  endfacet
  facet normal -0.991408 -0.123861 0.042044
    outer loop
      vertex -1.72033 5.15599 2.66866
      vertex -1.77582 5.57205 2.5859
      vertex -1.77582 5.54539 2.50736
    endloop
  endfacet
  facet normal -0.923586 -0.343865 0.169548
    outer loop
      vertex -1.88585 5.86433 2.22766
      vertex -1.88585 5.92476 2.35022
      vertex -2.04854 6.20447 2.03128
    endloop
  endfacet
  facet normal -0.923588 -0.343852 0.169561
    outer loop
      vertex -1.88585 5.92476 2.35022
      vertex -2.04854 6.28763 2.19992
      vertex -2.04854 6.20447 2.03128
    endloop
  endfacet
  facet normal -0.965926 -0.258818 0
    outer loop
      vertex -1.77582 5.59365 2.75
      vertex -1.88585 6.00429 2.95
      vertex -1.88585 6.00429 2.75
    endloop
  endfacet
  facet normal -0.965926 -0.258818 0
    outer loop
      vertex -1.88585 6.00429 2.95
      vertex -1.77582 5.59365 2.75
      vertex -1.77582 5.59365 2.95
    endloop
  endfacet
  facet normal -0.991408 -0.0983399 0.0862474
    outer loop
      vertex -1.72033 5.10991 2.5997
      vertex -1.72033 5.12824 2.6206
      vertex -1.77582 5.46263 2.36402
    endloop
  endfacet
  facet normal -0.991408 -0.0726738 0.108758
    outer loop
      vertex -1.72033 5.08901 2.58136
      vertex -1.77582 5.34559 2.24698
      vertex -1.77582 5.27663 2.2009
    endloop
  endfacet
  facet normal -0.991409 0.130521 -0.00856366
    outer loop
      vertex -1.77582 4.33099 3.03276
      vertex -1.72033 4.74705 2.95
      vertex -1.77582 4.32556 2.95
    endloop
  endfacet
  facet normal -0.965786 0.194996 -0.170982
    outer loop
      vertex -1.88585 4.22091 3.6887
      vertex -1.77582 4.51127 3.39834
      vertex -1.77582 4.45659 3.33598
    endloop
  endfacet
  facet normal -0.991408 0.117313 -0.0578522
    outer loop
      vertex -1.77582 4.37383 3.19264
      vertex -1.77582 4.41051 3.26702
      vertex -1.72033 4.76323 3.03134
    endloop
  endfacet
  facet normal -0.991408 0.0255193 -0.12829
    outer loop
      vertex -1.77582 4.79551 3.56244
      vertex -1.77582 4.87685 3.57862
      vertex -1.72033 4.90459 3.15532
    endloop
  endfacet
  facet normal -0.923587 0.252784 -0.288247
    outer loop
      vertex -2.04854 4.08455 4.0904
      vertex -1.88585 4.32365 3.7788
      vertex -1.88585 4.22091 3.6887
    endloop
  endfacet
  facet normal -0.965787 0.170992 -0.194981
    outer loop
      vertex -1.88585 4.22091 3.6887
      vertex -1.88585 4.32365 3.7788
      vertex -1.77582 4.57363 3.45302
    endloop
  endfacet
  facet normal -0.792714 -0.338654 -0.506872
    outer loop
      vertex -2.5199 6.03104 4.80578
      vertex -2.5199 6.26411 4.65006
      vertex -2.2611 5.86241 4.5137
    endloop
  endfacet
  facet normal -0.865561 -0.160979 -0.474226
    outer loop
      vertex -2.04854 5.33164 4.33846
      vertex -2.2611 5.65058 4.61816
      vertex -2.04854 5.50969 4.27802
    endloop
  endfacet
  facet normal -0.607943 -0.154892 -0.778725
    outer loop
      vertex -2.988 5.29532 5.5
      vertex -3.04956 5.53694 5.5
      vertex -2.8205 5.27855 5.37257
    endloop
  endfacet
  facet normal -0.607949 0.1549 -0.77872
    outer loop
      vertex -3.04956 4.38228 5.5
      vertex -2.988 4.62389 5.5
      vertex -2.8205 4.64067 5.37257
    endloop
  endfacet
  facet normal -0.865558 -0.0327617 -0.499736
    outer loop
      vertex -2.04854 4.95961 4.38744
      vertex -2.2611 4.95961 4.7556
      vertex -2.04854 5.14723 4.37514
    endloop
  endfacet
  facet normal -0.865564 -0.097709 -0.491174
    outer loop
      vertex -2.2611 5.19529 4.74016
      vertex -2.2611 5.42693 4.69408
      vertex -2.04854 5.14723 4.37514
    endloop
  endfacet
  facet normal -0.923586 0.123237 -0.363045
    outer loop
      vertex -2.04854 4.40952 4.27802
      vertex -2.04854 4.58757 4.33846
      vertex -1.88585 4.55983 3.91516
    endloop
  endfacet
  facet normal -0.865561 0.221502 -0.449157
    outer loop
      vertex -2.2611 4.26863 4.61816
      vertex -2.04854 4.40952 4.27802
      vertex -2.04854 4.24089 4.19486
    endloop
  endfacet
  facet normal -0.706352 -0.13809 -0.694261
    outer loop
      vertex -2.5199 5.23931 5.07454
      vertex -2.8205 5.27855 5.37257
      vertex -2.5199 5.51422 5.01986
    endloop
  endfacet
  facet normal -0.70636 -0.0463081 -0.706336
    outer loop
      vertex -2.8205 4.95961 5.39348
      vertex -2.8205 5.27855 5.37257
      vertex -2.5199 4.95961 5.09287
    endloop
  endfacet
  facet normal -0.706351 0.138086 -0.694262
    outer loop
      vertex -2.8205 4.32719 5.31022
      vertex -2.8205 4.64067 5.37257
      vertex -2.5199 4.40499 5.01986
    endloop
  endfacet
  facet normal -0.607939 0.154886 -0.77873
    outer loop
      vertex -2.8205 4.32719 5.31022
      vertex -3.04956 4.38228 5.5
      vertex -2.8205 4.64067 5.37257
    endloop
  endfacet
  facet normal -0.60794 0.154883 -0.77873
    outer loop
      vertex -3.04956 4.38228 5.5
      vertex -2.8205 4.32719 5.31022
      vertex -3.07655 4.27634 5.5
    endloop
  endfacet
  facet normal -0.792717 0.26962 -0.546722
    outer loop
      vertex -2.5199 3.88817 4.80578
      vertex -2.5199 4.13957 4.92976
      vertex -2.2611 4.05681 4.5137
    endloop
  endfacet
  facet normal -0.792719 0.195948 -0.577236
    outer loop
      vertex -2.5199 4.13957 4.92976
      vertex -2.2611 4.49228 4.69408
      vertex -2.2611 4.26863 4.61816
    endloop
  endfacet
  facet normal -0.70635 0.393257 -0.588573
    outer loop
      vertex -2.8205 3.47211 4.88854
      vertex -2.5199 3.88817 4.80578
      vertex -2.5199 3.65511 4.65006
    endloop
  endfacet
  facet normal -0.607947 0.523499 -0.59695
    outer loop
      vertex -3.15777 3.04881 4.8608
      vertex -3.15777 3.31457 5.09386
      vertex -2.8205 3.23181 4.6778
    endloop
  endfacet
  facet normal -0.923588 0.0747999 -0.37602
    outer loop
      vertex -2.04854 4.58757 4.33846
      vertex -1.88585 4.82325 3.98574
      vertex -1.88585 4.68923 3.95908
    endloop
  endfacet
  facet normal -0.923588 0.123222 -0.363044
    outer loop
      vertex -2.04854 4.58757 4.33846
      vertex -1.88585 4.68923 3.95908
      vertex -1.88585 4.55983 3.91516
    endloop
  endfacet
  facet normal -0.991408 0.042055 -0.12386
    outer loop
      vertex -1.77582 4.79551 3.56244
      vertex -1.72033 4.90459 3.15532
      vertex -1.72033 4.87826 3.14638
    endloop
  endfacet
  facet normal -0.965787 0.0169477 -0.25878
    outer loop
      vertex -1.88585 4.95961 3.99468
      vertex -1.77582 4.95961 3.58404
      vertex -1.77582 4.87685 3.57862
    endloop
  endfacet
  facet normal -0.923586 0.0250792 -0.382569
    outer loop
      vertex -2.04854 4.77198 4.37514
      vertex -2.04854 4.95961 4.38744
      vertex -1.88585 4.82325 3.98574
    endloop
  endfacet
  facet normal -0.923586 -0.0250805 -0.38257
    outer loop
      vertex -2.04854 4.95961 4.38744
      vertex -2.04854 5.14723 4.37514
      vertex -1.88585 5.09597 3.98574
    endloop
  endfacet
  facet normal -0.991408 -0.0255192 -0.12829
    outer loop
      vertex -1.77582 5.04237 3.57862
      vertex -1.77582 5.12371 3.56244
      vertex -1.72033 5.01462 3.15532
    endloop
  endfacet
  facet normal -0.991409 -0.0578557 -0.117311
    outer loop
      vertex -1.72033 5.04095 3.14638
      vertex -1.77582 5.27663 3.4991
      vertex -1.72033 5.06589 3.13408
    endloop
  endfacet
  facet normal -0.865561 -0.0976983 -0.491182
    outer loop
      vertex -2.04854 5.14723 4.37514
      vertex -2.2611 5.42693 4.69408
      vertex -2.04854 5.33164 4.33846
    endloop
  endfacet
  facet normal -0.86556 0.491185 0.0976936
    outer loop
      vertex -2.04854 3.53447 2.56238
      vertex -2.04854 3.57115 2.37796
      vertex -2.2611 3.21553 2.28268
    endloop
  endfacet
  facet normal -0.792721 0.597873 -0.118914
    outer loop
      vertex -2.5199 2.88975 3.50462
      vertex -2.2611 3.21553 3.41732
      vertex -2.5199 2.83507 3.2297
    endloop
  endfacet
  facet normal -0.706363 0.706333 -0.0463144
    outer loop
      vertex -2.8205 2.53703 3.26894
      vertex -2.5199 2.83507 3.2297
      vertex -2.5199 2.81673 2.95
    endloop
  endfacet
  facet normal -0.607946 0.792279 -0.0519177
    outer loop
      vertex -2.8205 2.53703 3.26894
      vertex -2.8205 2.51613 2.95
      vertex -3.15777 2.25733 2.95
    endloop
  endfacet
  facet normal -0.965786 0.254356 -0.0505979
    outer loop
      vertex -1.88585 3.92387 3.08636
      vertex -1.88585 3.95053 3.22038
      vertex -1.77582 4.33099 3.03276
    endloop
  endfacet
  facet normal -0.923586 0.38257 -0.0250805
    outer loop
      vertex -2.04854 3.53447 3.13762
      vertex -1.88585 3.92387 3.08636
      vertex -2.04854 3.52217 2.95
    endloop
  endfacet
  facet normal -0.865557 0.416405 -0.27824
    outer loop
      vertex -2.2611 3.39591 3.8528
      vertex -2.2611 3.52713 4.04918
      vertex -2.04854 3.81921 3.82506
    endloop
  endfacet
  facet normal -0.923587 0.252788 -0.288245
    outer loop
      vertex -2.04854 3.94318 3.96642
      vertex -2.04854 4.08455 4.0904
      vertex -1.88585 4.22091 3.6887
    endloop
  endfacet
  facet normal -0.86556 0.416408 -0.278227
    outer loop
      vertex -2.2611 3.39591 3.8528
      vertex -2.04854 3.81921 3.82506
      vertex -2.04854 3.71475 3.66872
    endloop
  endfacet
  facet normal -0.792725 0.506843 -0.338671
    outer loop
      vertex -2.5199 3.10382 4.02144
      vertex -2.5199 3.25955 4.2545
      vertex -2.2611 3.39591 3.8528
    endloop
  endfacet
  facet normal -0.499187 0.481402 -0.720461
    outer loop
      vertex -3.52594 3.50219 5.47432
      vertex -3.15777 3.60847 5.29024
      vertex -3.15777 3.31457 5.09386
    endloop
  endfacet
  facet normal -0.607949 0.441113 -0.660165
    outer loop
      vertex -3.15777 3.31457 5.09386
      vertex -3.15777 3.60847 5.29024
      vertex -2.8205 3.73787 5.06611
    endloop
  endfacet
  facet normal -0.499187 0.720461 -0.481402
    outer loop
      vertex -3.52594 2.43529 4.40742
      vertex -3.15777 2.81575 4.59504
      vertex -3.15777 2.61937 4.30114
    endloop
  endfacet
  facet normal -0.706361 0.588552 -0.393269
    outer loop
      vertex -2.8205 3.02106 4.4375
      vertex -2.5199 3.25955 4.2545
      vertex -2.5199 3.10382 4.02144
    endloop
  endfacet
  facet normal 0.382038 0.408764 -0.82883
    outer loop
      vertex -6.40081 3.55426 5.5
      vertex -6.32923 3.48736 5.5
      vertex -6.40081 3.50219 5.47432
    endloop
  endfacet
  facet normal 0.499156 0.481415 -0.720474
    outer loop
      vertex -6.57778 3.36947 5.26303
      vertex -6.40081 3.50219 5.47432
      vertex -6.40081 3.18517 5.26249
    endloop
  endfacet
  facet normal 0.499236 0.48132 -0.720482
    outer loop
      vertex -6.40081 3.50219 5.47432
      vertex -6.57778 3.36947 5.26303
      vertex -6.57156 3.41517 5.29787
    endloop
  endfacet
  facet normal 0.49918 0.481438 -0.720442
    outer loop
      vertex -6.57778 3.36947 5.26303
      vertex -6.40081 3.18517 5.26249
      vertex -6.58179 3.24878 5.1796
    endloop
  endfacet
  facet normal 0.381993 0.694817 -0.609353
    outer loop
      vertex -6.40081 2.89851 5.0111
      vertex -6.00805 2.78347 5.12614
      vertex -6.40081 2.64711 4.72444
    endloop
  endfacet
  facet normal 0.381991 0.609338 -0.694831
    outer loop
      vertex -6.40081 3.18517 5.26249
      vertex -6.00805 3.08613 5.39156
      vertex -6.00805 2.78347 5.12614
    endloop
  endfacet
  facet normal 0.258299 0.636965 -0.726331
    outer loop
      vertex -6.00805 3.08613 5.39156
      vertex -5.59742 3.01915 5.47885
      vertex -5.59742 2.70567 5.20394
    endloop
  endfacet
  facet normal 0.130254 0.938862 -0.318704
    outer loop
      vertex -5.17594 1.96343 4.19106
      vertex -5.17594 1.82707 3.78936
      vertex -5.59742 1.88067 3.775
    endloop
  endfacet
  facet normal -0.258306 0.914797 -0.310524
    outer loop
      vertex -4.32933 1.88067 3.775
      vertex -4.32933 2.01469 4.16982
      vertex -3.9187 1.98695 3.74652
    endloop
  endfacet
  facet normal -0.258311 0.866439 -0.427268
    outer loop
      vertex -4.32933 2.01469 4.16982
      vertex -3.9187 2.29439 4.48876
      vertex -3.9187 2.11635 4.12772
    endloop
  endfacet
  facet normal 0.130241 0.972428 -0.193444
    outer loop
      vertex -5.59742 1.88067 3.775
      vertex -5.17594 1.74431 3.3733
      vertex -5.59742 1.79932 3.36606
    endloop
  endfacet
  facet normal 0.258386 0.536859 -0.803131
    outer loop
      vertex -5.59742 3.01915 5.47885
      vertex -5.86844 3.18123 5.5
      vertex -5.59742 3.05079 5.5
    endloop
  endfacet
  facet normal 0.258299 0.536728 -0.803246
    outer loop
      vertex -5.86844 3.18123 5.5
      vertex -5.59742 3.01915 5.47885
      vertex -6.00805 3.08613 5.39156
    endloop
  endfacet
  facet normal -0.258299 0.536728 -0.803246
    outer loop
      vertex -4.32933 3.01915 5.47885
      vertex -4.05831 3.18123 5.5
      vertex -3.9187 3.08613 5.39156
    endloop
  endfacet
  facet normal -0.258386 0.536859 -0.803131
    outer loop
      vertex -4.05831 3.18123 5.5
      vertex -4.32933 3.01915 5.47885
      vertex -4.32933 3.05079 5.5
    endloop
  endfacet
  facet normal -0.130284 0.550994 -0.824276
    outer loop
      vertex -4.53178 3.00292 5.5
      vertex -4.32933 3.05079 5.5
      vertex -4.32933 3.01915 5.47885
    endloop
  endfacet
  facet normal -0.499187 -0.86464 0.0566507
    outer loop
      vertex -3.15777 7.63877 2.39728
      vertex -3.15777 7.66188 2.75
      vertex -3.52594 7.84951 2.36954
    endloop
  endfacet
  facet normal -0.607951 -0.778718 0.154899
    outer loop
      vertex -2.8205 7.38218 2.43106
      vertex -3.15777 7.63877 2.39728
      vertex -3.15777 7.56981 2.0506
    endloop
  endfacet
  facet normal -0.499187 -0.720459 0.481405
    outer loop
      vertex -3.15777 7.29985 1.39886
      vertex -3.52594 7.48393 1.29258
      vertex -3.52594 7.2721 0.97556
    endloop
  endfacet
  facet normal -0.607942 -0.751846 0.255213
    outer loop
      vertex -2.8205 7.31983 2.11758
      vertex -3.15777 7.56981 2.0506
      vertex -3.15777 7.45619 1.71588
    endloop
  endfacet
  facet normal -0.499995 -0.866029 0
    outer loop
      vertex -3.52594 7.87444 2.75
      vertex -3.15777 7.66188 2.95
      vertex -3.52594 7.87444 2.95
    endloop
  endfacet
  facet normal -0.499995 -0.866029 -0
    outer loop
      vertex -3.15777 7.66188 2.95
      vertex -3.52594 7.87444 2.75
      vertex -3.15777 7.66188 2.75
    endloop
  endfacet
  facet normal -0.499187 -0.849844 -0.169047
    outer loop
      vertex -3.15777 7.56981 3.6494
      vertex -3.52594 7.84951 3.33046
      vertex -3.15777 7.63877 3.30272
    endloop
  endfacet
  facet normal -0.607942 -0.751846 -0.255213
    outer loop
      vertex -3.15777 7.45619 3.98412
      vertex -3.15777 7.56981 3.6494
      vertex -2.8205 7.31983 3.58242
    endloop
  endfacet
  facet normal -0.706363 -0.694246 0.138107
    outer loop
      vertex -2.5199 7.02946 2.19538
      vertex -2.5199 7.08415 2.4703
      vertex -2.8205 7.31983 2.11758
    endloop
  endfacet
  facet normal -0.706353 -0.634856 0.313087
    outer loop
      vertex -2.5199 6.93937 1.92996
      vertex -2.8205 7.21709 1.81492
      vertex -2.8205 7.07572 1.52826
    endloop
  endfacet
  facet normal -0.706352 -0.634858 0.313086
    outer loop
      vertex -2.5199 6.81539 1.67856
      vertex -2.5199 6.93937 1.92996
      vertex -2.8205 7.07572 1.52826
    endloop
  endfacet
  facet normal -0.865559 -0.474228 0.160981
    outer loop
      vertex -2.04854 6.34807 2.37796
      vertex -2.2611 6.70369 2.28268
      vertex -2.2611 6.62777 2.05903
    endloop
  endfacet
  facet normal -0.923586 -0.376026 0.0747892
    outer loop
      vertex -1.88585 5.99535 2.61364
      vertex -2.04854 6.38475 2.56238
      vertex -2.04854 6.34807 2.37796
    endloop
  endfacet
  facet normal -0.86556 -0.491185 0.0976936
    outer loop
      vertex -2.04854 6.34807 2.37796
      vertex -2.04854 6.38475 2.56238
      vertex -2.2611 6.70369 2.28268
    endloop
  endfacet
  facet normal 0 -0.751831 -0.659355
    outer loop
      vertex -5.17594 7.53249 4.92424
      vertex -4.75082 7.25278 5.24318
      vertex -5.17594 7.25278 5.24318
    endloop
  endfacet
  facet normal 0 -0.751831 -0.659355
    outer loop
      vertex -4.75082 7.25278 5.24318
      vertex -5.17594 7.53249 4.92424
      vertex -4.75082 7.53249 4.92424
    endloop
  endfacet
  facet normal -0.130242 -0.745428 -0.653739
    outer loop
      vertex -4.32933 7.21355 5.20394
      vertex -4.75082 7.25278 5.24318
      vertex -4.75082 7.53249 4.92424
    endloop
  endfacet
  facet normal -0.381981 -0.828859 -0.408759
    outer loop
      vertex -3.9187 7.62482 4.48876
      vertex -3.9187 7.80287 4.12772
      vertex -3.52594 7.65257 4.06546
    endloop
  endfacet
  facet normal -0.258291 -0.866435 -0.42729
    outer loop
      vertex -3.9187 7.62482 4.48876
      vertex -4.32933 7.90452 4.16982
      vertex -3.9187 7.80287 4.12772
    endloop
  endfacet
  facet normal -0.499177 -0.849847 -0.16906
    outer loop
      vertex -3.15777 7.56981 3.6494
      vertex -3.52594 7.77512 3.70441
      vertex -3.52594 7.84951 3.33046
    endloop
  endfacet
  facet normal -0.381991 -0.922187 -0.0604461
    outer loop
      vertex -3.9187 8.0108 3.3517
      vertex -3.9187 8.03713 2.95
      vertex -3.52594 7.87444 2.95
    endloop
  endfacet
  facet normal -0.792722 -0.577232 -0.195947
    outer loop
      vertex -2.2611 6.62777 3.64097
      vertex -2.5199 6.93937 3.77004
      vertex -2.2611 6.70369 3.41732
    endloop
  endfacet
  facet normal -0.792715 -0.577247 -0.195932
    outer loop
      vertex -2.5199 6.93937 3.77004
      vertex -2.5199 7.02946 3.50462
      vertex -2.2611 6.70369 3.41732
    endloop
  endfacet
  facet normal -0.792718 -0.458318 -0.401925
    outer loop
      vertex -2.5199 6.47485 4.46524
      vertex -2.5199 6.65966 4.2545
      vertex -2.2611 6.39209 4.04918
    endloop
  endfacet
  facet normal -0.865561 -0.330206 -0.376522
    outer loop
      vertex -2.04854 5.83466 4.0904
      vertex -2.2611 6.05879 4.38248
      vertex -2.04854 5.97603 3.96642
    endloop
  endfacet
  facet normal -0.258299 -0.636965 -0.726331
    outer loop
      vertex -3.9187 6.83309 5.39156
      vertex -4.32933 6.90007 5.47885
      vertex -4.32933 7.21355 5.20394
    endloop
  endfacet
  facet normal -0.130256 -0.550876 -0.82436
    outer loop
      vertex -4.32933 6.86842 5.5
      vertex -4.53178 6.91629 5.5
      vertex -4.32933 6.90007 5.47885
    endloop
  endfacet
  facet normal -0.499163 -0.278527 -0.820524
    outer loop
      vertex -3.21944 5.94687 5.5
      vertex -3.25793 6.01585 5.5
      vertex -3.15777 5.99372 5.44658
    endloop
  endfacet
  facet normal -0.49916 -0.278531 -0.820524
    outer loop
      vertex -3.15777 5.83635 5.5
      vertex -3.21944 5.94687 5.5
      vertex -3.15777 5.99372 5.44658
    endloop
  endfacet
  facet normal -0.607947 -0.523499 -0.59695
    outer loop
      vertex -3.15777 6.60465 5.09386
      vertex -3.15777 6.87041 4.8608
      vertex -2.8205 6.68741 4.6778
    endloop
  endfacet
  facet normal -0.706358 -0.393266 -0.588558
    outer loop
      vertex -2.8205 6.18135 5.06611
      vertex -2.8205 6.4471 4.88854
      vertex -2.5199 6.03104 4.80578
    endloop
  endfacet
  facet normal -0.60794 -0.255217 -0.751846
    outer loop
      vertex -3.15777 5.83635 5.5
      vertex -2.8205 5.59203 5.31022
      vertex -3.07655 5.64288 5.5
    endloop
  endfacet
  facet normal -0.607941 -0.255218 -0.751846
    outer loop
      vertex -2.8205 5.59203 5.31022
      vertex -3.15777 5.83635 5.5
      vertex -3.15777 5.99372 5.44658
    endloop
  endfacet
  facet normal -0.607939 -0.154886 -0.77873
    outer loop
      vertex -3.04956 5.53694 5.5
      vertex -2.8205 5.59203 5.31022
      vertex -2.8205 5.27855 5.37257
    endloop
  endfacet
  facet normal -0.60794 -0.154883 -0.77873
    outer loop
      vertex -2.8205 5.59203 5.31022
      vertex -3.04956 5.53694 5.5
      vertex -3.07655 5.64288 5.5
    endloop
  endfacet
  facet normal -0.792714 -0.269631 -0.546721
    outer loop
      vertex -2.5199 5.77965 4.92976
      vertex -2.5199 6.03104 4.80578
      vertex -2.2611 5.86241 4.5137
    endloop
  endfacet
  facet normal -0.865559 -0.37652 -0.330211
    outer loop
      vertex -2.2611 6.23636 4.22675
      vertex -2.2611 6.39209 4.04918
      vertex -2.04854 5.97603 3.96642
    endloop
  endfacet
  facet normal -0.381993 -0.609339 -0.694829
    outer loop
      vertex -3.52594 6.73405 5.26249
      vertex -3.9187 7.13575 5.12614
      vertex -3.52594 7.02071 5.0111
    endloop
  endfacet
  facet normal -0.607948 -0.523496 -0.596951
    outer loop
      vertex -2.8205 6.4471 4.88854
      vertex -3.15777 6.60465 5.09386
      vertex -2.8205 6.68741 4.6778
    endloop
  endfacet
  facet normal -0.60794 -0.660171 -0.441117
    outer loop
      vertex -2.8205 6.89815 4.4375
      vertex -3.15777 7.10347 4.59504
      vertex -3.15777 7.29985 4.30114
    endloop
  endfacet
  facet normal -0.499187 -0.720461 -0.481402
    outer loop
      vertex -3.15777 7.10347 4.59504
      vertex -3.52594 7.48393 4.40742
      vertex -3.15777 7.29985 4.30114
    endloop
  endfacet
  facet normal -0.258302 -0.427281 0.866436
    outer loop
      vertex -3.9187 6.49837 0.0847876
      vertex -4.28408 6.54732 1.90735e-07
      vertex -4.04318 6.40169 1.90735e-07
    endloop
  endfacet
  facet normal -0.258299 -0.427283 0.866436
    outer loop
      vertex -3.9187 6.49837 0.0847876
      vertex -4.04318 6.40169 1.90735e-07
      vertex -3.9187 6.32644 1.90735e-07
    endloop
  endfacet
  facet normal -0.130239 -0.653732 0.745434
    outer loop
      vertex -4.32933 7.21355 0.496061
      vertex -4.75082 7.25278 0.456824
      vertex -4.32933 6.90007 0.221145
    endloop
  endfacet
  facet normal -0.965787 -0.114702 -0.232593
    outer loop
      vertex -1.88585 5.35939 3.91516
      vertex -1.88585 5.48195 3.85472
      vertex -1.77582 5.20225 3.53578
    endloop
  endfacet
  facet normal -0.923588 -0.363037 -0.123248
    outer loop
      vertex -1.88585 5.92476 3.34978
      vertex -2.04854 6.34807 3.32204
      vertex -1.88585 5.96869 3.22038
    endloop
  endfacet
  facet normal -0.965785 -0.245577 -0.0833709
    outer loop
      vertex -1.88585 5.92476 3.34978
      vertex -1.88585 5.96869 3.22038
      vertex -1.77582 5.54539 3.19264
    endloop
  endfacet
  facet normal -0.923586 -0.343865 -0.169548
    outer loop
      vertex -1.88585 5.86433 3.47234
      vertex -2.04854 6.20447 3.66872
      vertex -1.88585 5.92476 3.34978
    endloop
  endfacet
  facet normal -0.991408 -0.123861 -0.042044
    outer loop
      vertex -1.77582 5.54539 3.19264
      vertex -1.77582 5.57205 3.1141
      vertex -1.72033 5.15599 3.03134
    endloop
  endfacet
  facet normal -0.991409 -0.086247 -0.0983394
    outer loop
      vertex -1.72033 5.08901 3.11863
      vertex -1.77582 5.40794 3.39834
      vertex -1.72033 5.10991 3.1003
    endloop
  endfacet
  facet normal -0.991408 -0.0983396 -0.0862471
    outer loop
      vertex -1.72033 5.10991 3.1003
      vertex -1.77582 5.40794 3.39834
      vertex -1.72033 5.12824 3.0794
    endloop
  endfacet
  facet normal -0.965787 -0.21563 -0.144082
    outer loop
      vertex -1.88585 5.78841 3.58596
      vertex -1.88585 5.86433 3.47234
      vertex -1.77582 5.46263 3.33598
    endloop
  endfacet
  facet normal -0.792717 -0.506852 -0.338675
    outer loop
      vertex -2.2611 6.39209 4.04918
      vertex -2.5199 6.65966 4.2545
      vertex -2.2611 6.52331 3.8528
    endloop
  endfacet
  facet normal -0.865561 -0.16098 -0.474225
    outer loop
      vertex -2.2611 5.42693 4.69408
      vertex -2.2611 5.65058 4.61816
      vertex -2.04854 5.33164 4.33846
    endloop
  endfacet
  facet normal 0.381993 -0.87512 0.297063
    outer loop
      vertex -6.00805 7.93227 1.95348
      vertex -6.40081 7.77512 1.99558
      vertex -6.00805 7.80287 1.57228
    endloop
  endfacet
  facet normal 0.2583 -0.726333 0.636963
    outer loop
      vertex -6.00805 7.40117 0.876523
      vertex -6.00805 7.13575 0.573863
      vertex -5.59742 7.21355 0.496061
    endloop
  endfacet
  facet normal 0.381985 -0.513437 0.76842
    outer loop
      vertex -6.00805 6.83309 0.308438
      vertex -6.40081 6.73405 0.437505
      vertex -6.00805 6.49837 0.0847876
    endloop
  endfacet
  facet normal 0.499182 -0.720486 0.48137
    outer loop
      vertex -6.47609 7.42278 1.27912
      vertex -6.40081 7.48393 1.29258
      vertex -6.47471 7.44698 1.31391
    endloop
  endfacet
  facet normal 0.499119 -0.720438 0.481507
    outer loop
      vertex -6.47701 7.40657 1.25582
      vertex -6.40081 7.48393 1.29258
      vertex -6.47609 7.42278 1.27912
    endloop
  endfacet
  facet normal 0.499048 -0.720418 0.481611
    outer loop
      vertex -6.47751 7.39768 1.24304
      vertex -6.40081 7.48393 1.29258
      vertex -6.47701 7.40657 1.25582
    endloop
  endfacet
  facet normal 0.499046 -0.720417 0.481614
    outer loop
      vertex -6.47783 7.39205 1.23495
      vertex -6.40081 7.48393 1.29258
      vertex -6.47751 7.39768 1.24304
    endloop
  endfacet
  facet normal 0.499625 -0.720473 0.48093
    outer loop
      vertex -6.47866 7.37757 1.21412
      vertex -6.40081 7.48393 1.29258
      vertex -6.47783 7.39205 1.23495
    endloop
  endfacet
  facet normal 0.499126 -0.720481 0.481436
    outer loop
      vertex -6.48382 7.28678 1.0836
      vertex -6.40081 7.48393 1.29258
      vertex -6.47866 7.37757 1.21412
    endloop
  endfacet
  facet normal 0.499412 -0.720195 0.481568
    outer loop
      vertex -6.40081 7.2721 0.97556
      vertex -6.48382 7.28678 1.0836
      vertex -6.48429 7.27839 1.07154
    endloop
  endfacet
  facet normal 0.499161 -0.720472 0.481413
    outer loop
      vertex -6.48382 7.28678 1.0836
      vertex -6.40081 7.2721 0.97556
      vertex -6.40081 7.48393 1.29258
    endloop
  endfacet
  facet normal 0.381987 -0.768418 0.513439
    outer loop
      vertex -6.00805 7.62482 1.21124
      vertex -6.40081 7.2721 0.97556
      vertex -6.00805 7.40117 0.876523
    endloop
  endfacet
  facet normal 0 -0.946936 0.321421
    outer loop
      vertex -5.17594 7.95579 1.50894
      vertex -4.75082 8.09214 1.91064
      vertex -5.17594 8.09214 1.91064
    endloop
  endfacet
  facet normal 0 -0.946936 0.321421
    outer loop
      vertex -4.75082 8.09214 1.91064
      vertex -5.17594 7.95579 1.50894
      vertex -4.75082 7.95579 1.50894
    endloop
  endfacet
  facet normal 0.130267 -0.889237 0.438507
    outer loop
      vertex -5.17594 7.95579 1.50894
      vertex -5.59742 7.90452 1.53018
      vertex -5.59742 7.72011 1.15622
    endloop
  endfacet
  facet normal 0.130241 -0.550826 0.824396
    outer loop
      vertex -5.17594 6.66876 1.90735e-07
      vertex -5.17594 6.93385 0.177122
      vertex -5.57383 6.57468 1.90735e-07
    endloop
  endfacet
  facet normal 0.258307 -0.53672 -0.803249
    outer loop
      vertex -5.86844 6.73799 5.5
      vertex -6.00805 6.6708 5.5
      vertex -6.00805 6.83309 5.39156
    endloop
  endfacet
  facet normal 0.258306 -0.963994 -0.0631864
    outer loop
      vertex -5.59742 8.14716 2.95
      vertex -6.00805 8.0108 3.3517
      vertex -6.00805 8.03713 2.95
    endloop
  endfacet
  facet normal -0.130251 -0.989358 0.0648459
    outer loop
      vertex -4.32933 8.14716 2.75
      vertex -4.75082 8.20265 2.75
      vertex -4.32933 8.11989 2.33394
    endloop
  endfacet
  facet normal 0 -1 0
    outer loop
      vertex -5.17594 8.20265 2.75
      vertex -4.75082 8.20265 2.95
      vertex -5.17594 8.20265 2.95
    endloop
  endfacet
  facet normal 0 -1 -0
    outer loop
      vertex -4.75082 8.20265 2.95
      vertex -5.17594 8.20265 2.75
      vertex -4.75082 8.20265 2.75
    endloop
  endfacet
  facet normal -0.130238 -0.989359 -0.0648588
    outer loop
      vertex -4.32933 8.11989 3.36606
      vertex -4.75082 8.1749 3.3733
      vertex -4.75082 8.20265 2.95
    endloop
  endfacet
  facet normal 0 -0.997858 -0.0654159
    outer loop
      vertex -5.17594 8.20265 2.95
      vertex -4.75082 8.1749 3.3733
      vertex -5.17594 8.1749 3.3733
    endloop
  endfacet
  facet normal 0 -0.997858 -0.0654159
    outer loop
      vertex -4.75082 8.1749 3.3733
      vertex -5.17594 8.20265 2.95
      vertex -4.75082 8.20265 2.95
    endloop
  endfacet
  facet normal -0.130234 -0.889227 -0.438537
    outer loop
      vertex -4.32933 7.72011 4.54378
      vertex -4.75082 7.76816 4.57152
      vertex -4.75082 7.95579 4.19106
    endloop
  endfacet
  facet normal -0.130264 -0.889237 -0.438507
    outer loop
      vertex -4.32933 7.72011 4.54378
      vertex -4.75082 7.95579 4.19106
      vertex -4.32933 7.90452 4.16982
    endloop
  endfacet
  facet normal 0.258315 -0.536752 -0.803225
    outer loop
      vertex -5.86844 6.73799 5.5
      vertex -5.59742 6.90007 5.47885
      vertex -5.59742 6.86842 5.5
    endloop
  endfacet
  facet normal 0.258299 -0.536728 -0.803246
    outer loop
      vertex -5.59742 6.90007 5.47885
      vertex -5.86844 6.73799 5.5
      vertex -6.00805 6.83309 5.39156
    endloop
  endfacet
  facet normal 0.4992 0.864631 0.0566785
    outer loop
      vertex -6.40081 2.06971 2.36954
      vertex -6.76633 2.27876 2.39982
      vertex -6.40081 2.04477 2.75
    endloop
  endfacet
  facet normal 0.499193 0.864647 0.0564989
    outer loop
      vertex -6.76633 2.27876 2.39982
      vertex -6.40081 2.06971 2.36954
      vertex -6.76614 2.27883 2.39707
    endloop
  endfacet
  facet normal 0.4992 0.864632 -0.0566672
    outer loop
      vertex -6.40081 2.04477 2.95
      vertex -6.76234 2.25846 3.02566
      vertex -6.74467 2.26489 3.27943
    endloop
  endfacet
  facet normal 0.499198 0.864632 -0.0566749
    outer loop
      vertex -6.76234 2.25846 3.02566
      vertex -6.40081 2.04477 2.95
      vertex -6.76175 2.25316 2.95
    endloop
  endfacet
  facet normal 0 0.896875 0.442285
    outer loop
      vertex -4.75082 2.15105 1.12848
      vertex -5.17594 1.96343 1.50894
      vertex -4.75082 1.96343 1.50894
    endloop
  endfacet
  facet normal 0 0.896875 0.442285
    outer loop
      vertex -5.17594 1.96343 1.50894
      vertex -4.75082 2.15105 1.12848
      vertex -5.17594 2.15105 1.12848
    endloop
  endfacet
  facet normal 0.381981 0.828868 0.40874
    outer loop
      vertex -6.40081 2.26665 1.63454
      vertex -6.00805 2.11635 1.57228
      vertex -6.00805 2.29439 1.21124
    endloop
  endfacet
  facet normal 0.130258 0.889233 0.438517
    outer loop
      vertex -5.59742 2.19911 1.15622
      vertex -5.17594 1.96343 1.50894
      vertex -5.17594 2.15105 1.12848
    endloop
  endfacet
  facet normal -0.130255 0.889234 0.438517
    outer loop
      vertex -4.75082 1.96343 1.50894
      vertex -4.32933 2.19911 1.15622
      vertex -4.75082 2.15105 1.12848
    endloop
  endfacet
  facet normal -0.2583 0.803256 0.536712
    outer loop
      vertex -4.32933 2.19911 1.15622
      vertex -3.9187 2.51804 0.876523
      vertex -4.32933 2.43075 0.809542
    endloop
  endfacet
  facet normal -0.38198 0.513443 0.768419
    outer loop
      vertex -3.52594 3.18517 0.437505
      vertex -3.52594 3.50219 0.225678
      vertex -3.9187 3.42085 0.0847876
    endloop
  endfacet
  facet normal -0 0.659345 0.751841
    outer loop
      vertex -5.17594 2.98537 0.177122
      vertex -4.75082 2.66643 0.456824
      vertex -4.75082 2.98537 0.177122
    endloop
  endfacet
  facet normal 0 0.659345 0.751841
    outer loop
      vertex -4.75082 2.66643 0.456824
      vertex -5.17594 2.98537 0.177122
      vertex -5.17594 2.66643 0.456824
    endloop
  endfacet
  facet normal -0.381993 0.297064 0.87512
    outer loop
      vertex -3.52594 3.84415 0.0570423
      vertex -3.52594 4.01219 1.90735e-07
      vertex -3.60604 3.90919 1.90735e-07
    endloop
  endfacet
  facet normal 0 0.751841 0.659344
    outer loop
      vertex -4.75082 2.66643 0.456824
      vertex -5.17594 2.38673 0.775762
      vertex -4.75082 2.38673 0.775762
    endloop
  endfacet
  facet normal 0 0.751841 0.659344
    outer loop
      vertex -5.17594 2.38673 0.775762
      vertex -4.75082 2.66643 0.456824
      vertex -5.17594 2.66643 0.456824
    endloop
  endfacet
  facet normal -0.258304 0.636972 0.726324
    outer loop
      vertex -4.32933 2.70567 0.496061
      vertex -3.9187 3.08613 0.308438
      vertex -4.32933 3.01915 0.221145
    endloop
  endfacet
  facet normal 0.381986 0.609345 0.694827
    outer loop
      vertex -6.40081 3.18517 0.437505
      vertex -6.00805 2.78347 0.573863
      vertex -6.00805 3.08613 0.308438
    endloop
  endfacet
  facet normal 0.130258 0.745436 0.653727
    outer loop
      vertex -5.59742 2.70567 0.496061
      vertex -5.17594 2.38673 0.775762
      vertex -5.17594 2.66643 0.456824
    endloop
  endfacet
  facet normal 0.130294 0.55083 0.824384
    outer loop
      vertex -5.59742 3.01915 0.221145
      vertex -5.57383 3.34454 1.90735e-07
      vertex -5.59742 3.35012 1.90735e-07
    endloop
  endfacet
  facet normal 0.130253 0.550835 0.824387
    outer loop
      vertex -5.57383 3.34454 1.90735e-07
      vertex -5.59742 3.01915 0.221145
      vertex -5.17594 2.98537 0.177122
    endloop
  endfacet
  facet normal 0 1 -0
    outer loop
      vertex -4.75082 1.71657 2.75
      vertex -5.17594 1.71657 2.95
      vertex -4.75082 1.71657 2.95
    endloop
  endfacet
  facet normal 0 1 0
    outer loop
      vertex -5.17594 1.71657 2.95
      vertex -4.75082 1.71657 2.75
      vertex -5.17594 1.71657 2.75
    endloop
  endfacet
  facet normal 0.381995 0.922185 -0.0604513
    outer loop
      vertex -6.40081 2.06971 3.33046
      vertex -6.00805 1.90841 3.3517
      vertex -6.40081 2.04477 2.95
    endloop
  endfacet
  facet normal 0.381991 0.922187 -0.0604461
    outer loop
      vertex -6.40081 2.04477 2.95
      vertex -6.00805 1.90841 3.3517
      vertex -6.00805 1.88208 2.95
    endloop
  endfacet
  facet normal 0.130241 0.98936 -0.0648355
    outer loop
      vertex -5.59742 1.79932 3.36606
      vertex -5.17594 1.74431 3.3733
      vertex -5.17594 1.71657 2.95
    endloop
  endfacet
  facet normal 0.258309 0.963996 0.0631604
    outer loop
      vertex -6.00805 1.90841 2.3483
      vertex -5.59742 1.77206 2.75
      vertex -5.59742 1.79932 2.33394
    endloop
  endfacet
  facet normal 0.130254 0.989359 0.0648222
    outer loop
      vertex -5.59742 1.77206 2.75
      vertex -5.17594 1.71657 2.75
      vertex -5.59742 1.79932 2.33394
    endloop
  endfacet
  facet normal 0.499186 0.38324 0.777136
    outer loop
      vertex -6.68993 3.65907 0.334027
      vertex -6.40081 3.50219 0.225678
      vertex -6.40081 3.84415 0.0570423
    endloop
  endfacet
  facet normal 0.499193 0.383265 0.777119
    outer loop
      vertex -6.69087 3.64251 0.342798
      vertex -6.40081 3.50219 0.225678
      vertex -6.68993 3.65907 0.334027
    endloop
  endfacet
  facet normal 0.49919 0.383249 0.777129
    outer loop
      vertex -6.40081 3.50219 0.225678
      vertex -6.69087 3.64251 0.342798
      vertex -6.69403 3.58683 0.372287
    endloop
  endfacet
  facet normal 0.381984 0.297075 0.87512
    outer loop
      vertex -6.32071 3.90919 1.90735e-07
      vertex -6.40081 3.84415 0.0570423
      vertex -6.25175 3.82052 1.90735e-07
    endloop
  endfacet
  facet normal 0.499178 0.777136 0.38325
    outer loop
      vertex -6.40081 2.43529 1.29258
      vertex -6.75003 2.60121 1.41099
      vertex -6.40081 2.26665 1.63454
    endloop
  endfacet
  facet normal 0.499202 0.776976 0.383544
    outer loop
      vertex -6.74942 2.60959 1.39322
      vertex -6.75003 2.60121 1.41099
      vertex -6.40081 2.43529 1.29258
    endloop
  endfacet
  facet normal 0.47776 0.78813 0.388068
    outer loop
      vertex -6.75003 2.60121 1.41099
      vertex -6.74942 2.60959 1.39322
      vertex -6.74959 2.60892 1.39479
    endloop
  endfacet
  facet normal 0.381996 0.768421 0.513428
    outer loop
      vertex -6.40081 2.43529 1.29258
      vertex -6.00805 2.29439 1.21124
      vertex -6.40081 2.64711 0.97556
    endloop
  endfacet
  facet normal 0.2583 0.726321 0.636977
    outer loop
      vertex -6.00805 2.51804 0.876523
      vertex -5.59742 2.43075 0.809542
      vertex -5.59742 2.70567 0.496061
    endloop
  endfacet
  facet normal 0.2583 0.803256 0.536712
    outer loop
      vertex -6.00805 2.51804 0.876523
      vertex -5.59742 2.19911 1.15622
      vertex -5.59742 2.43075 0.809542
    endloop
  endfacet
  facet normal 0.381989 0.694818 0.609354
    outer loop
      vertex -6.40081 2.89851 0.6889
      vertex -6.40081 2.64711 0.97556
      vertex -6.00805 2.78347 0.573863
    endloop
  endfacet
  facet normal 0.381986 0.694821 0.609352
    outer loop
      vertex -6.40081 2.64711 0.97556
      vertex -6.00805 2.51804 0.876523
      vertex -6.00805 2.78347 0.573863
    endloop
  endfacet
  facet normal -0.607927 0.660178 -0.441122
    outer loop
      vertex -3.15777 2.81575 4.59504
      vertex -2.8205 3.02106 4.4375
      vertex -3.15777 2.61937 4.30114
    endloop
  endfacet
  facet normal -0.607926 0.59694 -0.523534
    outer loop
      vertex -3.15777 2.81575 4.59504
      vertex -2.8205 3.23181 4.6778
      vertex -2.8205 3.02106 4.4375
    endloop
  endfacet
  facet normal -0.381991 0.609338 -0.694831
    outer loop
      vertex -3.9187 3.08613 5.39156
      vertex -3.52594 3.18517 5.26249
      vertex -3.9187 2.78347 5.12614
    endloop
  endfacet
  facet normal -0.381993 0.694817 -0.609353
    outer loop
      vertex -3.9187 2.78347 5.12614
      vertex -3.52594 2.89851 5.0111
      vertex -3.52594 2.64711 4.72444
    endloop
  endfacet
  facet normal -0.258802 0.965931 0
    outer loop
      vertex -3.9187 1.88208 2.75
      vertex -4.32933 1.77206 2.95
      vertex -3.9187 1.88208 2.95
    endloop
  endfacet
  facet normal -0.258802 0.965931 0
    outer loop
      vertex -4.32933 1.77206 2.95
      vertex -3.9187 1.88208 2.75
      vertex -4.32933 1.77206 2.75
    endloop
  endfacet
  facet normal -0.130526 0.991445 0
    outer loop
      vertex -4.32933 1.77206 2.75
      vertex -4.75082 1.71657 2.95
      vertex -4.32933 1.77206 2.95
    endloop
  endfacet
  facet normal -0.130526 0.991445 0
    outer loop
      vertex -4.75082 1.71657 2.95
      vertex -4.32933 1.77206 2.75
      vertex -4.75082 1.71657 2.75
    endloop
  endfacet
  facet normal -0.381995 0.922185 -0.0604513
    outer loop
      vertex -3.9187 1.90841 3.3517
      vertex -3.52594 2.06971 3.33046
      vertex -3.52594 2.04477 2.95
    endloop
  endfacet
  facet normal -0.381996 0.906408 -0.180288
    outer loop
      vertex -3.9187 1.90841 3.3517
      vertex -3.52594 2.14409 3.70441
      vertex -3.52594 2.06971 3.33046
    endloop
  endfacet
  facet normal -0.607943 0.778722 -0.15491
    outer loop
      vertex -3.15777 2.34941 3.6494
      vertex -2.8205 2.59939 3.58242
      vertex -2.8205 2.53703 3.26894
    endloop
  endfacet
  facet normal -0.706352 0.694257 -0.138107
    outer loop
      vertex -2.8205 2.59939 3.58242
      vertex -2.5199 2.88975 3.50462
      vertex -2.8205 2.53703 3.26894
    endloop
  endfacet
  facet normal -0.607937 0.792285 0.0519325
    outer loop
      vertex -3.15777 2.25733 2.75
      vertex -2.8205 2.53703 2.43106
      vertex -3.15777 2.28045 2.39728
    endloop
  endfacet
  facet normal -0.608767 0.793349 0
    outer loop
      vertex -2.8205 2.51613 2.75
      vertex -3.15777 2.25733 2.95
      vertex -2.8205 2.51613 2.95
    endloop
  endfacet
  facet normal -0.608767 0.793349 0
    outer loop
      vertex -3.15777 2.25733 2.95
      vertex -2.8205 2.51613 2.75
      vertex -3.15777 2.25733 2.75
    endloop
  endfacet
  facet normal -0.707107 0.707107 0
    outer loop
      vertex -2.8205 2.51613 2.75
      vertex -2.5199 2.81673 2.95
      vertex -2.5199 2.81673 2.75
    endloop
  endfacet
  facet normal -0.707107 0.707107 0
    outer loop
      vertex -2.5199 2.81673 2.95
      vertex -2.8205 2.51613 2.75
      vertex -2.8205 2.51613 2.95
    endloop
  endfacet
  facet normal -0.706353 0.670294 0.227536
    outer loop
      vertex -2.8205 2.59939 2.11758
      vertex -2.5199 2.97985 1.92996
      vertex -2.8205 2.70213 1.81492
    endloop
  endfacet
  facet normal -0.706363 0.706333 0.0463144
    outer loop
      vertex -2.5199 2.81673 2.75
      vertex -2.5199 2.83507 2.4703
      vertex -2.8205 2.53703 2.43106
    endloop
  endfacet
  facet normal -0.865564 0.491174 0.097709
    outer loop
      vertex -2.2611 3.16945 2.51432
      vertex -2.04854 3.53447 2.56238
      vertex -2.2611 3.21553 2.28268
    endloop
  endfacet
  facet normal -0.792714 0.608287 0.0398763
    outer loop
      vertex -2.2611 3.154 2.75
      vertex -2.2611 3.16945 2.51432
      vertex -2.5199 2.83507 2.4703
    endloop
  endfacet
  facet normal -0.792722 0.577232 0.195947
    outer loop
      vertex -2.2611 3.21553 2.28268
      vertex -2.2611 3.29145 2.05903
      vertex -2.5199 2.97985 1.92996
    endloop
  endfacet
  facet normal -0.792722 0.546722 0.269606
    outer loop
      vertex -2.5199 2.97985 1.92996
      vertex -2.2611 3.29145 2.05903
      vertex -2.2611 3.39591 1.8472
    endloop
  endfacet
  facet normal -0.706354 0.634864 0.313069
    outer loop
      vertex -2.8205 2.70213 1.81492
      vertex -2.5199 2.97985 1.92996
      vertex -2.8205 2.84349 1.52826
    endloop
  endfacet
  facet normal -0.792725 0.506843 0.338671
    outer loop
      vertex -2.5199 3.10382 1.67856
      vertex -2.2611 3.39591 1.8472
      vertex -2.5199 3.25955 1.4455
    endloop
  endfacet
  facet normal -0.381998 0.828853 0.408755
    outer loop
      vertex -3.52594 2.26665 1.63454
      vertex -3.52594 2.43529 1.29258
      vertex -3.9187 2.29439 1.21124
    endloop
  endfacet
  facet normal -0.4992 0.720455 0.481398
    outer loop
      vertex -3.15777 2.61937 1.39886
      vertex -3.15777 2.81575 1.10496
      vertex -3.52594 2.64711 0.97556
    endloop
  endfacet
  facet normal -0.499199 0.820505 0.278519
    outer loop
      vertex -3.52594 2.14409 1.99558
      vertex -3.15777 2.34941 2.0506
      vertex -3.15777 2.46303 1.71588
    endloop
  endfacet
  facet normal -0.49919 0.820506 0.278532
    outer loop
      vertex -3.52594 2.14409 1.99558
      vertex -3.15777 2.46303 1.71588
      vertex -3.52594 2.26665 1.63454
    endloop
  endfacet
  facet normal -0.381961 -0.297068 0.875132
    outer loop
      vertex -3.52594 6.07507 0.0570423
      vertex -3.60604 6.01002 1.90735e-07
      vertex -3.52594 5.90703 1.90735e-07
    endloop
  endfacet
  facet normal -0.792723 -0.33865 0.506859
    outer loop
      vertex -2.2611 6.05879 1.31752
      vertex -2.5199 6.26411 1.04994
      vertex -2.5199 6.03104 0.894218
    endloop
  endfacet
  facet normal -0.706345 -0.466738 0.532195
    outer loop
      vertex -2.5199 6.26411 1.04994
      vertex -2.5199 6.47485 1.23476
      vertex -2.8205 6.4471 0.811458
    endloop
  endfacet
  facet normal -0.607944 -0.523505 0.596948
    outer loop
      vertex -2.8205 6.68741 1.0222
      vertex -3.15777 6.87041 0.839203
      vertex -3.15777 6.60465 0.60614
    endloop
  endfacet
  facet normal -0.607942 -0.441118 0.660167
    outer loop
      vertex -2.8205 6.18135 0.633886
      vertex -2.8205 6.4471 0.811458
      vertex -3.15777 6.31075 0.409761
    endloop
  endfacet
  facet normal -0.499192 -0.481399 0.72046
    outer loop
      vertex -3.15777 6.31075 0.409761
      vertex -3.15777 6.60465 0.60614
      vertex -3.52594 6.41703 0.225678
    endloop
  endfacet
  facet normal -0.607945 -0.441113 0.660168
    outer loop
      vertex -2.8205 6.4471 0.811458
      vertex -3.15777 6.60465 0.60614
      vertex -3.15777 6.31075 0.409761
    endloop
  endfacet
  facet normal -0.499193 -0.278525 0.820506
    outer loop
      vertex -3.52594 5.90703 1.90735e-07
      vertex -3.15777 5.65901 0.139802
      vertex -3.52594 6.07507 0.0570423
    endloop
  endfacet
  facet normal -0.49919 -0.278519 0.82051
    outer loop
      vertex -3.15777 5.65901 0.139802
      vertex -3.52594 5.90703 1.90735e-07
      vertex -3.40846 5.69647 1.90735e-07
    endloop
  endfacet
  facet normal -0.923586 0.169571 0.343852
    outer loop
      vertex -2.04854 4.24089 1.50514
      vertex -1.88585 4.55983 1.78484
      vertex -2.04854 4.40952 1.42198
    endloop
  endfacet
  facet normal -0.607944 0.523505 0.596948
    outer loop
      vertex -3.15777 3.04881 0.839203
      vertex -2.8205 3.23181 1.0222
      vertex -3.15777 3.31457 0.60614
    endloop
  endfacet
  facet normal -0.607941 -0.0519279 0.792282
    outer loop
      vertex -2.8205 4.95961 0.306521
      vertex -2.8205 5.27855 0.327425
      vertex -3.15777 4.95961 0.047724
    endloop
  endfacet
  facet normal -0.706356 0.0462951 0.706342
    outer loop
      vertex -2.8205 4.64067 0.327425
      vertex -2.5199 4.67991 0.625459
      vertex -2.8205 4.95961 0.306521
    endloop
  endfacet
  facet normal -0.792719 -0.195948 0.577235
    outer loop
      vertex -2.2611 5.42693 1.00592
      vertex -2.2611 5.65058 1.08184
      vertex -2.5199 5.77965 0.770243
    endloop
  endfacet
  facet normal -0.706356 -0.138096 0.694255
    outer loop
      vertex -2.5199 5.23931 0.625459
      vertex -2.8205 5.59203 0.38978
      vertex -2.8205 5.27855 0.327425
    endloop
  endfacet
  facet normal -0.865561 -0.0327556 0.499731
    outer loop
      vertex -2.04854 5.14723 1.32486
      vertex -2.2611 5.19529 0.959845
      vertex -2.2611 4.95961 0.944397
    endloop
  endfacet
  facet normal -0.79272 -0.0398707 0.608281
    outer loop
      vertex -2.2611 4.95961 0.944397
      vertex -2.2611 5.19529 0.959845
      vertex -2.5199 5.23931 0.625459
    endloop
  endfacet
  facet normal -0.965787 0.144082 0.21563
    outer loop
      vertex -1.88585 4.32365 1.9212
      vertex -1.77582 4.57363 2.24698
      vertex -1.88585 4.43727 1.84528
    endloop
  endfacet
  facet normal -0.607942 0.351171 0.712099
    outer loop
      vertex -3.15777 3.60847 0.409761
      vertex -2.8205 4.02453 0.49252
      vertex -3.15777 3.92549 0.253423
    endloop
  endfacet
  facet normal -0.923586 -0.0748008 0.376024
    outer loop
      vertex -1.88585 5.09597 1.71426
      vertex -1.88585 5.22999 1.74092
      vertex -2.04854 5.14723 1.32486
    endloop
  endfacet
  facet normal -0.965786 -0.050598 0.254356
    outer loop
      vertex -1.77582 5.12371 2.13756
      vertex -1.88585 5.22999 1.74092
      vertex -1.88585 5.09597 1.71426
    endloop
  endfacet
  facet normal -0.923586 0.0748005 0.376023
    outer loop
      vertex -1.88585 4.68923 1.74092
      vertex -1.88585 4.82325 1.71426
      vertex -2.04854 4.77198 1.32486
    endloop
  endfacet
  facet normal -0.991408 0.123856 0.0420696
    outer loop
      vertex -1.72033 4.75429 2.69498
      vertex -1.72033 4.76323 2.66866
      vertex -1.77582 4.34717 2.5859
    endloop
  endfacet
  facet normal -0.865557 0.33021 0.376527
    outer loop
      vertex -2.04854 3.94318 1.73358
      vertex -2.04854 4.08455 1.6096
      vertex -2.2611 3.86043 1.31752
    endloop
  endfacet
  facet normal -0.865557 0.27823 0.416413
    outer loop
      vertex -2.04854 4.08455 1.6096
      vertex -2.04854 4.24089 1.50514
      vertex -2.2611 3.86043 1.31752
    endloop
  endfacet
  facet normal -1 0 0
    outer loop
      vertex -1.72033 4.74705 2.75
      vertex -1.72033 5.17217 2.75
      vertex -1.72033 5.17035 2.72225
    endloop
  endfacet
  facet normal -1 0 0
    outer loop
      vertex -1.72033 5.17217 2.75
      vertex -1.72033 4.74705 2.75
      vertex -1.72033 5.17217 2.95
    endloop
  endfacet
  facet normal -1 0 0
    outer loop
      vertex -1.72033 4.74705 2.75
      vertex -1.72033 5.17035 2.72225
      vertex -1.72033 5.16492 2.69498
    endloop
  endfacet
  facet normal -1 0 0
    outer loop
      vertex -1.72033 4.74705 2.95
      vertex -1.72033 5.17217 2.95
      vertex -1.72033 4.74705 2.75
    endloop
  endfacet
  facet normal -1 0 0
    outer loop
      vertex -1.72033 4.74705 2.75
      vertex -1.72033 5.16492 2.69498
      vertex -1.72033 5.15599 2.66866
    endloop
  endfacet
  facet normal -1 0 0
    outer loop
      vertex -1.72033 5.17217 2.95
      vertex -1.72033 4.74705 2.95
      vertex -1.72033 5.17035 2.97774
    endloop
  endfacet
  facet normal -1 0 0
    outer loop
      vertex -1.72033 4.74705 2.75
      vertex -1.72033 5.15599 2.66866
      vertex -1.72033 5.14369 2.64372
    endloop
  endfacet
  facet normal -1 -0 0
    outer loop
      vertex -1.72033 5.17035 2.97774
      vertex -1.72033 4.74705 2.95
      vertex -1.72033 5.16492 3.00501
    endloop
  endfacet
  facet normal -1 0 0
    outer loop
      vertex -1.72033 4.74705 2.75
      vertex -1.72033 5.14369 2.64372
      vertex -1.72033 5.12824 2.6206
    endloop
  endfacet
  facet normal -1 -0 0
    outer loop
      vertex -1.72033 5.16492 3.00501
      vertex -1.72033 4.74705 2.95
      vertex -1.72033 5.15599 3.03134
    endloop
  endfacet
  facet normal -1 0 0
    outer loop
      vertex -1.72033 4.74705 2.75
      vertex -1.72033 5.12824 2.6206
      vertex -1.72033 5.10991 2.5997
    endloop
  endfacet
  facet normal -1 -0 0
    outer loop
      vertex -1.72033 5.15599 3.03134
      vertex -1.72033 4.74705 2.95
      vertex -1.72033 5.14369 3.05628
    endloop
  endfacet
  facet normal -1 0 0
    outer loop
      vertex -1.72033 4.74705 2.75
      vertex -1.72033 5.10991 2.5997
      vertex -1.72033 5.08901 2.58136
    endloop
  endfacet
  facet normal -1 -0 0
    outer loop
      vertex -1.72033 5.14369 3.05628
      vertex -1.72033 4.74705 2.95
      vertex -1.72033 5.12824 3.0794
    endloop
  endfacet
  facet normal -1 0 0
    outer loop
      vertex -1.72033 4.74705 2.75
      vertex -1.72033 5.08901 2.58136
      vertex -1.72033 5.06589 2.56592
    endloop
  endfacet
  facet normal -1 -0 0
    outer loop
      vertex -1.72033 5.12824 3.0794
      vertex -1.72033 4.74705 2.95
      vertex -1.72033 5.10991 3.1003
    endloop
  endfacet
  facet normal -1 0 0
    outer loop
      vertex -1.72033 4.74705 2.75
      vertex -1.72033 5.06589 2.56592
      vertex -1.72033 5.04095 2.55362
    endloop
  endfacet
  facet normal -1 -0 0
    outer loop
      vertex -1.72033 5.10991 3.1003
      vertex -1.72033 4.74705 2.95
      vertex -1.72033 5.08901 3.11863
    endloop
  endfacet
  facet normal -1 0 0
    outer loop
      vertex -1.72033 4.74705 2.75
      vertex -1.72033 5.04095 2.55362
      vertex -1.72033 5.01462 2.54468
    endloop
  endfacet
  facet normal -1 -0 0
    outer loop
      vertex -1.72033 5.08901 3.11863
      vertex -1.72033 4.74705 2.95
      vertex -1.72033 5.06589 3.13408
    endloop
  endfacet
  facet normal -1 0 0
    outer loop
      vertex -1.72033 4.74705 2.75
      vertex -1.72033 5.01462 2.54468
      vertex -1.72033 4.98735 2.53926
    endloop
  endfacet
  facet normal -1 -0 0
    outer loop
      vertex -1.72033 5.06589 3.13408
      vertex -1.72033 4.74705 2.95
      vertex -1.72033 5.04095 3.14638
    endloop
  endfacet
  facet normal -1 0 0
    outer loop
      vertex -1.72033 4.74705 2.75
      vertex -1.72033 4.98735 2.53926
      vertex -1.72033 4.95961 2.53744
    endloop
  endfacet
  facet normal -1 -0 0
    outer loop
      vertex -1.72033 5.04095 3.14638
      vertex -1.72033 4.74705 2.95
      vertex -1.72033 5.01462 3.15532
    endloop
  endfacet
  facet normal -1 0 0
    outer loop
      vertex -1.72033 4.74705 2.75
      vertex -1.72033 4.95961 2.53744
      vertex -1.72033 4.93186 2.53926
    endloop
  endfacet
  facet normal -1 -0 0
    outer loop
      vertex -1.72033 5.01462 3.15532
      vertex -1.72033 4.74705 2.95
      vertex -1.72033 4.98735 3.16074
    endloop
  endfacet
  facet normal -1 0 0
    outer loop
      vertex -1.72033 4.74705 2.75
      vertex -1.72033 4.93186 2.53926
      vertex -1.72033 4.90459 2.54468
    endloop
  endfacet
  facet normal -1 -0 0
    outer loop
      vertex -1.72033 4.98735 3.16074
      vertex -1.72033 4.74705 2.95
      vertex -1.72033 4.95961 3.16256
    endloop
  endfacet
  facet normal -1 0 0
    outer loop
      vertex -1.72033 4.74705 2.75
      vertex -1.72033 4.90459 2.54468
      vertex -1.72033 4.87826 2.55362
    endloop
  endfacet
  facet normal -1 0 0
    outer loop
      vertex -1.72033 4.95961 3.16256
      vertex -1.72033 4.74705 2.95
      vertex -1.72033 4.93186 3.16074
    endloop
  endfacet
  facet normal -1 0 0
    outer loop
      vertex -1.72033 4.74705 2.75
      vertex -1.72033 4.87826 2.55362
      vertex -1.72033 4.85333 2.56592
    endloop
  endfacet
  facet normal -1 0 0
    outer loop
      vertex -1.72033 4.93186 3.16074
      vertex -1.72033 4.74705 2.95
      vertex -1.72033 4.90459 3.15532
    endloop
  endfacet
  facet normal -1 0 0
    outer loop
      vertex -1.72033 4.74705 2.75
      vertex -1.72033 4.85333 2.56592
      vertex -1.72033 4.83021 2.58136
    endloop
  endfacet
  facet normal -1 0 0
    outer loop
      vertex -1.72033 4.90459 3.15532
      vertex -1.72033 4.74705 2.95
      vertex -1.72033 4.87826 3.14638
    endloop
  endfacet
  facet normal -1 0 0
    outer loop
      vertex -1.72033 4.74705 2.75
      vertex -1.72033 4.83021 2.58136
      vertex -1.72033 4.80931 2.5997
    endloop
  endfacet
  facet normal -1 0 0
    outer loop
      vertex -1.72033 4.87826 3.14638
      vertex -1.72033 4.74705 2.95
      vertex -1.72033 4.85333 3.13408
    endloop
  endfacet
  facet normal -1 0 0
    outer loop
      vertex -1.72033 4.74705 2.75
      vertex -1.72033 4.80931 2.5997
      vertex -1.72033 4.79097 2.6206
    endloop
  endfacet
  facet normal -1 0 0
    outer loop
      vertex -1.72033 4.85333 3.13408
      vertex -1.72033 4.74705 2.95
      vertex -1.72033 4.83021 3.11863
    endloop
  endfacet
  facet normal -1 0 0
    outer loop
      vertex -1.72033 4.74705 2.75
      vertex -1.72033 4.79097 2.6206
      vertex -1.72033 4.77553 2.64372
    endloop
  endfacet
  facet normal -1 0 0
    outer loop
      vertex -1.72033 4.83021 3.11863
      vertex -1.72033 4.74705 2.95
      vertex -1.72033 4.80931 3.1003
    endloop
  endfacet
  facet normal -1 0 0
    outer loop
      vertex -1.72033 4.74705 2.75
      vertex -1.72033 4.77553 2.64372
      vertex -1.72033 4.76323 2.66866
    endloop
  endfacet
  facet normal -1 0 0
    outer loop
      vertex -1.72033 4.80931 3.1003
      vertex -1.72033 4.74705 2.95
      vertex -1.72033 4.79097 3.0794
    endloop
  endfacet
  facet normal -1 0 0
    outer loop
      vertex -1.72033 4.74705 2.75
      vertex -1.72033 4.76323 2.66866
      vertex -1.72033 4.75429 2.69498
    endloop
  endfacet
  facet normal -1 0 0
    outer loop
      vertex -1.72033 4.79097 3.0794
      vertex -1.72033 4.74705 2.95
      vertex -1.72033 4.77553 3.05628
    endloop
  endfacet
  facet normal -1 0 0
    outer loop
      vertex -1.72033 4.74705 2.75
      vertex -1.72033 4.75429 2.69498
      vertex -1.72033 4.74887 2.72225
    endloop
  endfacet
  facet normal -1 0 0
    outer loop
      vertex -1.72033 4.77553 3.05628
      vertex -1.72033 4.74705 2.95
      vertex -1.72033 4.76323 3.03134
    endloop
  endfacet
  facet normal -1 0 0
    outer loop
      vertex -1.72033 4.76323 3.03134
      vertex -1.72033 4.74705 2.95
      vertex -1.72033 4.75429 3.00501
    endloop
  endfacet
  facet normal -1 0 0
    outer loop
      vertex -1.72033 4.75429 3.00501
      vertex -1.72033 4.74705 2.95
      vertex -1.72033 4.74887 2.97774
    endloop
  endfacet
  facet normal -0.991409 0.0578738 0.1173
    outer loop
      vertex -1.72033 4.85333 2.56592
      vertex -1.72033 4.87826 2.55362
      vertex -1.77582 4.64259 2.2009
    endloop
  endfacet
  facet normal -0.792719 0.118917 0.597875
    outer loop
      vertex -2.2611 4.49228 1.00592
      vertex -2.2611 4.72393 0.959845
      vertex -2.5199 4.67991 0.625459
    endloop
  endfacet
  facet normal -0.923586 0.025082 0.38257
    outer loop
      vertex -1.88585 4.82325 1.71426
      vertex -1.88585 4.95961 1.70532
      vertex -2.04854 4.95961 1.31256
    endloop
  endfacet
  facet normal -0.923585 -0.318779 0.213006
    outer loop
      vertex -1.88585 5.78841 2.11404
      vertex -1.88585 5.86433 2.22766
      vertex -2.04854 6.1 1.87494
    endloop
  endfacet
  facet normal -0.965787 -0.21563 0.144082
    outer loop
      vertex -1.77582 5.46263 2.36402
      vertex -1.88585 5.86433 2.22766
      vertex -1.88585 5.78841 2.11404
    endloop
  endfacet
  facet normal -0.991409 -0.042054 0.123857
    outer loop
      vertex -1.72033 5.01462 2.54468
      vertex -1.72033 5.04095 2.55362
      vertex -1.77582 5.20225 2.16422
    endloop
  endfacet
  facet normal -0.991408 -0.0255192 0.12829
    outer loop
      vertex -1.72033 5.01462 2.54468
      vertex -1.77582 5.12371 2.13756
      vertex -1.77582 5.04237 2.12138
    endloop
  endfacet
  facet normal -0.923586 -0.213004 0.318777
    outer loop
      vertex -1.88585 5.48195 1.84528
      vertex -1.88585 5.59557 1.9212
      vertex -2.04854 5.83466 1.6096
    endloop
  endfacet
  facet normal -0.923585 -0.252788 0.288251
    outer loop
      vertex -1.88585 5.59557 1.9212
      vertex -1.88585 5.69831 2.0113
      vertex -2.04854 5.83466 1.6096
    endloop
  endfacet
  facet normal -0.923588 -0.363037 0.123248
    outer loop
      vertex -1.88585 5.96869 2.47962
      vertex -2.04854 6.34807 2.37796
      vertex -1.88585 5.92476 2.35022
    endloop
  endfacet
  facet normal -0.923588 -0.37602 0.0747999
    outer loop
      vertex -1.88585 5.96869 2.47962
      vertex -1.88585 5.99535 2.61364
      vertex -2.04854 6.34807 2.37796
    endloop
  endfacet
  facet normal -0.965787 -0.25878 -0.0169477
    outer loop
      vertex -1.77582 5.58823 3.03276
      vertex -1.88585 6.00429 2.95
      vertex -1.77582 5.59365 2.95
    endloop
  endfacet
  facet normal -0.991409 -0.130521 -0.00856338
    outer loop
      vertex -1.72033 5.17035 2.97774
      vertex -1.77582 5.58823 3.03276
      vertex -1.72033 5.17217 2.95
    endloop
  endfacet
  facet normal -0.991408 -0.128286 0.0255442
    outer loop
      vertex -1.72033 5.16492 2.69498
      vertex -1.72033 5.17035 2.72225
      vertex -1.77582 5.58823 2.66724
    endloop
  endfacet
  facet normal -0.965785 -0.245581 0.0833611
    outer loop
      vertex -1.77582 5.54539 2.50736
      vertex -1.77582 5.57205 2.5859
      vertex -1.88585 5.92476 2.35022
    endloop
  endfacet
  facet normal -0.991409 -0.108754 0.0726752
    outer loop
      vertex -1.72033 5.12824 2.6206
      vertex -1.72033 5.14369 2.64372
      vertex -1.77582 5.46263 2.36402
    endloop
  endfacet
  facet normal -0.965787 -0.170992 0.194981
    outer loop
      vertex -1.77582 5.34559 2.24698
      vertex -1.88585 5.69831 2.0113
      vertex -1.88585 5.59557 1.9212
    endloop
  endfacet
  facet normal -0.965787 0.215628 0.144086
    outer loop
      vertex -1.77582 4.41051 2.43298
      vertex -1.77582 4.45659 2.36402
      vertex -1.88585 4.05489 2.22766
    endloop
  endfacet
  facet normal -0.991409 0.130521 -0.00856338
    outer loop
      vertex -1.77582 4.33099 3.03276
      vertex -1.72033 4.74887 2.97774
      vertex -1.72033 4.74705 2.95
    endloop
  endfacet
  facet normal -0.991408 0.0983502 -0.0862378
    outer loop
      vertex -1.77582 4.45659 3.33598
      vertex -1.77582 4.51127 3.39834
      vertex -1.72033 4.79097 3.0794
    endloop
  endfacet
  facet normal -0.965787 0.215628 -0.144086
    outer loop
      vertex -1.88585 4.05489 3.47234
      vertex -1.77582 4.45659 3.33598
      vertex -1.77582 4.41051 3.26702
    endloop
  endfacet
  facet normal -0.965787 0.232593 -0.114702
    outer loop
      vertex -1.88585 4.05489 3.47234
      vertex -1.77582 4.41051 3.26702
      vertex -1.77582 4.37383 3.19264
    endloop
  endfacet
  facet normal -0.991408 0.123861 -0.042044
    outer loop
      vertex -1.77582 4.34717 3.1141
      vertex -1.77582 4.37383 3.19264
      vertex -1.72033 4.76323 3.03134
    endloop
  endfacet
  facet normal -0.991408 0.123859 -0.0420547
    outer loop
      vertex -1.77582 4.34717 3.1141
      vertex -1.72033 4.76323 3.03134
      vertex -1.72033 4.75429 3.00501
    endloop
  endfacet
  facet normal -0.991409 0.0726752 -0.108754
    outer loop
      vertex -1.77582 4.57363 3.45302
      vertex -1.72033 4.85333 3.13408
      vertex -1.72033 4.83021 3.11863
    endloop
  endfacet
  facet normal -0.965787 0.114702 -0.232593
    outer loop
      vertex -1.88585 4.43727 3.85472
      vertex -1.88585 4.55983 3.91516
      vertex -1.77582 4.71697 3.53578
    endloop
  endfacet
  facet normal -0.991408 0.0578527 -0.117314
    outer loop
      vertex -1.77582 4.64259 3.4991
      vertex -1.77582 4.71697 3.53578
      vertex -1.72033 4.87826 3.14638
    endloop
  endfacet
  facet normal -0.865561 -0.221491 -0.449161
    outer loop
      vertex -2.04854 5.50969 4.27802
      vertex -2.2611 5.65058 4.61816
      vertex -2.04854 5.67833 4.19486
    endloop
  endfacet
  facet normal -0.965787 -0.170994 -0.194979
    outer loop
      vertex -1.77582 5.34559 3.45302
      vertex -1.88585 5.69831 3.6887
      vertex -1.77582 5.40794 3.39834
    endloop
  endfacet
  facet normal -0.607948 0.0519502 -0.792275
    outer loop
      vertex -2.988 4.62389 5.5
      vertex -2.97415 4.78597 5.5
      vertex -2.8205 4.64067 5.37257
    endloop
  endfacet
  facet normal -0.607953 0.0519421 -0.792272
    outer loop
      vertex -2.97415 4.78597 5.5
      vertex -2.8205 4.95961 5.39348
      vertex -2.8205 4.64067 5.37257
    endloop
  endfacet
  facet normal -0.607939 0.051922 -0.792284
    outer loop
      vertex -2.8205 4.95961 5.39348
      vertex -2.97415 4.78597 5.5
      vertex -2.95932 4.95961 5.5
    endloop
  endfacet
  facet normal -0.499173 0.278513 -0.820522
    outer loop
      vertex -3.21944 3.97234 5.5
      vertex -3.15777 4.08287 5.5
      vertex -3.15777 3.92549 5.44658
    endloop
  endfacet
  facet normal -0.86556 0.221504 -0.449157
    outer loop
      vertex -2.2611 4.05681 4.5137
      vertex -2.2611 4.26863 4.61816
      vertex -2.04854 4.24089 4.19486
    endloop
  endfacet
  facet normal -0.923586 0.169571 -0.343852
    outer loop
      vertex -2.04854 4.24089 4.19486
      vertex -2.04854 4.40952 4.27802
      vertex -1.88585 4.55983 3.91516
    endloop
  endfacet
  facet normal -0.706352 0.138085 -0.694262
    outer loop
      vertex -2.8205 4.64067 5.37257
      vertex -2.5199 4.67991 5.07454
      vertex -2.5199 4.40499 5.01986
    endloop
  endfacet
  facet normal -0.79272 0.118914 -0.597875
    outer loop
      vertex -2.5199 4.40499 5.01986
      vertex -2.5199 4.67991 5.07454
      vertex -2.2611 4.49228 4.69408
    endloop
  endfacet
  facet normal -0.865563 0.0327385 -0.499729
    outer loop
      vertex -2.2611 4.72393 4.74016
      vertex -2.2611 4.95961 4.7556
      vertex -2.04854 4.77198 4.37514
    endloop
  endfacet
  facet normal -0.865558 0.03276 -0.499736
    outer loop
      vertex -2.2611 4.95961 4.7556
      vertex -2.04854 4.95961 4.38744
      vertex -2.04854 4.77198 4.37514
    endloop
  endfacet
  facet normal -0.792719 -0.0398635 -0.608283
    outer loop
      vertex -2.5199 4.95961 5.09287
      vertex -2.5199 5.23931 5.07454
      vertex -2.2611 4.95961 4.7556
    endloop
  endfacet
  facet normal -0.792714 -0.118936 -0.597879
    outer loop
      vertex -2.2611 5.19529 4.74016
      vertex -2.5199 5.23931 5.07454
      vertex -2.2611 5.42693 4.69408
    endloop
  endfacet
  facet normal -0.865561 0.160979 -0.474226
    outer loop
      vertex -2.2611 4.26863 4.61816
      vertex -2.04854 4.58757 4.33846
      vertex -2.04854 4.40952 4.27802
    endloop
  endfacet
  facet normal -0.865561 0.16098 -0.474225
    outer loop
      vertex -2.2611 4.26863 4.61816
      vertex -2.2611 4.49228 4.69408
      vertex -2.04854 4.58757 4.33846
    endloop
  endfacet
  facet normal -0.865559 0.376532 -0.330199
    outer loop
      vertex -2.2611 3.52713 4.04918
      vertex -2.2611 3.68285 4.22675
      vertex -2.04854 3.94318 3.96642
    endloop
  endfacet
  facet normal -0.792724 0.401919 -0.458311
    outer loop
      vertex -2.5199 3.65511 4.65006
      vertex -2.2611 3.86043 4.38248
      vertex -2.2611 3.68285 4.22675
    endloop
  endfacet
  facet normal -0.991408 0.00854809 -0.130524
    outer loop
      vertex -1.77582 4.87685 3.57862
      vertex -1.77582 4.95961 3.58404
      vertex -1.72033 4.95961 3.16256
    endloop
  endfacet
  facet normal -0.991409 0.0254984 -0.128292
    outer loop
      vertex -1.77582 4.87685 3.57862
      vertex -1.72033 4.93186 3.16074
      vertex -1.72033 4.90459 3.15532
    endloop
  endfacet
  facet normal -0.991408 -0.00854809 -0.130524
    outer loop
      vertex -1.77582 4.95961 3.58404
      vertex -1.77582 5.04237 3.57862
      vertex -1.72033 4.95961 3.16256
    endloop
  endfacet
  facet normal -0.991408 -0.042044 -0.123861
    outer loop
      vertex -1.77582 5.12371 3.56244
      vertex -1.77582 5.20225 3.53578
      vertex -1.72033 5.04095 3.14638
    endloop
  endfacet
  facet normal -0.991408 -0.0420547 -0.123859
    outer loop
      vertex -1.72033 5.01462 3.15532
      vertex -1.77582 5.12371 3.56244
      vertex -1.72033 5.04095 3.14638
    endloop
  endfacet
  facet normal -0.923586 -0.213006 -0.318775
    outer loop
      vertex -2.04854 5.67833 4.19486
      vertex -2.04854 5.83466 4.0904
      vertex -1.88585 5.48195 3.85472
    endloop
  endfacet
  facet normal -0.965786 -0.0505979 -0.254356
    outer loop
      vertex -1.88585 5.09597 3.98574
      vertex -1.88585 5.22999 3.95908
      vertex -1.77582 5.04237 3.57862
    endloop
  endfacet
  facet normal -0.923588 0.37602 -0.0747999
    outer loop
      vertex -2.04854 3.57115 3.32204
      vertex -1.88585 3.95053 3.22038
      vertex -1.88585 3.92387 3.08636
    endloop
  endfacet
  facet normal -0.923586 0.376026 -0.0747892
    outer loop
      vertex -2.04854 3.53447 3.13762
      vertex -2.04854 3.57115 3.32204
      vertex -1.88585 3.92387 3.08636
    endloop
  endfacet
  facet normal -0.706349 0.706349 -0.0462867
    outer loop
      vertex -2.8205 2.53703 3.26894
      vertex -2.5199 2.81673 2.95
      vertex -2.8205 2.51613 2.95
    endloop
  endfacet
  facet normal -0.865564 0.499726 -0.0327595
    outer loop
      vertex -2.2611 3.16945 3.18568
      vertex -2.04854 3.53447 3.13762
      vertex -2.2611 3.154 2.95
    endloop
  endfacet
  facet normal -0.86556 0.491185 -0.0976936
    outer loop
      vertex -2.2611 3.21553 3.41732
      vertex -2.04854 3.57115 3.32204
      vertex -2.04854 3.53447 3.13762
    endloop
  endfacet
  facet normal -0.965786 0.245578 -0.0833601
    outer loop
      vertex -1.88585 3.95053 3.22038
      vertex -1.77582 4.37383 3.19264
      vertex -1.77582 4.34717 3.1141
    endloop
  endfacet
  facet normal -0.965786 0.254357 -0.0505962
    outer loop
      vertex -1.88585 3.95053 3.22038
      vertex -1.77582 4.34717 3.1141
      vertex -1.77582 4.33099 3.03276
    endloop
  endfacet
  facet normal -0.865561 0.449161 -0.221491
    outer loop
      vertex -2.2611 3.29145 3.64097
      vertex -2.04854 3.71475 3.66872
      vertex -2.04854 3.63159 3.50008
    endloop
  endfacet
  facet normal -0.865561 0.474223 -0.160987
    outer loop
      vertex -2.2611 3.29145 3.64097
      vertex -2.04854 3.63159 3.50008
      vertex -2.04854 3.57115 3.32204
    endloop
  endfacet
  facet normal -0.923586 0.318781 -0.212996
    outer loop
      vertex -2.04854 3.71475 3.66872
      vertex -2.04854 3.81921 3.82506
      vertex -1.88585 4.05489 3.47234
    endloop
  endfacet
  facet normal -0.923587 0.288246 -0.252786
    outer loop
      vertex -2.04854 3.81921 3.82506
      vertex -2.04854 3.94318 3.96642
      vertex -1.88585 4.22091 3.6887
    endloop
  endfacet
  facet normal -0.792724 0.458313 -0.401917
    outer loop
      vertex -2.5199 3.25955 4.2545
      vertex -2.2611 3.68285 4.22675
      vertex -2.2611 3.52713 4.04918
    endloop
  endfacet
  facet normal -0.792717 0.458307 -0.401938
    outer loop
      vertex -2.5199 3.25955 4.2545
      vertex -2.5199 3.44437 4.46524
      vertex -2.2611 3.68285 4.22675
    endloop
  endfacet
  facet normal -0.607939 0.441105 -0.660179
    outer loop
      vertex -3.15777 3.31457 5.09386
      vertex -2.8205 3.73787 5.06611
      vertex -2.8205 3.47211 4.88854
    endloop
  endfacet
  facet normal -0.607946 0.255218 -0.751841
    outer loop
      vertex -3.15777 3.92549 5.44658
      vertex -2.8205 4.32719 5.31022
      vertex -2.8205 4.02453 5.20748
    endloop
  endfacet
  facet normal -0.499163 0.278527 -0.820524
    outer loop
      vertex -3.25793 3.90336 5.5
      vertex -3.21944 3.97234 5.5
      vertex -3.15777 3.92549 5.44658
    endloop
  endfacet
  facet normal -0.607949 0.351172 -0.712093
    outer loop
      vertex -3.15777 3.60847 5.29024
      vertex -3.15777 3.92549 5.44658
      vertex -2.8205 3.73787 5.06611
    endloop
  endfacet
  facet normal 0.381993 0.609339 -0.694829
    outer loop
      vertex -6.40081 3.18517 5.26249
      vertex -6.00805 2.78347 5.12614
      vertex -6.40081 2.89851 5.0111
    endloop
  endfacet
  facet normal 0.499182 0.571316 -0.651472
    outer loop
      vertex -6.60203 3.1259 5.05633
      vertex -6.40081 2.89851 5.0111
      vertex -6.61118 2.98439 4.92522
    endloop
  endfacet
  facet normal 0.499182 0.651476 -0.571311
    outer loop
      vertex -6.40081 2.89851 5.0111
      vertex -6.62249 2.93801 4.86245
      vertex -6.61118 2.98439 4.92522
    endloop
  endfacet
  facet normal 0.499187 0.651462 -0.571322
    outer loop
      vertex -6.62249 2.93801 4.86245
      vertex -6.40081 2.89851 5.0111
      vertex -6.6321 2.84652 4.74973
    endloop
  endfacet
  facet normal 0.130397 0.653713 -0.745424
    outer loop
      vertex -5.17594 2.66643 5.24318
      vertex -5.20617 2.96531 5.5
      vertex -5.17594 2.95928 5.5
    endloop
  endfacet
  facet normal 0.130263 0.653716 -0.745444
    outer loop
      vertex -5.20617 2.96531 5.5
      vertex -5.17594 2.66643 5.24318
      vertex -5.59742 2.70567 5.20394
    endloop
  endfacet
  facet normal 0.130263 0.745437 -0.653724
    outer loop
      vertex -5.59742 2.70567 5.20394
      vertex -5.17594 2.66643 5.24318
      vertex -5.17594 2.38673 4.92424
    endloop
  endfacet
  facet normal -0.38198 0.875125 -0.297065
    outer loop
      vertex -3.9187 2.11635 4.12772
      vertex -3.52594 2.26665 4.06546
      vertex -3.52594 2.14409 3.70441
    endloop
  endfacet
  facet normal -0.381981 0.828868 -0.40874
    outer loop
      vertex -3.9187 2.11635 4.12772
      vertex -3.9187 2.29439 4.48876
      vertex -3.52594 2.26665 4.06546
    endloop
  endfacet
  facet normal -0.258308 0.947497 -0.188485
    outer loop
      vertex -4.32933 1.79932 3.36606
      vertex -4.32933 1.88067 3.775
      vertex -3.9187 1.90841 3.3517
    endloop
  endfacet
  facet normal -0.130238 0.972429 -0.193444
    outer loop
      vertex -4.75082 1.74431 3.3733
      vertex -4.32933 1.88067 3.775
      vertex -4.32933 1.79932 3.36606
    endloop
  endfacet
  facet normal -0.381981 -0.828859 0.408759
    outer loop
      vertex -3.52594 7.65257 1.63454
      vertex -3.9187 7.80287 1.57228
      vertex -3.9187 7.62482 1.21124
    endloop
  endfacet
  facet normal -0.38198 -0.87513 0.297051
    outer loop
      vertex -3.52594 7.65257 1.63454
      vertex -3.52594 7.77512 1.99558
      vertex -3.9187 7.80287 1.57228
    endloop
  endfacet
  facet normal -0.499187 -0.86464 -0.0566507
    outer loop
      vertex -3.15777 7.63877 3.30272
      vertex -3.52594 7.84951 3.33046
      vertex -3.15777 7.66188 2.95
    endloop
  endfacet
  facet normal -0.381975 -0.922195 -0.0604277
    outer loop
      vertex -3.52594 7.84951 3.33046
      vertex -3.9187 8.0108 3.3517
      vertex -3.52594 7.87444 2.95
    endloop
  endfacet
  facet normal -0.607942 -0.778728 -0.154886
    outer loop
      vertex -2.8205 7.31983 3.58242
      vertex -3.15777 7.56981 3.6494
      vertex -2.8205 7.38218 3.26894
    endloop
  endfacet
  facet normal -0.706363 -0.694251 -0.138084
    outer loop
      vertex -2.5199 7.02946 3.50462
      vertex -2.8205 7.31983 3.58242
      vertex -2.8205 7.38218 3.26894
    endloop
  endfacet
  facet normal -0.792719 -0.608283 0.0398635
    outer loop
      vertex -2.2611 6.76521 2.75
      vertex -2.5199 7.10248 2.75
      vertex -2.5199 7.08415 2.4703
    endloop
  endfacet
  facet normal -0.706352 -0.694262 0.138086
    outer loop
      vertex -2.5199 7.08415 2.4703
      vertex -2.8205 7.38218 2.43106
      vertex -2.8205 7.31983 2.11758
    endloop
  endfacet
  facet normal -0.865558 -0.499736 0.0327602
    outer loop
      vertex -2.04854 6.38475 2.56238
      vertex -2.2611 6.76521 2.75
      vertex -2.2611 6.74976 2.51432
    endloop
  endfacet
  facet normal -0.865559 -0.491187 0.0976903
    outer loop
      vertex -2.04854 6.38475 2.56238
      vertex -2.2611 6.74976 2.51432
      vertex -2.2611 6.70369 2.28268
    endloop
  endfacet
  facet normal -0.607942 -0.778728 0.154886
    outer loop
      vertex -2.8205 7.31983 2.11758
      vertex -2.8205 7.38218 2.43106
      vertex -3.15777 7.56981 2.0506
    endloop
  endfacet
  facet normal -0.706351 -0.706347 0.0462901
    outer loop
      vertex -2.5199 7.08415 2.4703
      vertex -2.5199 7.10248 2.75
      vertex -2.8205 7.38218 2.43106
    endloop
  endfacet
  facet normal -0.86556 -0.416396 0.278246
    outer loop
      vertex -2.04854 6.1 1.87494
      vertex -2.04854 6.20447 2.03128
      vertex -2.2611 6.52331 1.8472
    endloop
  endfacet
  facet normal -0.865563 -0.376525 0.330196
    outer loop
      vertex -2.04854 5.97603 1.73358
      vertex -2.2611 6.39209 1.65082
      vertex -2.2611 6.23636 1.47324
    endloop
  endfacet
  facet normal -0.792724 -0.401932 0.458301
    outer loop
      vertex -2.2611 6.05879 1.31752
      vertex -2.5199 6.47485 1.23476
      vertex -2.5199 6.26411 1.04994
    endloop
  endfacet
  facet normal -0.607938 -0.596946 0.523514
    outer loop
      vertex -2.8205 6.89815 1.2625
      vertex -3.15777 7.10347 1.10496
      vertex -2.8205 6.68741 1.0222
    endloop
  endfacet
  facet normal -0.130264 -0.824379 -0.550846
    outer loop
      vertex -4.32933 7.48846 4.89046
      vertex -4.75082 7.53249 4.92424
      vertex -4.32933 7.72011 4.54378
    endloop
  endfacet
  facet normal -0.130263 -0.745439 -0.653722
    outer loop
      vertex -4.32933 7.21355 5.20394
      vertex -4.75082 7.53249 4.92424
      vertex -4.32933 7.48846 4.89046
    endloop
  endfacet
  facet normal -0.706352 -0.634858 -0.313086
    outer loop
      vertex -2.5199 6.81539 4.02144
      vertex -2.8205 7.07572 4.17174
      vertex -2.5199 6.93937 3.77004
    endloop
  endfacet
  facet normal -0.706352 -0.58857 -0.393259
    outer loop
      vertex -2.8205 6.89815 4.4375
      vertex -2.8205 7.07572 4.17174
      vertex -2.5199 6.81539 4.02144
    endloop
  endfacet
  facet normal -0.792724 -0.4583 -0.401932
    outer loop
      vertex -2.2611 6.23636 4.22675
      vertex -2.5199 6.47485 4.46524
      vertex -2.2611 6.39209 4.04918
    endloop
  endfacet
  facet normal -0.865559 -0.330211 -0.37652
    outer loop
      vertex -2.2611 6.05879 4.38248
      vertex -2.2611 6.23636 4.22675
      vertex -2.04854 5.97603 3.96642
    endloop
  endfacet
  facet normal -0.923588 -0.343852 -0.169561
    outer loop
      vertex -2.04854 6.20447 3.66872
      vertex -2.04854 6.28763 3.50008
      vertex -1.88585 5.92476 3.34978
    endloop
  endfacet
  facet normal -0.792722 -0.546722 -0.269606
    outer loop
      vertex -2.2611 6.52331 3.8528
      vertex -2.5199 6.93937 3.77004
      vertex -2.2611 6.62777 3.64097
    endloop
  endfacet
  facet normal -0.258315 -0.536752 -0.803225
    outer loop
      vertex -4.32933 6.90007 5.47885
      vertex -4.05831 6.73799 5.5
      vertex -4.32933 6.86842 5.5
    endloop
  endfacet
  facet normal -0.258299 -0.536728 -0.803246
    outer loop
      vertex -4.05831 6.73799 5.5
      vertex -4.32933 6.90007 5.47885
      vertex -3.9187 6.83309 5.39156
    endloop
  endfacet
  facet normal -0.381983 -0.513445 -0.768416
    outer loop
      vertex -3.9187 6.83309 5.39156
      vertex -3.7904 6.57535 5.5
      vertex -3.9187 6.6708 5.5
    endloop
  endfacet
  facet normal -0.381991 -0.513447 -0.768411
    outer loop
      vertex -3.7904 6.57535 5.5
      vertex -3.9187 6.83309 5.39156
      vertex -3.52594 6.73405 5.26249
    endloop
  endfacet
  facet normal -0.258307 -0.53672 -0.803249
    outer loop
      vertex -3.9187 6.6708 5.5
      vertex -4.05831 6.73799 5.5
      vertex -3.9187 6.83309 5.39156
    endloop
  endfacet
  facet normal -0.706353 -0.227536 -0.670294
    outer loop
      vertex -2.8205 5.59203 5.31022
      vertex -2.8205 5.89469 5.20748
      vertex -2.5199 5.77965 4.92976
    endloop
  endfacet
  facet normal -0.499184 -0.571313 -0.651472
    outer loop
      vertex -3.15777 6.60465 5.09386
      vertex -3.52594 7.02071 5.0111
      vertex -3.15777 6.87041 4.8608
    endloop
  endfacet
  facet normal -0.499186 -0.571314 -0.65147
    outer loop
      vertex -3.15777 6.60465 5.09386
      vertex -3.52594 6.73405 5.26249
      vertex -3.52594 7.02071 5.0111
    endloop
  endfacet
  facet normal -0.499185 -0.481405 -0.72046
    outer loop
      vertex -3.52594 6.41703 5.47432
      vertex -3.52594 6.73405 5.26249
      vertex -3.15777 6.60465 5.09386
    endloop
  endfacet
  facet normal -0.706357 -0.313093 -0.634848
    outer loop
      vertex -2.5199 5.77965 4.92976
      vertex -2.8205 6.18135 5.06611
      vertex -2.5199 6.03104 4.80578
    endloop
  endfacet
  facet normal -0.706353 -0.313087 -0.634856
    outer loop
      vertex -2.8205 5.89469 5.20748
      vertex -2.8205 6.18135 5.06611
      vertex -2.5199 5.77965 4.92976
    endloop
  endfacet
  facet normal -0.258301 -0.53671 0.803258
    outer loop
      vertex -4.32933 6.90007 0.221145
      vertex -4.28408 6.54732 1.90735e-07
      vertex -3.9187 6.49837 0.0847876
    endloop
  endfacet
  facet normal -0.258332 -0.536708 0.803249
    outer loop
      vertex -4.28408 6.54732 1.90735e-07
      vertex -4.32933 6.90007 0.221145
      vertex -4.32933 6.5691 1.90735e-07
    endloop
  endfacet
  facet normal -0.130294 -0.55083 0.824384
    outer loop
      vertex -4.32933 6.90007 0.221145
      vertex -4.35292 6.57468 1.90735e-07
      vertex -4.32933 6.5691 1.90735e-07
    endloop
  endfacet
  facet normal -0.13025 -0.550836 0.824388
    outer loop
      vertex -4.35292 6.57468 1.90735e-07
      vertex -4.32933 6.90007 0.221145
      vertex -4.75082 6.93385 0.177122
    endloop
  endfacet
  facet normal 0.258302 -0.427299 0.866427
    outer loop
      vertex -5.64267 6.54732 1.90735e-07
      vertex -6.00805 6.49837 0.0847876
      vertex -5.88358 6.40169 1.90735e-07
    endloop
  endfacet
  facet normal 0.258304 -0.636972 0.726324
    outer loop
      vertex -5.59742 7.21355 0.496061
      vertex -6.00805 6.83309 0.308438
      vertex -5.59742 6.90007 0.221145
    endloop
  endfacet
  facet normal -0.991408 -0.117313 -0.0578522
    outer loop
      vertex -1.77582 5.50871 3.26702
      vertex -1.77582 5.54539 3.19264
      vertex -1.72033 5.15599 3.03134
    endloop
  endfacet
  facet normal -0.965787 -0.232593 -0.114702
    outer loop
      vertex -1.77582 5.50871 3.26702
      vertex -1.88585 5.86433 3.47234
      vertex -1.77582 5.54539 3.19264
    endloop
  endfacet
  facet normal -0.86556 -0.449161 -0.221495
    outer loop
      vertex -2.04854 6.20447 3.66872
      vertex -2.2611 6.52331 3.8528
      vertex -2.2611 6.62777 3.64097
    endloop
  endfacet
  facet normal -0.923585 -0.288252 -0.252788
    outer loop
      vertex -1.88585 5.69831 3.6887
      vertex -2.04854 6.1 3.82506
      vertex -1.88585 5.78841 3.58596
    endloop
  endfacet
  facet normal -0.965787 -0.215628 -0.144086
    outer loop
      vertex -1.77582 5.46263 3.33598
      vertex -1.88585 5.86433 3.47234
      vertex -1.77582 5.50871 3.26702
    endloop
  endfacet
  facet normal -0.991409 -0.117311 -0.0578557
    outer loop
      vertex -1.72033 5.14369 3.05628
      vertex -1.77582 5.50871 3.26702
      vertex -1.72033 5.15599 3.03134
    endloop
  endfacet
  facet normal 0.258306 -0.914794 0.310531
    outer loop
      vertex -5.59742 8.03855 1.925
      vertex -6.00805 7.93227 1.95348
      vertex -6.00805 7.80287 1.57228
    endloop
  endfacet
  facet normal 0.130233 -0.938872 0.318684
    outer loop
      vertex -5.17594 8.09214 1.91064
      vertex -5.59742 8.03855 1.925
      vertex -5.17594 7.95579 1.50894
    endloop
  endfacet
  facet normal 0.499062 -0.820553 0.278622
    outer loop
      vertex -6.46063 7.69485 1.86633
      vertex -6.40081 7.77512 1.99558
      vertex -6.45893 7.72478 1.95143
    endloop
  endfacet
  facet normal 0.499218 -0.820499 0.278502
    outer loop
      vertex -6.40081 7.65257 1.63454
      vertex -6.46063 7.69485 1.86633
      vertex -6.46498 7.61834 1.64872
    endloop
  endfacet
  facet normal 0.499232 -0.820489 0.278504
    outer loop
      vertex -6.46063 7.69485 1.86633
      vertex -6.40081 7.65257 1.63454
      vertex -6.40081 7.77512 1.99558
    endloop
  endfacet
  facet normal 0.381981 -0.828859 0.408759
    outer loop
      vertex -6.00805 7.80287 1.57228
      vertex -6.40081 7.65257 1.63454
      vertex -6.00805 7.62482 1.21124
    endloop
  endfacet
  facet normal 0.2583 -0.63697 0.726327
    outer loop
      vertex -5.59742 7.21355 0.496061
      vertex -6.00805 7.13575 0.573863
      vertex -6.00805 6.83309 0.308438
    endloop
  endfacet
  facet normal 0.499202 -0.571354 0.651424
    outer loop
      vertex -6.40081 7.02071 0.6889
      vertex -6.50126 6.9797 0.729908
      vertex -6.50567 6.90222 0.665331
    endloop
  endfacet
  facet normal 0.38198 -0.87513 0.297051
    outer loop
      vertex -6.40081 7.77512 1.99558
      vertex -6.40081 7.65257 1.63454
      vertex -6.00805 7.80287 1.57228
    endloop
  endfacet
  facet normal 0.258313 -0.86644 -0.427266
    outer loop
      vertex -5.59742 7.72011 4.54378
      vertex -6.00805 7.62482 4.48876
      vertex -5.59742 7.90452 4.16982
    endloop
  endfacet
  facet normal 0.130252 -0.653723 -0.74544
    outer loop
      vertex -5.59742 7.21355 5.20394
      vertex -5.39497 6.91629 5.5
      vertex -5.59742 6.90007 5.47885
    endloop
  endfacet
  facet normal 0.130259 -0.653719 -0.745442
    outer loop
      vertex -5.39497 6.91629 5.5
      vertex -5.59742 7.21355 5.20394
      vertex -5.20617 6.95391 5.5
    endloop
  endfacet
  facet normal 0.130184 -0.653731 -0.745445
    outer loop
      vertex -5.20617 6.95391 5.5
      vertex -5.17594 7.25278 5.24318
      vertex -5.17594 6.95993 5.5
    endloop
  endfacet
  facet normal 0.130247 -0.653729 -0.745435
    outer loop
      vertex -5.17594 7.25278 5.24318
      vertex -5.20617 6.95391 5.5
      vertex -5.59742 7.21355 5.20394
    endloop
  endfacet
  facet normal 0.130267 -0.889237 -0.438507
    outer loop
      vertex -5.17594 7.95579 4.19106
      vertex -5.59742 7.72011 4.54378
      vertex -5.59742 7.90452 4.16982
    endloop
  endfacet
  facet normal 0.130266 -0.938857 -0.318715
    outer loop
      vertex -5.17594 7.95579 4.19106
      vertex -5.59742 7.90452 4.16982
      vertex -5.59742 8.03855 3.775
    endloop
  endfacet
  facet normal 0.381975 -0.922195 -0.0604277
    outer loop
      vertex -6.00805 8.0108 3.3517
      vertex -6.40081 7.84951 3.33046
      vertex -6.40081 7.87444 2.95
    endloop
  endfacet
  facet normal 0.499133 -0.820545 0.278519
    outer loop
      vertex -6.40081 7.77512 1.99558
      vertex -6.45788 7.7433 2.00411
      vertex -6.45893 7.72478 1.95143
    endloop
  endfacet
  facet normal 0.381991 -0.922187 -0.0604461
    outer loop
      vertex -6.00805 8.03713 2.95
      vertex -6.00805 8.0108 3.3517
      vertex -6.40081 7.87444 2.95
    endloop
  endfacet
  facet normal 0.130254 -0.989358 0.0648459
    outer loop
      vertex -5.17594 8.20265 2.75
      vertex -5.59742 8.14716 2.75
      vertex -5.59742 8.11989 2.33394
    endloop
  endfacet
  facet normal 0 -0.946936 -0.321421
    outer loop
      vertex -5.17594 8.09214 3.78936
      vertex -4.75082 7.95579 4.19106
      vertex -5.17594 7.95579 4.19106
    endloop
  endfacet
  facet normal 0 -0.946936 -0.321421
    outer loop
      vertex -4.75082 7.95579 4.19106
      vertex -5.17594 8.09214 3.78936
      vertex -4.75082 8.09214 3.78936
    endloop
  endfacet
  facet normal -0.13023 -0.938872 -0.318684
    outer loop
      vertex -4.75082 7.95579 4.19106
      vertex -4.75082 8.09214 3.78936
      vertex -4.32933 8.03855 3.775
    endloop
  endfacet
  facet normal -0.130229 -0.972433 -0.19343
    outer loop
      vertex -4.32933 8.03855 3.775
      vertex -4.75082 8.09214 3.78936
      vertex -4.75082 8.1749 3.3733
    endloop
  endfacet
  facet normal 0.258297 -0.636964 -0.726333
    outer loop
      vertex -5.59742 7.21355 5.20394
      vertex -6.00805 6.83309 5.39156
      vertex -6.00805 7.13575 5.12614
    endloop
  endfacet
  facet normal 0.258297 -0.726333 -0.636964
    outer loop
      vertex -5.59742 7.21355 5.20394
      vertex -6.00805 7.13575 5.12614
      vertex -6.00805 7.40117 4.82348
    endloop
  endfacet
  facet normal 0.38269 0.923877 -0
    outer loop
      vertex -6.00805 1.88208 2.75
      vertex -6.40081 2.04477 2.95
      vertex -6.00805 1.88208 2.95
    endloop
  endfacet
  facet normal 0.38269 0.923877 0
    outer loop
      vertex -6.40081 2.04477 2.95
      vertex -6.00805 1.88208 2.75
      vertex -6.40081 2.04477 2.75
    endloop
  endfacet
  facet normal 0.500002 0.866024 -1.98334e-05
    outer loop
      vertex -6.40081 2.04477 2.95
      vertex -6.76898 2.25733 2.76371
      vertex -6.76175 2.25316 2.95
    endloop
  endfacet
  facet normal 0.499995 0.866029 -0
    outer loop
      vertex -6.40081 2.04477 2.75
      vertex -6.76898 2.25733 2.76371
      vertex -6.40081 2.04477 2.95
    endloop
  endfacet
  facet normal 0.499995 0.866029 0
    outer loop
      vertex -6.76898 2.25733 2.76371
      vertex -6.40081 2.04477 2.75
      vertex -6.76898 2.25733 2.75
    endloop
  endfacet
  facet normal 0 0.946929 0.321442
    outer loop
      vertex -4.75082 1.96343 1.50894
      vertex -5.17594 1.82707 1.91064
      vertex -4.75082 1.82707 1.91064
    endloop
  endfacet
  facet normal 0 0.946929 0.321442
    outer loop
      vertex -5.17594 1.82707 1.91064
      vertex -4.75082 1.96343 1.50894
      vertex -5.17594 1.96343 1.50894
    endloop
  endfacet
  facet normal 0.258313 0.914795 0.310523
    outer loop
      vertex -6.00805 2.11635 1.57228
      vertex -5.59742 1.88067 1.925
      vertex -5.59742 2.01469 1.53018
    endloop
  endfacet
  facet normal 0.130254 0.938862 0.318704
    outer loop
      vertex -5.59742 1.88067 1.925
      vertex -5.17594 1.82707 1.91064
      vertex -5.17594 1.96343 1.50894
    endloop
  endfacet
  facet normal -0.130252 0.97243 0.19343
    outer loop
      vertex -4.75082 1.74431 2.3267
      vertex -4.32933 1.88067 1.925
      vertex -4.75082 1.82707 1.91064
    endloop
  endfacet
  facet normal 0 0.980785 0.195092
    outer loop
      vertex -4.75082 1.82707 1.91064
      vertex -5.17594 1.74431 2.3267
      vertex -4.75082 1.74431 2.3267
    endloop
  endfacet
  facet normal 0 0.980785 0.195092
    outer loop
      vertex -5.17594 1.74431 2.3267
      vertex -4.75082 1.82707 1.91064
      vertex -5.17594 1.82707 1.91064
    endloop
  endfacet
  facet normal -0.130241 0.938867 0.318694
    outer loop
      vertex -4.32933 1.88067 1.925
      vertex -4.32933 2.01469 1.53018
      vertex -4.75082 1.96343 1.50894
    endloop
  endfacet
  facet normal -0.130243 0.88923 0.438528
    outer loop
      vertex -4.75082 1.96343 1.50894
      vertex -4.32933 2.01469 1.53018
      vertex -4.32933 2.19911 1.15622
    endloop
  endfacet
  facet normal -0.607942 0.441114 0.66017
    outer loop
      vertex -3.15777 3.31457 0.60614
      vertex -2.8205 3.73787 0.633886
      vertex -3.15777 3.60847 0.409761
    endloop
  endfacet
  facet normal -0.499192 0.481398 0.72046
    outer loop
      vertex -3.52594 3.18517 0.437505
      vertex -3.15777 3.31457 0.60614
      vertex -3.52594 3.50219 0.225678
    endloop
  endfacet
  facet normal -0.381986 0.694821 0.609352
    outer loop
      vertex -3.9187 2.51804 0.876523
      vertex -3.52594 2.64711 0.97556
      vertex -3.9187 2.78347 0.573863
    endloop
  endfacet
  facet normal -0.381985 0.513437 0.76842
    outer loop
      vertex -3.9187 3.08613 0.308438
      vertex -3.52594 3.18517 0.437505
      vertex -3.9187 3.42085 0.0847876
    endloop
  endfacet
  facet normal -0.381984 0.408753 0.82886
    outer loop
      vertex -3.9187 3.42085 0.0847876
      vertex -3.675 3.82052 1.90735e-07
      vertex -3.9187 3.59278 1.90735e-07
    endloop
  endfacet
  facet normal -0.381985 0.408754 0.828859
    outer loop
      vertex -3.675 3.82052 1.90735e-07
      vertex -3.9187 3.42085 0.0847876
      vertex -3.52594 3.84415 0.0570423
    endloop
  endfacet
  facet normal -0.258299 0.427283 0.866436
    outer loop
      vertex -3.9187 3.42085 0.0847876
      vertex -3.9187 3.59278 1.90735e-07
      vertex -4.04318 3.51753 1.90735e-07
    endloop
  endfacet
  facet normal -0.60794 -0.154898 0.778727
    outer loop
      vertex -2.8205 5.27855 0.327425
      vertex -2.8205 5.59203 0.38978
      vertex -3.15777 5.31233 0.0708429
    endloop
  endfacet
  facet normal -0.2583 0.726321 0.636977
    outer loop
      vertex -4.32933 2.43075 0.809542
      vertex -3.9187 2.51804 0.876523
      vertex -4.32933 2.70567 0.496061
    endloop
  endfacet
  facet normal -0.130245 0.82439 0.550833
    outer loop
      vertex -4.32933 2.19911 1.15622
      vertex -4.32933 2.43075 0.809542
      vertex -4.75082 2.38673 0.775762
    endloop
  endfacet
  facet normal 0.130257 0.653727 0.745435
    outer loop
      vertex -5.59742 2.70567 0.496061
      vertex -5.17594 2.66643 0.456824
      vertex -5.17594 2.98537 0.177122
    endloop
  endfacet
  facet normal 0.130253 0.653731 0.745433
    outer loop
      vertex -5.59742 3.01915 0.221145
      vertex -5.59742 2.70567 0.496061
      vertex -5.17594 2.98537 0.177122
    endloop
  endfacet
  facet normal 0.49919 0.38323 0.777138
    outer loop
      vertex -6.68295 3.78195 0.268946
      vertex -6.40081 3.84415 0.0570423
      vertex -6.67596 3.90494 0.203806
    endloop
  endfacet
  facet normal 0.499204 0.383197 0.777146
    outer loop
      vertex -6.68336 3.77467 0.272799
      vertex -6.40081 3.84415 0.0570423
      vertex -6.68295 3.78195 0.268946
    endloop
  endfacet
  facet normal 0.499113 0.383415 0.777097
    outer loop
      vertex -6.6842 3.75991 0.280621
      vertex -6.40081 3.84415 0.0570423
      vertex -6.68336 3.77467 0.272799
    endloop
  endfacet
  facet normal 0.499527 0.382505 0.777279
    outer loop
      vertex -6.68442 3.75606 0.282657
      vertex -6.40081 3.84415 0.0570423
      vertex -6.6842 3.75991 0.280621
    endloop
  endfacet
  facet normal 0.498294 0.385152 0.776763
    outer loop
      vertex -6.6845 3.75454 0.283462
      vertex -6.40081 3.84415 0.0570423
      vertex -6.68442 3.75606 0.282657
    endloop
  endfacet
  facet normal 0.499177 0.383273 0.777126
    outer loop
      vertex -6.68559 3.73542 0.293592
      vertex -6.40081 3.84415 0.0570423
      vertex -6.6845 3.75454 0.283462
    endloop
  endfacet
  facet normal 0.499208 0.383212 0.777136
    outer loop
      vertex -6.68811 3.69105 0.31709
      vertex -6.40081 3.84415 0.0570423
      vertex -6.68559 3.73542 0.293592
    endloop
  endfacet
  facet normal 0.499234 0.383171 0.777139
    outer loop
      vertex -6.40081 3.84415 0.0570423
      vertex -6.68811 3.69105 0.31709
      vertex -6.68993 3.65907 0.334027
    endloop
  endfacet
  facet normal 0.499169 -0.16903 0.849858
    outer loop
      vertex -6.5813 5.57097 0.0120486
      vertex -6.51829 5.69647 1.90735e-07
      vertex -6.57465 5.68805 0.0314289
    endloop
  endfacet
  facet normal 0.499193 -0.169043 0.849842
    outer loop
      vertex -6.5813 5.57097 0.0120486
      vertex -6.58496 5.49959 1.90735e-07
      vertex -6.51829 5.69647 1.90735e-07
    endloop
  endfacet
  facet normal 0.495964 -0.169191 0.851701
    outer loop
      vertex -6.58496 5.49959 1.90735e-07
      vertex -6.5813 5.57097 0.0120486
      vertex -6.58534 5.49992 0.000287028
    endloop
  endfacet
  facet normal 0.381993 0.297064 0.87512
    outer loop
      vertex -6.40081 4.01219 1.90735e-07
      vertex -6.40081 3.84415 0.0570423
      vertex -6.32071 3.90919 1.90735e-07
    endloop
  endfacet
  facet normal 0.499181 0.57138 0.651417
    outer loop
      vertex -6.71309 3.25141 0.618704
      vertex -6.40081 3.18517 0.437505
      vertex -6.71067 3.29407 0.579431
    endloop
  endfacet
  facet normal 0.499194 0.571318 0.651461
    outer loop
      vertex -6.40081 3.18517 0.437505
      vertex -6.71309 3.25141 0.618704
      vertex -6.40081 2.89851 0.6889
    endloop
  endfacet
  facet normal 0.499187 0.4814 0.720463
    outer loop
      vertex -6.70773 3.34578 0.542844
      vertex -6.40081 3.18517 0.437505
      vertex -6.40081 3.50219 0.225678
    endloop
  endfacet
  facet normal 0.499183 0.481385 0.720475
    outer loop
      vertex -6.40081 3.18517 0.437505
      vertex -6.70773 3.34578 0.542844
      vertex -6.71067 3.29407 0.579431
    endloop
  endfacet
  facet normal 0.381987 0.768418 0.513439
    outer loop
      vertex -6.40081 2.64711 0.97556
      vertex -6.00805 2.29439 1.21124
      vertex -6.00805 2.51804 0.876523
    endloop
  endfacet
  facet normal 0.258296 0.803255 0.536716
    outer loop
      vertex -6.00805 2.29439 1.21124
      vertex -5.59742 2.19911 1.15622
      vertex -6.00805 2.51804 0.876523
    endloop
  endfacet
  facet normal -0.258297 0.726321 -0.636977
    outer loop
      vertex -4.32933 2.70567 5.20394
      vertex -3.9187 2.78347 5.12614
      vertex -3.9187 2.51804 4.82348
    endloop
  endfacet
  facet normal -0.38199 0.69482 -0.609351
    outer loop
      vertex -3.9187 2.51804 4.82348
      vertex -3.9187 2.78347 5.12614
      vertex -3.52594 2.64711 4.72444
    endloop
  endfacet
  facet normal -0.499191 0.864637 0.056675
    outer loop
      vertex -3.52594 2.04477 2.75
      vertex -3.15777 2.25733 2.75
      vertex -3.15777 2.28045 2.39728
    endloop
  endfacet
  facet normal -0.706351 0.694263 0.138085
    outer loop
      vertex -2.5199 2.83507 2.4703
      vertex -2.5199 2.88975 2.19538
      vertex -2.8205 2.59939 2.11758
    endloop
  endfacet
  facet normal -0.706363 0.694247 0.138105
    outer loop
      vertex -2.8205 2.53703 2.43106
      vertex -2.5199 2.83507 2.4703
      vertex -2.8205 2.59939 2.11758
    endloop
  endfacet
  facet normal -0.866029 0.499995 0
    outer loop
      vertex -2.2611 3.154 2.75
      vertex -2.04854 3.52217 2.95
      vertex -2.04854 3.52217 2.75
    endloop
  endfacet
  facet normal -0.866029 0.499995 0
    outer loop
      vertex -2.04854 3.52217 2.95
      vertex -2.2611 3.154 2.75
      vertex -2.2611 3.154 2.95
    endloop
  endfacet
  facet normal -0.793349 0.608767 0
    outer loop
      vertex -2.5199 2.81673 2.75
      vertex -2.2611 3.154 2.95
      vertex -2.2611 3.154 2.75
    endloop
  endfacet
  facet normal -0.793349 0.608767 0
    outer loop
      vertex -2.2611 3.154 2.95
      vertex -2.5199 2.81673 2.75
      vertex -2.5199 2.81673 2.95
    endloop
  endfacet
  facet normal -0.965787 0.245575 0.0833593
    outer loop
      vertex -1.77582 4.34717 2.5859
      vertex -1.77582 4.37383 2.50736
      vertex -1.88585 3.99445 2.35022
    endloop
  endfacet
  facet normal -0.865564 0.499726 0.0327611
    outer loop
      vertex -2.2611 3.154 2.75
      vertex -2.04854 3.52217 2.75
      vertex -2.04854 3.53447 2.56238
    endloop
  endfacet
  facet normal -0.70636 0.588563 0.393254
    outer loop
      vertex -2.8205 2.84349 1.52826
      vertex -2.5199 3.25955 1.4455
      vertex -2.8205 3.02106 1.2625
    endloop
  endfacet
  facet normal -0.607937 0.660181 0.441106
    outer loop
      vertex -3.15777 2.61937 1.39886
      vertex -2.8205 2.84349 1.52826
      vertex -2.8205 3.02106 1.2625
    endloop
  endfacet
  facet normal -0.130254 0.653727 0.745436
    outer loop
      vertex -4.75082 2.66643 0.456824
      vertex -4.32933 2.70567 0.496061
      vertex -4.75082 2.98537 0.177122
    endloop
  endfacet
  facet normal -0.499199 0.651453 0.571322
    outer loop
      vertex -3.52594 2.64711 0.97556
      vertex -3.15777 2.81575 1.10496
      vertex -3.52594 2.89851 0.6889
    endloop
  endfacet
  facet normal -0.706355 -0.532193 0.466726
    outer loop
      vertex -2.5199 6.47485 1.23476
      vertex -2.8205 6.89815 1.2625
      vertex -2.8205 6.68741 1.0222
    endloop
  endfacet
  facet normal -0.706361 -0.532196 0.466713
    outer loop
      vertex -2.5199 6.65966 1.4455
      vertex -2.8205 6.89815 1.2625
      vertex -2.5199 6.47485 1.23476
    endloop
  endfacet
  facet normal -0.706345 -0.393252 0.588582
    outer loop
      vertex -2.5199 6.03104 0.894218
      vertex -2.5199 6.26411 1.04994
      vertex -2.8205 6.4471 0.811458
    endloop
  endfacet
  facet normal -0.70636 -0.393268 0.588555
    outer loop
      vertex -2.5199 6.03104 0.894218
      vertex -2.8205 6.4471 0.811458
      vertex -2.8205 6.18135 0.633886
    endloop
  endfacet
  facet normal -0.86556 0.278237 0.416402
    outer loop
      vertex -2.2611 3.86043 1.31752
      vertex -2.04854 4.24089 1.50514
      vertex -2.2611 4.05681 1.1863
    endloop
  endfacet
  facet normal -0.706356 0.227535 0.67029
    outer loop
      vertex -2.8205 4.02453 0.49252
      vertex -2.5199 4.13957 0.770243
      vertex -2.8205 4.32719 0.38978
    endloop
  endfacet
  facet normal -0.706356 -0.227535 0.67029
    outer loop
      vertex -2.5199 5.77965 0.770243
      vertex -2.8205 5.89469 0.49252
      vertex -2.8205 5.59203 0.38978
    endloop
  endfacet
  facet normal -0.706359 -0.1381 0.694252
    outer loop
      vertex -2.5199 5.23931 0.625459
      vertex -2.5199 5.51422 0.680144
      vertex -2.8205 5.59203 0.38978
    endloop
  endfacet
  facet normal -0.706356 0.138096 0.694255
    outer loop
      vertex -2.8205 4.32719 0.38978
      vertex -2.5199 4.67991 0.625459
      vertex -2.8205 4.64067 0.327425
    endloop
  endfacet
  facet normal -0.60794 0.154898 0.778727
    outer loop
      vertex -2.8205 4.32719 0.38978
      vertex -2.8205 4.64067 0.327425
      vertex -3.15777 4.60689 0.0708429
    endloop
  endfacet
  facet normal -0.792715 -0.269621 0.546724
    outer loop
      vertex -2.2611 5.86241 1.1863
      vertex -2.5199 6.03104 0.894218
      vertex -2.5199 5.77965 0.770243
    endloop
  endfacet
  facet normal -0.79272 -0.269607 0.546724
    outer loop
      vertex -2.2611 5.65058 1.08184
      vertex -2.2611 5.86241 1.1863
      vertex -2.5199 5.77965 0.770243
    endloop
  endfacet
  facet normal -0.706354 0.0462974 0.706343
    outer loop
      vertex -2.5199 4.67991 0.625459
      vertex -2.5199 4.95961 0.607126
      vertex -2.8205 4.95961 0.306521
    endloop
  endfacet
  facet normal -0.706354 -0.0462974 0.706343
    outer loop
      vertex -2.5199 4.95961 0.607126
      vertex -2.5199 5.23931 0.625459
      vertex -2.8205 4.95961 0.306521
    endloop
  endfacet
  facet normal -0.865561 -0.16098 0.474225
    outer loop
      vertex -2.04854 5.33164 1.36154
      vertex -2.2611 5.65058 1.08184
      vertex -2.2611 5.42693 1.00592
    endloop
  endfacet
  facet normal -0.865561 -0.0976983 0.491182
    outer loop
      vertex -2.04854 5.14723 1.32486
      vertex -2.04854 5.33164 1.36154
      vertex -2.2611 5.42693 1.00592
    endloop
  endfacet
  facet normal -0.865563 0.330184 0.376535
    outer loop
      vertex -2.2611 3.68285 1.47324
      vertex -2.04854 3.94318 1.73358
      vertex -2.2611 3.86043 1.31752
    endloop
  endfacet
  facet normal -0.792725 0.458324 0.401904
    outer loop
      vertex -2.2611 3.52713 1.65082
      vertex -2.2611 3.68285 1.47324
      vertex -2.5199 3.25955 1.4455
    endloop
  endfacet
  facet normal -0.792724 0.401932 0.458301
    outer loop
      vertex -2.5199 3.44437 1.23476
      vertex -2.2611 3.86043 1.31752
      vertex -2.5199 3.65511 1.04994
    endloop
  endfacet
  facet normal -0.706355 0.532182 0.466738
    outer loop
      vertex -2.8205 3.02106 1.2625
      vertex -2.5199 3.44437 1.23476
      vertex -2.8205 3.23181 1.0222
    endloop
  endfacet
  facet normal -0.792715 0.26962 0.546724
    outer loop
      vertex -2.2611 4.05681 1.1863
      vertex -2.2611 4.26863 1.08184
      vertex -2.5199 4.13957 0.770243
    endloop
  endfacet
  facet normal -0.86556 0.221504 0.449157
    outer loop
      vertex -2.2611 4.05681 1.1863
      vertex -2.04854 4.24089 1.50514
      vertex -2.2611 4.26863 1.08184
    endloop
  endfacet
  facet normal -0.923587 -0.123237 0.363043
    outer loop
      vertex -1.88585 5.22999 1.74092
      vertex -2.04854 5.50969 1.42198
      vertex -2.04854 5.33164 1.36154
    endloop
  endfacet
  facet normal -0.865561 -0.160979 0.474226
    outer loop
      vertex -2.04854 5.33164 1.36154
      vertex -2.04854 5.50969 1.42198
      vertex -2.2611 5.65058 1.08184
    endloop
  endfacet
  facet normal -0.965787 0.0169661 0.25878
    outer loop
      vertex -1.88585 4.82325 1.71426
      vertex -1.77582 4.95961 2.11596
      vertex -1.88585 4.95961 1.70532
    endloop
  endfacet
  facet normal -0.923586 0.0250792 0.382569
    outer loop
      vertex -2.04854 4.77198 1.32486
      vertex -1.88585 4.82325 1.71426
      vertex -2.04854 4.95961 1.31256
    endloop
  endfacet
  facet normal -0.991408 0.0983201 0.086277
    outer loop
      vertex -1.72033 4.79097 2.6206
      vertex -1.72033 4.80931 2.5997
      vertex -1.77582 4.45659 2.36402
    endloop
  endfacet
  facet normal -0.965786 0.24558 0.0833528
    outer loop
      vertex -1.88585 3.95053 2.47962
      vertex -1.77582 4.34717 2.5859
      vertex -1.88585 3.99445 2.35022
    endloop
  endfacet
  facet normal -0.965786 0.170982 0.194996
    outer loop
      vertex -1.77582 4.51127 2.30166
      vertex -1.77582 4.57363 2.24698
      vertex -1.88585 4.22091 2.0113
    endloop
  endfacet
  facet normal -0.991409 0.0862707 0.0983129
    outer loop
      vertex -1.72033 4.80931 2.5997
      vertex -1.72033 4.83021 2.58136
      vertex -1.77582 4.51127 2.30166
    endloop
  endfacet
  facet normal -0.965786 0.194996 0.170982
    outer loop
      vertex -1.77582 4.45659 2.36402
      vertex -1.77582 4.51127 2.30166
      vertex -1.88585 4.22091 2.0113
    endloop
  endfacet
  facet normal -0.965786 0.0833528 0.24558
    outer loop
      vertex -1.88585 4.55983 1.78484
      vertex -1.77582 4.79551 2.13756
      vertex -1.88585 4.68923 1.74092
    endloop
  endfacet
  facet normal -0.923586 0.123224 0.36305
    outer loop
      vertex -1.88585 4.55983 1.78484
      vertex -1.88585 4.68923 1.74092
      vertex -2.04854 4.40952 1.42198
    endloop
  endfacet
  facet normal -0.965787 0.0833593 0.245575
    outer loop
      vertex -1.77582 4.71697 2.16422
      vertex -1.77582 4.79551 2.13756
      vertex -1.88585 4.55983 1.78484
    endloop
  endfacet
  facet normal -0.991408 0.0420446 0.123863
    outer loop
      vertex -1.77582 4.71697 2.16422
      vertex -1.72033 4.90459 2.54468
      vertex -1.77582 4.79551 2.13756
    endloop
  endfacet
  facet normal -0.965787 -0.0169661 0.25878
    outer loop
      vertex -1.77582 4.95961 2.11596
      vertex -1.88585 5.09597 1.71426
      vertex -1.88585 4.95961 1.70532
    endloop
  endfacet
  facet normal -0.965786 -0.0169481 0.258786
    outer loop
      vertex -1.77582 4.95961 2.11596
      vertex -1.77582 5.04237 2.12138
      vertex -1.88585 5.09597 1.71426
    endloop
  endfacet
  facet normal -0.991408 0.0255193 0.12829
    outer loop
      vertex -1.77582 4.79551 2.13756
      vertex -1.72033 4.90459 2.54468
      vertex -1.77582 4.87685 2.12138
    endloop
  endfacet
  facet normal -0.86556 0.0327598 0.499733
    outer loop
      vertex -2.04854 4.77198 1.32486
      vertex -2.04854 4.95961 1.31256
      vertex -2.2611 4.95961 0.944397
    endloop
  endfacet
  facet normal -0.86556 -0.0327615 0.499733
    outer loop
      vertex -2.04854 4.95961 1.31256
      vertex -2.04854 5.14723 1.32486
      vertex -2.2611 4.95961 0.944397
    endloop
  endfacet
  facet normal -0.865561 0.0327557 0.499732
    outer loop
      vertex -2.2611 4.72393 0.959845
      vertex -2.04854 4.77198 1.32486
      vertex -2.2611 4.95961 0.944397
    endloop
  endfacet
  facet normal -0.86556 0.0976959 0.491183
    outer loop
      vertex -2.2611 4.49228 1.00592
      vertex -2.04854 4.77198 1.32486
      vertex -2.2611 4.72393 0.959845
    endloop
  endfacet
  facet normal -0.965787 -0.0833593 0.245575
    outer loop
      vertex -1.77582 5.12371 2.13756
      vertex -1.77582 5.20225 2.16422
      vertex -1.88585 5.35939 1.78484
    endloop
  endfacet
  facet normal -0.965787 -0.114702 0.232593
    outer loop
      vertex -1.77582 5.20225 2.16422
      vertex -1.77582 5.27663 2.2009
      vertex -1.88585 5.48195 1.84528
    endloop
  endfacet
  facet normal -0.991409 -0.00856338 0.130521
    outer loop
      vertex -1.72033 4.95961 2.53744
      vertex -1.72033 4.98735 2.53926
      vertex -1.77582 5.04237 2.12138
    endloop
  endfacet
  facet normal -0.86556 -0.278239 0.416399
    outer loop
      vertex -2.04854 5.67833 1.50514
      vertex -2.04854 5.83466 1.6096
      vertex -2.2611 6.05879 1.31752
    endloop
  endfacet
  facet normal -0.865561 -0.330206 0.376522
    outer loop
      vertex -2.04854 5.83466 1.6096
      vertex -2.04854 5.97603 1.73358
      vertex -2.2611 6.05879 1.31752
    endloop
  endfacet
  facet normal -0.965786 -0.254356 -0.0505979
    outer loop
      vertex -1.88585 5.96869 3.22038
      vertex -1.88585 5.99535 3.08636
      vertex -1.77582 5.58823 3.03276
    endloop
  endfacet
  facet normal -0.965786 -0.254357 -0.0505962
    outer loop
      vertex -1.77582 5.57205 3.1141
      vertex -1.88585 5.96869 3.22038
      vertex -1.77582 5.58823 3.03276
    endloop
  endfacet
  facet normal -0.991409 -0.130522 0.00856033
    outer loop
      vertex -1.72033 5.17035 2.72225
      vertex -1.72033 5.17217 2.75
      vertex -1.77582 5.58823 2.66724
    endloop
  endfacet
  facet normal -0.965787 -0.25878 0.0169477
    outer loop
      vertex -1.77582 5.59365 2.75
      vertex -1.88585 6.00429 2.75
      vertex -1.77582 5.58823 2.66724
    endloop
  endfacet
  facet normal -0.991409 -0.117311 0.0578557
    outer loop
      vertex -1.72033 5.14369 2.64372
      vertex -1.72033 5.15599 2.66866
      vertex -1.77582 5.50871 2.43298
    endloop
  endfacet
  facet normal -0.965787 -0.170994 0.194979
    outer loop
      vertex -1.77582 5.34559 2.24698
      vertex -1.77582 5.40794 2.30166
      vertex -1.88585 5.69831 2.0113
    endloop
  endfacet
  facet normal -0.965787 -0.194977 0.170995
    outer loop
      vertex -1.77582 5.40794 2.30166
      vertex -1.77582 5.46263 2.36402
      vertex -1.88585 5.69831 2.0113
    endloop
  endfacet
  facet normal -0.965787 0.232593 -0.114702
    outer loop
      vertex -1.88585 3.99445 3.34978
      vertex -1.88585 4.05489 3.47234
      vertex -1.77582 4.37383 3.19264
    endloop
  endfacet
  facet normal -0.965787 0.245578 -0.0833524
    outer loop
      vertex -1.88585 3.95053 3.22038
      vertex -1.88585 3.99445 3.34978
      vertex -1.77582 4.37383 3.19264
    endloop
  endfacet
  facet normal -0.991408 0.10878 -0.0726455
    outer loop
      vertex -1.77582 4.45659 3.33598
      vertex -1.72033 4.79097 3.0794
      vertex -1.72033 4.77553 3.05628
    endloop
  endfacet
  facet normal -0.991409 0.0862456 -0.0983379
    outer loop
      vertex -1.77582 4.51127 3.39834
      vertex -1.72033 4.83021 3.11863
      vertex -1.72033 4.80931 3.1003
    endloop
  endfacet
  facet normal -0.991409 0.0983129 -0.0862707
    outer loop
      vertex -1.77582 4.51127 3.39834
      vertex -1.72033 4.80931 3.1003
      vertex -1.72033 4.79097 3.0794
    endloop
  endfacet
  facet normal -0.991408 0.0726725 -0.108756
    outer loop
      vertex -1.77582 4.57363 3.45302
      vertex -1.77582 4.64259 3.4991
      vertex -1.72033 4.85333 3.13408
    endloop
  endfacet
  facet normal -0.991409 0.0578738 -0.1173
    outer loop
      vertex -1.77582 4.64259 3.4991
      vertex -1.72033 4.87826 3.14638
      vertex -1.72033 4.85333 3.13408
    endloop
  endfacet
  facet normal -0.792724 -0.33867 -0.506844
    outer loop
      vertex -2.2611 5.86241 4.5137
      vertex -2.5199 6.26411 4.65006
      vertex -2.2611 6.05879 4.38248
    endloop
  endfacet
  facet normal -0.86556 -0.278237 -0.416401
    outer loop
      vertex -2.2611 5.86241 4.5137
      vertex -2.2611 6.05879 4.38248
      vertex -2.04854 5.83466 4.0904
    endloop
  endfacet
  facet normal -0.923586 -0.16957 -0.343853
    outer loop
      vertex -1.88585 5.35939 3.91516
      vertex -2.04854 5.67833 4.19486
      vertex -1.88585 5.48195 3.85472
    endloop
  endfacet
  facet normal -0.965787 -0.0833593 -0.245575
    outer loop
      vertex -1.77582 5.12371 3.56244
      vertex -1.88585 5.35939 3.91516
      vertex -1.77582 5.20225 3.53578
    endloop
  endfacet
  facet normal -0.792714 -0.0398506 -0.60829
    outer loop
      vertex -2.2611 4.95961 4.7556
      vertex -2.5199 5.23931 5.07454
      vertex -2.2611 5.19529 4.74016
    endloop
  endfacet
  facet normal -0.865563 -0.0327385 -0.499728
    outer loop
      vertex -2.2611 4.95961 4.7556
      vertex -2.2611 5.19529 4.74016
      vertex -2.04854 5.14723 4.37514
    endloop
  endfacet
  facet normal -0.865559 0.330201 -0.37653
    outer loop
      vertex -2.2611 3.68285 4.22675
      vertex -2.2611 3.86043 4.38248
      vertex -2.04854 3.94318 3.96642
    endloop
  endfacet
  facet normal -0.865557 0.33021 -0.376527
    outer loop
      vertex -2.2611 3.86043 4.38248
      vertex -2.04854 4.08455 4.0904
      vertex -2.04854 3.94318 3.96642
    endloop
  endfacet
  facet normal -0.991409 -0.00856338 -0.130521
    outer loop
      vertex -1.72033 4.95961 3.16256
      vertex -1.77582 5.04237 3.57862
      vertex -1.72033 4.98735 3.16074
    endloop
  endfacet
  facet normal -0.923586 -0.318772 -0.213011
    outer loop
      vertex -2.04854 6.1 3.82506
      vertex -2.04854 6.20447 3.66872
      vertex -1.88585 5.86433 3.47234
    endloop
  endfacet
  facet normal -0.923585 -0.252792 -0.288249
    outer loop
      vertex -2.04854 5.83466 4.0904
      vertex -2.04854 5.97603 3.96642
      vertex -1.88585 5.69831 3.6887
    endloop
  endfacet
  facet normal -0.923586 0.38257 -0.025082
    outer loop
      vertex -1.88585 3.92387 3.08636
      vertex -1.88585 3.91493 2.95
      vertex -2.04854 3.52217 2.95
    endloop
  endfacet
  facet normal -0.965786 0.258784 -0.0169663
    outer loop
      vertex -1.88585 3.92387 3.08636
      vertex -1.77582 4.33099 3.03276
      vertex -1.88585 3.91493 2.95
    endloop
  endfacet
  facet normal -0.865564 0.491174 -0.097709
    outer loop
      vertex -2.2611 3.16945 3.18568
      vertex -2.2611 3.21553 3.41732
      vertex -2.04854 3.53447 3.13762
    endloop
  endfacet
  facet normal -0.792714 0.597879 -0.118936
    outer loop
      vertex -2.5199 2.83507 3.2297
      vertex -2.2611 3.21553 3.41732
      vertex -2.2611 3.16945 3.18568
    endloop
  endfacet
  facet normal -0.607946 0.712095 -0.351173
    outer loop
      vertex -3.15777 2.46303 3.98412
      vertex -3.15777 2.61937 4.30114
      vertex -2.8205 2.70213 3.88508
    endloop
  endfacet
  facet normal -0.607946 0.751841 -0.255218
    outer loop
      vertex -3.15777 2.46303 3.98412
      vertex -2.8205 2.70213 3.88508
      vertex -2.8205 2.59939 3.58242
    endloop
  endfacet
  facet normal -0.499165 0.383252 -0.777143
    outer loop
      vertex -3.15777 3.60847 5.29024
      vertex -3.25793 3.90336 5.5
      vertex -3.15777 3.92549 5.44658
    endloop
  endfacet
  facet normal -0.499188 0.383239 -0.777135
    outer loop
      vertex -3.25793 3.90336 5.5
      vertex -3.15777 3.60847 5.29024
      vertex -3.37672 3.74863 5.5
    endloop
  endfacet
  facet normal -0.499188 0.383263 -0.777123
    outer loop
      vertex -3.52594 3.55426 5.5
      vertex -3.15777 3.60847 5.29024
      vertex -3.52594 3.50219 5.47432
    endloop
  endfacet
  facet normal -0.499191 0.383234 -0.777136
    outer loop
      vertex -3.15777 3.60847 5.29024
      vertex -3.52594 3.55426 5.5
      vertex -3.37672 3.74863 5.5
    endloop
  endfacet
  facet normal 0.258307 0.53672 -0.803249
    outer loop
      vertex -6.00805 3.24842 5.5
      vertex -5.86844 3.18123 5.5
      vertex -6.00805 3.08613 5.39156
    endloop
  endfacet
  facet normal -0.499189 -0.777131 0.383246
    outer loop
      vertex -3.15777 7.45619 1.71588
      vertex -3.52594 7.65257 1.63454
      vertex -3.15777 7.29985 1.39886
    endloop
  endfacet
  facet normal -0.499189 -0.820513 0.278512
    outer loop
      vertex -3.15777 7.45619 1.71588
      vertex -3.52594 7.77512 1.99558
      vertex -3.52594 7.65257 1.63454
    endloop
  endfacet
  facet normal -0.38198 -0.82886 0.408758
    outer loop
      vertex -3.52594 7.48393 1.29258
      vertex -3.52594 7.65257 1.63454
      vertex -3.9187 7.62482 1.21124
    endloop
  endfacet
  facet normal -0.499188 -0.777131 0.383248
    outer loop
      vertex -3.15777 7.29985 1.39886
      vertex -3.52594 7.65257 1.63454
      vertex -3.52594 7.48393 1.29258
    endloop
  endfacet
  facet normal -0.499192 -0.864637 -0.0566562
    outer loop
      vertex -3.52594 7.84951 3.33046
      vertex -3.52594 7.87444 2.95
      vertex -3.15777 7.66188 2.95
    endloop
  endfacet
  facet normal -0.607951 -0.778718 -0.154899
    outer loop
      vertex -3.15777 7.56981 3.6494
      vertex -3.15777 7.63877 3.30272
      vertex -2.8205 7.38218 3.26894
    endloop
  endfacet
  facet normal -0.607951 -0.792276 -0.0519094
    outer loop
      vertex -2.8205 7.38218 3.26894
      vertex -3.15777 7.63877 3.30272
      vertex -3.15777 7.66188 2.95
    endloop
  endfacet
  facet normal -0.706351 -0.706347 -0.0462901
    outer loop
      vertex -2.5199 7.08415 3.2297
      vertex -2.8205 7.38218 3.26894
      vertex -2.5199 7.10248 2.95
    endloop
  endfacet
  facet normal -0.706351 -0.694258 -0.138109
    outer loop
      vertex -2.5199 7.02946 3.50462
      vertex -2.8205 7.38218 3.26894
      vertex -2.5199 7.08415 3.2297
    endloop
  endfacet
  facet normal -0.607951 -0.792276 0.0519094
    outer loop
      vertex -2.8205 7.38218 2.43106
      vertex -3.15777 7.66188 2.75
      vertex -3.15777 7.63877 2.39728
    endloop
  endfacet
  facet normal -0.60793 -0.79229 0.0519432
    outer loop
      vertex -2.8205 7.40309 2.75
      vertex -3.15777 7.66188 2.75
      vertex -2.8205 7.38218 2.43106
    endloop
  endfacet
  facet normal -0.792718 -0.458318 0.401925
    outer loop
      vertex -2.2611 6.39209 1.65082
      vertex -2.5199 6.65966 1.4455
      vertex -2.5199 6.47485 1.23476
    endloop
  endfacet
  facet normal -0.792717 -0.506852 0.338675
    outer loop
      vertex -2.2611 6.39209 1.65082
      vertex -2.2611 6.52331 1.8472
      vertex -2.5199 6.65966 1.4455
    endloop
  endfacet
  facet normal -0.706363 -0.67029 0.227513
    outer loop
      vertex -2.5199 7.02946 2.19538
      vertex -2.8205 7.31983 2.11758
      vertex -2.5199 6.93937 1.92996
    endloop
  endfacet
  facet normal -0.792715 -0.577247 0.195932
    outer loop
      vertex -2.2611 6.70369 2.28268
      vertex -2.5199 7.02946 2.19538
      vertex -2.5199 6.93937 1.92996
    endloop
  endfacet
  facet normal -0.70636 -0.588563 0.393254
    outer loop
      vertex -2.5199 6.65966 1.4455
      vertex -2.8205 7.07572 1.52826
      vertex -2.8205 6.89815 1.2625
    endloop
  endfacet
  facet normal -0.607949 -0.660173 0.441101
    outer loop
      vertex -2.8205 7.07572 1.52826
      vertex -3.15777 7.29985 1.39886
      vertex -2.8205 6.89815 1.2625
    endloop
  endfacet
  facet normal -0.381991 -0.609338 -0.694831
    outer loop
      vertex -3.52594 6.73405 5.26249
      vertex -3.9187 6.83309 5.39156
      vertex -3.9187 7.13575 5.12614
    endloop
  endfacet
  facet normal -0.258297 -0.636964 -0.726333
    outer loop
      vertex -3.9187 6.83309 5.39156
      vertex -4.32933 7.21355 5.20394
      vertex -3.9187 7.13575 5.12614
    endloop
  endfacet
  facet normal -0.607949 -0.441112 -0.660165
    outer loop
      vertex -2.8205 6.18135 5.06611
      vertex -3.15777 6.31075 5.29024
      vertex -2.8205 6.4471 4.88854
    endloop
  endfacet
  facet normal -0.607941 -0.255219 -0.751845
    outer loop
      vertex -2.8205 5.59203 5.31022
      vertex -3.15777 5.99372 5.44658
      vertex -2.8205 5.89469 5.20748
    endloop
  endfacet
  facet normal -0.607948 -0.441114 -0.660165
    outer loop
      vertex -3.15777 6.31075 5.29024
      vertex -3.15777 6.60465 5.09386
      vertex -2.8205 6.4471 4.88854
    endloop
  endfacet
  facet normal -0.499187 -0.481402 -0.720461
    outer loop
      vertex -3.15777 6.31075 5.29024
      vertex -3.52594 6.41703 5.47432
      vertex -3.15777 6.60465 5.09386
    endloop
  endfacet
  facet normal 0.258301 -0.726332 0.636963
    outer loop
      vertex -5.59742 7.48846 0.809542
      vertex -6.00805 7.40117 0.876523
      vertex -5.59742 7.21355 0.496061
    endloop
  endfacet
  facet normal 0.130241 -0.745442 0.653722
    outer loop
      vertex -5.59742 7.48846 0.809542
      vertex -5.59742 7.21355 0.496061
      vertex -5.17594 7.25278 0.456824
    endloop
  endfacet
  facet normal 0.499191 -0.481415 0.72045
    outer loop
      vertex -6.52481 6.5653 0.410662
      vertex -6.40081 6.73405 0.437505
      vertex -6.51755 6.69302 0.490976
    endloop
  endfacet
  facet normal 0.499173 -0.481404 0.720469
    outer loop
      vertex -6.40081 6.73405 0.437505
      vertex -6.52481 6.5653 0.410662
      vertex -6.40081 6.41703 0.225678
    endloop
  endfacet
  facet normal 0.499188 -0.481391 0.720468
    outer loop
      vertex -6.40081 6.41703 0.225678
      vertex -6.52481 6.5653 0.410662
      vertex -6.52951 6.48261 0.358668
    endloop
  endfacet
  facet normal 0.258318 -0.427281 0.866431
    outer loop
      vertex -5.88358 6.40169 1.90735e-07
      vertex -6.00805 6.49837 0.0847876
      vertex -6.00805 6.32644 1.90735e-07
    endloop
  endfacet
  facet normal 0.381988 -0.609347 0.694824
    outer loop
      vertex -6.00805 7.13575 0.573863
      vertex -6.40081 7.02071 0.6889
      vertex -6.40081 6.73405 0.437505
    endloop
  endfacet
  facet normal 0.258304 -0.536712 0.803255
    outer loop
      vertex -5.59742 6.90007 0.221145
      vertex -6.00805 6.83309 0.308438
      vertex -6.00805 6.49837 0.0847876
    endloop
  endfacet
  facet normal -0.86556 -0.416396 -0.278246
    outer loop
      vertex -2.04854 6.1 3.82506
      vertex -2.2611 6.52331 3.8528
      vertex -2.04854 6.20447 3.66872
    endloop
  endfacet
  facet normal -0.865562 -0.416398 -0.278235
    outer loop
      vertex -2.2611 6.39209 4.04918
      vertex -2.2611 6.52331 3.8528
      vertex -2.04854 6.1 3.82506
    endloop
  endfacet
  facet normal -0.991408 -0.108756 -0.0726725
    outer loop
      vertex -1.77582 5.46263 3.33598
      vertex -1.77582 5.50871 3.26702
      vertex -1.72033 5.14369 3.05628
    endloop
  endfacet
  facet normal -0.991409 -0.108754 -0.0726752
    outer loop
      vertex -1.72033 5.12824 3.0794
      vertex -1.77582 5.46263 3.33598
      vertex -1.72033 5.14369 3.05628
    endloop
  endfacet
  facet normal 0.130237 -0.889227 0.438536
    outer loop
      vertex -5.17594 7.95579 1.50894
      vertex -5.59742 7.72011 1.15622
      vertex -5.17594 7.76816 1.12848
    endloop
  endfacet
  facet normal 0 -0.896865 0.442304
    outer loop
      vertex -5.17594 7.76816 1.12848
      vertex -4.75082 7.95579 1.50894
      vertex -5.17594 7.95579 1.50894
    endloop
  endfacet
  facet normal 0 -0.896865 0.442304
    outer loop
      vertex -4.75082 7.95579 1.50894
      vertex -5.17594 7.76816 1.12848
      vertex -4.75082 7.76816 1.12848
    endloop
  endfacet
  facet normal 0.258313 -0.86644 0.427266
    outer loop
      vertex -5.59742 7.90452 1.53018
      vertex -6.00805 7.62482 1.21124
      vertex -5.59742 7.72011 1.15622
    endloop
  endfacet
  facet normal 0.258291 -0.866435 0.42729
    outer loop
      vertex -5.59742 7.90452 1.53018
      vertex -6.00805 7.80287 1.57228
      vertex -6.00805 7.62482 1.21124
    endloop
  endfacet
  facet normal 0.499126 -0.651459 0.571379
    outer loop
      vertex -6.49203 7.14215 0.907082
      vertex -6.40081 7.2721 0.97556
      vertex -6.48689 7.23268 1.00581
    endloop
  endfacet
  facet normal 0.49923 -0.651475 0.57127
    outer loop
      vertex -6.4977 7.04249 0.798385
      vertex -6.40081 7.2721 0.97556
      vertex -6.49203 7.14215 0.907082
    endloop
  endfacet
  facet normal 0.499149 -0.651486 0.571329
    outer loop
      vertex -6.40081 7.2721 0.97556
      vertex -6.4977 7.04249 0.798385
      vertex -6.40081 7.02071 0.6889
    endloop
  endfacet
  facet normal 0.499123 -0.720547 0.48134
    outer loop
      vertex -6.48429 7.27839 1.07154
      vertex -6.48689 7.23268 1.00581
      vertex -6.40081 7.2721 0.97556
    endloop
  endfacet
  facet normal 0.130267 -0.824378 -0.550846
    outer loop
      vertex -5.17594 7.53249 4.92424
      vertex -5.59742 7.48846 4.89046
      vertex -5.59742 7.72011 4.54378
    endloop
  endfacet
  facet normal 0.258299 -0.803247 -0.536726
    outer loop
      vertex -5.59742 7.48846 4.89046
      vertex -6.00805 7.40117 4.82348
      vertex -5.59742 7.72011 4.54378
    endloop
  endfacet
  facet normal 0.130237 -0.824399 -0.550822
    outer loop
      vertex -5.17594 7.76816 4.57152
      vertex -5.17594 7.53249 4.92424
      vertex -5.59742 7.72011 4.54378
    endloop
  endfacet
  facet normal 0.258315 -0.803253 -0.53671
    outer loop
      vertex -5.59742 7.72011 4.54378
      vertex -6.00805 7.40117 4.82348
      vertex -6.00805 7.62482 4.48876
    endloop
  endfacet
  facet normal 0.381995 -0.76831 -0.513596
    outer loop
      vertex -6.37476 7.2955 4.70881
      vertex -6.00805 7.40117 4.82348
      vertex -6.37276 7.28132 4.73151
    endloop
  endfacet
  facet normal 0.381978 -0.768423 -0.513438
    outer loop
      vertex -6.00805 7.40117 4.82348
      vertex -6.37476 7.2955 4.70881
      vertex -6.00805 7.62482 4.48876
    endloop
  endfacet
  facet normal 0.258306 -0.963994 0.0631864
    outer loop
      vertex -5.59742 8.14716 2.75
      vertex -6.00805 8.03713 2.75
      vertex -6.00805 8.0108 2.3483
    endloop
  endfacet
  facet normal 0.499159 -0.849856 0.169071
    outer loop
      vertex -6.45614 7.77388 2.15273
      vertex -6.40081 7.84951 2.36954
      vertex -6.45415 7.80899 2.32334
    endloop
  endfacet
  facet normal 0.499126 -0.849884 0.169028
    outer loop
      vertex -6.40081 7.77512 1.99558
      vertex -6.45614 7.77388 2.15273
      vertex -6.45788 7.7433 2.00411
    endloop
  endfacet
  facet normal 0.499198 -0.849837 0.169054
    outer loop
      vertex -6.45614 7.77388 2.15273
      vertex -6.40081 7.77512 1.99558
      vertex -6.40081 7.84951 2.36954
    endloop
  endfacet
  facet normal 0.130529 -0.991445 0
    outer loop
      vertex -5.59742 8.14716 2.75
      vertex -5.17594 8.20265 2.95
      vertex -5.59742 8.14716 2.95
    endloop
  endfacet
  facet normal 0.130529 -0.991445 0
    outer loop
      vertex -5.17594 8.20265 2.95
      vertex -5.59742 8.14716 2.75
      vertex -5.17594 8.20265 2.75
    endloop
  endfacet
  facet normal 0.381987 -0.609336 -0.694835
    outer loop
      vertex -6.37827 6.93883 5.0953
      vertex -6.00805 7.13575 5.12614
      vertex -6.37661 6.7588 5.25409
    endloop
  endfacet
  facet normal 0.382053 -0.609486 -0.694667
    outer loop
      vertex -6.37842 6.95565 5.08046
      vertex -6.00805 7.13575 5.12614
      vertex -6.37827 6.93883 5.0953
    endloop
  endfacet
  facet normal 0.381977 -0.609273 -0.694895
    outer loop
      vertex -6.00805 7.13575 5.12614
      vertex -6.37842 6.95565 5.08046
      vertex -6.3716 7.02927 5.01966
    endloop
  endfacet
  facet normal 0.130244 0.938867 0.318694
    outer loop
      vertex -5.59742 2.01469 1.53018
      vertex -5.59742 1.88067 1.925
      vertex -5.17594 1.96343 1.50894
    endloop
  endfacet
  facet normal 0.130246 0.88923 0.438528
    outer loop
      vertex -5.59742 2.01469 1.53018
      vertex -5.17594 1.96343 1.50894
      vertex -5.59742 2.19911 1.15622
    endloop
  endfacet
  facet normal -0.38198 0.40875 0.828864
    outer loop
      vertex -3.9187 3.42085 0.0847876
      vertex -3.52594 3.50219 0.225678
      vertex -3.52594 3.84415 0.0570423
    endloop
  endfacet
  facet normal -0.499192 0.481399 0.72046
    outer loop
      vertex -3.15777 3.31457 0.60614
      vertex -3.15777 3.60847 0.409761
      vertex -3.52594 3.50219 0.225678
    endloop
  endfacet
  facet normal -0.258221 0.536725 0.803274
    outer loop
      vertex -4.32933 3.01915 0.221145
      vertex -4.28408 3.37189 1.90735e-07
      vertex -4.32933 3.35012 1.90735e-07
    endloop
  endfacet
  facet normal -0.258315 0.53672 0.803247
    outer loop
      vertex -4.28408 3.37189 1.90735e-07
      vertex -4.32933 3.01915 0.221145
      vertex -3.9187 3.42085 0.0847876
    endloop
  endfacet
  facet normal 0.258313 0.427287 0.86643
    outer loop
      vertex -5.88358 3.51753 1.90735e-07
      vertex -6.00805 3.42085 0.0847876
      vertex -5.64267 3.37189 1.90735e-07
    endloop
  endfacet
  facet normal -0.49919 0.169051 0.849842
    outer loop
      vertex -3.15777 4.26021 0.139802
      vertex -3.34179 4.41962 1.90735e-07
      vertex -3.40846 4.22275 1.90735e-07
    endloop
  endfacet
  facet normal -0.49919 0.278519 0.82051
    outer loop
      vertex -3.52594 4.01219 1.90735e-07
      vertex -3.15777 4.26021 0.139802
      vertex -3.40846 4.22275 1.90735e-07
    endloop
  endfacet
  facet normal -0.499193 0.278525 0.820506
    outer loop
      vertex -3.15777 4.26021 0.139802
      vertex -3.52594 4.01219 1.90735e-07
      vertex -3.52594 3.84415 0.0570423
    endloop
  endfacet
  facet normal 0.258304 0.536712 0.803255
    outer loop
      vertex -6.00805 3.08613 0.308438
      vertex -5.59742 3.01915 0.221145
      vertex -6.00805 3.42085 0.0847876
    endloop
  endfacet
  facet normal 0.258304 0.636972 0.726324
    outer loop
      vertex -6.00805 3.08613 0.308438
      vertex -5.59742 2.70567 0.496061
      vertex -5.59742 3.01915 0.221145
    endloop
  endfacet
  facet normal 0.130258 0.550839 0.824384
    outer loop
      vertex -5.57383 3.34454 1.90735e-07
      vertex -5.17594 2.98537 0.177122
      vertex -5.17594 3.25045 1.90735e-07
    endloop
  endfacet
  facet normal 0.258318 0.427281 0.866431
    outer loop
      vertex -6.00805 3.59278 1.90735e-07
      vertex -6.00805 3.42085 0.0847876
      vertex -5.88358 3.51753 1.90735e-07
    endloop
  endfacet
  facet normal 0.381984 0.408753 0.82886
    outer loop
      vertex -6.25175 3.82052 1.90735e-07
      vertex -6.00805 3.42085 0.0847876
      vertex -6.00805 3.59278 1.90735e-07
    endloop
  endfacet
  facet normal 0.381985 0.408754 0.828859
    outer loop
      vertex -6.00805 3.42085 0.0847876
      vertex -6.25175 3.82052 1.90735e-07
      vertex -6.40081 3.84415 0.0570423
    endloop
  endfacet
  facet normal -0.258299 0.803258 -0.53671
    outer loop
      vertex -4.32933 2.43075 4.89046
      vertex -3.9187 2.51804 4.82348
      vertex -4.32933 2.19911 4.54378
    endloop
  endfacet
  facet normal -0.258297 0.803257 -0.536713
    outer loop
      vertex -4.32933 2.19911 4.54378
      vertex -3.9187 2.51804 4.82348
      vertex -3.9187 2.29439 4.48876
    endloop
  endfacet
  facet normal -0.381991 0.922187 0.0604461
    outer loop
      vertex -3.9187 1.88208 2.75
      vertex -3.52594 2.04477 2.75
      vertex -3.9187 1.90841 2.3483
    endloop
  endfacet
  facet normal -0.381995 0.922185 0.0604513
    outer loop
      vertex -3.52594 2.04477 2.75
      vertex -3.52594 2.06971 2.36954
      vertex -3.9187 1.90841 2.3483
    endloop
  endfacet
  facet normal -0.792722 0.577231 0.195948
    outer loop
      vertex -2.5199 2.88975 2.19538
      vertex -2.2611 3.21553 2.28268
      vertex -2.5199 2.97985 1.92996
    endloop
  endfacet
  facet normal -0.792721 0.597873 0.118914
    outer loop
      vertex -2.5199 2.83507 2.4703
      vertex -2.2611 3.21553 2.28268
      vertex -2.5199 2.88975 2.19538
    endloop
  endfacet
  facet normal -0.965786 0.258784 0.0169663
    outer loop
      vertex -1.88585 3.91493 2.75
      vertex -1.77582 4.33099 2.66724
      vertex -1.88585 3.92387 2.61364
    endloop
  endfacet
  facet normal -0.923877 0.38269 0
    outer loop
      vertex -2.04854 3.52217 2.75
      vertex -1.88585 3.91493 2.95
      vertex -1.88585 3.91493 2.75
    endloop
  endfacet
  facet normal -0.923877 0.38269 0
    outer loop
      vertex -1.88585 3.91493 2.95
      vertex -2.04854 3.52217 2.75
      vertex -2.04854 3.52217 2.95
    endloop
  endfacet
  facet normal -0.499188 0.571316 0.651467
    outer loop
      vertex -3.52594 2.89851 0.6889
      vertex -3.15777 3.04881 0.839203
      vertex -3.15777 3.31457 0.60614
    endloop
  endfacet
  facet normal -0.792718 0.269611 0.546724
    outer loop
      vertex -2.5199 3.88817 0.894218
      vertex -2.2611 4.05681 1.1863
      vertex -2.5199 4.13957 0.770243
    endloop
  endfacet
  facet normal -0.381989 0.694818 0.609354
    outer loop
      vertex -3.52594 2.64711 0.97556
      vertex -3.52594 2.89851 0.6889
      vertex -3.9187 2.78347 0.573863
    endloop
  endfacet
  facet normal -0.2583 0.726321 0.636977
    outer loop
      vertex -3.9187 2.51804 0.876523
      vertex -3.9187 2.78347 0.573863
      vertex -4.32933 2.70567 0.496061
    endloop
  endfacet
  facet normal -0.381987 0.768418 0.513439
    outer loop
      vertex -3.9187 2.29439 1.21124
      vertex -3.52594 2.64711 0.97556
      vertex -3.9187 2.51804 0.876523
    endloop
  endfacet
  facet normal -0.258296 0.803255 0.536716
    outer loop
      vertex -4.32933 2.19911 1.15622
      vertex -3.9187 2.29439 1.21124
      vertex -3.9187 2.51804 0.876523
    endloop
  endfacet
  facet normal -0.381984 0.297075 0.87512
    outer loop
      vertex -3.52594 3.84415 0.0570423
      vertex -3.60604 3.90919 1.90735e-07
      vertex -3.675 3.82052 1.90735e-07
    endloop
  endfacet
  facet normal -0.792719 0.338674 0.50685
    outer loop
      vertex -2.2611 3.86043 1.31752
      vertex -2.2611 4.05681 1.1863
      vertex -2.5199 3.88817 0.894218
    endloop
  endfacet
  facet normal -0.792724 0.338659 0.506852
    outer loop
      vertex -2.5199 3.65511 1.04994
      vertex -2.2611 3.86043 1.31752
      vertex -2.5199 3.88817 0.894218
    endloop
  endfacet
  facet normal -0.706356 0.138096 0.694255
    outer loop
      vertex -2.5199 4.40499 0.680144
      vertex -2.5199 4.67991 0.625459
      vertex -2.8205 4.32719 0.38978
    endloop
  endfacet
  facet normal -0.792717 0.118925 0.597877
    outer loop
      vertex -2.5199 4.40499 0.680144
      vertex -2.2611 4.49228 1.00592
      vertex -2.5199 4.67991 0.625459
    endloop
  endfacet
  facet normal -0.865561 0.16098 0.474225
    outer loop
      vertex -2.2611 4.26863 1.08184
      vertex -2.04854 4.58757 1.36154
      vertex -2.2611 4.49228 1.00592
    endloop
  endfacet
  facet normal -0.865561 0.160979 0.474226
    outer loop
      vertex -2.04854 4.40952 1.42198
      vertex -2.04854 4.58757 1.36154
      vertex -2.2611 4.26863 1.08184
    endloop
  endfacet
  facet normal -0.60794 -0.154899 0.778727
    outer loop
      vertex -2.8205 5.59203 0.38978
      vertex -3.15777 5.65901 0.139802
      vertex -3.15777 5.31233 0.0708429
    endloop
  endfacet
  facet normal -0.607939 -0.255222 0.751846
    outer loop
      vertex -2.8205 5.59203 0.38978
      vertex -3.15777 5.99372 0.253423
      vertex -3.15777 5.65901 0.139802
    endloop
  endfacet
  facet normal -0.792719 -0.118922 0.597874
    outer loop
      vertex -2.2611 5.19529 0.959845
      vertex -2.2611 5.42693 1.00592
      vertex -2.5199 5.23931 0.625459
    endloop
  endfacet
  facet normal -0.865561 -0.0976996 0.491181
    outer loop
      vertex -2.04854 5.14723 1.32486
      vertex -2.2611 5.42693 1.00592
      vertex -2.2611 5.19529 0.959845
    endloop
  endfacet
  facet normal -0.865563 0.376536 0.330185
    outer loop
      vertex -2.2611 3.52713 1.65082
      vertex -2.04854 3.94318 1.73358
      vertex -2.2611 3.68285 1.47324
    endloop
  endfacet
  facet normal -0.923585 0.343859 0.169564
    outer loop
      vertex -2.04854 3.63159 2.19992
      vertex -1.88585 3.99445 2.35022
      vertex -2.04854 3.71475 2.03128
    endloop
  endfacet
  facet normal -0.79271 0.401917 0.458338
    outer loop
      vertex -2.2611 3.68285 1.47324
      vertex -2.2611 3.86043 1.31752
      vertex -2.5199 3.44437 1.23476
    endloop
  endfacet
  facet normal -0.792711 0.458313 0.401943
    outer loop
      vertex -2.5199 3.25955 1.4455
      vertex -2.2611 3.68285 1.47324
      vertex -2.5199 3.44437 1.23476
    endloop
  endfacet
  facet normal -0.706353 0.466733 0.53219
    outer loop
      vertex -2.5199 3.44437 1.23476
      vertex -2.5199 3.65511 1.04994
      vertex -2.8205 3.47211 0.811458
    endloop
  endfacet
  facet normal -0.706355 0.466729 0.532191
    outer loop
      vertex -2.8205 3.23181 1.0222
      vertex -2.5199 3.44437 1.23476
      vertex -2.8205 3.47211 0.811458
    endloop
  endfacet
  facet normal -0.923585 -0.123225 0.363053
    outer loop
      vertex -1.88585 5.22999 1.74092
      vertex -1.88585 5.35939 1.78484
      vertex -2.04854 5.50969 1.42198
    endloop
  endfacet
  facet normal -0.923585 -0.169564 0.343859
    outer loop
      vertex -1.88585 5.35939 1.78484
      vertex -2.04854 5.67833 1.50514
      vertex -2.04854 5.50969 1.42198
    endloop
  endfacet
  facet normal -0.991409 0.0983478 0.0862357
    outer loop
      vertex -1.77582 4.45659 2.36402
      vertex -1.72033 4.80931 2.5997
      vertex -1.77582 4.51127 2.30166
    endloop
  endfacet
  facet normal -0.923586 0.38257 0.025082
    outer loop
      vertex -2.04854 3.52217 2.75
      vertex -1.88585 3.91493 2.75
      vertex -1.88585 3.92387 2.61364
    endloop
  endfacet
  facet normal -0.991409 0.128292 0.0254984
    outer loop
      vertex -1.72033 4.74887 2.72225
      vertex -1.72033 4.75429 2.69498
      vertex -1.77582 4.33099 2.66724
    endloop
  endfacet
  facet normal -0.991409 0.130522 0.00856033
    outer loop
      vertex -1.72033 4.74705 2.75
      vertex -1.72033 4.74887 2.72225
      vertex -1.77582 4.33099 2.66724
    endloop
  endfacet
  facet normal -0.923586 0.212996 0.318781
    outer loop
      vertex -2.04854 4.08455 1.6096
      vertex -1.88585 4.43727 1.84528
      vertex -2.04854 4.24089 1.50514
    endloop
  endfacet
  facet normal -0.965787 0.194981 0.170992
    outer loop
      vertex -1.88585 4.13081 2.11404
      vertex -1.77582 4.45659 2.36402
      vertex -1.88585 4.22091 2.0113
    endloop
  endfacet
  facet normal -0.965787 0.114702 0.232593
    outer loop
      vertex -1.88585 4.43727 1.84528
      vertex -1.77582 4.71697 2.16422
      vertex -1.88585 4.55983 1.78484
    endloop
  endfacet
  facet normal -0.965787 0.144086 0.215628
    outer loop
      vertex -1.77582 4.57363 2.24698
      vertex -1.77582 4.64259 2.2009
      vertex -1.88585 4.43727 1.84528
    endloop
  endfacet
  facet normal -0.923587 0.288246 0.252786
    outer loop
      vertex -2.04854 3.81921 1.87494
      vertex -1.88585 4.22091 2.0113
      vertex -2.04854 3.94318 1.73358
    endloop
  endfacet
  facet normal -0.923587 0.252788 0.288245
    outer loop
      vertex -2.04854 3.94318 1.73358
      vertex -1.88585 4.22091 2.0113
      vertex -2.04854 4.08455 1.6096
    endloop
  endfacet
  facet normal -0.965787 0.114702 0.232593
    outer loop
      vertex -1.77582 4.64259 2.2009
      vertex -1.77582 4.71697 2.16422
      vertex -1.88585 4.43727 1.84528
    endloop
  endfacet
  facet normal -0.991408 0.0578527 0.117314
    outer loop
      vertex -1.77582 4.64259 2.2009
      vertex -1.72033 4.87826 2.55362
      vertex -1.77582 4.71697 2.16422
    endloop
  endfacet
  facet normal -0.991408 0.0420543 0.123858
    outer loop
      vertex -1.72033 4.87826 2.55362
      vertex -1.72033 4.90459 2.54468
      vertex -1.77582 4.71697 2.16422
    endloop
  endfacet
  facet normal -0.965786 0.0169481 0.258786
    outer loop
      vertex -1.77582 4.87685 2.12138
      vertex -1.77582 4.95961 2.11596
      vertex -1.88585 4.82325 1.71426
    endloop
  endfacet
  facet normal -0.991408 0.00854809 0.130524
    outer loop
      vertex -1.77582 4.87685 2.12138
      vertex -1.72033 4.95961 2.53744
      vertex -1.77582 4.95961 2.11596
    endloop
  endfacet
  facet normal -0.991408 -0.0420443 0.123862
    outer loop
      vertex -1.72033 5.01462 2.54468
      vertex -1.77582 5.20225 2.16422
      vertex -1.77582 5.12371 2.13756
    endloop
  endfacet
  facet normal -0.991408 -0.0578522 0.117313
    outer loop
      vertex -1.72033 5.04095 2.55362
      vertex -1.77582 5.27663 2.2009
      vertex -1.77582 5.20225 2.16422
    endloop
  endfacet
  facet normal -0.991408 -0.130524 0.00854809
    outer loop
      vertex -1.72033 5.17217 2.75
      vertex -1.77582 5.59365 2.75
      vertex -1.77582 5.58823 2.66724
    endloop
  endfacet
  facet normal -0.991445 -0.130529 0
    outer loop
      vertex -1.72033 5.17217 2.75
      vertex -1.77582 5.59365 2.95
      vertex -1.77582 5.59365 2.75
    endloop
  endfacet
  facet normal -0.991445 -0.130529 0
    outer loop
      vertex -1.77582 5.59365 2.95
      vertex -1.72033 5.17217 2.75
      vertex -1.72033 5.17217 2.95
    endloop
  endfacet
  facet normal -0.991409 -0.123865 0.0420256
    outer loop
      vertex -1.72033 5.15599 2.66866
      vertex -1.72033 5.16492 2.69498
      vertex -1.77582 5.57205 2.5859
    endloop
  endfacet
  facet normal -0.991409 -0.128287 0.0255187
    outer loop
      vertex -1.72033 5.16492 2.69498
      vertex -1.77582 5.58823 2.66724
      vertex -1.77582 5.57205 2.5859
    endloop
  endfacet
  facet normal -0.991408 -0.0862461 0.0983439
    outer loop
      vertex -1.72033 5.08901 2.58136
      vertex -1.77582 5.40794 2.30166
      vertex -1.77582 5.34559 2.24698
    endloop
  endfacet
  facet normal -0.991408 -0.0983411 0.0862456
    outer loop
      vertex -1.72033 5.10991 2.5997
      vertex -1.77582 5.46263 2.36402
      vertex -1.77582 5.40794 2.30166
    endloop
  endfacet
  facet normal -0.923585 0.343859 -0.169564
    outer loop
      vertex -2.04854 3.63159 3.50008
      vertex -2.04854 3.71475 3.66872
      vertex -1.88585 3.99445 3.34978
    endloop
  endfacet
  facet normal -0.923585 0.363045 -0.123244
    outer loop
      vertex -2.04854 3.63159 3.50008
      vertex -1.88585 3.99445 3.34978
      vertex -2.04854 3.57115 3.32204
    endloop
  endfacet
  facet normal -0.965787 0.21563 -0.144082
    outer loop
      vertex -1.88585 4.05489 3.47234
      vertex -1.88585 4.13081 3.58596
      vertex -1.77582 4.45659 3.33598
    endloop
  endfacet
  facet normal -0.965787 0.194981 -0.170992
    outer loop
      vertex -1.88585 4.13081 3.58596
      vertex -1.88585 4.22091 3.6887
      vertex -1.77582 4.45659 3.33598
    endloop
  endfacet
  facet normal -0.965787 0.114702 -0.232593
    outer loop
      vertex -1.88585 4.43727 3.85472
      vertex -1.77582 4.71697 3.53578
      vertex -1.77582 4.64259 3.4991
    endloop
  endfacet
  facet normal -0.965787 0.144086 -0.215628
    outer loop
      vertex -1.88585 4.43727 3.85472
      vertex -1.77582 4.64259 3.4991
      vertex -1.77582 4.57363 3.45302
    endloop
  endfacet
  facet normal -0.792722 -0.269606 -0.546722
    outer loop
      vertex -2.2611 5.65058 4.61816
      vertex -2.5199 5.77965 4.92976
      vertex -2.2611 5.86241 4.5137
    endloop
  endfacet
  facet normal -0.792722 -0.195947 -0.577232
    outer loop
      vertex -2.2611 5.42693 4.69408
      vertex -2.5199 5.77965 4.92976
      vertex -2.2611 5.65058 4.61816
    endloop
  endfacet
  facet normal -0.965787 -0.114702 -0.232593
    outer loop
      vertex -1.77582 5.20225 3.53578
      vertex -1.88585 5.48195 3.85472
      vertex -1.77582 5.27663 3.4991
    endloop
  endfacet
  facet normal -0.965787 -0.144086 -0.215628
    outer loop
      vertex -1.77582 5.27663 3.4991
      vertex -1.88585 5.48195 3.85472
      vertex -1.77582 5.34559 3.45302
    endloop
  endfacet
  facet normal -0.792724 -0.401932 -0.4583
    outer loop
      vertex -2.2611 6.05879 4.38248
      vertex -2.5199 6.47485 4.46524
      vertex -2.2611 6.23636 4.22675
    endloop
  endfacet
  facet normal -0.792724 -0.401932 -0.458301
    outer loop
      vertex -2.5199 6.26411 4.65006
      vertex -2.5199 6.47485 4.46524
      vertex -2.2611 6.05879 4.38248
    endloop
  endfacet
  facet normal -0.923587 -0.123223 -0.363047
    outer loop
      vertex -1.88585 5.22999 3.95908
      vertex -2.04854 5.33164 4.33846
      vertex -1.88585 5.35939 3.91516
    endloop
  endfacet
  facet normal -0.965786 -0.0833528 -0.24558
    outer loop
      vertex -1.88585 5.22999 3.95908
      vertex -1.88585 5.35939 3.91516
      vertex -1.77582 5.12371 3.56244
    endloop
  endfacet
  facet normal -0.991409 0.00856033 -0.130522
    outer loop
      vertex -1.77582 4.87685 3.57862
      vertex -1.72033 4.95961 3.16256
      vertex -1.72033 4.93186 3.16074
    endloop
  endfacet
  facet normal -0.792722 0.577232 -0.195947
    outer loop
      vertex -2.5199 2.97985 3.77004
      vertex -2.2611 3.29145 3.64097
      vertex -2.2611 3.21553 3.41732
    endloop
  endfacet
  facet normal -0.792722 0.546722 -0.269606
    outer loop
      vertex -2.5199 2.97985 3.77004
      vertex -2.2611 3.39591 3.8528
      vertex -2.2611 3.29145 3.64097
    endloop
  endfacet
  facet normal -0.258823 -0.965925 0
    outer loop
      vertex -4.32933 8.14716 2.75
      vertex -3.9187 8.03713 2.95
      vertex -4.32933 8.14716 2.95
    endloop
  endfacet
  facet normal -0.258823 -0.965925 -0
    outer loop
      vertex -3.9187 8.03713 2.95
      vertex -4.32933 8.14716 2.75
      vertex -3.9187 8.03713 2.75
    endloop
  endfacet
  facet normal -0.865562 -0.416398 0.278235
    outer loop
      vertex -2.04854 6.1 1.87494
      vertex -2.2611 6.52331 1.8472
      vertex -2.2611 6.39209 1.65082
    endloop
  endfacet
  facet normal -0.865561 -0.376523 0.330203
    outer loop
      vertex -2.04854 5.97603 1.73358
      vertex -2.04854 6.1 1.87494
      vertex -2.2611 6.39209 1.65082
    endloop
  endfacet
  facet normal -0.792722 -0.546722 0.269606
    outer loop
      vertex -2.2611 6.62777 2.05903
      vertex -2.5199 6.93937 1.92996
      vertex -2.2611 6.52331 1.8472
    endloop
  endfacet
  facet normal -0.792722 -0.577232 0.195947
    outer loop
      vertex -2.2611 6.62777 2.05903
      vertex -2.2611 6.70369 2.28268
      vertex -2.5199 6.93937 1.92996
    endloop
  endfacet
  facet normal -0.792717 -0.546722 0.26962
    outer loop
      vertex -2.2611 6.52331 1.8472
      vertex -2.5199 6.93937 1.92996
      vertex -2.5199 6.81539 1.67856
    endloop
  endfacet
  facet normal -0.792717 -0.506851 0.338676
    outer loop
      vertex -2.2611 6.52331 1.8472
      vertex -2.5199 6.81539 1.67856
      vertex -2.5199 6.65966 1.4455
    endloop
  endfacet
  facet normal 0.381967 -0.297061 0.875132
    outer loop
      vertex -6.25175 6.09869 1.90735e-07
      vertex -6.40081 6.07507 0.0570423
      vertex -6.32071 6.01002 1.90735e-07
    endloop
  endfacet
  facet normal 0.381961 -0.297068 0.875132
    outer loop
      vertex -6.32071 6.01002 1.90735e-07
      vertex -6.40081 6.07507 0.0570423
      vertex -6.40081 5.90703 1.90735e-07
    endloop
  endfacet
  facet normal 0.130242 -0.653732 0.745434
    outer loop
      vertex -5.17594 7.25278 0.456824
      vertex -5.59742 7.21355 0.496061
      vertex -5.59742 6.90007 0.221145
    endloop
  endfacet
  facet normal 0.258332 -0.536708 0.803249
    outer loop
      vertex -5.59742 6.90007 0.221145
      vertex -5.64267 6.54732 1.90735e-07
      vertex -5.59742 6.5691 1.90735e-07
    endloop
  endfacet
  facet normal 0.258301 -0.53671 0.803258
    outer loop
      vertex -5.64267 6.54732 1.90735e-07
      vertex -5.59742 6.90007 0.221145
      vertex -6.00805 6.49837 0.0847876
    endloop
  endfacet
  facet normal 0.499225 -0.864633 -0.0564275
    outer loop
      vertex -6.42703 7.83575 3.30933
      vertex -6.40081 7.84951 3.33046
      vertex -6.42385 7.83632 3.32873
    endloop
  endfacet
  facet normal 0.500183 -0.863972 -0.0580478
    outer loop
      vertex -6.4278 7.83562 3.30463
      vertex -6.40081 7.84951 3.33046
      vertex -6.42703 7.83575 3.30933
    endloop
  endfacet
  facet normal 0.498299 -0.865233 -0.0554007
    outer loop
      vertex -6.40081 7.84951 3.33046
      vertex -6.4278 7.83562 3.30463
      vertex -6.42796 7.83567 3.30241
    endloop
  endfacet
  facet normal 0.38198 -0.82886 0.408758
    outer loop
      vertex -6.40081 7.65257 1.63454
      vertex -6.40081 7.48393 1.29258
      vertex -6.00805 7.62482 1.21124
    endloop
  endfacet
  facet normal 0.499098 -0.777115 0.383397
    outer loop
      vertex -6.46721 7.57909 1.57204
      vertex -6.40081 7.65257 1.63454
      vertex -6.46661 7.58953 1.59242
    endloop
  endfacet
  facet normal 0.499184 -0.77714 0.383234
    outer loop
      vertex -6.40081 7.48393 1.29258
      vertex -6.46721 7.57909 1.57204
      vertex -6.47471 7.44698 1.31391
    endloop
  endfacet
  facet normal 0.499239 -0.777105 0.383235
    outer loop
      vertex -6.46721 7.57909 1.57204
      vertex -6.40081 7.48393 1.29258
      vertex -6.40081 7.65257 1.63454
    endloop
  endfacet
  facet normal 0.381986 -0.609345 0.694827
    outer loop
      vertex -6.00805 7.13575 0.573863
      vertex -6.40081 6.73405 0.437505
      vertex -6.00805 6.83309 0.308438
    endloop
  endfacet
  facet normal 0.499163 -0.57133 0.651474
    outer loop
      vertex -6.50567 6.90222 0.665331
      vertex -6.40081 6.73405 0.437505
      vertex -6.40081 7.02071 0.6889
    endloop
  endfacet
  facet normal 0.49917 -0.571325 0.651474
    outer loop
      vertex -6.51126 6.80382 0.58332
      vertex -6.40081 6.73405 0.437505
      vertex -6.50567 6.90222 0.665331
    endloop
  endfacet
  facet normal 0.49923 -0.571257 0.651487
    outer loop
      vertex -6.51576 6.72448 0.517199
      vertex -6.40081 6.73405 0.437505
      vertex -6.51126 6.80382 0.58332
    endloop
  endfacet
  facet normal 0.499189 -0.571378 0.651412
    outer loop
      vertex -6.40081 6.73405 0.437505
      vertex -6.51576 6.72448 0.517199
      vertex -6.51755 6.69302 0.490976
    endloop
  endfacet
  facet normal 0.381999 -0.906407 -0.180285
    outer loop
      vertex -6.00805 7.93227 3.74652
      vertex -6.40081 7.77512 3.70441
      vertex -6.00805 8.0108 3.3517
    endloop
  endfacet
  facet normal 0.381969 -0.828956 -0.408572
    outer loop
      vertex -6.38265 7.50033 4.39113
      vertex -6.00805 7.62482 4.48876
      vertex -6.38019 7.49133 4.41169
    endloop
  endfacet
  facet normal 0.381998 -0.828774 -0.408916
    outer loop
      vertex -6.38316 7.50719 4.37675
      vertex -6.00805 7.62482 4.48876
      vertex -6.38265 7.50033 4.39113
    endloop
  endfacet
  facet normal 0.381976 -0.828868 -0.408743
    outer loop
      vertex -6.39183 7.62526 4.12922
      vertex -6.00805 7.62482 4.48876
      vertex -6.38316 7.50719 4.37675
    endloop
  endfacet
  facet normal 0.38194 -0.828904 -0.408705
    outer loop
      vertex -6.3912 7.63126 4.11764
      vertex -6.00805 7.62482 4.48876
      vertex -6.39183 7.62526 4.12922
    endloop
  endfacet
  facet normal 0.381979 -0.828867 -0.408744
    outer loop
      vertex -6.00805 7.62482 4.48876
      vertex -6.3912 7.63126 4.11764
      vertex -6.38906 7.65173 4.07813
    endloop
  endfacet
  facet normal 0.499211 -0.849853 -0.168934
    outer loop
      vertex -6.40081 7.84951 3.33046
      vertex -6.42323 7.83248 3.34988
      vertex -6.42385 7.83632 3.32873
    endloop
  endfacet
  facet normal 0.381991 -0.922187 0.0604461
    outer loop
      vertex -6.00805 8.03713 2.75
      vertex -6.40081 7.87444 2.75
      vertex -6.00805 8.0108 2.3483
    endloop
  endfacet
  facet normal 0.381976 -0.906412 0.180308
    outer loop
      vertex -6.00805 8.0108 2.3483
      vertex -6.40081 7.84951 2.36954
      vertex -6.40081 7.77512 1.99558
    endloop
  endfacet
  facet normal 0.258309 -0.963994 0.0631835
    outer loop
      vertex -5.59742 8.14716 2.75
      vertex -6.00805 8.0108 2.3483
      vertex -5.59742 8.11989 2.33394
    endloop
  endfacet
  facet normal 0 -0.997858 0.0654159
    outer loop
      vertex -5.17594 8.1749 2.3267
      vertex -4.75082 8.20265 2.75
      vertex -5.17594 8.20265 2.75
    endloop
  endfacet
  facet normal 0 -0.997858 0.0654159
    outer loop
      vertex -4.75082 8.20265 2.75
      vertex -5.17594 8.1749 2.3267
      vertex -4.75082 8.1749 2.3267
    endloop
  endfacet
  facet normal 0.381995 -0.906409 0.180285
    outer loop
      vertex -6.00805 8.0108 2.3483
      vertex -6.40081 7.77512 1.99558
      vertex -6.00805 7.93227 1.95348
    endloop
  endfacet
  facet normal 0.130242 -0.989359 -0.0648587
    outer loop
      vertex -5.17594 8.1749 3.3733
      vertex -5.59742 8.11989 3.36606
      vertex -5.17594 8.20265 2.95
    endloop
  endfacet
  facet normal 0.130254 -0.989358 -0.0648459
    outer loop
      vertex -5.17594 8.20265 2.95
      vertex -5.59742 8.11989 3.36606
      vertex -5.59742 8.14716 2.95
    endloop
  endfacet
  facet normal -0.130294 0.55083 0.824384
    outer loop
      vertex -4.35292 3.34454 1.90735e-07
      vertex -4.32933 3.01915 0.221145
      vertex -4.32933 3.35012 1.90735e-07
    endloop
  endfacet
  facet normal -0.13025 0.550836 0.824388
    outer loop
      vertex -4.32933 3.01915 0.221145
      vertex -4.35292 3.34454 1.90735e-07
      vertex -4.75082 2.98537 0.177122
    endloop
  endfacet
  facet normal -0.381988 0.609347 0.694824
    outer loop
      vertex -3.9187 2.78347 0.573863
      vertex -3.52594 2.89851 0.6889
      vertex -3.52594 3.18517 0.437505
    endloop
  endfacet
  facet normal -0.60794 0.154899 0.778727
    outer loop
      vertex -3.15777 4.26021 0.139802
      vertex -2.8205 4.32719 0.38978
      vertex -3.15777 4.60689 0.0708429
    endloop
  endfacet
  facet normal -0.607939 0.255215 0.751848
    outer loop
      vertex -3.15777 3.92549 0.253423
      vertex -2.8205 4.32719 0.38978
      vertex -3.15777 4.26021 0.139802
    endloop
  endfacet
  facet normal -0.60794 -0.0519299 0.792283
    outer loop
      vertex -2.8205 5.27855 0.327425
      vertex -3.15777 5.31233 0.0708429
      vertex -3.15777 4.95961 0.047724
    endloop
  endfacet
  facet normal -0.499181 -0.0566727 0.864643
    outer loop
      vertex -3.15777 5.31233 0.0708429
      vertex -3.25142 5.05638 1.90735e-07
      vertex -3.15777 4.95961 0.047724
    endloop
  endfacet
  facet normal -0.4992 -0.0566627 0.864632
    outer loop
      vertex -3.25142 5.05638 1.90735e-07
      vertex -3.15777 5.31233 0.0708429
      vertex -3.28153 5.32165 1.90735e-07
    endloop
  endfacet
  facet normal 0.499199 0.278531 0.8205
    outer loop
      vertex -6.66782 4.04816 0.150239
      vertex -6.40081 3.84415 0.0570423
      vertex -6.6626 4.13999 0.11589
    endloop
  endfacet
  facet normal 0.49919 0.278515 0.820511
    outer loop
      vertex -6.40081 3.84415 0.0570423
      vertex -6.66782 4.04816 0.150239
      vertex -6.67596 3.90494 0.203806
    endloop
  endfacet
  facet normal -0.607944 0.596949 0.523504
    outer loop
      vertex -3.15777 2.81575 1.10496
      vertex -2.8205 3.23181 1.0222
      vertex -3.15777 3.04881 0.839203
    endloop
  endfacet
  facet normal -0.499188 0.651468 0.571315
    outer loop
      vertex -3.15777 2.81575 1.10496
      vertex -3.15777 3.04881 0.839203
      vertex -3.52594 2.89851 0.6889
    endloop
  endfacet
  facet normal -0.130245 0.74543 0.653735
    outer loop
      vertex -4.75082 2.38673 0.775762
      vertex -4.32933 2.43075 0.809542
      vertex -4.32933 2.70567 0.496061
    endloop
  endfacet
  facet normal -0.130255 0.745436 0.653727
    outer loop
      vertex -4.75082 2.38673 0.775762
      vertex -4.32933 2.70567 0.496061
      vertex -4.75082 2.66643 0.456824
    endloop
  endfacet
  facet normal -0.607937 0.441109 0.660178
    outer loop
      vertex -2.8205 3.47211 0.811458
      vertex -2.8205 3.73787 0.633886
      vertex -3.15777 3.31457 0.60614
    endloop
  endfacet
  facet normal -0.607942 0.351171 0.712099
    outer loop
      vertex -2.8205 3.73787 0.633886
      vertex -2.8205 4.02453 0.49252
      vertex -3.15777 3.60847 0.409761
    endloop
  endfacet
  facet normal -0.706353 0.393261 0.588567
    outer loop
      vertex -2.8205 3.47211 0.811458
      vertex -2.5199 3.88817 0.894218
      vertex -2.8205 3.73787 0.633886
    endloop
  endfacet
  facet normal -0.706352 0.39326 0.588569
    outer loop
      vertex -2.5199 3.65511 1.04994
      vertex -2.5199 3.88817 0.894218
      vertex -2.8205 3.47211 0.811458
    endloop
  endfacet
  facet normal -0.991409 0.117311 0.0578557
    outer loop
      vertex -1.72033 4.76323 2.66866
      vertex -1.72033 4.77553 2.64372
      vertex -1.77582 4.41051 2.43298
    endloop
  endfacet
  facet normal -0.991408 0.10878 0.0726455
    outer loop
      vertex -1.72033 4.77553 2.64372
      vertex -1.72033 4.79097 2.6206
      vertex -1.77582 4.45659 2.36402
    endloop
  endfacet
  facet normal -0.991408 0.0726738 0.108758
    outer loop
      vertex -1.77582 4.57363 2.24698
      vertex -1.72033 4.83021 2.58136
      vertex -1.77582 4.64259 2.2009
    endloop
  endfacet
  facet normal -0.991409 0.0726416 0.108774
    outer loop
      vertex -1.72033 4.83021 2.58136
      vertex -1.72033 4.85333 2.56592
      vertex -1.77582 4.64259 2.2009
    endloop
  endfacet
  facet normal -0.865561 0.449161 0.221491
    outer loop
      vertex -2.2611 3.29145 2.05903
      vertex -2.04854 3.63159 2.19992
      vertex -2.04854 3.71475 2.03128
    endloop
  endfacet
  facet normal -0.86556 0.449161 0.221495
    outer loop
      vertex -2.2611 3.29145 2.05903
      vertex -2.04854 3.71475 2.03128
      vertex -2.2611 3.39591 1.8472
    endloop
  endfacet
  facet normal -0.923587 0.252784 0.288247
    outer loop
      vertex -1.88585 4.22091 2.0113
      vertex -1.88585 4.32365 1.9212
      vertex -2.04854 4.08455 1.6096
    endloop
  endfacet
  facet normal -0.965787 0.170992 0.194981
    outer loop
      vertex -1.88585 4.22091 2.0113
      vertex -1.77582 4.57363 2.24698
      vertex -1.88585 4.32365 1.9212
    endloop
  endfacet
  facet normal -0.991408 0.117313 0.0578522
    outer loop
      vertex -1.77582 4.37383 2.50736
      vertex -1.72033 4.76323 2.66866
      vertex -1.77582 4.41051 2.43298
    endloop
  endfacet
  facet normal -0.991408 0.123861 0.042044
    outer loop
      vertex -1.77582 4.34717 2.5859
      vertex -1.72033 4.76323 2.66866
      vertex -1.77582 4.37383 2.50736
    endloop
  endfacet
  facet normal -0.965786 0.254357 0.0505962
    outer loop
      vertex -1.77582 4.33099 2.66724
      vertex -1.77582 4.34717 2.5859
      vertex -1.88585 3.95053 2.47962
    endloop
  endfacet
  facet normal -0.991409 0.130521 0.00856366
    outer loop
      vertex -1.77582 4.32556 2.75
      vertex -1.72033 4.74705 2.75
      vertex -1.77582 4.33099 2.66724
    endloop
  endfacet
  facet normal -0.923586 0.38257 0.0250805
    outer loop
      vertex -2.04854 3.52217 2.75
      vertex -1.88585 3.92387 2.61364
      vertex -2.04854 3.53447 2.56238
    endloop
  endfacet
  facet normal -0.923586 0.376026 0.0747892
    outer loop
      vertex -2.04854 3.53447 2.56238
      vertex -1.88585 3.92387 2.61364
      vertex -2.04854 3.57115 2.37796
    endloop
  endfacet
  facet normal -0.991409 0.0254984 0.128292
    outer loop
      vertex -1.72033 4.90459 2.54468
      vertex -1.72033 4.93186 2.53926
      vertex -1.77582 4.87685 2.12138
    endloop
  endfacet
  facet normal -0.991409 0.00856033 0.130522
    outer loop
      vertex -1.72033 4.93186 2.53926
      vertex -1.72033 4.95961 2.53744
      vertex -1.77582 4.87685 2.12138
    endloop
  endfacet
  facet normal -0.991409 -0.0254983 0.128291
    outer loop
      vertex -1.72033 4.98735 2.53926
      vertex -1.72033 5.01462 2.54468
      vertex -1.77582 5.04237 2.12138
    endloop
  endfacet
  facet normal -0.991409 -0.0726416 0.108774
    outer loop
      vertex -1.72033 5.06589 2.56592
      vertex -1.72033 5.08901 2.58136
      vertex -1.77582 5.27663 2.2009
    endloop
  endfacet
  facet normal -0.923587 -0.0748002 -0.376021
    outer loop
      vertex -1.88585 5.09597 3.98574
      vertex -2.04854 5.33164 4.33846
      vertex -1.88585 5.22999 3.95908
    endloop
  endfacet
  facet normal -0.923586 -0.0747932 -0.376025
    outer loop
      vertex -2.04854 5.14723 4.37514
      vertex -2.04854 5.33164 4.33846
      vertex -1.88585 5.09597 3.98574
    endloop
  endfacet
  facet normal -0.923586 -0.213004 -0.318777
    outer loop
      vertex -1.88585 5.48195 3.85472
      vertex -2.04854 5.83466 4.0904
      vertex -1.88585 5.59557 3.7788
    endloop
  endfacet
  facet normal -0.965787 -0.144082 -0.21563
    outer loop
      vertex -1.88585 5.48195 3.85472
      vertex -1.88585 5.59557 3.7788
      vertex -1.77582 5.34559 3.45302
    endloop
  endfacet
  facet normal -0.706354 0.634864 -0.313069
    outer loop
      vertex -2.8205 2.70213 3.88508
      vertex -2.8205 2.84349 4.17174
      vertex -2.5199 2.97985 3.77004
    endloop
  endfacet
  facet normal -0.792724 0.546722 -0.269599
    outer loop
      vertex -2.5199 3.10382 4.02144
      vertex -2.2611 3.39591 3.8528
      vertex -2.5199 2.97985 3.77004
    endloop
  endfacet
  facet normal 0.4992 -0.383236 0.777129
    outer loop
      vertex -6.53698 6.35107 0.280621
      vertex -6.40081 6.41703 0.225678
      vertex -6.53544 6.37816 0.292991
    endloop
  endfacet
  facet normal 0.499213 -0.383294 0.777092
    outer loop
      vertex -6.53923 6.31148 0.262539
      vertex -6.40081 6.41703 0.225678
      vertex -6.53698 6.35107 0.280621
    endloop
  endfacet
  facet normal 0.499184 -0.383241 0.777137
    outer loop
      vertex -6.40081 6.41703 0.225678
      vertex -6.53923 6.31148 0.262539
      vertex -6.40081 6.07507 0.0570423
    endloop
  endfacet
  facet normal 0.499209 -0.383221 0.777131
    outer loop
      vertex -6.40081 6.07507 0.0570423
      vertex -6.53923 6.31148 0.262539
      vertex -6.54733 6.16886 0.197413
    endloop
  endfacet
  facet normal 0.499205 -0.481367 0.720473
    outer loop
      vertex -6.52951 6.48261 0.358668
      vertex -6.53544 6.37816 0.292991
      vertex -6.40081 6.41703 0.225678
    endloop
  endfacet
  facet normal 0 -0.659356 0.751831
    outer loop
      vertex -5.17594 7.25278 0.456824
      vertex -4.75082 6.93385 0.177122
      vertex -4.75082 7.25278 0.456824
    endloop
  endfacet
  facet normal 0 -0.659356 0.751831
    outer loop
      vertex -4.75082 6.93385 0.177122
      vertex -5.17594 7.25278 0.456824
      vertex -5.17594 6.93385 0.177122
    endloop
  endfacet
  facet normal 0.381989 -0.69483 0.60934
    outer loop
      vertex -6.40081 7.2721 0.97556
      vertex -6.40081 7.02071 0.6889
      vertex -6.00805 7.13575 0.573863
    endloop
  endfacet
  facet normal 0.381987 -0.694833 0.609339
    outer loop
      vertex -6.00805 7.40117 0.876523
      vertex -6.40081 7.2721 0.97556
      vertex -6.00805 7.13575 0.573863
    endloop
  endfacet
  facet normal 0.2583 -0.803246 0.536728
    outer loop
      vertex -5.59742 7.72011 1.15622
      vertex -6.00805 7.40117 0.876523
      vertex -5.59742 7.48846 0.809542
    endloop
  endfacet
  facet normal 0.130267 -0.824377 0.550848
    outer loop
      vertex -5.59742 7.72011 1.15622
      vertex -5.59742 7.48846 0.809542
      vertex -5.17594 7.53249 0.775762
    endloop
  endfacet
  facet normal 0.499075 -0.65166 0.571194
    outer loop
      vertex -6.40081 7.02071 0.6889
      vertex -6.49841 7.02991 0.784673
      vertex -6.49929 7.01445 0.767804
    endloop
  endfacet
  facet normal 0.499204 -0.651403 0.571375
    outer loop
      vertex -6.40081 7.02071 0.6889
      vertex -6.49929 7.01445 0.767804
      vertex -6.50126 6.9797 0.729908
    endloop
  endfacet
  facet normal 0.49943 -0.651117 0.571504
    outer loop
      vertex -6.49841 7.02991 0.784673
      vertex -6.40081 7.02071 0.6889
      vertex -6.4977 7.04249 0.798385
    endloop
  endfacet
  facet normal 0.382019 -0.408809 -0.828816
    outer loop
      vertex -6.32923 6.43185 5.5
      vertex -6.38386 6.3808 5.5
      vertex -6.38138 6.42105 5.48129
    endloop
  endfacet
  facet normal 0.381964 -0.513403 -0.768454
    outer loop
      vertex -6.38512 6.48042 5.43977
      vertex -6.13635 6.57535 5.5
      vertex -6.32923 6.43185 5.5
    endloop
  endfacet
  facet normal 0.381893 -0.513556 -0.768387
    outer loop
      vertex -6.13635 6.57535 5.5
      vertex -6.37821 6.71 5.2898
      vertex -6.3779 6.7203 5.28307
    endloop
  endfacet
  facet normal 0.382015 -0.513363 -0.768455
    outer loop
      vertex -6.38375 6.45864 5.455
      vertex -6.32923 6.43185 5.5
      vertex -6.38138 6.42105 5.48129
    endloop
  endfacet
  facet normal 0.38204 -0.51333 -0.768465
    outer loop
      vertex -6.38512 6.48042 5.43977
      vertex -6.32923 6.43185 5.5
      vertex -6.38375 6.45864 5.455
    endloop
  endfacet
  facet normal 0.381974 -0.513453 -0.768415
    outer loop
      vertex -6.13635 6.57535 5.5
      vertex -6.38512 6.48042 5.43977
      vertex -6.37821 6.71 5.2898
    endloop
  endfacet
  facet normal 0.381979 -0.694845 -0.609329
    outer loop
      vertex -6.37889 7.14641 4.88151
      vertex -6.00805 7.13575 5.12614
      vertex -6.3716 7.02927 5.01966
    endloop
  endfacet
  facet normal 0.382052 -0.694714 -0.609433
    outer loop
      vertex -6.37971 7.15953 4.86604
      vertex -6.00805 7.13575 5.12614
      vertex -6.37889 7.14641 4.88151
    endloop
  endfacet
  facet normal 0.381974 -0.694843 -0.609334
    outer loop
      vertex -6.00805 7.13575 5.12614
      vertex -6.37971 7.15953 4.86604
      vertex -6.37382 7.26273 4.75205
    endloop
  endfacet
  facet normal 0.381983 -0.694834 -0.60934
    outer loop
      vertex -6.37382 7.26273 4.75205
      vertex -6.00805 7.40117 4.82348
      vertex -6.00805 7.13575 5.12614
    endloop
  endfacet
  facet normal 0.381995 -0.69492 -0.609233
    outer loop
      vertex -6.00805 7.40117 4.82348
      vertex -6.37382 7.26273 4.75205
      vertex -6.37276 7.28132 4.73151
    endloop
  endfacet
  facet normal 0.258292 -0.914798 -0.310532
    outer loop
      vertex -5.59742 7.90452 4.16982
      vertex -6.00805 7.80287 4.12772
      vertex -6.00805 7.93227 3.74652
    endloop
  endfacet
  facet normal 0.381999 -0.875117 -0.297062
    outer loop
      vertex -6.00805 7.93227 3.74652
      vertex -6.00805 7.80287 4.12772
      vertex -6.40081 7.77512 3.70441
    endloop
  endfacet
  facet normal 0.499135 -0.864667 0.0566994
    outer loop
      vertex -6.45337 7.82273 2.42384
      vertex -6.45356 7.81932 2.37351
      vertex -6.40081 7.84951 2.36954
    endloop
  endfacet
  facet normal 0.499125 -0.849866 0.169118
    outer loop
      vertex -6.40081 7.84951 2.36954
      vertex -6.45356 7.81932 2.37351
      vertex -6.45415 7.80899 2.32334
    endloop
  endfacet
  facet normal 0.381975 -0.922195 0.0604277
    outer loop
      vertex -6.40081 7.87444 2.75
      vertex -6.40081 7.84951 2.36954
      vertex -6.00805 8.0108 2.3483
    endloop
  endfacet
  facet normal 0.499093 -0.86469 0.0567237
    outer loop
      vertex -6.45265 7.83523 2.60841
      vertex -6.40081 7.87444 2.75
      vertex -6.45211 7.84483 2.75
    endloop
  endfacet
  facet normal 0.49917 -0.864651 0.0566407
    outer loop
      vertex -6.40081 7.84951 2.36954
      vertex -6.45265 7.83523 2.60841
      vertex -6.45329 7.82412 2.44445
    endloop
  endfacet
  facet normal 0.498896 -0.864825 0.0563899
    outer loop
      vertex -6.40081 7.84951 2.36954
      vertex -6.45329 7.82412 2.44445
      vertex -6.45337 7.82273 2.42384
    endloop
  endfacet
  facet normal 0.499226 -0.864617 0.0566549
    outer loop
      vertex -6.45265 7.83523 2.60841
      vertex -6.40081 7.84951 2.36954
      vertex -6.40081 7.87444 2.75
    endloop
  endfacet
  facet normal 0.258309 -0.963994 -0.0631835
    outer loop
      vertex -5.59742 8.11989 3.36606
      vertex -6.00805 8.0108 3.3517
      vertex -5.59742 8.14716 2.95
    endloop
  endfacet
  facet normal 0 -0.980785 0.195092
    outer loop
      vertex -5.17594 8.09214 1.91064
      vertex -4.75082 8.1749 2.3267
      vertex -5.17594 8.1749 2.3267
    endloop
  endfacet
  facet normal 0 -0.980785 0.195092
    outer loop
      vertex -4.75082 8.1749 2.3267
      vertex -5.17594 8.09214 1.91064
      vertex -4.75082 8.09214 1.91064
    endloop
  endfacet
  facet normal 0.258305 -0.947503 0.188459
    outer loop
      vertex -6.00805 8.0108 2.3483
      vertex -6.00805 7.93227 1.95348
      vertex -5.59742 8.03855 1.925
    endloop
  endfacet
  facet normal 0.258309 -0.947501 0.188462
    outer loop
      vertex -5.59742 8.11989 2.33394
      vertex -6.00805 8.0108 2.3483
      vertex -5.59742 8.03855 1.925
    endloop
  endfacet
  facet normal 0.258309 -0.947501 -0.188462
    outer loop
      vertex -5.59742 8.11989 3.36606
      vertex -5.59742 8.03855 3.775
      vertex -6.00805 8.0108 3.3517
    endloop
  endfacet
  facet normal 0.130241 -0.972433 -0.193421
    outer loop
      vertex -5.17594 8.1749 3.3733
      vertex -5.59742 8.03855 3.775
      vertex -5.59742 8.11989 3.36606
    endloop
  endfacet
  facet normal -0.130255 0.550839 0.824384
    outer loop
      vertex -4.75082 2.98537 0.177122
      vertex -4.35292 3.34454 1.90735e-07
      vertex -4.75082 3.25045 1.90735e-07
    endloop
  endfacet
  facet normal -0 0.555572 0.831468
    outer loop
      vertex -5.17594 3.25045 1.90735e-07
      vertex -4.75082 2.98537 0.177122
      vertex -4.75082 3.25045 1.90735e-07
    endloop
  endfacet
  facet normal 0 0.555572 0.831468
    outer loop
      vertex -4.75082 2.98537 0.177122
      vertex -5.17594 3.25045 1.90735e-07
      vertex -5.17594 2.98537 0.177122
    endloop
  endfacet
  facet normal -0.499196 -0.0566928 0.864632
    outer loop
      vertex -3.15777 4.95961 0.047724
      vertex -3.25142 5.05638 1.90735e-07
      vertex -3.24043 4.95961 1.90735e-07
    endloop
  endfacet
  facet normal -0.499196 0.056687 0.864633
    outer loop
      vertex -3.15777 4.95961 0.047724
      vertex -3.24043 4.95961 1.90735e-07
      vertex -3.25142 4.86283 1.90735e-07
    endloop
  endfacet
  facet normal 0.495478 -0.169878 0.851847
    outer loop
      vertex -6.58496 5.49959 1.90735e-07
      vertex -6.58534 5.49992 0.000287028
      vertex -6.58544 5.49819 1.90735e-07
    endloop
  endfacet
  facet normal 0.499192 0.278519 0.820509
    outer loop
      vertex -6.6626 4.13999 0.11589
      vertex -6.40081 4.01219 1.90735e-07
      vertex -6.51829 4.22275 1.90735e-07
    endloop
  endfacet
  facet normal 0.499169 0.278554 0.820511
    outer loop
      vertex -6.66234 4.14465 0.114149
      vertex -6.51829 4.22275 1.90735e-07
      vertex -6.65673 4.24343 0.0772014
    endloop
  endfacet
  facet normal 0.499089 0.278701 0.82051
    outer loop
      vertex -6.6626 4.13999 0.11589
      vertex -6.51829 4.22275 1.90735e-07
      vertex -6.66234 4.14465 0.114149
    endloop
  endfacet
  facet normal 0.499193 0.278525 0.820506
    outer loop
      vertex -6.40081 4.01219 1.90735e-07
      vertex -6.6626 4.13999 0.11589
      vertex -6.40081 3.84415 0.0570423
    endloop
  endfacet
  facet normal 0.499242 0.168994 0.849822
    outer loop
      vertex -6.65122 4.34033 0.0546932
      vertex -6.58496 4.41962 1.90735e-07
      vertex -6.64991 4.36335 0.0493459
    endloop
  endfacet
  facet normal 0.49919 0.169051 0.849842
    outer loop
      vertex -6.58496 4.41962 1.90735e-07
      vertex -6.65122 4.34033 0.0546932
      vertex -6.51829 4.22275 1.90735e-07
    endloop
  endfacet
  facet normal 0.499172 0.169023 0.849858
    outer loop
      vertex -6.51829 4.22275 1.90735e-07
      vertex -6.65122 4.34033 0.0546932
      vertex -6.65673 4.24343 0.0772014
    endloop
  endfacet
  facet normal -0.607926 0.59694 0.523534
    outer loop
      vertex -3.15777 2.81575 1.10496
      vertex -2.8205 3.02106 1.2625
      vertex -2.8205 3.23181 1.0222
    endloop
  endfacet
  facet normal -0.607927 0.660178 0.441122
    outer loop
      vertex -3.15777 2.61937 1.39886
      vertex -2.8205 3.02106 1.2625
      vertex -3.15777 2.81575 1.10496
    endloop
  endfacet
  facet normal -0.2583 0.63697 0.726327
    outer loop
      vertex -4.32933 2.70567 0.496061
      vertex -3.9187 2.78347 0.573863
      vertex -3.9187 3.08613 0.308438
    endloop
  endfacet
  facet normal -0.381986 0.609345 0.694827
    outer loop
      vertex -3.9187 2.78347 0.573863
      vertex -3.52594 3.18517 0.437505
      vertex -3.9187 3.08613 0.308438
    endloop
  endfacet
  facet normal -0.499192 0.383239 0.777133
    outer loop
      vertex -3.52594 3.50219 0.225678
      vertex -3.15777 3.60847 0.409761
      vertex -3.52594 3.84415 0.0570423
    endloop
  endfacet
  facet normal -0.49919 0.383242 0.777133
    outer loop
      vertex -3.15777 3.60847 0.409761
      vertex -3.15777 3.92549 0.253423
      vertex -3.52594 3.84415 0.0570423
    endloop
  endfacet
  facet normal -0.706354 0.31308 0.634859
    outer loop
      vertex -2.8205 3.73787 0.633886
      vertex -2.5199 3.88817 0.894218
      vertex -2.8205 4.02453 0.49252
    endloop
  endfacet
  facet normal -0.706357 0.313073 0.634859
    outer loop
      vertex -2.5199 3.88817 0.894218
      vertex -2.5199 4.13957 0.770243
      vertex -2.8205 4.02453 0.49252
    endloop
  endfacet
  facet normal -0.991408 0.108756 0.0726725
    outer loop
      vertex -1.77582 4.41051 2.43298
      vertex -1.72033 4.77553 2.64372
      vertex -1.77582 4.45659 2.36402
    endloop
  endfacet
  facet normal -0.86556 0.416408 0.278227
    outer loop
      vertex -2.04854 3.71475 2.03128
      vertex -2.04854 3.81921 1.87494
      vertex -2.2611 3.39591 1.8472
    endloop
  endfacet
  facet normal -0.923586 0.343853 0.16957
    outer loop
      vertex -1.88585 3.99445 2.35022
      vertex -1.88585 4.05489 2.22766
      vertex -2.04854 3.71475 2.03128
    endloop
  endfacet
  facet normal -0.923586 0.318781 0.212996
    outer loop
      vertex -2.04854 3.71475 2.03128
      vertex -1.88585 4.05489 2.22766
      vertex -2.04854 3.81921 1.87494
    endloop
  endfacet
  facet normal -0.965786 0.254356 0.0505979
    outer loop
      vertex -1.88585 3.92387 2.61364
      vertex -1.77582 4.33099 2.66724
      vertex -1.88585 3.95053 2.47962
    endloop
  endfacet
  facet normal -0.923588 0.37602 0.0747999
    outer loop
      vertex -1.88585 3.92387 2.61364
      vertex -1.88585 3.95053 2.47962
      vertex -2.04854 3.57115 2.37796
    endloop
  endfacet
  facet normal -0.965785 0.258786 0.0169793
    outer loop
      vertex -1.88585 3.91493 2.75
      vertex -1.77582 4.32556 2.75
      vertex -1.77582 4.33099 2.66724
    endloop
  endfacet
  facet normal -0.965925 0.258823 0
    outer loop
      vertex -1.88585 3.91493 2.75
      vertex -1.77582 4.32556 2.95
      vertex -1.77582 4.32556 2.75
    endloop
  endfacet
  facet normal -0.965925 0.258823 0
    outer loop
      vertex -1.77582 4.32556 2.95
      vertex -1.88585 3.91493 2.75
      vertex -1.88585 3.91493 2.95
    endloop
  endfacet
  facet normal -0.923586 0.025082 -0.38257
    outer loop
      vertex -2.04854 4.95961 4.38744
      vertex -1.88585 4.95961 3.99468
      vertex -1.88585 4.82325 3.98574
    endloop
  endfacet
  facet normal -0.965786 0.0169663 -0.258784
    outer loop
      vertex -1.88585 4.82325 3.98574
      vertex -1.88585 4.95961 3.99468
      vertex -1.77582 4.87685 3.57862
    endloop
  endfacet
  facet normal -0.965787 -0.170992 -0.194981
    outer loop
      vertex -1.88585 5.59557 3.7788
      vertex -1.88585 5.69831 3.6887
      vertex -1.77582 5.34559 3.45302
    endloop
  endfacet
  facet normal -0.923585 -0.252788 -0.288251
    outer loop
      vertex -1.88585 5.59557 3.7788
      vertex -2.04854 5.83466 4.0904
      vertex -1.88585 5.69831 3.6887
    endloop
  endfacet
  facet normal -0.706352 0.58857 -0.393259
    outer loop
      vertex -2.8205 2.84349 4.17174
      vertex -2.8205 3.02106 4.4375
      vertex -2.5199 3.10382 4.02144
    endloop
  endfacet
  facet normal -0.607937 0.660181 -0.441106
    outer loop
      vertex -3.15777 2.61937 4.30114
      vertex -2.8205 3.02106 4.4375
      vertex -2.8205 2.84349 4.17174
    endloop
  endfacet
  facet normal 0.130265 -0.745423 0.653739
    outer loop
      vertex -5.17594 7.53249 0.775762
      vertex -5.59742 7.48846 0.809542
      vertex -5.17594 7.25278 0.456824
    endloop
  endfacet
  facet normal 0.130253 -0.550835 0.824387
    outer loop
      vertex -5.59742 6.90007 0.221145
      vertex -5.57383 6.57468 1.90735e-07
      vertex -5.17594 6.93385 0.177122
    endloop
  endfacet
  facet normal 0.130294 -0.55083 0.824384
    outer loop
      vertex -5.57383 6.57468 1.90735e-07
      vertex -5.59742 6.90007 0.221145
      vertex -5.59742 6.5691 1.90735e-07
    endloop
  endfacet
  facet normal 0.130253 -0.653739 0.745426
    outer loop
      vertex -5.17594 7.25278 0.456824
      vertex -5.59742 6.90007 0.221145
      vertex -5.17594 6.93385 0.177122
    endloop
  endfacet
  facet normal 0.382948 -0.76802 -0.513319
    outer loop
      vertex -6.38115 7.3512 4.62069
      vertex -6.37985 7.33159 4.651
      vertex -6.38122 7.3413 4.63545
    endloop
  endfacet
  facet normal 0.381933 -0.768393 -0.513517
    outer loop
      vertex -6.00805 7.62482 4.48876
      vertex -6.37985 7.33159 4.651
      vertex -6.38115 7.3512 4.62069
    endloop
  endfacet
  facet normal 0.382038 -0.768442 -0.513365
    outer loop
      vertex -6.37985 7.33159 4.651
      vertex -6.00805 7.62482 4.48876
      vertex -6.37476 7.2955 4.70881
    endloop
  endfacet
  facet normal 0.381973 -0.768416 -0.513452
    outer loop
      vertex -6.00805 7.62482 4.48876
      vertex -6.38115 7.3512 4.62069
      vertex -6.38019 7.49133 4.41169
    endloop
  endfacet
  facet normal 0.492672 -0.825559 -0.275186
    outer loop
      vertex -6.40081 7.77512 3.70441
      vertex -6.40143 7.77459 3.70489
      vertex -6.40143 7.77478 3.70432
    endloop
  endfacet
  facet normal 0.492656 -0.853715 -0.168702
    outer loop
      vertex -6.4155 7.78936 3.58945
      vertex -6.40081 7.77512 3.70441
      vertex -6.40143 7.77478 3.70432
    endloop
  endfacet
  facet normal 0.497911 -0.850543 -0.169296
    outer loop
      vertex -6.40081 7.84951 3.33046
      vertex -6.4155 7.78936 3.58945
      vertex -6.41638 7.79027 3.58229
    endloop
  endfacet
  facet normal 0.499118 -0.849881 -0.169065
    outer loop
      vertex -6.40081 7.84951 3.33046
      vertex -6.41638 7.79027 3.58229
      vertex -6.42323 7.83248 3.34988
    endloop
  endfacet
  facet normal 0.4992 -0.849835 -0.169058
    outer loop
      vertex -6.4155 7.78936 3.58945
      vertex -6.40081 7.84951 3.33046
      vertex -6.40081 7.77512 3.70441
    endloop
  endfacet
  facet normal 0.258306 -0.91479 -0.310545
    outer loop
      vertex -5.59742 8.03855 3.775
      vertex -5.59742 7.90452 4.16982
      vertex -6.00805 7.93227 3.74652
    endloop
  endfacet
  facet normal 0.258305 -0.947503 -0.188459
    outer loop
      vertex -5.59742 8.03855 3.775
      vertex -6.00805 7.93227 3.74652
      vertex -6.00805 8.0108 3.3517
    endloop
  endfacet
  facet normal 0.38269 -0.923877 0
    outer loop
      vertex -6.40081 7.87444 2.75
      vertex -6.00805 8.03713 2.95
      vertex -6.40081 7.87444 2.95
    endloop
  endfacet
  facet normal 0.38269 -0.923877 0
    outer loop
      vertex -6.00805 8.03713 2.95
      vertex -6.40081 7.87444 2.75
      vertex -6.00805 8.03713 2.75
    endloop
  endfacet
  facet normal 0.258823 -0.965925 0
    outer loop
      vertex -6.00805 8.03713 2.75
      vertex -5.59742 8.14716 2.95
      vertex -6.00805 8.03713 2.95
    endloop
  endfacet
  facet normal 0.258823 -0.965925 0
    outer loop
      vertex -5.59742 8.14716 2.95
      vertex -6.00805 8.03713 2.75
      vertex -5.59742 8.14716 2.75
    endloop
  endfacet
  facet normal -0.130238 -0.989359 0.0648588
    outer loop
      vertex -4.32933 8.11989 2.33394
      vertex -4.75082 8.20265 2.75
      vertex -4.75082 8.1749 2.3267
    endloop
  endfacet
  facet normal -0.13023 -0.938872 0.318684
    outer loop
      vertex -4.32933 8.03855 1.925
      vertex -4.75082 8.09214 1.91064
      vertex -4.75082 7.95579 1.50894
    endloop
  endfacet
  facet normal 0.130266 -0.938857 0.318715
    outer loop
      vertex -5.59742 8.03855 1.925
      vertex -5.59742 7.90452 1.53018
      vertex -5.17594 7.95579 1.50894
    endloop
  endfacet
  facet normal 0.258293 -0.914793 0.310546
    outer loop
      vertex -5.59742 8.03855 1.925
      vertex -6.00805 7.80287 1.57228
      vertex -5.59742 7.90452 1.53018
    endloop
  endfacet
  facet normal -0.607941 0.0519279 0.792282
    outer loop
      vertex -2.8205 4.64067 0.327425
      vertex -2.8205 4.95961 0.306521
      vertex -3.15777 4.95961 0.047724
    endloop
  endfacet
  facet normal -0.60794 0.0519299 0.792283
    outer loop
      vertex -3.15777 4.60689 0.0708429
      vertex -2.8205 4.64067 0.327425
      vertex -3.15777 4.95961 0.047724
    endloop
  endfacet
  facet normal 0.499194 -0.278524 0.820506
    outer loop
      vertex -6.55701 5.9985 0.126082
      vertex -6.40081 6.07507 0.0570423
      vertex -6.55459 6.04109 0.139067
    endloop
  endfacet
  facet normal 0.499194 -0.278524 0.820506
    outer loop
      vertex -6.40081 6.07507 0.0570423
      vertex -6.55701 5.9985 0.126082
      vertex -6.56308 5.89169 0.0935179
    endloop
  endfacet
  facet normal 0.499195 -0.278525 0.820505
    outer loop
      vertex -6.56308 5.89169 0.0935179
      vertex -6.40081 5.90703 1.90735e-07
      vertex -6.40081 6.07507 0.0570423
    endloop
  endfacet
  facet normal 0.499195 -0.278521 0.820506
    outer loop
      vertex -6.40081 5.90703 1.90735e-07
      vertex -6.56308 5.89169 0.0935179
      vertex -6.51829 5.69647 1.90735e-07
    endloop
  endfacet
  facet normal 0.499186 -0.278525 0.82051
    outer loop
      vertex -6.57253 5.72538 0.0428126
      vertex -6.51829 5.69647 1.90735e-07
      vertex -6.56308 5.89169 0.0935179
    endloop
  endfacet
  facet normal 0.499167 -0.278561 0.82051
    outer loop
      vertex -6.51829 5.69647 1.90735e-07
      vertex -6.57253 5.72538 0.0428126
      vertex -6.57465 5.68805 0.0314289
    endloop
  endfacet
  facet normal -0.965787 0.21563 0.144082
    outer loop
      vertex -1.88585 4.05489 2.22766
      vertex -1.77582 4.45659 2.36402
      vertex -1.88585 4.13081 2.11404
    endloop
  endfacet
  facet normal -0.923588 0.318773 0.213002
    outer loop
      vertex -1.88585 4.05489 2.22766
      vertex -1.88585 4.13081 2.11404
      vertex -2.04854 3.81921 1.87494
    endloop
  endfacet
  facet normal -0.965787 0.232593 0.114702
    outer loop
      vertex -1.77582 4.37383 2.50736
      vertex -1.77582 4.41051 2.43298
      vertex -1.88585 3.99445 2.35022
    endloop
  endfacet
  facet normal -0.965787 0.232593 0.114702
    outer loop
      vertex -1.88585 3.99445 2.35022
      vertex -1.77582 4.41051 2.43298
      vertex -1.88585 4.05489 2.22766
    endloop
  endfacet
  facet normal -0.965787 -0.0169477 -0.25878
    outer loop
      vertex -1.77582 4.95961 3.58404
      vertex -1.88585 4.95961 3.99468
      vertex -1.77582 5.04237 3.57862
    endloop
  endfacet
  facet normal -0.965786 -0.0169663 -0.258784
    outer loop
      vertex -1.88585 4.95961 3.99468
      vertex -1.88585 5.09597 3.98574
      vertex -1.77582 5.04237 3.57862
    endloop
  endfacet
  facet normal 0.381993 -0.828854 -0.408757
    outer loop
      vertex -6.38906 7.65173 4.07813
      vertex -6.00805 7.80287 4.12772
      vertex -6.00805 7.62482 4.48876
    endloop
  endfacet
  facet normal 0.381955 -0.828534 -0.409441
    outer loop
      vertex -6.00805 7.80287 4.12772
      vertex -6.38906 7.65173 4.07813
      vertex -6.38848 7.65729 4.06742
    endloop
  endfacet
  facet normal 0.381972 -0.875143 -0.297021
    outer loop
      vertex -6.40081 7.71096 3.89343
      vertex -6.00805 7.80287 4.12772
      vertex -6.38848 7.65729 4.06742
    endloop
  endfacet
  facet normal 0.381986 -0.875128 -0.297049
    outer loop
      vertex -6.00805 7.80287 4.12772
      vertex -6.40081 7.71096 3.89343
      vertex -6.40081 7.77512 3.70441
    endloop
  endfacet
  facet normal 0.130232 -0.972432 0.19343
    outer loop
      vertex -5.17594 8.1749 2.3267
      vertex -5.59742 8.03855 1.925
      vertex -5.17594 8.09214 1.91064
    endloop
  endfacet
  facet normal -0.130238 -0.972433 0.193421
    outer loop
      vertex -4.32933 8.11989 2.33394
      vertex -4.75082 8.1749 2.3267
      vertex -4.32933 8.03855 1.925
    endloop
  endfacet
  facet normal -0.130229 -0.972433 0.19343
    outer loop
      vertex -4.32933 8.03855 1.925
      vertex -4.75082 8.1749 2.3267
      vertex -4.75082 8.09214 1.91064
    endloop
  endfacet
  facet normal 0.130242 -0.989359 0.0648587
    outer loop
      vertex -5.17594 8.20265 2.75
      vertex -5.59742 8.11989 2.33394
      vertex -5.17594 8.1749 2.3267
    endloop
  endfacet
  facet normal 0.130241 -0.972433 0.193421
    outer loop
      vertex -5.17594 8.1749 2.3267
      vertex -5.59742 8.11989 2.33394
      vertex -5.59742 8.03855 1.925
    endloop
  endfacet
  facet normal 0.48887 -0.826001 -0.280585
    outer loop
      vertex -6.40081 7.77512 3.70441
      vertex -6.40372 7.72116 3.85819
      vertex -6.40143 7.77459 3.70489
    endloop
  endfacet
  facet normal 0.497341 -0.821519 -0.278852
    outer loop
      vertex -6.40372 7.72116 3.85819
      vertex -6.40081 7.77512 3.70441
      vertex -6.40081 7.71096 3.89343
    endloop
  endfacet
  facet normal 0 0 -1
    outer loop
      vertex -2.2 -0.4 3.4
      vertex 0 0.4 3.4
      vertex 0 -0.4 3.4
    endloop
  endfacet
  facet normal -0 0 -1
    outer loop
      vertex 0 0.4 3.4
      vertex -2.2 -0.4 3.4
      vertex -2.2 0.4 3.4
    endloop
  endfacet
  facet normal 0 1 -0
    outer loop
      vertex 0 -0.4 3.26109
      vertex -2.2 -0.4 3.4
      vertex 0 -0.4 3.4
    endloop
  endfacet
  facet normal 0 1 0
    outer loop
      vertex -2.2 -0.4 3.4
      vertex 0 -0.4 3.26109
      vertex -2.2 -0.4 3.26109
    endloop
  endfacet
  facet normal 0 1 0
    outer loop
      vertex 2.78384 -0.4 2.51862
      vertex 1.75 -0.4 2.64428
      vertex 1.75 -0.4 3.0304
    endloop
  endfacet
  facet normal 0 1 0
    outer loop
      vertex 3.01644 -0.4 1.90735e-07
      vertex 1.75 -0.4 2.64428
      vertex 2.78384 -0.4 2.51862
    endloop
  endfacet
  facet normal 0 1 -0
    outer loop
      vertex 3.01644 -0.4 1.90735e-07
      vertex 2.78384 -0.4 2.51862
      vertex 3.05 -0.4 2.38288
    endloop
  endfacet
  facet normal 0 1 0
    outer loop
      vertex 3.01644 -0.4 1.90735e-07
      vertex 3.05 -0.4 2.38288
      vertex 3.05 -0.4 0.0171158
    endloop
  endfacet
  facet normal 0 1 0
    outer loop
      vertex 1.75 -0.4 2.64428
      vertex 3.01644 -0.4 1.90735e-07
      vertex -2.2 -0.4 1.90735e-07
    endloop
  endfacet
  facet normal 0 1 0
    outer loop
      vertex 1.75 -0.4 2.64428
      vertex -2.2 -0.4 1.90735e-07
      vertex -2.2 -0.4 2.64428
    endloop
  endfacet
  facet normal 0 -1 0
    outer loop
      vertex -2.2 0.4 3.26109
      vertex 0 0.4 3.4
      vertex -2.2 0.4 3.4
    endloop
  endfacet
  facet normal 0 -1 -0
    outer loop
      vertex 0 0.4 3.4
      vertex -2.2 0.4 3.26109
      vertex 0 0.4 3.26109
    endloop
  endfacet
  facet normal 0 -1 0
    outer loop
      vertex -2.2 0.4 1.90735e-07
      vertex 1.75 0.4 2.64428
      vertex -2.2 0.4 2.64428
    endloop
  endfacet
  facet normal 0 -1 0
    outer loop
      vertex 3.01644 0.4 1.90735e-07
      vertex 1.75 0.4 2.64428
      vertex -2.2 0.4 1.90735e-07
    endloop
  endfacet
  facet normal 0 -1 0
    outer loop
      vertex 1.75 0.4 2.64428
      vertex 3.01644 0.4 1.90735e-07
      vertex 2.78384 0.4 2.51862
    endloop
  endfacet
  facet normal 0 -1 0
    outer loop
      vertex 2.78384 0.4 2.51862
      vertex 3.01644 0.4 1.90735e-07
      vertex 3.05 0.4 2.38288
    endloop
  endfacet
  facet normal 0 -1 -0
    outer loop
      vertex 3.05 0.4 2.38288
      vertex 3.01644 0.4 1.90735e-07
      vertex 3.05 0.4 0.0171158
    endloop
  endfacet
  facet normal 0 -1 0
    outer loop
      vertex 1.75 0.4 3.0304
      vertex 1.75 0.4 2.64428
      vertex 2.78384 0.4 2.51862
    endloop
  endfacet
  facet normal 0 0 -1
    outer loop
      vertex -2.86102e-06 -2.79999 1.90735e-07
      vertex 0 -1.72139 1.90735e-07
      vertex 0 -2.79999 1.90735e-07
    endloop
  endfacet
  facet normal 0 0 -1
    outer loop
      vertex -0.509999 -3.29999 1.90735e-07
      vertex -2.86102e-06 -2.79999 1.90735e-07
      vertex -0.5 -3.29999 1.90735e-07
    endloop
  endfacet
  facet normal -0 0 -1
    outer loop
      vertex -2.86102e-06 -2.79999 1.90735e-07
      vertex -0.509999 -3.29999 1.90735e-07
      vertex 0 -1.72139 1.90735e-07
    endloop
  endfacet
  facet normal 0 0 -1
    outer loop
      vertex -0.509999 -3.29999 1.90735e-07
      vertex -2.2 -1.72139 1.90735e-07
      vertex 0 -1.72139 1.90735e-07
    endloop
  endfacet
  facet normal 0 0 -1
    outer loop
      vertex -4.05871 -2.02236 1.90735e-07
      vertex -2.2 -0.897002 1.90735e-07
      vertex -2.2 -1.72139 1.90735e-07
    endloop
  endfacet
  facet normal 0 0 -1
    outer loop
      vertex -4.33581 -1.66311 1.90735e-07
      vertex -2.2 -0.897002 1.90735e-07
      vertex -4.17561 -1.87136 1.90735e-07
    endloop
  endfacet
  facet normal 0 0 -1
    outer loop
      vertex -4.66161 -1.22013 1.90735e-07
      vertex -2.2 -0.4 1.90735e-07
      vertex -4.47747 -1.47129 1.90735e-07
    endloop
  endfacet
  facet normal 0 0 -1
    outer loop
      vertex -4.90151 -0.740674 1.90735e-07
      vertex -2.2 -0.4 1.90735e-07
      vertex -4.66161 -1.22013 1.90735e-07
    endloop
  endfacet
  facet normal -0 0 -1
    outer loop
      vertex -2.2 0.4 1.90735e-07
      vertex -5.15386 -0.182753 1.90735e-07
      vertex -2.2 0.897002 1.90735e-07
    endloop
  endfacet
  facet normal 0 -0 -1
    outer loop
      vertex -3.25142 4.86283 1.90735e-07
      vertex -2.2 1.72139 1.90735e-07
      vertex -3.28153 4.59756 1.90735e-07
    endloop
  endfacet
  facet normal 0 -0 -1
    outer loop
      vertex -3.24043 4.95961 1.90735e-07
      vertex -2.2 1.72139 1.90735e-07
      vertex -3.25142 4.86283 1.90735e-07
    endloop
  endfacet
  facet normal 0 0 -1
    outer loop
      vertex -3.28153 5.32165 1.90735e-07
      vertex -2.20251 7.38588 1.90735e-07
      vertex -3.25142 5.05638 1.90735e-07
    endloop
  endfacet
  facet normal 0 0 -1
    outer loop
      vertex -3.25142 5.05638 1.90735e-07
      vertex -2.20251 7.38588 1.90735e-07
      vertex -3.24043 4.95961 1.90735e-07
    endloop
  endfacet
  facet normal 0 0 -1
    outer loop
      vertex -2.2 1.72139 1.90735e-07
      vertex -3.24043 4.95961 1.90735e-07
      vertex -2.20251 7.38588 1.90735e-07
    endloop
  endfacet
  facet normal 0 0 -1
    outer loop
      vertex -3.31 -2.89999 1.90735e-07
      vertex -2.2 -1.72139 1.90735e-07
      vertex -0.509999 -3.29999 1.90735e-07
    endloop
  endfacet
  facet normal 0 0 -1
    outer loop
      vertex -3.47486 -2.71791 1.90735e-07
      vertex -2.2 -1.72139 1.90735e-07
      vertex -3.31 -2.89999 1.90735e-07
    endloop
  endfacet
  facet normal 0 0 -1
    outer loop
      vertex -2.2 1.72139 1.90735e-07
      vertex -3.34179 4.41962 1.90735e-07
      vertex -3.28153 4.59756 1.90735e-07
    endloop
  endfacet
  facet normal 0 0 -1
    outer loop
      vertex -2.2 1.72139 1.90735e-07
      vertex -3.40846 4.22275 1.90735e-07
      vertex -3.34179 4.41962 1.90735e-07
    endloop
  endfacet
  facet normal 0 0 -1
    outer loop
      vertex -3.6256 -2.54692 1.90735e-07
      vertex -2.2 -1.72139 1.90735e-07
      vertex -3.47486 -2.71791 1.90735e-07
    endloop
  endfacet
  facet normal 0 0 -1
    outer loop
      vertex -2.2 1.72139 1.90735e-07
      vertex -3.52594 4.01219 1.90735e-07
      vertex -3.40846 4.22275 1.90735e-07
    endloop
  endfacet
  facet normal 0 0 -1
    outer loop
      vertex -2.2 1.72139 1.90735e-07
      vertex -3.60604 3.90919 1.90735e-07
      vertex -3.52594 4.01219 1.90735e-07
    endloop
  endfacet
  facet normal 0 0 -1
    outer loop
      vertex -3.66791 -2.49849 1.90735e-07
      vertex -2.2 -1.72139 1.90735e-07
      vertex -3.6256 -2.54692 1.90735e-07
    endloop
  endfacet
  facet normal 0 0 -1
    outer loop
      vertex -3.82415 -2.31252 1.90735e-07
      vertex -2.2 -1.72139 1.90735e-07
      vertex -3.66791 -2.49849 1.90735e-07
    endloop
  endfacet
  facet normal 0 0 -1
    outer loop
      vertex -2.2 1.72139 1.90735e-07
      vertex -3.675 3.82052 1.90735e-07
      vertex -3.60604 3.90919 1.90735e-07
    endloop
  endfacet
  facet normal 0 0 -1
    outer loop
      vertex -3.89897 -2.22127 1.90735e-07
      vertex -2.2 -1.72139 1.90735e-07
      vertex -3.82415 -2.31252 1.90735e-07
    endloop
  endfacet
  facet normal 0 0 -1
    outer loop
      vertex -4.05871 -2.02236 1.90735e-07
      vertex -2.2 -1.72139 1.90735e-07
      vertex -3.89897 -2.22127 1.90735e-07
    endloop
  endfacet
  facet normal 0 0 -1
    outer loop
      vertex -2.2 -0.897002 1.90735e-07
      vertex -4.05871 -2.02236 1.90735e-07
      vertex -4.17561 -1.87136 1.90735e-07
    endloop
  endfacet
  facet normal 0 0 -1
    outer loop
      vertex -4.47747 -1.47129 1.90735e-07
      vertex -2.2 -0.897002 1.90735e-07
      vertex -4.33581 -1.66311 1.90735e-07
    endloop
  endfacet
  facet normal 0 0 -1
    outer loop
      vertex -2.2 1.72139 1.90735e-07
      vertex -3.9187 3.59278 1.90735e-07
      vertex -3.675 3.82052 1.90735e-07
    endloop
  endfacet
  facet normal -0 0 -1
    outer loop
      vertex -2.2 -0.897002 1.90735e-07
      vertex -4.47747 -1.47129 1.90735e-07
      vertex -2.2 -0.4 1.90735e-07
    endloop
  endfacet
  facet normal -0 0 -1
    outer loop
      vertex -2.2 -0.4 1.90735e-07
      vertex -4.90151 -0.740674 1.90735e-07
      vertex -2.2 0.4 1.90735e-07
    endloop
  endfacet
  facet normal 0 0 -1
    outer loop
      vertex -5.39646 0.385457 1.90735e-07
      vertex -2.2 0.897002 1.90735e-07
      vertex -5.15386 -0.182753 1.90735e-07
    endloop
  endfacet
  facet normal -0 0 -1
    outer loop
      vertex -2.2 0.897002 1.90735e-07
      vertex -5.39646 0.385457 1.90735e-07
      vertex -2.2 1.72139 1.90735e-07
    endloop
  endfacet
  facet normal 0 0 -1
    outer loop
      vertex -2.2 1.72139 1.90735e-07
      vertex -4.04318 3.51753 1.90735e-07
      vertex -3.9187 3.59278 1.90735e-07
    endloop
  endfacet
  facet normal 0 0 -1
    outer loop
      vertex -2.2 1.72139 1.90735e-07
      vertex -4.28408 3.37189 1.90735e-07
      vertex -4.04318 3.51753 1.90735e-07
    endloop
  endfacet
  facet normal 0 0 -1
    outer loop
      vertex -5.15386 -0.182753 1.90735e-07
      vertex -2.2 0.4 1.90735e-07
      vertex -4.90151 -0.740674 1.90735e-07
    endloop
  endfacet
  facet normal 0 0 -1
    outer loop
      vertex -4.90151 -0.740674 1.90735e-07
      vertex -4.66161 -1.22013 1.90735e-07
      vertex -4.72513 -1.13064 1.90735e-07
    endloop
  endfacet
  facet normal 0 0 -1
    outer loop
      vertex -5.60495 0.873756 1.90735e-07
      vertex -2.2 1.72139 1.90735e-07
      vertex -5.39646 0.385457 1.90735e-07
    endloop
  endfacet
  facet normal 0 0 -1
    outer loop
      vertex -2.2 1.72139 1.90735e-07
      vertex -4.32933 3.35012 1.90735e-07
      vertex -4.28408 3.37189 1.90735e-07
    endloop
  endfacet
  facet normal 0 -0 -1
    outer loop
      vertex -4.35292 3.34454 1.90735e-07
      vertex -2.2 1.72139 1.90735e-07
      vertex -5.60495 0.873756 1.90735e-07
    endloop
  endfacet
  facet normal 0 0 -1
    outer loop
      vertex -2.2 1.72139 1.90735e-07
      vertex -4.35292 3.34454 1.90735e-07
      vertex -4.32933 3.35012 1.90735e-07
    endloop
  endfacet
  facet normal 0 0 -1
    outer loop
      vertex -4.35292 3.34454 1.90735e-07
      vertex -5.60495 0.873756 1.90735e-07
      vertex -4.75082 3.25045 1.90735e-07
    endloop
  endfacet
  facet normal 0 0 -1
    outer loop
      vertex -5.79909 1.36276 1.90735e-07
      vertex -4.75082 3.25045 1.90735e-07
      vertex -5.60495 0.873756 1.90735e-07
    endloop
  endfacet
  facet normal 0 0 -1
    outer loop
      vertex -5.91608 1.65745 1.90735e-07
      vertex -4.75082 3.25045 1.90735e-07
      vertex -5.79909 1.36276 1.90735e-07
    endloop
  endfacet
  facet normal 0 0 -1
    outer loop
      vertex -5.99878 1.88549 1.90735e-07
      vertex -4.75082 3.25045 1.90735e-07
      vertex -5.91608 1.65745 1.90735e-07
    endloop
  endfacet
  facet normal -0 0 -1
    outer loop
      vertex -4.75082 3.25045 1.90735e-07
      vertex -5.99878 1.88549 1.90735e-07
      vertex -5.17594 3.25045 1.90735e-07
    endloop
  endfacet
  facet normal 0 0 -1
    outer loop
      vertex -6.13894 2.27196 1.90735e-07
      vertex -5.17594 3.25045 1.90735e-07
      vertex -5.99878 1.88549 1.90735e-07
    endloop
  endfacet
  facet normal -0 0 -1
    outer loop
      vertex -5.17594 3.25045 1.90735e-07
      vertex -6.13894 2.27196 1.90735e-07
      vertex -5.57383 3.34454 1.90735e-07
    endloop
  endfacet
  facet normal 0 0 -1
    outer loop
      vertex -6.26529 2.66167 1.90735e-07
      vertex -5.57383 3.34454 1.90735e-07
      vertex -6.13894 2.27196 1.90735e-07
    endloop
  endfacet
  facet normal -0 0 -1
    outer loop
      vertex -5.57383 3.34454 1.90735e-07
      vertex -6.26529 2.66167 1.90735e-07
      vertex -5.59742 3.35012 1.90735e-07
    endloop
  endfacet
  facet normal 0 0 -1
    outer loop
      vertex -6.30209 2.77516 1.90735e-07
      vertex -5.59742 3.35012 1.90735e-07
      vertex -6.26529 2.66167 1.90735e-07
    endloop
  endfacet
  facet normal -0 0 -1
    outer loop
      vertex -5.59742 3.35012 1.90735e-07
      vertex -6.30209 2.77516 1.90735e-07
      vertex -5.64267 3.37189 1.90735e-07
    endloop
  endfacet
  facet normal 0 0 -1
    outer loop
      vertex -6.329 2.8706 1.90735e-07
      vertex -5.64267 3.37189 1.90735e-07
      vertex -6.30209 2.77516 1.90735e-07
    endloop
  endfacet
  facet normal -0 0 -1
    outer loop
      vertex -5.64267 3.37189 1.90735e-07
      vertex -6.329 2.8706 1.90735e-07
      vertex -5.88358 3.51753 1.90735e-07
    endloop
  endfacet
  facet normal 0 0 -1
    outer loop
      vertex -6.42248 3.20205 1.90735e-07
      vertex -5.88358 3.51753 1.90735e-07
      vertex -6.329 2.8706 1.90735e-07
    endloop
  endfacet
  facet normal -0 0 -1
    outer loop
      vertex -5.88358 3.51753 1.90735e-07
      vertex -6.42248 3.20205 1.90735e-07
      vertex -6.00805 3.59278 1.90735e-07
    endloop
  endfacet
  facet normal 0 0 -1
    outer loop
      vertex -6.50117 3.53498 1.90735e-07
      vertex -6.00805 3.59278 1.90735e-07
      vertex -6.42248 3.20205 1.90735e-07
    endloop
  endfacet
  facet normal -0 0 -1
    outer loop
      vertex -6.00805 3.59278 1.90735e-07
      vertex -6.50117 3.53498 1.90735e-07
      vertex -6.25175 3.82052 1.90735e-07
    endloop
  endfacet
  facet normal 0 0 -1
    outer loop
      vertex -6.51069 3.57524 1.90735e-07
      vertex -6.25175 3.82052 1.90735e-07
      vertex -6.50117 3.53498 1.90735e-07
    endloop
  endfacet
  facet normal 0 0 -1
    outer loop
      vertex -6.51743 3.61117 1.90735e-07
      vertex -6.25175 3.82052 1.90735e-07
      vertex -6.51069 3.57524 1.90735e-07
    endloop
  endfacet
  facet normal -0 0 -1
    outer loop
      vertex -6.25175 3.82052 1.90735e-07
      vertex -6.51743 3.61117 1.90735e-07
      vertex -6.32071 3.90919 1.90735e-07
    endloop
  endfacet
  facet normal 0 0 -1
    outer loop
      vertex -6.57355 3.91017 1.90735e-07
      vertex -6.32071 3.90919 1.90735e-07
      vertex -6.51743 3.61117 1.90735e-07
    endloop
  endfacet
  facet normal 0 0 -1
    outer loop
      vertex -6.32071 3.90919 1.90735e-07
      vertex -6.57355 3.91017 1.90735e-07
      vertex -6.40081 4.01219 1.90735e-07
    endloop
  endfacet
  facet normal 0 0 -1
    outer loop
      vertex -6.57617 3.92937 1.90735e-07
      vertex -6.40081 4.01219 1.90735e-07
      vertex -6.57355 3.91017 1.90735e-07
    endloop
  endfacet
  facet normal -0 0 -1
    outer loop
      vertex -6.40081 4.01219 1.90735e-07
      vertex -6.57617 3.92937 1.90735e-07
      vertex -6.51829 4.22275 1.90735e-07
    endloop
  endfacet
  facet normal 0 0 -1
    outer loop
      vertex -6.61553 4.21793 1.90735e-07
      vertex -6.51829 4.22275 1.90735e-07
      vertex -6.57617 3.92937 1.90735e-07
    endloop
  endfacet
  facet normal -0 0 -1
    outer loop
      vertex -6.51829 4.22275 1.90735e-07
      vertex -6.61553 4.21793 1.90735e-07
      vertex -6.58496 4.41962 1.90735e-07
    endloop
  endfacet
  facet normal 0 0 -1
    outer loop
      vertex -6.63948 4.50653 1.90735e-07
      vertex -6.58496 4.41962 1.90735e-07
      vertex -6.61553 4.21793 1.90735e-07
    endloop
  endfacet
  facet normal 0 0 -1
    outer loop
      vertex -6.63951 4.50695 1.90735e-07
      vertex -6.58496 4.41962 1.90735e-07
      vertex -6.63948 4.50653 1.90735e-07
    endloop
  endfacet
  facet normal 0 0 -1
    outer loop
      vertex -6.58496 4.41962 1.90735e-07
      vertex -6.63951 4.50695 1.90735e-07
      vertex -6.63236 4.55961 1.90735e-07
    endloop
  endfacet
  facet normal 0 0 -1
    outer loop
      vertex -6.64025 4.53341 1.90735e-07
      vertex -6.63236 4.55961 1.90735e-07
      vertex -6.63951 4.50695 1.90735e-07
    endloop
  endfacet
  facet normal -0 0 -1
    outer loop
      vertex -6.63236 4.55961 1.90735e-07
      vertex -6.63952 4.54636 1.90735e-07
      vertex -6.63876 4.55961 1.90735e-07
    endloop
  endfacet
  facet normal 0 0 -1
    outer loop
      vertex -6.63236 4.55961 1.90735e-07
      vertex -6.64025 4.53341 1.90735e-07
      vertex -6.63952 4.54636 1.90735e-07
    endloop
  endfacet
  facet normal 0 0 -1
    outer loop
      vertex 2.84856 -0.609124 1.90735e-07
      vertex 2.9582 -0.483009 1.90735e-07
      vertex 2.94835 -0.497056 1.90735e-07
    endloop
  endfacet
  facet normal 0 0 -1
    outer loop
      vertex 1.75 -0.897002 1.90735e-07
      vertex 2.9582 -0.483009 1.90735e-07
      vertex 2.84856 -0.609124 1.90735e-07
    endloop
  endfacet
  facet normal 0 0 -1
    outer loop
      vertex 1.75 -0.897002 1.90735e-07
      vertex 2.84856 -0.609124 1.90735e-07
      vertex 2.81981 -0.641413 1.90735e-07
    endloop
  endfacet
  facet normal 0 0 -1
    outer loop
      vertex 1.75 -0.897002 1.90735e-07
      vertex 2.81981 -0.641413 1.90735e-07
      vertex 2.64808 -0.801815 1.90735e-07
    endloop
  endfacet
  facet normal 0 0 -1
    outer loop
      vertex 1.75 -0.897002 1.90735e-07
      vertex 2.64808 -0.801815 1.90735e-07
      vertex 2.54065 -0.888417 1.90735e-07
    endloop
  endfacet
  facet normal 0 0 -1
    outer loop
      vertex 1.75 -0.897002 1.90735e-07
      vertex 2.54065 -0.888417 1.90735e-07
      vertex 2.42106 -0.984814 1.90735e-07
    endloop
  endfacet
  facet normal 0 0 -1
    outer loop
      vertex 1.75 -0.897002 1.90735e-07
      vertex 2.42106 -0.984814 1.90735e-07
      vertex 2.32331 -1.05471 1.90735e-07
    endloop
  endfacet
  facet normal 0 0 -1
    outer loop
      vertex 1.75 -0.897002 1.90735e-07
      vertex 2.32331 -1.05471 1.90735e-07
      vertex 2.12012 -1.2 1.90735e-07
    endloop
  endfacet
  facet normal 0 0 -1
    outer loop
      vertex 1.75 -0.897002 1.90735e-07
      vertex 2.12012 -1.2 1.90735e-07
      vertex 1.75 -1.43987 1.90735e-07
    endloop
  endfacet
  facet normal -0 0 -1
    outer loop
      vertex 2.9582 -0.483009 1.90735e-07
      vertex 1.75 -0.897002 1.90735e-07
      vertex 3.01644 -0.4 1.90735e-07
    endloop
  endfacet
  facet normal 0 0 -1
    outer loop
      vertex -2.2 -0.4 1.90735e-07
      vertex 1.75 -0.897002 1.90735e-07
      vertex -2.2 -0.897002 1.90735e-07
    endloop
  endfacet
  facet normal 0 0 -1
    outer loop
      vertex 1.75 -0.897002 1.90735e-07
      vertex -2.2 -0.4 1.90735e-07
      vertex 3.01644 -0.4 1.90735e-07
    endloop
  endfacet
  facet normal 0 0 -1
    outer loop
      vertex 2.9582 0.483009 1.90735e-07
      vertex 2.84856 0.609124 1.90735e-07
      vertex 2.94835 0.497056 1.90735e-07
    endloop
  endfacet
  facet normal 0 0 -1
    outer loop
      vertex 1.75 0.897002 1.90735e-07
      vertex 2.9582 0.483009 1.90735e-07
      vertex 3.01644 0.4 1.90735e-07
    endloop
  endfacet
  facet normal 0 0 -1
    outer loop
      vertex 2.9582 0.483009 1.90735e-07
      vertex 1.75 0.897002 1.90735e-07
      vertex 2.84856 0.609124 1.90735e-07
    endloop
  endfacet
  facet normal 0 0 -1
    outer loop
      vertex 2.84856 0.609124 1.90735e-07
      vertex 1.75 0.897002 1.90735e-07
      vertex 2.81981 0.641413 1.90735e-07
    endloop
  endfacet
  facet normal 0 0 -1
    outer loop
      vertex 2.81981 0.641413 1.90735e-07
      vertex 1.75 0.897002 1.90735e-07
      vertex 2.64808 0.801815 1.90735e-07
    endloop
  endfacet
  facet normal 0 0 -1
    outer loop
      vertex 2.64808 0.801815 1.90735e-07
      vertex 1.75 0.897002 1.90735e-07
      vertex 2.54065 0.888417 1.90735e-07
    endloop
  endfacet
  facet normal 0 0 -1
    outer loop
      vertex 2.54065 0.888417 1.90735e-07
      vertex 1.75 0.897002 1.90735e-07
      vertex 2.42106 0.984814 1.90735e-07
    endloop
  endfacet
  facet normal -0 0 -1
    outer loop
      vertex 2.42106 0.984814 1.90735e-07
      vertex 1.75 0.897002 1.90735e-07
      vertex 2.32331 1.05471 1.90735e-07
    endloop
  endfacet
  facet normal -0 0 -1
    outer loop
      vertex 2.32331 1.05471 1.90735e-07
      vertex 1.75 0.897002 1.90735e-07
      vertex 2.12012 1.2 1.90735e-07
    endloop
  endfacet
  facet normal 0 0 -1
    outer loop
      vertex -2.2 0.4 1.90735e-07
      vertex 1.75 0.897002 1.90735e-07
      vertex 3.01644 0.4 1.90735e-07
    endloop
  endfacet
  facet normal -0 0 -1
    outer loop
      vertex 1.75 0.897002 1.90735e-07
      vertex -2.2 0.4 1.90735e-07
      vertex -2.2 0.897002 1.90735e-07
    endloop
  endfacet
  facet normal -0 0 -1
    outer loop
      vertex 2.12012 1.2 1.90735e-07
      vertex 1.75 0.897002 1.90735e-07
      vertex 1.75 1.43987 1.90735e-07
    endloop
  endfacet
  facet normal 0 0 -1
    outer loop
      vertex -2.2 1.72139 1.90735e-07
      vertex 0 5.95959 1.90735e-07
      vertex 0 1.72139 1.90735e-07
    endloop
  endfacet
  facet normal -0 0 -1
    outer loop
      vertex 0 5.95959 1.90735e-07
      vertex -2.2 1.72139 1.90735e-07
      vertex -2.86102e-06 5.9596 1.90735e-07
    endloop
  endfacet
  facet normal -0 0 -1
    outer loop
      vertex -2.86102e-06 5.9596 1.90735e-07
      vertex -2.2 1.72139 1.90735e-07
      vertex -0.5 6.45959 1.90735e-07
    endloop
  endfacet
  facet normal -0 0 -1
    outer loop
      vertex -0.5 6.45959 1.90735e-07
      vertex -2.2 1.72139 1.90735e-07
      vertex -0.775849 6.69728 1.90735e-07
    endloop
  endfacet
  facet normal -0 0 -1
    outer loop
      vertex -0.775849 6.69728 1.90735e-07
      vertex -2.2 1.72139 1.90735e-07
      vertex -0.820268 6.73159 1.90735e-07
    endloop
  endfacet
  facet normal 0 -0 -1
    outer loop
      vertex -1.12516 6.93649 1.90735e-07
      vertex -0.820268 6.73159 1.90735e-07
      vertex -2.2 1.72139 1.90735e-07
    endloop
  endfacet
  facet normal 0 0 -1
    outer loop
      vertex -0.820268 6.73159 1.90735e-07
      vertex -1.12516 6.93649 1.90735e-07
      vertex -0.89534 6.7892 1.90735e-07
    endloop
  endfacet
  facet normal 0 0 -1
    outer loop
      vertex -0.89534 6.7892 1.90735e-07
      vertex -1.01187 6.87005 1.90735e-07
      vertex -0.955086 6.83382 1.90735e-07
    endloop
  endfacet
  facet normal 0 0 -1
    outer loop
      vertex -0.89534 6.7892 1.90735e-07
      vertex -1.12516 6.93649 1.90735e-07
      vertex -1.01187 6.87005 1.90735e-07
    endloop
  endfacet
  facet normal 0 -0 -1
    outer loop
      vertex -1.48208 7.11444 1.90735e-07
      vertex -1.12516 6.93649 1.90735e-07
      vertex -2.2 1.72139 1.90735e-07
    endloop
  endfacet
  facet normal 0 0 -1
    outer loop
      vertex -1.12516 6.93649 1.90735e-07
      vertex -1.48208 7.11444 1.90735e-07
      vertex -1.24146 7.00306 1.90735e-07
    endloop
  endfacet
  facet normal 0 0 -1
    outer loop
      vertex -1.24146 7.00306 1.90735e-07
      vertex -1.48208 7.11444 1.90735e-07
      vertex -1.31215 7.0401 1.90735e-07
    endloop
  endfacet
  facet normal -0 0 -1
    outer loop
      vertex -1.48208 7.11444 1.90735e-07
      vertex -2.2 1.72139 1.90735e-07
      vertex -1.70546 7.21198 1.90735e-07
    endloop
  endfacet
  facet normal 0 -0 -1
    outer loop
      vertex -1.86264 7.27302 1.90735e-07
      vertex -1.70546 7.21198 1.90735e-07
      vertex -2.2 1.72139 1.90735e-07
    endloop
  endfacet
  facet normal 0 0 -1
    outer loop
      vertex -1.70546 7.21198 1.90735e-07
      vertex -1.86264 7.27302 1.90735e-07
      vertex -1.78895 7.24749 1.90735e-07
    endloop
  endfacet
  facet normal -0 0 -1
    outer loop
      vertex -1.86264 7.27302 1.90735e-07
      vertex -2.2 1.72139 1.90735e-07
      vertex -2.20251 7.38588 1.90735e-07
    endloop
  endfacet
  facet normal 0 0 -1
    outer loop
      vertex -3.34179 5.49959 1.90735e-07
      vertex -2.20251 7.38588 1.90735e-07
      vertex -3.28153 5.32165 1.90735e-07
    endloop
  endfacet
  facet normal 0 0 -1
    outer loop
      vertex -3.40846 5.69647 1.90735e-07
      vertex -2.20251 7.38588 1.90735e-07
      vertex -3.34179 5.49959 1.90735e-07
    endloop
  endfacet
  facet normal 0 0 -1
    outer loop
      vertex -3.52594 5.90703 1.90735e-07
      vertex -2.20251 7.38588 1.90735e-07
      vertex -3.40846 5.69647 1.90735e-07
    endloop
  endfacet
  facet normal -0 0 -1
    outer loop
      vertex -2.20251 7.38588 1.90735e-07
      vertex -3.52594 5.90703 1.90735e-07
      vertex -2.55622 7.49361 1.90735e-07
    endloop
  endfacet
  facet normal 0 0 -1
    outer loop
      vertex -3.60604 6.01002 1.90735e-07
      vertex -2.55622 7.49361 1.90735e-07
      vertex -3.52594 5.90703 1.90735e-07
    endloop
  endfacet
  facet normal -0 0 -1
    outer loop
      vertex -2.55622 7.49361 1.90735e-07
      vertex -3.60604 6.01002 1.90735e-07
      vertex -2.63104 7.51434 1.90735e-07
    endloop
  endfacet
  facet normal 0 0 -1
    outer loop
      vertex -3.675 6.09869 1.90735e-07
      vertex -2.63104 7.51434 1.90735e-07
      vertex -3.60604 6.01002 1.90735e-07
    endloop
  endfacet
  facet normal -0 0 -1
    outer loop
      vertex -2.63104 7.51434 1.90735e-07
      vertex -3.675 6.09869 1.90735e-07
      vertex -3.29459 7.67562 1.90735e-07
    endloop
  endfacet
  facet normal 0 0 -1
    outer loop
      vertex -3.9187 6.32644 1.90735e-07
      vertex -3.29459 7.67562 1.90735e-07
      vertex -3.675 6.09869 1.90735e-07
    endloop
  endfacet
  facet normal -0 0 -1
    outer loop
      vertex -3.29459 7.67562 1.90735e-07
      vertex -3.9187 6.32644 1.90735e-07
      vertex -3.34183 7.68579 1.90735e-07
    endloop
  endfacet
  facet normal 0 0 -1
    outer loop
      vertex -4.04318 6.40169 1.90735e-07
      vertex -3.34183 7.68579 1.90735e-07
      vertex -3.9187 6.32644 1.90735e-07
    endloop
  endfacet
  facet normal -0 0 -1
    outer loop
      vertex -3.34183 7.68579 1.90735e-07
      vertex -4.04318 6.40169 1.90735e-07
      vertex -3.84418 7.77244 1.90735e-07
    endloop
  endfacet
  facet normal 0 0 -1
    outer loop
      vertex -4.28408 6.54732 1.90735e-07
      vertex -3.84418 7.77244 1.90735e-07
      vertex -4.04318 6.40169 1.90735e-07
    endloop
  endfacet
  facet normal 0 0 -1
    outer loop
      vertex -4.32933 6.5691 1.90735e-07
      vertex -3.84418 7.77244 1.90735e-07
      vertex -4.28408 6.54732 1.90735e-07
    endloop
  endfacet
  facet normal 0 0 -1
    outer loop
      vertex -4.35292 6.57468 1.90735e-07
      vertex -3.84418 7.77244 1.90735e-07
      vertex -4.32933 6.5691 1.90735e-07
    endloop
  endfacet
  facet normal 0 0 -1
    outer loop
      vertex -4.35292 6.57468 1.90735e-07
      vertex -4.69849 7.91167 1.90735e-07
      vertex -3.84418 7.77244 1.90735e-07
    endloop
  endfacet
  facet normal 0 0 -1
    outer loop
      vertex -4.75082 6.66876 1.90735e-07
      vertex -4.69849 7.91167 1.90735e-07
      vertex -4.35292 6.57468 1.90735e-07
    endloop
  endfacet
  facet normal 0 0 -1
    outer loop
      vertex -5.17594 6.66876 1.90735e-07
      vertex -4.69849 7.91167 1.90735e-07
      vertex -4.75082 6.66876 1.90735e-07
    endloop
  endfacet
  facet normal 0 0 -1
    outer loop
      vertex -5.17594 6.66876 1.90735e-07
      vertex -5.22826 7.91167 1.90735e-07
      vertex -4.69849 7.91167 1.90735e-07
    endloop
  endfacet
  facet normal 0 0 -1
    outer loop
      vertex -6.04605 7.28163 1.90735e-07
      vertex -5.17594 6.66876 1.90735e-07
      vertex -5.57383 6.57468 1.90735e-07
    endloop
  endfacet
  facet normal 0 0 -1
    outer loop
      vertex -6.0836 7.18985 1.90735e-07
      vertex -5.57383 6.57468 1.90735e-07
      vertex -5.59742 6.5691 1.90735e-07
    endloop
  endfacet
  facet normal 0 0 -1
    outer loop
      vertex -6.0836 7.18985 1.90735e-07
      vertex -5.59742 6.5691 1.90735e-07
      vertex -5.64267 6.54732 1.90735e-07
    endloop
  endfacet
  facet normal 0 -0 -1
    outer loop
      vertex -5.66495 7.83536 1.90735e-07
      vertex -5.17594 6.66876 1.90735e-07
      vertex -5.89132 7.62166 1.90735e-07
    endloop
  endfacet
  facet normal 0 0 -1
    outer loop
      vertex -5.17594 6.66876 1.90735e-07
      vertex -5.66495 7.83536 1.90735e-07
      vertex -5.22826 7.91167 1.90735e-07
    endloop
  endfacet
  facet normal 0 -0 -1
    outer loop
      vertex -5.82695 7.76311 1.90735e-07
      vertex -5.66495 7.83536 1.90735e-07
      vertex -5.89132 7.62166 1.90735e-07
    endloop
  endfacet
  facet normal 0 0 -1
    outer loop
      vertex -5.75349 7.81989 1.90735e-07
      vertex -5.82695 7.76311 1.90735e-07
      vertex -5.80844 7.80035 1.90735e-07
    endloop
  endfacet
  facet normal 0 0 -1
    outer loop
      vertex -6.21401 6.87112 1.90735e-07
      vertex -5.64267 6.54732 1.90735e-07
      vertex -5.88358 6.40169 1.90735e-07
    endloop
  endfacet
  facet normal 0 0 -1
    outer loop
      vertex -5.66495 7.83536 1.90735e-07
      vertex -5.82695 7.76311 1.90735e-07
      vertex -5.75349 7.81989 1.90735e-07
    endloop
  endfacet
  facet normal 0 0 -1
    outer loop
      vertex -6.32991 6.54925 1.90735e-07
      vertex -5.88358 6.40169 1.90735e-07
      vertex -6.00805 6.32644 1.90735e-07
    endloop
  endfacet
  facet normal 0 0 -1
    outer loop
      vertex -5.17594 6.66876 1.90735e-07
      vertex -6.04605 7.28163 1.90735e-07
      vertex -5.89132 7.62166 1.90735e-07
    endloop
  endfacet
  facet normal 0 0 -1
    outer loop
      vertex -5.57383 6.57468 1.90735e-07
      vertex -6.0836 7.18985 1.90735e-07
      vertex -6.04605 7.28163 1.90735e-07
    endloop
  endfacet
  facet normal 0 0 -1
    outer loop
      vertex -5.64267 6.54732 1.90735e-07
      vertex -6.21401 6.87112 1.90735e-07
      vertex -6.0836 7.18985 1.90735e-07
    endloop
  endfacet
  facet normal 0 0 -1
    outer loop
      vertex -6.3547 6.47539 1.90735e-07
      vertex -6.00805 6.32644 1.90735e-07
      vertex -6.25175 6.09869 1.90735e-07
    endloop
  endfacet
  facet normal 0 0 -1
    outer loop
      vertex -6.44432 6.18467 1.90735e-07
      vertex -6.25175 6.09869 1.90735e-07
      vertex -6.32071 6.01002 1.90735e-07
    endloop
  endfacet
  facet normal 0 0 -1
    outer loop
      vertex -5.88358 6.40169 1.90735e-07
      vertex -6.32991 6.54925 1.90735e-07
      vertex -6.21401 6.87112 1.90735e-07
    endloop
  endfacet
  facet normal 0 0 -1
    outer loop
      vertex -6.00805 6.32644 1.90735e-07
      vertex -6.34393 6.51032 1.90735e-07
      vertex -6.32991 6.54925 1.90735e-07
    endloop
  endfacet
  facet normal 0 0 -1
    outer loop
      vertex -6.00805 6.32644 1.90735e-07
      vertex -6.3547 6.47539 1.90735e-07
      vertex -6.34393 6.51032 1.90735e-07
    endloop
  endfacet
  facet normal 0 0 -1
    outer loop
      vertex -6.44432 6.18467 1.90735e-07
      vertex -6.32071 6.01002 1.90735e-07
      vertex -6.40081 5.90703 1.90735e-07
    endloop
  endfacet
  facet normal 0 0 -1
    outer loop
      vertex -6.25175 6.09869 1.90735e-07
      vertex -6.44432 6.18467 1.90735e-07
      vertex -6.3547 6.47539 1.90735e-07
    endloop
  endfacet
  facet normal 0 0 -1
    outer loop
      vertex -6.52242 5.87597 1.90735e-07
      vertex -6.40081 5.90703 1.90735e-07
      vertex -6.51829 5.69647 1.90735e-07
    endloop
  endfacet
  facet normal -0 0 -1
    outer loop
      vertex -6.40081 5.90703 1.90735e-07
      vertex -6.51882 5.89181 1.90735e-07
      vertex -6.44432 6.18467 1.90735e-07
    endloop
  endfacet
  facet normal 0 -0 -1
    outer loop
      vertex -6.52089 5.88365 1.90735e-07
      vertex -6.40081 5.90703 1.90735e-07
      vertex -6.52242 5.87597 1.90735e-07
    endloop
  endfacet
  facet normal 0 0 -1
    outer loop
      vertex -6.40081 5.90703 1.90735e-07
      vertex -6.52089 5.88365 1.90735e-07
      vertex -6.51882 5.89181 1.90735e-07
    endloop
  endfacet
  facet normal -0 0 -1
    outer loop
      vertex -6.51829 5.69647 1.90735e-07
      vertex -6.57746 5.5992 1.90735e-07
      vertex -6.52242 5.87597 1.90735e-07
    endloop
  endfacet
  facet normal 0 0 -1
    outer loop
      vertex -6.51829 5.69647 1.90735e-07
      vertex -6.58119 5.57299 1.90735e-07
      vertex -6.57746 5.5992 1.90735e-07
    endloop
  endfacet
  facet normal 0 0 -1
    outer loop
      vertex -6.51829 5.69647 1.90735e-07
      vertex -6.58474 5.5105 1.90735e-07
      vertex -6.58119 5.57299 1.90735e-07
    endloop
  endfacet
  facet normal 0 0 -1
    outer loop
      vertex -6.58496 5.49959 1.90735e-07
      vertex -6.58474 5.5105 1.90735e-07
      vertex -6.51829 5.69647 1.90735e-07
    endloop
  endfacet
  facet normal 0 0 -1
    outer loop
      vertex -6.58474 5.5105 1.90735e-07
      vertex -6.58496 5.49959 1.90735e-07
      vertex -6.58544 5.49819 1.90735e-07
    endloop
  endfacet
  facet normal 0 1 0
    outer loop
      vertex -6.63876 4.55961 1.90735e-07
      vertex -6.63876 4.55961 0.00375869
      vertex -6.63236 4.55961 1.90735e-07
    endloop
  endfacet
  facet normal 1 0 0
    outer loop
      vertex -0.299999 2.7 2.5
      vertex -0.299999 4.2 3.09999
      vertex -0.299999 4.2 4
    endloop
  endfacet
  facet normal 1 0 0
    outer loop
      vertex -0.299999 4.2 3.09999
      vertex -0.299999 2.7 2.5
      vertex -0.299999 4.2 1.90001
    endloop
  endfacet
  facet normal 1 0 0
    outer loop
      vertex -0.299999 4.2 1.90001
      vertex -0.299999 2.7 2.5
      vertex -0.299999 4.2 1
    endloop
  endfacet
  facet normal 1 -0 0
    outer loop
      vertex -0.299999 4.2 3.09999
      vertex -0.299999 5.5596 1.90001
      vertex -0.299999 5.5596 3.09999
    endloop
  endfacet
  facet normal 1 0 0
    outer loop
      vertex -0.299999 5.5596 1.90001
      vertex -0.299999 4.2 3.09999
      vertex -0.299999 4.2 1.90001
    endloop
  endfacet
  facet normal 0 -1 0
    outer loop
      vertex -0.299999 4.2 3.09999
      vertex 0 4.2 4
      vertex -0.299999 4.2 4
    endloop
  endfacet
  facet normal 0 -1 -0
    outer loop
      vertex 0 4.2 4
      vertex -0.299999 4.2 3.09999
      vertex 0 4.2 3.09999
    endloop
  endfacet
  facet normal 0 0 -1
    outer loop
      vertex -0.299999 4.2 3.09999
      vertex 0 5.5596 3.09999
      vertex 0 4.2 3.09999
    endloop
  endfacet
  facet normal -0 0 -1
    outer loop
      vertex 0 5.5596 3.09999
      vertex -0.299999 4.2 3.09999
      vertex -0.299999 5.5596 3.09999
    endloop
  endfacet
  facet normal 0 -1 0
    outer loop
      vertex -0.299999 5.5596 1.90001
      vertex 0 5.5596 3.09999
      vertex -0.299999 5.5596 3.09999
    endloop
  endfacet
  facet normal 0 -1 -0
    outer loop
      vertex 0 5.5596 3.09999
      vertex -0.299999 5.5596 1.90001
      vertex 0 5.5596 1.90001
    endloop
  endfacet
  facet normal -0 0 1
    outer loop
      vertex -0.299999 5.5596 1.90001
      vertex 0 4.2 1.90001
      vertex 0 5.5596 1.90001
    endloop
  endfacet
  facet normal 0 0 1
    outer loop
      vertex 0 4.2 1.90001
      vertex -0.299999 5.5596 1.90001
      vertex -0.299999 4.2 1.90001
    endloop
  endfacet
  facet normal 0 -1 0
    outer loop
      vertex -0.299999 4.2 1
      vertex 0 4.2 1.90001
      vertex -0.299999 4.2 1.90001
    endloop
  endfacet
  facet normal 0 -1 -0
    outer loop
      vertex 0 4.2 1.90001
      vertex -0.299999 4.2 1
      vertex 0 4.2 1
    endloop
  endfacet
  facet normal -0 0.707107 0.707107
    outer loop
      vertex -0.299999 4.2 1
      vertex 0 2.7 2.5
      vertex 0 4.2 1
    endloop
  endfacet
  facet normal 0 0.707107 0.707107
    outer loop
      vertex 0 2.7 2.5
      vertex -0.299999 4.2 1
      vertex -0.299999 2.7 2.5
    endloop
  endfacet
  facet normal 0 0.707107 -0.707107
    outer loop
      vertex 0 2.7 2.5
      vertex -0.299999 4.2 4
      vertex 0 4.2 4
    endloop
  endfacet
  facet normal 0 0.707107 -0.707107
    outer loop
      vertex -0.299999 4.2 4
      vertex 0 2.7 2.5
      vertex -0.299999 2.7 2.5
    endloop
  endfacet
endsolid OpenSCAD_Model
