solid OpenSCAD_Model
  facet normal 0.707107 0 0.707107
    outer loop
      vertex -0.5 5.84976 4.99999
      vertex 0 -1.79999 4.49999
      vertex 0 5.34976 4.49999
    endloop
  endfacet
  facet normal 0.707107 0 0.707107
    outer loop
      vertex 0 -1.79999 4.49999
      vertex -0.5 5.84976 4.99999
      vertex -0.5 -2.29999 4.99999
    endloop
  endfacet
  facet normal 0.771609 -0.617028 0.154581
    outer loop
      vertex -0.5 -3.28078 4.19507
      vertex 0 -2.75693 3.79027
      vertex -0.5 -3.25693 4.29027
    endloop
  endfacet
  facet normal 0.771609 -0.617028 0.154581
    outer loop
      vertex 0 -2.75693 3.79027
      vertex -0.5 -3.28078 4.19507
      vertex 0 -2.78078 3.69507
    endloop
  endfacet
  facet normal -0.772579 -0.569475 0.280749
    outer loop
      vertex -3.69016 -2.25666 4.09068
      vertex -3.6752 -2.29072 4.06276
      vertex -3.31 -2.78192 4.07138
    endloop
  endfacet
  facet normal 0.636173 0.661762 0.39668
    outer loop
      vertex -0.5 6.68123 4.55556
      vertex -0.5 6.73169 4.47138
      vertex -1.80626 7.98678 4.47248
    endloop
  endfacet
  facet normal 0.382372 -0.0820156 0.920362
    outer loop
      vertex -1.2685 -0.3158 5.5
      vertex -0.5 -2.39801 4.99517
      vertex -1.20897 -0.0382603 5.5
    endloop
  endfacet
  facet normal 0 -1 0
    outer loop
      vertex -0.509999 -3.29999 1.90735e-07
      vertex -0.5 -3.29999 3.99999
      vertex -0.509999 -3.29999 3.99999
    endloop
  endfacet
  facet normal 0 -1 -0
    outer loop
      vertex -0.5 -3.29999 3.99999
      vertex -0.509999 -3.29999 1.90735e-07
      vertex -0.5 -3.29999 1.90735e-07
    endloop
  endfacet
  facet normal 0.707097 0.707116 0
    outer loop
      vertex -1.43165 8.02013 2.95
      vertex -1.80626 8.39473 2.75
      vertex -1.80626 8.39473 2.95
    endloop
  endfacet
  facet normal 0.707097 0.707116 0
    outer loop
      vertex -1.80626 8.39473 2.75
      vertex -1.43165 8.02013 2.95
      vertex -1.43165 8.02013 2.75
    endloop
  endfacet
  facet normal 0.607939 0.792284 -0.0519285
    outer loop
      vertex -1.80626 8.36868 2.35255
      vertex -2.22655 8.68842 2.31046
      vertex -1.80626 8.39473 2.75
    endloop
  endfacet
  facet normal -0.130254 0.745433 -0.653731
    outer loop
      vertex -5.17818 8.22553 1.90735e-07
      vertex -5.26672 8.50112 0.33189
      vertex -4.74149 8.55598 0.289795
    endloop
  endfacet
  facet normal -0.130245 0.745435 -0.65373
    outer loop
      vertex -5.26672 8.50112 0.33189
      vertex -5.17818 8.22553 1.90735e-07
      vertex -5.26672 8.21006 1.90735e-07
    endloop
  endfacet
  facet normal 0.750563 0.653654 0.0969099
    outer loop
      vertex 0 6.33055 3.69507
      vertex -0.5 6.84494 4.09801
      vertex -0.5 6.83055 4.19507
    endloop
  endfacet
  facet normal 0.750563 0.653654 0.0969099
    outer loop
      vertex -0.5 6.84494 4.09801
      vertex 0 6.33055 3.69507
      vertex 0 6.34494 3.59801
    endloop
  endfacet
  facet normal -0.707241 -0.531435 0.466248
    outer loop
      vertex -3.82593 -1.94972 4.27619
      vertex -3.31 -2.673 4.23439
      vertex -3.85829 -1.87436 4.313
    endloop
  endfacet
  facet normal 0.581124 0.158752 0.798181
    outer loop
      vertex -1.18544 5.9434 5.5
      vertex -0.5 6.04485 4.98078
      vertex -1.23364 6.11984 5.5
    endloop
  endfacet
  facet normal 0 -0.998793 0.0491143
    outer loop
      vertex -0.509999 -3.29999 3.99999
      vertex -0.5 -3.29517 4.09801
      vertex -0.509999 -3.29517 4.09801
    endloop
  endfacet
  facet normal 0 -0.998793 0.0491143
    outer loop
      vertex -0.5 -3.29517 4.09801
      vertex -0.509999 -3.29999 3.99999
      vertex -0.5 -3.29999 3.99999
    endloop
  endfacet
  facet normal -0.186866 -0.420008 0.888074
    outer loop
      vertex -3.31 -2.37138 4.48192
      vertex -0.509999 -2.68268 4.92386
      vertex -3.31 -2.28268 4.52387
    endloop
  endfacet
  facet normal -0.186863 -0.419926 0.888113
    outer loop
      vertex -0.509999 -2.68268 4.92386
      vertex -3.31 -2.37138 4.48192
      vertex -0.509999 -2.77138 4.88192
    endloop
  endfacet
  facet normal -0.130259 0.989358 -0.0648381
    outer loop
      vertex -4.74149 9.3911 2.75
      vertex -4.74149 9.35653 2.2225
      vertex -5.26672 9.28797 2.23153
    endloop
  endfacet
  facet normal 0.332023 0.845989 -0.417208
    outer loop
      vertex -1.94038 7.77604 1.90735e-07
      vertex -3.17478 8.89292 1.28238
      vertex -1.65284 7.66319 1.90735e-07
    endloop
  endfacet
  facet normal 0.332021 0.845989 -0.41721
    outer loop
      vertex -3.17478 8.89292 1.28238
      vertex -1.94038 7.77604 1.90735e-07
      vertex -3.17478 8.67104 0.832467
    endloop
  endfacet
  facet normal 0.72345 -0.0339073 0.689543
    outer loop
      vertex -0.5 -2.29999 4.99999
      vertex 0 -1.89801 4.49517
      vertex 0 -1.79999 4.49999
    endloop
  endfacet
  facet normal 0.72345 -0.0339073 0.689543
    outer loop
      vertex 0 -1.89801 4.49517
      vertex -0.5 -2.29999 4.99999
      vertex -0.5 -2.39801 4.99517
    endloop
  endfacet
  facet normal 0.258293 0.914798 -0.31053
    outer loop
      vertex -3.17478 8.89292 1.28238
      vertex -3.68649 9.01959 1.22991
      vertex -3.17478 9.05417 1.75741
    endloop
  endfacet
  facet normal 0.381979 0.922192 0.0604441
    outer loop
      vertex -3.17478 9.15203 3.45058
      vertex -2.68534 8.98211 2.95
      vertex -3.17478 9.18484 2.95
    endloop
  endfacet
  facet normal 0.13026 0.938864 0.318694
    outer loop
      vertex -3.68649 9.01959 4.47009
      vertex -4.21172 9.2534 3.99597
      vertex -4.21172 9.08348 4.49655
    endloop
  endfacet
  facet normal 0.258303 0.914792 0.31054
    outer loop
      vertex -3.68649 9.01959 4.47009
      vertex -3.17478 9.05417 3.94259
      vertex -3.68649 9.18661 3.97808
    endloop
  endfacet
  facet normal -0.192317 -0.504495 0.841724
    outer loop
      vertex -3.31 -2.45557 4.43146
      vertex -0.509999 -2.77138 4.88192
      vertex -3.31 -2.37138 4.48192
    endloop
  endfacet
  facet normal -0.192319 -0.504612 0.841653
    outer loop
      vertex -0.509999 -2.77138 4.88192
      vertex -3.31 -2.45557 4.43146
      vertex -0.509999 -2.85556 4.83145
    endloop
  endfacet
  facet normal 0.750563 -0.653654 0.0969099
    outer loop
      vertex -0.5 -3.29517 4.09801
      vertex 0 -2.78078 3.69507
      vertex -0.5 -3.28078 4.19507
    endloop
  endfacet
  facet normal 0.750563 -0.653654 0.0969099
    outer loop
      vertex 0 -2.78078 3.69507
      vertex -0.5 -3.29517 4.09801
      vertex 0 -2.79517 3.59801
    endloop
  endfacet
  facet normal -0.130237 0.989359 -0.0648607
    outer loop
      vertex -4.74149 9.3911 2.75
      vertex -5.26672 9.28797 2.23153
      vertex -5.26672 9.32196 2.75
    endloop
  endfacet
  facet normal 0.499204 0.571336 0.651437
    outer loop
      vertex -2.3813 7.67361 5.5
      vertex -2.22655 7.73092 5.33115
      vertex -2.64015 7.89978 5.5
    endloop
  endfacet
  facet normal 0.482758 -0.0430187 0.874696
    outer loop
      vertex -1.19509 0.0663418 5.5
      vertex -0.5 -2.29999 4.99999
      vertex -1.19055 0.11729 5.5
    endloop
  endfacet
  facet normal 0.482776 -0.0430115 0.874687
    outer loop
      vertex -0.5 -2.29999 4.99999
      vertex -1.19509 0.0663418 5.5
      vertex -0.5 -2.39801 4.99517
    endloop
  endfacet
  facet normal -0.195965 -0.584169 0.787619
    outer loop
      vertex -3.31 -2.53439 4.373
      vertex -0.509999 -2.85556 4.83145
      vertex -3.31 -2.45557 4.43146
    endloop
  endfacet
  facet normal -0.195966 -0.584057 0.787702
    outer loop
      vertex -0.509999 -2.85556 4.83145
      vertex -3.31 -2.53439 4.373
      vertex -0.509999 -2.93439 4.773
    endloop
  endfacet
  facet normal -0.652987 -0.508665 0.561131
    outer loop
      vertex -3.97785 -1.59691 4.44565
      vertex -3.31 -2.53439 4.373
      vertex -4.05639 -1.41955 4.51503
    endloop
  endfacet
  facet normal -0.652944 -0.508641 0.561203
    outer loop
      vertex -3.31 -2.53439 4.373
      vertex -3.97785 -1.59691 4.44565
      vertex -3.31 -2.6071 4.3071
    endloop
  endfacet
  facet normal -0.258304 0.866417 -0.427318
    outer loop
      vertex -5.26672 9.01959 1.22991
      vertex -5.29595 8.99968 1.20721
      vertex -5.29483 9.01263 1.23279
    endloop
  endfacet
  facet normal 0.499189 0.777136 0.383237
    outer loop
      vertex -2.22655 8.26608 4.63373
      vertex -2.22655 8.4609 4.23867
      vertex -2.68534 8.49547 4.76617
    endloop
  endfacet
  facet normal 0.258306 0.803249 0.53672
    outer loop
      vertex -3.17478 8.39234 5.28464
      vertex -3.68649 8.78979 4.93609
      vertex -3.68649 8.50112 5.36811
    endloop
  endfacet
  facet normal -0.130258 0.889232 0.438519
    outer loop
      vertex -4.74149 8.84967 4.97066
      vertex -5.23585 8.81927 4.88546
      vertex -5.23419 8.79349 4.93823
    endloop
  endfacet
  facet normal -0.130261 0.889223 0.438538
    outer loop
      vertex -4.74149 8.84967 4.97066
      vertex -5.24345 8.93705 4.64438
      vertex -5.23585 8.81927 4.88546
    endloop
  endfacet
  facet normal -0.130242 0.889237 0.438513
    outer loop
      vertex -5.24345 8.93705 4.64438
      vertex -4.74149 8.84967 4.97066
      vertex -5.23767 9.01019 4.49778
    endloop
  endfacet
  facet normal 0.130237 0.989359 -0.0648607
    outer loop
      vertex -3.68649 9.32196 2.75
      vertex -3.68649 9.28797 2.23153
      vertex -4.21172 9.3911 2.75
    endloop
  endfacet
  facet normal 0.808093 0.505238 0.302855
    outer loop
      vertex 0 6.18123 4.05556
      vertex -0.5 6.73169 4.47138
      vertex -0.5 6.68123 4.55556
    endloop
  endfacet
  facet normal 0.808093 0.505238 0.302855
    outer loop
      vertex -0.5 6.73169 4.47138
      vertex 0 6.18123 4.05556
      vertex 0 6.23169 3.97138
    endloop
  endfacet
  facet normal -0.706425 -0.53104 0.467932
    outer loop
      vertex -3.85829 -1.87436 4.313
      vertex -3.31 -2.673 4.23439
      vertex -3.90866 -1.75719 4.36993
    endloop
  endfacet
  facet normal 0.258301 0.947504 0.188457
    outer loop
      vertex -3.17478 9.05417 3.94259
      vertex -3.17478 9.15203 3.45058
      vertex -3.68649 9.28797 3.46847
    endloop
  endfacet
  facet normal 0.72345 -0.689543 0.0339073
    outer loop
      vertex -0.5 -3.29999 3.99999
      vertex 0 -2.79517 3.59801
      vertex -0.5 -3.29517 4.09801
    endloop
  endfacet
  facet normal 0.72345 -0.689543 0.0339073
    outer loop
      vertex 0 -2.79517 3.59801
      vertex -0.5 -3.29999 3.99999
      vertex 0 -2.79999 3.49999
    endloop
  endfacet
  facet normal 0.707107 -0.707107 0
    outer loop
      vertex -0.5 -3.29999 1.90735e-07
      vertex 0 -2.79999 3.05176e-06
      vertex 0 -2.79999 3.49999
    endloop
  endfacet
  facet normal 0.707107 -0.707107 0
    outer loop
      vertex -0.5 -3.29999 1.90735e-07
      vertex 0 -2.79999 3.49999
      vertex -0.5 -3.29999 3.99999
    endloop
  endfacet
  facet normal 0.577352 -0.577348 -0.577351
    outer loop
      vertex 0 -2.79999 3.05176e-06
      vertex -0.5 -3.29999 1.90735e-07
      vertex -2.86102e-06 -2.79999 1.90735e-07
    endloop
  endfacet
  facet normal 0 -0.989188 0.146656
    outer loop
      vertex -0.509999 -3.29517 4.09801
      vertex -0.5 -3.28078 4.19507
      vertex -0.509999 -3.28078 4.19507
    endloop
  endfacet
  facet normal 0 -0.989188 0.146656
    outer loop
      vertex -0.5 -3.28078 4.19507
      vertex -0.509999 -3.29517 4.09801
      vertex -0.5 -3.29517 4.09801
    endloop
  endfacet
  facet normal 0.258293 0.866433 -0.427292
    outer loop
      vertex -3.17478 8.89292 1.28238
      vertex -3.17478 8.67104 0.832467
      vertex -3.68649 9.01959 1.22991
    endloop
  endfacet
  facet normal 0.499202 0.849834 -0.169054
    outer loop
      vertex -2.22655 8.60248 1.87844
      vertex -2.68534 8.85834 1.80988
      vertex -2.22655 8.68842 2.31046
    endloop
  endfacet
  facet normal 0.759278 0.650766 0
    outer loop
      vertex 0 6.34976 3.49999
      vertex -1.43165 8.02013 2.75
      vertex -1.43165 8.02013 2.95
    endloop
  endfacet
  facet normal 0.759278 0.650766 0
    outer loop
      vertex -1.43165 8.02013 2.75
      vertex 0 6.34976 3.49999
      vertex 0 6.34976 3.05176e-06
    endloop
  endfacet
  facet normal 0.753605 0.656534 0.0322842
    outer loop
      vertex 0 6.34976 3.49999
      vertex -1.43165 8.02013 2.95
      vertex 0 6.34494 3.59801
    endloop
  endfacet
  facet normal 0.715312 0.697308 -0.0457136
    outer loop
      vertex -0.666411 7.05485 1.90735e-07
      vertex -1.43165 7.99728 2.40145
      vertex -1.43165 8.02013 2.75
    endloop
  endfacet
  facet normal 0.715361 0.697261 -0.0456796
    outer loop
      vertex -1.43165 7.99728 2.40145
      vertex -0.666411 7.05485 1.90735e-07
      vertex -0.685749 7.07469 1.90735e-07
    endloop
  endfacet
  facet normal 0.258315 0.963991 -0.0631976
    outer loop
      vertex -3.17478 9.18484 2.75
      vertex -3.68649 9.28797 2.23153
      vertex -3.68649 9.32196 2.75
    endloop
  endfacet
  facet normal 0.595651 0.0525269 0.801524
    outer loop
      vertex -1.15918 5.71947 5.5
      vertex -0.5 5.94778 4.99517
      vertex -1.17386 5.88594 5.5
    endloop
  endfacet
  facet normal 0.606624 -0 0.794989
    outer loop
      vertex -1.15527 0.603295 5.5
      vertex -0.5 5.84976 4.99999
      vertex -1.15527 5.66 5.5
    endloop
  endfacet
  facet normal 0.606624 0 0.794989
    outer loop
      vertex -0.5 5.84976 4.99999
      vertex -1.15527 0.603295 5.5
      vertex -0.5 -2.29999 4.99999
    endloop
  endfacet
  facet normal 0.586686 0.543836 0.600035
    outer loop
      vertex -0.5 6.48416 4.773
      vertex -0.5 6.55687 4.7071
      vertex -2.22655 7.73092 5.33115
    endloop
  endfacet
  facet normal 0.499679 -0.0362726 0.865451
    outer loop
      vertex -1.19055 0.11729 5.5
      vertex -0.5 -2.29999 4.99999
      vertex -1.15527 0.603295 5.5
    endloop
  endfacet
  facet normal 0 -0.595605 0.803277
    outer loop
      vertex -0.509999 -2.85556 4.83145
      vertex -0.5 -2.93439 4.773
      vertex -0.5 -2.85556 4.83145
    endloop
  endfacet
  facet normal 0 -0.595605 0.803277
    outer loop
      vertex -0.5 -2.93439 4.773
      vertex -0.509999 -2.85556 4.83145
      vertex -0.509999 -2.93439 4.773
    endloop
  endfacet
  facet normal 0.808099 -0.505204 0.302894
    outer loop
      vertex -0.5 -3.18192 4.47138
      vertex 0 -2.63145 4.05556
      vertex -0.5 -3.13145 4.55556
    endloop
  endfacet
  facet normal 0.808099 -0.505204 0.302894
    outer loop
      vertex 0 -2.63145 4.05556
      vertex -0.5 -3.18192 4.47138
      vertex 0 -2.68192 3.97138
    endloop
  endfacet
  facet normal -0.25817 0.947537 -0.188474
    outer loop
      vertex -5.26672 9.28797 2.23153
      vertex -5.28989 9.23296 1.98671
      vertex -5.27856 9.28256 2.22055
    endloop
  endfacet
  facet normal -0.258285 0.947509 -0.188457
    outer loop
      vertex -5.26672 9.18661 1.72192
      vertex -5.28989 9.23296 1.98671
      vertex -5.26672 9.28797 2.23153
    endloop
  endfacet
  facet normal -0.258269 0.947513 -0.188456
    outer loop
      vertex -5.28989 9.23296 1.98671
      vertex -5.26672 9.18661 1.72192
      vertex -5.28365 9.18223 1.7231
    endloop
  endfacet
  facet normal 0.607947 0.712098 0.351164
    outer loop
      vertex -1.80626 7.98678 4.47248
      vertex -2.22655 8.4609 4.23867
      vertex -2.22655 8.26608 4.63373
    endloop
  endfacet
  facet normal 0.745474 0.661183 0.0842907
    outer loop
      vertex 0 6.34494 3.59801
      vertex -1.43165 7.99728 3.29855
      vertex -0.5 6.84494 4.09801
    endloop
  endfacet
  facet normal 0.751183 0.65868 0.0431813
    outer loop
      vertex 0 6.34494 3.59801
      vertex -1.43165 8.02013 2.95
      vertex -1.43165 7.99728 3.29855
    endloop
  endfacet
  facet normal 0.258302 0.963996 -0.0631841
    outer loop
      vertex -3.17478 9.15203 2.24942
      vertex -3.68649 9.28797 2.23153
      vertex -3.17478 9.18484 2.75
    endloop
  endfacet
  facet normal 0.499193 0.777131 0.383241
    outer loop
      vertex -2.68534 8.49547 4.76617
      vertex -2.22655 8.4609 4.23867
      vertex -2.68534 8.70562 4.34003
    endloop
  endfacet
  facet normal 0.258333 0.726312 0.636973
    outer loop
      vertex -3.17478 8.20347 5.5
      vertex -3.17478 8.39234 5.28464
      vertex -3.40721 8.28614 5.5
    endloop
  endfacet
  facet normal 0.382116 0.694788 0.609309
    outer loop
      vertex -2.68534 8.2315 5.16122
      vertex -2.72396 7.95564 5.5
      vertex -2.68534 7.9344 5.5
    endloop
  endfacet
  facet normal 0.38199 0.694836 0.609333
    outer loop
      vertex -2.72396 7.95564 5.5
      vertex -2.68534 8.2315 5.16122
      vertex -3.17478 8.39234 5.28464
    endloop
  endfacet
  facet normal 0.130244 0.745427 -0.653739
    outer loop
      vertex -4.21172 8.55598 0.289795
      vertex -3.77503 8.22553 1.90735e-07
      vertex -4.21172 8.30183 1.90735e-07
    endloop
  endfacet
  facet normal -0.794859 -0.588594 0.147502
    outer loop
      vertex -3.58738 -2.51023 3.77901
      vertex -3.31 -2.85693 3.89028
      vertex -3.59982 -2.47128 3.8674
    endloop
  endfacet
  facet normal -0.794858 -0.588606 0.147461
    outer loop
      vertex -3.31 -2.85693 3.89028
      vertex -3.58738 -2.51023 3.77901
      vertex -3.31 -2.88078 3.79508
    endloop
  endfacet
  facet normal -0.148051 -0.987786 0.048573
    outer loop
      vertex -3.31 -2.89517 3.69802
      vertex -0.509999 -3.29999 3.99999
      vertex -0.509999 -3.29517 4.09801
    endloop
  endfacet
  facet normal -0.148051 -0.987786 0.0485681
    outer loop
      vertex -0.509999 -3.29999 3.99999
      vertex -3.31 -2.89517 3.69802
      vertex -3.31 -2.89999 3.59999
    endloop
  endfacet
  facet normal -0.141421 -0.98995 0
    outer loop
      vertex -3.31 -2.89999 0.899906
      vertex -0.509999 -3.29999 3.99999
      vertex -3.31 -2.89999 3.59999
    endloop
  endfacet
  facet normal -0.141352 -0.989959 0.000221072
    outer loop
      vertex -0.509999 -3.29999 1.90735e-07
      vertex -3.31 -2.89999 0.899906
      vertex -3.30605 -2.90056 0.873047
    endloop
  endfacet
  facet normal -0.141419 -0.98995 3.19987e-07
    outer loop
      vertex -0.509999 -3.29999 1.90735e-07
      vertex -3.30605 -2.90056 0.873047
      vertex -3.21666 -2.91333 0.265827
    endloop
  endfacet
  facet normal -0.14142 -0.98995 -5.19214e-06
    outer loop
      vertex -0.509999 -3.29999 1.90735e-07
      vertex -3.21666 -2.91333 0.265827
      vertex -3.1645 -2.92078 0.00984889
    endloop
  endfacet
  facet normal -0.141419 -0.98995 0.000287743
    outer loop
      vertex -0.509999 -3.29999 1.90735e-07
      vertex -3.1645 -2.92078 0.00984889
      vertex -3.16249 -2.92107 1.90735e-07
    endloop
  endfacet
  facet normal -0.141421 -0.98995 0
    outer loop
      vertex -3.31 -2.89999 0.899906
      vertex -0.509999 -3.29999 1.90735e-07
      vertex -0.509999 -3.29999 3.99999
    endloop
  endfacet
  facet normal -0.797428 -0.591819 0.117726
    outer loop
      vertex -3.58738 -2.51023 3.77901
      vertex -3.58637 -2.51508 3.76147
      vertex -3.31 -2.88078 3.79508
    endloop
  endfacet
  facet normal -0.787239 -0.580598 0.207752
    outer loop
      vertex -3.60744 -2.45157 3.89604
      vertex -3.31 -2.82387 3.98268
      vertex -3.63454 -2.38412 3.98185
    endloop
  endfacet
  facet normal -0.78724 -0.580603 0.207735
    outer loop
      vertex -3.31 -2.82387 3.98268
      vertex -3.60744 -2.45157 3.89604
      vertex -3.31 -2.85693 3.89028
    endloop
  endfacet
  facet normal -0.170745 -0.955778 0.239446
    outer loop
      vertex -3.31 -2.85693 3.89028
      vertex -0.509999 -3.28078 4.19507
      vertex -0.509999 -3.25693 4.29027
    endloop
  endfacet
  facet normal -0.170745 -0.955778 0.239446
    outer loop
      vertex -0.509999 -3.28078 4.19507
      vertex -3.31 -2.85693 3.89028
      vertex -3.31 -2.88078 3.79508
    endloop
  endfacet
  facet normal -0.186863 -0.888113 0.419926
    outer loop
      vertex -3.31 -2.78192 4.07138
      vertex -0.509999 -3.22386 4.38268
      vertex -0.509999 -3.18192 4.47138
    endloop
  endfacet
  facet normal -0.186866 -0.888074 0.420008
    outer loop
      vertex -0.509999 -3.22386 4.38268
      vertex -3.31 -2.78192 4.07138
      vertex -3.31 -2.82387 3.98268
    endloop
  endfacet
  facet normal -0.789011 -0.581758 0.197534
    outer loop
      vertex -3.60744 -2.45157 3.89604
      vertex -3.60087 -2.46828 3.87307
      vertex -3.31 -2.85693 3.89028
    endloop
  endfacet
  facet normal -0.130266 0.938811 0.31885
    outer loop
      vertex -4.74149 9.08348 4.49655
      vertex -5.23825 9.03227 4.44438
      vertex -5.23663 9.02325 4.4716
    endloop
  endfacet
  facet normal -0.130255 0.938865 0.318694
    outer loop
      vertex -5.23825 9.03227 4.44438
      vertex -4.74149 9.08348 4.49655
      vertex -4.74149 9.2534 3.99597
    endloop
  endfacet
  facet normal 0.130246 0.824389 -0.550835
    outer loop
      vertex -3.68649 8.78979 0.76391
      vertex -4.21172 8.55598 0.289795
      vertex -4.21172 8.84967 0.729336
    endloop
  endfacet
  facet normal 0 0.751831 -0.659356
    outer loop
      vertex -4.21172 8.30183 1.90735e-07
      vertex -4.74149 8.55598 0.289795
      vertex -4.21172 8.55598 0.289795
    endloop
  endfacet
  facet normal 0 0.751831 -0.659356
    outer loop
      vertex -4.74149 8.55598 0.289795
      vertex -4.21172 8.30183 1.90735e-07
      vertex -4.74149 8.30183 1.90735e-07
    endloop
  endfacet
  facet normal 0.725838 0.686754 -0.0390802
    outer loop
      vertex -1.43165 8.02013 2.75
      vertex -0.0492729 6.40259 1.90735e-07
      vertex -0.666411 7.05485 1.90735e-07
    endloop
  endfacet
  facet normal 0.730887 0.681674 -0.0335539
    outer loop
      vertex 0 6.34976 3.05176e-06
      vertex -0.0492729 6.40259 1.90735e-07
      vertex -1.43165 8.02013 2.75
    endloop
  endfacet
  facet normal 0.731298 0.682059 0
    outer loop
      vertex -0.0492729 6.40259 1.90735e-07
      vertex 0 6.34976 3.05176e-06
      vertex 0 6.34976 1.90735e-07
    endloop
  endfacet
  facet normal 0.499996 0.866027 -0
    outer loop
      vertex -2.22655 8.71723 2.75
      vertex -2.68534 8.98211 2.95
      vertex -2.22655 8.71723 2.95
    endloop
  endfacet
  facet normal 0.499996 0.866027 0
    outer loop
      vertex -2.68534 8.98211 2.95
      vertex -2.22655 8.71723 2.75
      vertex -2.68534 8.98211 2.75
    endloop
  endfacet
  facet normal 0.60794 0.792283 -0.0519308
    outer loop
      vertex -1.80626 8.39473 2.75
      vertex -2.22655 8.68842 2.31046
      vertex -2.22655 8.71723 2.75
    endloop
  endfacet
  facet normal 0.588348 0.118575 0.799867
    outer loop
      vertex -1.18544 5.9434 5.5
      vertex -0.5 5.94778 4.99517
      vertex -0.5 6.04485 4.98078
    endloop
  endfacet
  facet normal 0.588348 0.118571 0.799867
    outer loop
      vertex -0.5 5.94778 4.99517
      vertex -1.18544 5.9434 5.5
      vertex -1.17386 5.88594 5.5
    endloop
  endfacet
  facet normal 0.771609 0.154581 0.617028
    outer loop
      vertex -0.5 6.04485 4.98078
      vertex 0 5.64005 4.45693
      vertex -0.5 6.14005 4.95693
    endloop
  endfacet
  facet normal 0.771609 0.154581 0.617028
    outer loop
      vertex 0 5.64005 4.45693
      vertex -0.5 6.04485 4.98078
      vertex 0 5.54485 4.48078
    endloop
  endfacet
  facet normal -0.586281 -0.482597 0.650672
    outer loop
      vertex -3.31 -2.45557 4.43146
      vertex -4.32482 -0.801519 4.74386
      vertex -3.31 -2.53439 4.373
    endloop
  endfacet
  facet normal -0.586176 -0.482556 0.650797
    outer loop
      vertex -4.32482 -0.801519 4.74386
      vertex -3.31 -2.45557 4.43146
      vertex -4.39829 -0.622345 4.81054
    endloop
  endfacet
  facet normal -0.487504 -0.448864 0.748907
    outer loop
      vertex -3.31 -2.37138 4.48192
      vertex -4.99508 0.956428 5.37956
      vertex -3.31 -2.45557 4.43146
    endloop
  endfacet
  facet normal -0.488062 -0.449022 0.748448
    outer loop
      vertex -3.31 -2.37138 4.48192
      vertex -5.00455 0.98589 5.39106
      vertex -4.99508 0.956428 5.37956
    endloop
  endfacet
  facet normal -0.487529 -0.448872 0.748885
    outer loop
      vertex -5.00455 0.98589 5.39106
      vertex -3.31 -2.37138 4.48192
      vertex -5.02753 1.05743 5.41898
    endloop
  endfacet
  facet normal 0.799602 -0.2567 0.542902
    outer loop
      vertex -0.5 -2.68268 4.92386
      vertex 0 -2.27138 4.38192
      vertex 0 -2.18268 4.42386
    endloop
  endfacet
  facet normal 0.799602 -0.2567 0.542902
    outer loop
      vertex 0 -2.27138 4.38192
      vertex -0.5 -2.68268 4.92386
      vertex -0.5 -2.77138 4.88192
    endloop
  endfacet
  facet normal 0 -0.970023 0.243015
    outer loop
      vertex -0.509999 -3.28078 4.19507
      vertex -0.5 -3.25693 4.29027
      vertex -0.509999 -3.25693 4.29027
    endloop
  endfacet
  facet normal 0 -0.970023 0.243015
    outer loop
      vertex -0.5 -3.25693 4.29027
      vertex -0.509999 -3.28078 4.19507
      vertex -0.5 -3.28078 4.19507
    endloop
  endfacet
  facet normal 0.787666 -0.580078 0.207588
    outer loop
      vertex -0.5 -3.25693 4.29027
      vertex 0 -2.72386 3.88268
      vertex -0.5 -3.22386 4.38268
    endloop
  endfacet
  facet normal 0.787666 -0.580078 0.207588
    outer loop
      vertex 0 -2.72386 3.88268
      vertex -0.5 -3.25693 4.29027
      vertex 0 -2.75693 3.79027
    endloop
  endfacet
  facet normal -0.130244 0.938861 -0.31871
    outer loop
      vertex -4.74149 9.2534 1.70403
      vertex -5.26672 9.01959 1.22991
      vertex -5.26672 9.18661 1.72192
    endloop
  endfacet
  facet normal 0.258302 0.947504 -0.188456
    outer loop
      vertex -3.17478 9.05417 1.75741
      vertex -3.68649 9.18661 1.72192
      vertex -3.68649 9.28797 2.23153
    endloop
  endfacet
  facet normal -0.130241 0.989393 0.0643323
    outer loop
      vertex -4.74149 9.35653 3.4775
      vertex -5.25823 9.28964 3.46009
      vertex -5.25781 9.28914 3.46863
    endloop
  endfacet
  facet normal -0.130253 0.989358 0.0648381
    outer loop
      vertex -5.25823 9.28964 3.46009
      vertex -4.74149 9.35653 3.4775
      vertex -4.74149 9.3911 2.95
    endloop
  endfacet
  facet normal -0.259848 0.96565 0.000129101
    outer loop
      vertex -5.26672 9.32196 2.95
      vertex -5.27516 9.3197 2.86677
      vertex -5.27222 9.32048 2.95
    endloop
  endfacet
  facet normal -0.25866 0.965968 0
    outer loop
      vertex -5.26672 9.32196 2.75
      vertex -5.27516 9.3197 2.86677
      vertex -5.26672 9.32196 2.95
    endloop
  endfacet
  facet normal -0.258954 0.96589 -2.27686e-05
    outer loop
      vertex -5.27516 9.3197 2.86677
      vertex -5.26672 9.32196 2.75
      vertex -5.27929 9.31859 2.75
    endloop
  endfacet
  facet normal 0.437648 0.846605 -0.302861
    outer loop
      vertex -2.68534 8.70562 1.35997
      vertex -1.30318 7.50461 1.90735e-07
      vertex -1.36013 7.53405 1.90735e-07
    endloop
  endfacet
  facet normal 0.681974 0.688634 0.246361
    outer loop
      vertex -0.5 6.8067 4.29027
      vertex -1.80626 8.16294 4.11525
      vertex -0.5 6.77364 4.38268
    endloop
  endfacet
  facet normal 0.721015 0.679607 0.135172
    outer loop
      vertex -0.5 6.83055 4.19507
      vertex -1.43165 7.99728 3.29855
      vertex -1.43165 7.92914 3.64114
    endloop
  endfacet
  facet normal 0.652961 0.679289 0.334976
    outer loop
      vertex -0.5 6.73169 4.47138
      vertex -1.80626 8.16294 4.11525
      vertex -1.80626 7.98678 4.47248
    endloop
  endfacet
  facet normal 0.739227 0.666175 0.0987663
    outer loop
      vertex -0.5 6.84494 4.09801
      vertex -1.43165 7.99728 3.29855
      vertex -0.5 6.83055 4.19507
    endloop
  endfacet
  facet normal 0.258303 0.963995 0.0631978
    outer loop
      vertex -3.17478 9.15203 3.45058
      vertex -3.68649 9.32196 2.95
      vertex -3.68649 9.28797 3.46847
    endloop
  endfacet
  facet normal 0.130259 0.989358 0.0648381
    outer loop
      vertex -3.68649 9.28797 3.46847
      vertex -4.21172 9.3911 2.95
      vertex -4.21172 9.35653 3.4775
    endloop
  endfacet
  facet normal 0.381991 0.906411 0.180284
    outer loop
      vertex -2.68534 8.85834 3.89012
      vertex -3.17478 9.15203 3.45058
      vertex -3.17478 9.05417 3.94259
    endloop
  endfacet
  facet normal -0.130347 0.938884 0.318601
    outer loop
      vertex -4.74149 9.2534 3.99597
      vertex -5.24092 9.04719 4.39932
      vertex -5.23825 9.03227 4.44438
    endloop
  endfacet
  facet normal -0.130239 0.938858 0.318722
    outer loop
      vertex -5.24092 9.04719 4.39932
      vertex -4.74149 9.2534 3.99597
      vertex -5.24799 9.08676 4.27987
    endloop
  endfacet
  facet normal -0.13025 0.938862 0.318705
    outer loop
      vertex -5.24799 9.08676 4.27987
      vertex -4.74149 9.2534 3.99597
      vertex -5.24603 9.17338 4.0255
    endloop
  endfacet
  facet normal -0.130262 0.938898 0.318595
    outer loop
      vertex -5.24603 9.17338 4.0255
      vertex -4.74149 9.2534 3.99597
      vertex -5.24567 9.18928 3.97879
    endloop
  endfacet
  facet normal -0.258345 0.963945 -0.0637855
    outer loop
      vertex -5.27866 9.28557 2.24362
      vertex -5.26672 9.28797 2.23153
      vertex -5.27801 9.28497 2.23192
    endloop
  endfacet
  facet normal 0 -0.336937 0.941527
    outer loop
      vertex -0.509999 -2.59027 4.95693
      vertex -0.5 -2.68268 4.92386
      vertex -0.5 -2.59027 4.95693
    endloop
  endfacet
  facet normal 0 -0.336937 0.941527
    outer loop
      vertex -0.5 -2.68268 4.92386
      vertex -0.509999 -2.59027 4.95693
      vertex -0.509999 -2.68268 4.92386
    endloop
  endfacet
  facet normal -0.160168 -0.976417 0.144762
    outer loop
      vertex -3.31 -2.88078 3.79508
      vertex -0.509999 -3.29517 4.09801
      vertex -0.509999 -3.28078 4.19507
    endloop
  endfacet
  facet normal -0.160168 -0.976417 0.144762
    outer loop
      vertex -0.509999 -3.29517 4.09801
      vertex -3.31 -2.88078 3.79508
      vertex -3.31 -2.89517 3.69802
    endloop
  endfacet
  facet normal 0.138441 0.7446 -0.652997
    outer loop
      vertex -3.68649 8.50112 0.33189
      vertex -2.96524 8.07596 1.90735e-07
      vertex -3.68649 8.21006 1.90735e-07
    endloop
  endfacet
  facet normal -0.130254 0.824383 -0.550842
    outer loop
      vertex -5.26672 8.78979 0.76391
      vertex -4.74149 8.55598 0.289795
      vertex -5.26672 8.50112 0.33189
    endloop
  endfacet
  facet normal -0.195966 -0.787702 0.584057
    outer loop
      vertex -3.31 -2.673 4.23439
      vertex -0.509999 -3.13145 4.55556
      vertex -0.509999 -3.073 4.63439
    endloop
  endfacet
  facet normal -0.195965 -0.787619 0.584169
    outer loop
      vertex -0.509999 -3.13145 4.55556
      vertex -3.31 -2.673 4.23439
      vertex -3.31 -2.73146 4.15557
    endloop
  endfacet
  facet normal -0.746447 -0.553275 0.369734
    outer loop
      vertex -3.7451 -2.1355 4.16896
      vertex -3.31 -2.73146 4.15557
      vertex -3.77153 -2.07803 4.2016
    endloop
  endfacet
  facet normal 0 -0.941527 0.336937
    outer loop
      vertex -0.509999 -3.25693 4.29027
      vertex -0.5 -3.22386 4.38268
      vertex -0.509999 -3.22386 4.38268
    endloop
  endfacet
  facet normal 0 -0.941527 0.336937
    outer loop
      vertex -0.5 -3.22386 4.38268
      vertex -0.509999 -3.25693 4.29027
      vertex -0.5 -3.25693 4.29027
    endloop
  endfacet
  facet normal -0.732997 -0.54626 0.405358
    outer loop
      vertex -3.31 -2.673 4.23439
      vertex -3.78277 -2.05385 4.21386
      vertex -3.77153 -2.07803 4.2016
    endloop
  endfacet
  facet normal -0.733083 -0.546335 0.405101
    outer loop
      vertex -3.78277 -2.05385 4.21386
      vertex -3.31 -2.673 4.23439
      vertex -3.82593 -1.94972 4.27619
    endloop
  endfacet
  facet normal -0.73305 -0.546311 0.405193
    outer loop
      vertex -3.31 -2.673 4.23439
      vertex -3.77153 -2.07803 4.2016
      vertex -3.31 -2.73146 4.15557
    endloop
  endfacet
  facet normal -0.130259 0.889228 0.438528
    outer loop
      vertex -4.74149 9.08348 4.49655
      vertex -5.23767 9.01019 4.49778
      vertex -4.74149 8.84967 4.97066
    endloop
  endfacet
  facet normal -0.130266 0.88927 0.438441
    outer loop
      vertex -5.23767 9.01019 4.49778
      vertex -4.74149 9.08348 4.49655
      vertex -5.23663 9.02325 4.4716
    endloop
  endfacet
  facet normal -0.257317 0.89942 -0.353315
    outer loop
      vertex -5.26672 9.18661 1.72192
      vertex -5.28366 9.18218 1.72298
      vertex -5.28365 9.18223 1.7231
    endloop
  endfacet
  facet normal -0.258637 0.91472 -0.310474
    outer loop
      vertex -5.26672 9.18661 1.72192
      vertex -5.29282 9.14241 1.61344
      vertex -5.28366 9.18218 1.72298
    endloop
  endfacet
  facet normal -0.258449 0.914753 -0.310533
    outer loop
      vertex -5.26672 9.18661 1.72192
      vertex -5.29375 9.10506 1.50419
      vertex -5.29282 9.14241 1.61344
    endloop
  endfacet
  facet normal -0.258496 0.914743 -0.310523
    outer loop
      vertex -5.26672 9.01959 1.22991
      vertex -5.29375 9.10506 1.50419
      vertex -5.26672 9.18661 1.72192
    endloop
  endfacet
  facet normal -0.258229 0.91482 -0.31052
    outer loop
      vertex -5.29375 9.10506 1.50419
      vertex -5.26672 9.01959 1.22991
      vertex -5.29584 9.02156 1.25993
    endloop
  endfacet
  facet normal 0.130245 0.889237 -0.438512
    outer loop
      vertex -3.68649 8.78979 0.76391
      vertex -4.21172 8.84967 0.729336
      vertex -3.68649 9.01959 1.22991
    endloop
  endfacet
  facet normal 0.499201 0.864632 0.0566622
    outer loop
      vertex -2.22655 8.68842 3.38954
      vertex -2.68534 8.98211 2.95
      vertex -2.68534 8.95104 3.42411
    endloop
  endfacet
  facet normal 0.706339 0.706358 -0.0463069
    outer loop
      vertex -1.43165 8.02013 2.75
      vertex -1.43165 7.99728 2.40145
      vertex -1.80626 8.39473 2.75
    endloop
  endfacet
  facet normal 0.635223 0.763972 -0.11331
    outer loop
      vertex -1.80626 8.36868 2.35255
      vertex -0.764751 7.15377 1.90735e-07
      vertex -0.797921 7.18135 1.90735e-07
    endloop
  endfacet
  facet normal 0.381979 0.922192 -0.0604441
    outer loop
      vertex -2.68534 8.98211 2.75
      vertex -3.17478 9.15203 2.24942
      vertex -3.17478 9.18484 2.75
    endloop
  endfacet
  facet normal 0.499202 0.849834 0.169054
    outer loop
      vertex -2.22655 8.60248 3.82156
      vertex -2.22655 8.68842 3.38954
      vertex -2.68534 8.85834 3.89012
    endloop
  endfacet
  facet normal 0.247038 -0.142106 0.958529
    outer loop
      vertex -1.3674 -0.500746 5.5
      vertex -0.5 -2.39801 4.99517
      vertex -1.34977 -0.470098 5.5
    endloop
  endfacet
  facet normal 0.24703 -0.142111 0.958531
    outer loop
      vertex -0.5 -2.39801 4.99517
      vertex -1.3674 -0.500746 5.5
      vertex -0.5 -2.49507 4.98078
    endloop
  endfacet
  facet normal 0.598928 0.0393309 0.799836
    outer loop
      vertex -1.15918 5.71947 5.5
      vertex -0.5 5.84976 4.99999
      vertex -0.5 5.94778 4.99517
    endloop
  endfacet
  facet normal 0.598921 0.0393775 0.799839
    outer loop
      vertex -0.5 5.84976 4.99999
      vertex -1.15918 5.71947 5.5
      vertex -1.15527 5.66 5.5
    endloop
  endfacet
  facet normal 0.572573 0.263527 0.776346
    outer loop
      vertex -1.25265 6.17548 5.5
      vertex -0.5 6.14005 4.95693
      vertex -1.34916 6.38517 5.5
    endloop
  endfacet
  facet normal 0.579276 0.485497 0.654777
    outer loop
      vertex -0.5 6.48416 4.773
      vertex -1.96088 7.24674 5.5
      vertex -0.5 6.40533 4.83145
    endloop
  endfacet
  facet normal 0.579289 0.485615 0.654678
    outer loop
      vertex -1.96088 7.24674 5.5
      vertex -0.5 6.48416 4.773
      vertex -1.97918 7.26857 5.5
    endloop
  endfacet
  facet normal 0.499217 0.571319 0.651442
    outer loop
      vertex -2.22655 7.53839 5.5
      vertex -2.22655 7.73092 5.33115
      vertex -2.3813 7.67361 5.5
    endloop
  endfacet
  facet normal 0.813514 0.346372 0.467142
    outer loop
      vertex -0.5 6.40533 4.83145
      vertex 0 5.98416 4.273
      vertex -0.5 6.48416 4.773
    endloop
  endfacet
  facet normal 0.813514 0.346372 0.467142
    outer loop
      vertex 0 5.98416 4.273
      vertex -0.5 6.40533 4.83145
      vertex 0 5.90533 4.33145
    endloop
  endfacet
  facet normal 0.608728 0.623096 0.491123
    outer loop
      vertex -2.22655 8.02136 4.99997
      vertex -0.5 6.62277 4.63439
      vertex -1.80626 7.7655 4.80365
    endloop
  endfacet
  facet normal 0.583862 0.535293 0.610382
    outer loop
      vertex -2.22655 7.73092 5.33115
      vertex -1.97918 7.26857 5.5
      vertex -0.5 6.48416 4.773
    endloop
  endfacet
  facet normal 0.583876 0.535295 0.610367
    outer loop
      vertex -1.97918 7.26857 5.5
      vertex -2.22655 7.73092 5.33115
      vertex -2.22655 7.53839 5.5
    endloop
  endfacet
  facet normal 0.442083 -0.0586615 0.895054
    outer loop
      vertex -1.20897 -0.0382603 5.5
      vertex -0.5 -2.39801 4.99517
      vertex -1.19509 0.0663418 5.5
    endloop
  endfacet
  facet normal -0.327449 -0.403962 0.854161
    outer loop
      vertex -4.55952 0.794157 5.5
      vertex -3.31 -2.28268 4.52387
      vertex -4.53356 0.773114 5.5
    endloop
  endfacet
  facet normal -0.327463 -0.403966 0.854154
    outer loop
      vertex -3.31 -2.28268 4.52387
      vertex -4.55952 0.794157 5.5
      vertex -3.31 -2.37138 4.48192
    endloop
  endfacet
  facet normal 0.787666 -0.207588 0.580078
    outer loop
      vertex -0.5 -2.59027 4.95693
      vertex 0 -2.18268 4.42386
      vertex 0 -2.09027 4.45693
    endloop
  endfacet
  facet normal 0.787666 -0.207588 0.580078
    outer loop
      vertex 0 -2.18268 4.42386
      vertex -0.5 -2.59027 4.95693
      vertex -0.5 -2.68268 4.92386
    endloop
  endfacet
  facet normal -0.700521 -0.528854 0.479149
    outer loop
      vertex -3.31 -2.6071 4.3071
      vertex -3.93608 -1.69368 4.39994
      vertex -3.90866 -1.75719 4.36993
    endloop
  endfacet
  facet normal -0.700369 -0.528781 0.479452
    outer loop
      vertex -3.93608 -1.69368 4.39994
      vertex -3.31 -2.6071 4.3071
      vertex -3.97785 -1.59691 4.44565
    endloop
  endfacet
  facet normal -0.700453 -0.528817 0.479288
    outer loop
      vertex -3.31 -2.6071 4.3071
      vertex -3.90866 -1.75719 4.36993
      vertex -3.31 -2.673 4.23439
    endloop
  endfacet
  facet normal 0 -0.427455 0.904036
    outer loop
      vertex -0.509999 -2.68268 4.92386
      vertex -0.5 -2.77138 4.88192
      vertex -0.5 -2.68268 4.92386
    endloop
  endfacet
  facet normal 0 -0.427455 0.904036
    outer loop
      vertex -0.5 -2.77138 4.88192
      vertex -0.509999 -2.68268 4.92386
      vertex -0.509999 -2.77138 4.88192
    endloop
  endfacet
  facet normal 0.813514 -0.346372 0.467142
    outer loop
      vertex -0.5 -2.85556 4.83145
      vertex 0 -2.43439 4.273
      vertex 0 -2.35556 4.33145
    endloop
  endfacet
  facet normal 0.813514 -0.346372 0.467142
    outer loop
      vertex 0 -2.43439 4.273
      vertex -0.5 -2.85556 4.83145
      vertex -0.5 -2.93439 4.773
    endloop
  endfacet
  facet normal 0.750563 -0.0969099 0.653654
    outer loop
      vertex -0.5 -2.39801 4.99517
      vertex 0 -1.99507 4.48078
      vertex 0 -1.89801 4.49517
    endloop
  endfacet
  facet normal 0.750563 -0.0969099 0.653654
    outer loop
      vertex 0 -1.99507 4.48078
      vertex -0.5 -2.39801 4.99517
      vertex -0.5 -2.49507 4.98078
    endloop
  endfacet
  facet normal 0 -0.904036 0.427455
    outer loop
      vertex -0.509999 -3.22386 4.38268
      vertex -0.5 -3.18192 4.47138
      vertex -0.509999 -3.18192 4.47138
    endloop
  endfacet
  facet normal 0 -0.904036 0.427455
    outer loop
      vertex -0.5 -3.18192 4.47138
      vertex -0.509999 -3.22386 4.38268
      vertex -0.5 -3.22386 4.38268
    endloop
  endfacet
  facet normal 0.258303 0.914792 -0.31054
    outer loop
      vertex -3.17478 9.05417 1.75741
      vertex -3.68649 9.01959 1.22991
      vertex -3.68649 9.18661 1.72192
    endloop
  endfacet
  facet normal 0 0.997859 -0.0653953
    outer loop
      vertex -4.21172 9.35653 2.2225
      vertex -4.74149 9.3911 2.75
      vertex -4.21172 9.3911 2.75
    endloop
  endfacet
  facet normal 0 0.997859 -0.0653953
    outer loop
      vertex -4.74149 9.3911 2.75
      vertex -4.21172 9.35653 2.2225
      vertex -4.74149 9.35653 2.2225
    endloop
  endfacet
  facet normal 0 1 -0
    outer loop
      vertex -4.21172 9.3911 2.75
      vertex -4.74149 9.3911 2.95
      vertex -4.21172 9.3911 2.95
    endloop
  endfacet
  facet normal 0 1 0
    outer loop
      vertex -4.74149 9.3911 2.95
      vertex -4.21172 9.3911 2.75
      vertex -4.74149 9.3911 2.75
    endloop
  endfacet
  facet normal -0.258437 0.963961 -0.0631599
    outer loop
      vertex -5.26672 9.32196 2.75
      vertex -5.28113 9.31051 2.63421
      vertex -5.27929 9.31859 2.75
    endloop
  endfacet
  facet normal -0.258168 0.964031 -0.0632002
    outer loop
      vertex -5.26672 9.28797 2.23153
      vertex -5.28113 9.31051 2.63421
      vertex -5.26672 9.32196 2.75
    endloop
  endfacet
  facet normal -0.258483 0.963946 -0.0632067
    outer loop
      vertex -5.28113 9.31051 2.63421
      vertex -5.26672 9.28797 2.23153
      vertex -5.28538 9.2918 2.36625
    endloop
  endfacet
  facet normal -0.258272 0.964004 -0.0631791
    outer loop
      vertex -5.28538 9.2918 2.36625
      vertex -5.26672 9.28797 2.23153
      vertex -5.279 9.28588 2.24984
    endloop
  endfacet
  facet normal -0.256749 0.964481 -0.0621035
    outer loop
      vertex -5.279 9.28588 2.24984
      vertex -5.26672 9.28797 2.23153
      vertex -5.27866 9.28557 2.24362
    endloop
  endfacet
  facet normal -0.257926 0.964095 0.0632086
    outer loop
      vertex -5.26672 9.32196 2.95
      vertex -5.27516 9.30755 3.13535
      vertex -5.26868 9.30154 3.25346
    endloop
  endfacet
  facet normal -0.259405 0.9637 0.0631725
    outer loop
      vertex -5.26672 9.32196 2.95
      vertex -5.26868 9.30154 3.25346
      vertex -5.26672 9.29973 3.28912
    endloop
  endfacet
  facet normal -0.259479 0.963685 0.063106
    outer loop
      vertex -5.27516 9.30755 3.13535
      vertex -5.26672 9.32196 2.95
      vertex -5.2723 9.3201 2.95546
    endloop
  endfacet
  facet normal -0.130512 0.991447 0
    outer loop
      vertex -4.74149 9.3911 2.75
      vertex -5.26672 9.32196 2.95
      vertex -4.74149 9.3911 2.95
    endloop
  endfacet
  facet normal -0.130512 0.991447 0
    outer loop
      vertex -5.26672 9.32196 2.95
      vertex -4.74149 9.3911 2.75
      vertex -5.26672 9.32196 2.75
    endloop
  endfacet
  facet normal 0.347272 0.847783 -0.400831
    outer loop
      vertex -3.17478 8.89292 1.28238
      vertex -1.59049 7.63765 1.90735e-07
      vertex -1.65284 7.66319 1.90735e-07
    endloop
  endfacet
  facet normal 0.499205 0.651454 0.571316
    outer loop
      vertex -2.22655 8.02136 4.99997
      vertex -2.64015 7.89978 5.5
      vertex -2.22655 7.73092 5.33115
    endloop
  endfacet
  facet normal 0.499144 0.651529 0.571284
    outer loop
      vertex -2.64015 7.89978 5.5
      vertex -2.22655 8.02136 4.99997
      vertex -2.66901 7.92189 5.5
    endloop
  endfacet
  facet normal 0.607952 0.712098 0.351155
    outer loop
      vertex -1.80626 7.98678 4.47248
      vertex -1.80626 8.16294 4.11525
      vertex -2.22655 8.4609 4.23867
    endloop
  endfacet
  facet normal 0.771609 0.617028 0.154581
    outer loop
      vertex 0 6.3067 3.79027
      vertex -0.5 6.83055 4.19507
      vertex -0.5 6.8067 4.29027
    endloop
  endfacet
  facet normal 0.771609 0.617028 0.154581
    outer loop
      vertex -0.5 6.83055 4.19507
      vertex 0 6.3067 3.79027
      vertex 0 6.33055 3.69507
    endloop
  endfacet
  facet normal 0.787652 0.580114 0.207538
    outer loop
      vertex 0 6.27364 3.88268
      vertex -0.5 6.8067 4.29027
      vertex -0.5 6.77364 4.38268
    endloop
  endfacet
  facet normal 0.787652 0.580114 0.207538
    outer loop
      vertex -0.5 6.8067 4.29027
      vertex 0 6.27364 3.88268
      vertex 0 6.3067 3.79027
    endloop
  endfacet
  facet normal 0.60794 0.751852 0.255202
    outer loop
      vertex -2.22655 8.4609 4.23867
      vertex -1.80626 8.29097 3.73809
      vertex -2.22655 8.60248 3.82156
    endloop
  endfacet
  facet normal 0.381991 0.875123 0.297057
    outer loop
      vertex -2.68534 8.70562 4.34003
      vertex -2.68534 8.85834 3.89012
      vertex -3.17478 9.05417 3.94259
    endloop
  endfacet
  facet normal 0.607939 0.792284 0.0519285
    outer loop
      vertex -1.80626 8.36868 3.34745
      vertex -1.80626 8.39473 2.95
      vertex -2.22655 8.68842 3.38954
    endloop
  endfacet
  facet normal 0.707041 0.686066 0.171484
    outer loop
      vertex -0.5 6.83055 4.19507
      vertex -1.43165 7.92914 3.64114
      vertex -1.80626 8.29097 3.73809
    endloop
  endfacet
  facet normal 0.706344 0.706353 0.0462964
    outer loop
      vertex -1.43165 7.99728 3.29855
      vertex -1.80626 8.39473 2.95
      vertex -1.80626 8.36868 3.34745
    endloop
  endfacet
  facet normal 0.706339 0.706358 0.0463069
    outer loop
      vertex -1.43165 7.99728 3.29855
      vertex -1.43165 8.02013 2.95
      vertex -1.80626 8.39473 2.95
    endloop
  endfacet
  facet normal 0.381973 0.906414 0.180306
    outer loop
      vertex -2.68534 8.85834 3.89012
      vertex -2.68534 8.95104 3.42411
      vertex -3.17478 9.15203 3.45058
    endloop
  endfacet
  facet normal 0.706925 0.686086 0.171882
    outer loop
      vertex -0.5 6.83055 4.19507
      vertex -1.80626 8.29097 3.73809
      vertex -0.5 6.8067 4.29027
    endloop
  endfacet
  facet normal 0.13026 0.972429 -0.193428
    outer loop
      vertex -3.68649 9.28797 2.23153
      vertex -4.21172 9.2534 1.70403
      vertex -4.21172 9.35653 2.2225
    endloop
  endfacet
  facet normal 0.130259 0.989358 -0.0648381
    outer loop
      vertex -3.68649 9.28797 2.23153
      vertex -4.21172 9.35653 2.2225
      vertex -4.21172 9.3911 2.75
    endloop
  endfacet
  facet normal 0.130242 0.824384 0.550843
    outer loop
      vertex -3.68649 8.50112 5.36811
      vertex -3.68649 8.78979 4.93609
      vertex -4.21172 8.84967 4.97066
    endloop
  endfacet
  facet normal 0.499194 0.820508 0.278518
    outer loop
      vertex -2.22655 8.4609 4.23867
      vertex -2.68534 8.85834 3.89012
      vertex -2.68534 8.70562 4.34003
    endloop
  endfacet
  facet normal 0.130246 0.972434 0.193414
    outer loop
      vertex -3.68649 9.18661 3.97808
      vertex -3.68649 9.28797 3.46847
      vertex -4.21172 9.2534 3.99597
    endloop
  endfacet
  facet normal 0.258302 0.947504 0.188456
    outer loop
      vertex -3.17478 9.05417 3.94259
      vertex -3.68649 9.28797 3.46847
      vertex -3.68649 9.18661 3.97808
    endloop
  endfacet
  facet normal 0.130244 0.938861 0.31871
    outer loop
      vertex -3.68649 9.01959 4.47009
      vertex -3.68649 9.18661 3.97808
      vertex -4.21172 9.2534 3.99597
    endloop
  endfacet
  facet normal 0 0.946932 0.321433
    outer loop
      vertex -4.21172 9.2534 3.99597
      vertex -4.74149 9.08348 4.49655
      vertex -4.21172 9.08348 4.49655
    endloop
  endfacet
  facet normal 0 0.946932 0.321433
    outer loop
      vertex -4.74149 9.08348 4.49655
      vertex -4.21172 9.2534 3.99597
      vertex -4.74149 9.2534 3.99597
    endloop
  endfacet
  facet normal -0.258286 0.947531 -0.188346
    outer loop
      vertex -5.26672 9.28797 2.23153
      vertex -5.27856 9.28256 2.22055
      vertex -5.27801 9.28497 2.23192
    endloop
  endfacet
  facet normal 0.381989 0.768411 0.513448
    outer loop
      vertex -2.68534 8.2315 5.16122
      vertex -2.68534 8.49547 4.76617
      vertex -3.17478 8.39234 5.28464
    endloop
  endfacet
  facet normal 0 -1 -0
    outer loop
      vertex 0 -2.79999 3.05176e-06
      vertex -2.86102e-06 -2.79999 1.90735e-07
      vertex 0 -2.79999 1.90735e-07
    endloop
  endfacet
  facet normal 0 0.831471 -0.555568
    outer loop
      vertex -4.21172 8.55598 0.289795
      vertex -4.74149 8.84967 0.729336
      vertex -4.21172 8.84967 0.729336
    endloop
  endfacet
  facet normal 0 0.831471 -0.555568
    outer loop
      vertex -4.74149 8.84967 0.729336
      vertex -4.21172 8.55598 0.289795
      vertex -4.74149 8.55598 0.289795
    endloop
  endfacet
  facet normal 1 0 0
    outer loop
      vertex 0 4.2 1
      vertex 0 2.08989 1.40584
      vertex 0 2.1 1.2
    endloop
  endfacet
  facet normal 1 0 0
    outer loop
      vertex 0 2.7 2.5
      vertex 0 2.05965 1.60969
      vertex 0 2.08989 1.40584
    endloop
  endfacet
  facet normal 1 0 0
    outer loop
      vertex 0 2.7 2.5
      vertex 0 2.00957 1.8096
      vertex 0 2.05965 1.60969
    endloop
  endfacet
  facet normal 1 -0 0
    outer loop
      vertex 0 1.33223 2.82332
      vertex 0 2.7 2.5
      vertex 0 4.2 4
    endloop
  endfacet
  facet normal 1 0 0
    outer loop
      vertex 0 2.7 2.5
      vertex 0 1.94015 2.00363
      vertex 0 2.00957 1.8096
    endloop
  endfacet
  facet normal 1 0 0
    outer loop
      vertex 0 2.7 2.5
      vertex 0 1.85203 2.18993
      vertex 0 1.94015 2.00363
    endloop
  endfacet
  facet normal 1 0 0
    outer loop
      vertex 0 2.7 2.5
      vertex 0 1.74609 2.3667
      vertex 0 1.85203 2.18993
    endloop
  endfacet
  facet normal 1 0 0
    outer loop
      vertex 0 2.7 2.5
      vertex 0 1.62332 2.53223
      vertex 0 1.74609 2.3667
    endloop
  endfacet
  facet normal 1 0 0
    outer loop
      vertex 0 2.7 2.5
      vertex 0 1.48492 2.68492
      vertex 0 1.62332 2.53223
    endloop
  endfacet
  facet normal 1 0 0
    outer loop
      vertex 0 2.7 2.5
      vertex 0 1.33223 2.82332
      vertex 0 1.48492 2.68492
    endloop
  endfacet
  facet normal 1 -0 0
    outer loop
      vertex 0 -1.79999 4.49999
      vertex 0 4.2 4
      vertex 0 5.34976 4.49999
    endloop
  endfacet
  facet normal 1 0 0
    outer loop
      vertex 0 4.2 4
      vertex 0 1.1667 2.94609
      vertex 0 1.33223 2.82332
    endloop
  endfacet
  facet normal 1 0 0
    outer loop
      vertex 0 4.2 4
      vertex 0 0.989933 3.05203
      vertex 0 1.1667 2.94609
    endloop
  endfacet
  facet normal 1 0 0
    outer loop
      vertex 0 4.2 4
      vertex 0 0.4 3.4
      vertex 0 0.989933 3.05203
    endloop
  endfacet
  facet normal 1 0 0
    outer loop
      vertex 0 0.989933 3.05203
      vertex 0 0.4 3.4
      vertex 0 0.803635 3.14015
    endloop
  endfacet
  facet normal 1 0 0
    outer loop
      vertex 0 0.803635 3.14015
      vertex 0 0.4 3.4
      vertex 0 0.609597 3.20957
    endloop
  endfacet
  facet normal 1 0 0
    outer loop
      vertex 0 0.609597 3.20957
      vertex 0 0.4 3.4
      vertex 0 0.409689 3.25965
    endloop
  endfacet
  facet normal 1 0 0
    outer loop
      vertex 0 4.2 4
      vertex 0 -1.79999 4.49999
      vertex 0 0.4 3.4
    endloop
  endfacet
  facet normal 1 0 0
    outer loop
      vertex 0 -0.4 3.4
      vertex 0 -0.409689 3.25965
      vertex 0 -0.4 3.26109
    endloop
  endfacet
  facet normal 1 0 0
    outer loop
      vertex 0 -0.4 3.4
      vertex 0 -0.609597 3.20957
      vertex 0 -0.409689 3.25965
    endloop
  endfacet
  facet normal 1 0 0
    outer loop
      vertex 0 -0.4 3.4
      vertex 0 -0.803635 3.14015
      vertex 0 -0.609597 3.20957
    endloop
  endfacet
  facet normal 1 0 0
    outer loop
      vertex 0 -1.79999 4.49999
      vertex 0 -0.803635 3.14015
      vertex 0 -0.4 3.4
    endloop
  endfacet
  facet normal 1 0 0
    outer loop
      vertex 0 0.4 3.4
      vertex 0 -1.79999 4.49999
      vertex 0 -0.4 3.4
    endloop
  endfacet
  facet normal 1 0 0
    outer loop
      vertex 0 -0.803635 3.14015
      vertex 0 -1.79999 4.49999
      vertex 0 -0.989933 3.05203
    endloop
  endfacet
  facet normal 1 0 0
    outer loop
      vertex 0 -1.79999 4.49999
      vertex 0 -1.1667 2.94609
      vertex 0 -0.989933 3.05203
    endloop
  endfacet
  facet normal 1 0 0
    outer loop
      vertex 0 -1.79999 4.49999
      vertex 0 -1.33223 2.82332
      vertex 0 -1.1667 2.94609
    endloop
  endfacet
  facet normal 1 -0 0
    outer loop
      vertex 0 -1.89801 4.49517
      vertex 0 -1.33223 2.82332
      vertex 0 -1.79999 4.49999
    endloop
  endfacet
  facet normal 1 -0 0
    outer loop
      vertex 0 -1.99507 4.48078
      vertex 0 -1.33223 2.82332
      vertex 0 -1.89801 4.49517
    endloop
  endfacet
  facet normal 1 0 0
    outer loop
      vertex 0 -1.48492 2.68492
      vertex 0 -2.79999 3.49999
      vertex 0 -1.62332 2.53223
    endloop
  endfacet
  facet normal 1 0 0
    outer loop
      vertex 0 -1.62332 2.53223
      vertex 0 -2.79999 3.49999
      vertex 0 -1.74609 2.3667
    endloop
  endfacet
  facet normal 1 -0 0
    outer loop
      vertex 0 -2.09027 4.45693
      vertex 0 -1.33223 2.82332
      vertex 0 -1.99507 4.48078
    endloop
  endfacet
  facet normal 1 0 0
    outer loop
      vertex 0 -1.74609 2.3667
      vertex 0 -2.79999 3.49999
      vertex 0 -1.85203 2.18993
    endloop
  endfacet
  facet normal 1 -0 0
    outer loop
      vertex 0 -2.18268 4.42386
      vertex 0 -1.33223 2.82332
      vertex 0 -2.09027 4.45693
    endloop
  endfacet
  facet normal 1 0 0
    outer loop
      vertex 0 -1.85203 2.18993
      vertex 0 -2.79999 3.49999
      vertex 0 -1.94015 2.00363
    endloop
  endfacet
  facet normal 1 0 0
    outer loop
      vertex 0 -1.94015 2.00363
      vertex 0 -2.79999 3.49999
      vertex 0 -2.00957 1.8096
    endloop
  endfacet
  facet normal 1 0 0
    outer loop
      vertex 0 -2.00957 1.8096
      vertex 0 -2.79999 3.49999
      vertex 0 -2.05965 1.60969
    endloop
  endfacet
  facet normal 1 -0 0
    outer loop
      vertex 0 -2.27138 4.38192
      vertex 0 -1.33223 2.82332
      vertex 0 -2.18268 4.42386
    endloop
  endfacet
  facet normal 1 0 0
    outer loop
      vertex 0 -2.05965 1.60969
      vertex 0 -2.79999 3.49999
      vertex 0 -2.08989 1.40584
    endloop
  endfacet
  facet normal 1 -0 0
    outer loop
      vertex 0 -2.35556 4.33145
      vertex 0 -1.33223 2.82332
      vertex 0 -2.27138 4.38192
    endloop
  endfacet
  facet normal 1 0 0
    outer loop
      vertex 0 5.90533 4.33145
      vertex 0 5.94977 3.09999
      vertex 0 5.98416 4.273
    endloop
  endfacet
  facet normal 1 0 0
    outer loop
      vertex 0 5.82115 4.38192
      vertex 0 5.94977 3.09999
      vertex 0 5.90533 4.33145
    endloop
  endfacet
  facet normal 1 0 0
    outer loop
      vertex 0 5.73245 4.42386
      vertex 0 5.94977 3.09999
      vertex 0 5.82115 4.38192
    endloop
  endfacet
  facet normal 1 0 0
    outer loop
      vertex 0 5.64005 4.45693
      vertex 0 5.94977 3.09999
      vertex 0 5.73245 4.42386
    endloop
  endfacet
  facet normal 1 0 0
    outer loop
      vertex 0 5.54485 4.48078
      vertex 0 5.94977 3.09999
      vertex 0 5.64005 4.45693
    endloop
  endfacet
  facet normal 1 0 0
    outer loop
      vertex 0 5.44778 4.49517
      vertex 0 5.94977 3.09999
      vertex 0 5.54485 4.48078
    endloop
  endfacet
  facet normal 1 0 0
    outer loop
      vertex 0 5.34976 4.49999
      vertex 0 5.94977 3.09999
      vertex 0 5.44778 4.49517
    endloop
  endfacet
  facet normal 1 -0 0
    outer loop
      vertex 0 4.2 4
      vertex 0 5.94977 3.09999
      vertex 0 5.34976 4.49999
    endloop
  endfacet
  facet normal 1 0 0
    outer loop
      vertex 0 5.94977 3.09999
      vertex 0 4.2 4
      vertex 0 4.2 3.09999
    endloop
  endfacet
  facet normal 1 -0 0
    outer loop
      vertex 0 5.94977 1.90001
      vertex 0 6.34976 3.05176e-06
      vertex 0 6.34976 3.49999
    endloop
  endfacet
  facet normal 1 0 0
    outer loop
      vertex 0 5.94977 3.09999
      vertex 0 6.34976 3.49999
      vertex 0 6.34494 3.59801
    endloop
  endfacet
  facet normal 1 0 0
    outer loop
      vertex 0 5.94977 3.09999
      vertex 0 6.34494 3.59801
      vertex 0 6.33055 3.69507
    endloop
  endfacet
  facet normal 1 0 0
    outer loop
      vertex 0 5.94977 3.09999
      vertex 0 6.33055 3.69507
      vertex 0 6.3067 3.79027
    endloop
  endfacet
  facet normal 1 0 0
    outer loop
      vertex 0 5.94977 3.09999
      vertex 0 6.3067 3.79027
      vertex 0 6.27364 3.88268
    endloop
  endfacet
  facet normal 1 0 0
    outer loop
      vertex 0 5.94977 3.09999
      vertex 0 6.27364 3.88268
      vertex 0 6.23169 3.97138
    endloop
  endfacet
  facet normal 1 0 0
    outer loop
      vertex 0 5.94977 3.09999
      vertex 0 6.23169 3.97138
      vertex 0 6.18123 4.05556
    endloop
  endfacet
  facet normal 1 0 0
    outer loop
      vertex 0 5.94977 3.09999
      vertex 0 6.18123 4.05556
      vertex 0 6.12277 4.13439
    endloop
  endfacet
  facet normal 1 0 0
    outer loop
      vertex 0 5.94977 3.09999
      vertex 0 6.12277 4.13439
      vertex 0 6.05687 4.2071
    endloop
  endfacet
  facet normal 1 0 0
    outer loop
      vertex 0 5.94977 3.09999
      vertex 0 6.05687 4.2071
      vertex 0 5.98416 4.273
    endloop
  endfacet
  facet normal 1 0 0
    outer loop
      vertex 0 6.34976 3.49999
      vertex 0 5.94977 3.09999
      vertex 0 5.94977 1.90001
    endloop
  endfacet
  facet normal 1 -0 0
    outer loop
      vertex 0 4.2 1
      vertex 0 6.34976 3.05176e-06
      vertex 0 5.94977 1.90001
    endloop
  endfacet
  facet normal 1 0 0
    outer loop
      vertex 0 4.2 1
      vertex 0 5.94977 1.90001
      vertex 0 4.2 1.90001
    endloop
  endfacet
  facet normal 1 0 0
    outer loop
      vertex 0 6.34976 3.05176e-06
      vertex 0 4.2 1
      vertex 0 6.34976 1.90735e-07
    endloop
  endfacet
  facet normal 1 -0 0
    outer loop
      vertex 0 2.08989 1.40584
      vertex 0 4.2 1
      vertex 0 2.7 2.5
    endloop
  endfacet
  facet normal 1 0 0
    outer loop
      vertex 0 2.08989 0.994165
      vertex 0 4.2 1
      vertex 0 2.1 1.2
    endloop
  endfacet
  facet normal 1 0 0
    outer loop
      vertex 0 2.05965 0.790311
      vertex 0 4.2 1
      vertex 0 2.08989 0.994165
    endloop
  endfacet
  facet normal 1 0 0
    outer loop
      vertex 0 2.00957 0.590403
      vertex 0 4.2 1
      vertex 0 2.05965 0.790311
    endloop
  endfacet
  facet normal 1 0 0
    outer loop
      vertex 0 1.94015 0.396365
      vertex 0 4.2 1
      vertex 0 2.00957 0.590403
    endloop
  endfacet
  facet normal 1 0 0
    outer loop
      vertex 0 1.85203 0.210067
      vertex 0 4.2 1
      vertex 0 1.94015 0.396365
    endloop
  endfacet
  facet normal 1 0 0
    outer loop
      vertex 0 1.74609 0.0333035
      vertex 0 4.2 1
      vertex 0 1.85203 0.210067
    endloop
  endfacet
  facet normal 1 0 0
    outer loop
      vertex 0 1.72139 1.90735e-07
      vertex 0 4.2 1
      vertex 0 1.74609 0.0333035
    endloop
  endfacet
  facet normal 1 0 0
    outer loop
      vertex 0 4.2 1
      vertex 0 1.72139 1.90735e-07
      vertex 0 6.34976 1.90735e-07
    endloop
  endfacet
  facet normal 1 0 0
    outer loop
      vertex 0 0.409689 3.25965
      vertex 0 0.4 3.4
      vertex 0 0.4 3.26109
    endloop
  endfacet
  facet normal 1 -0 0
    outer loop
      vertex 0 -2.43439 4.273
      vertex 0 -1.33223 2.82332
      vertex 0 -2.35556 4.33145
    endloop
  endfacet
  facet normal 1 0 0
    outer loop
      vertex 0 -2.79999 3.05176e-06
      vertex 0 -2.08989 1.40584
      vertex 0 -2.79999 3.49999
    endloop
  endfacet
  facet normal 1 -0 0
    outer loop
      vertex 0 -2.5071 4.2071
      vertex 0 -1.33223 2.82332
      vertex 0 -2.43439 4.273
    endloop
  endfacet
  facet normal 1 -0 0
    outer loop
      vertex 0 -2.573 4.13439
      vertex 0 -1.33223 2.82332
      vertex 0 -2.5071 4.2071
    endloop
  endfacet
  facet normal 1 -0 0
    outer loop
      vertex 0 -2.63145 4.05556
      vertex 0 -1.33223 2.82332
      vertex 0 -2.573 4.13439
    endloop
  endfacet
  facet normal 1 -0 0
    outer loop
      vertex 0 -2.68192 3.97138
      vertex 0 -1.33223 2.82332
      vertex 0 -2.63145 4.05556
    endloop
  endfacet
  facet normal 1 0 0
    outer loop
      vertex 0 -2.08989 1.40584
      vertex 0 -2.79999 3.05176e-06
      vertex 0 -2.1 1.2
    endloop
  endfacet
  facet normal 1 -0 0
    outer loop
      vertex 0 -2.72386 3.88268
      vertex 0 -1.33223 2.82332
      vertex 0 -2.68192 3.97138
    endloop
  endfacet
  facet normal 1 -0 0
    outer loop
      vertex 0 -2.75693 3.79027
      vertex 0 -1.33223 2.82332
      vertex 0 -2.72386 3.88268
    endloop
  endfacet
  facet normal 1 -0 0
    outer loop
      vertex 0 -2.78078 3.69507
      vertex 0 -1.33223 2.82332
      vertex 0 -2.75693 3.79027
    endloop
  endfacet
  facet normal 1 -0 0
    outer loop
      vertex 0 -2.79517 3.59801
      vertex 0 -1.33223 2.82332
      vertex 0 -2.78078 3.69507
    endloop
  endfacet
  facet normal 1 0 0
    outer loop
      vertex 0 -1.33223 2.82332
      vertex 0 -2.79999 3.49999
      vertex 0 -1.48492 2.68492
    endloop
  endfacet
  facet normal 1 0 0
    outer loop
      vertex 0 -1.33223 2.82332
      vertex 0 -2.79517 3.59801
      vertex 0 -2.79999 3.49999
    endloop
  endfacet
  facet normal 1 0 0
    outer loop
      vertex 0 -2.1 1.2
      vertex 0 -2.79999 3.05176e-06
      vertex 0 -2.08989 0.994165
    endloop
  endfacet
  facet normal 1 0 0
    outer loop
      vertex 0 -1.74609 0.0333035
      vertex 0 -2.79999 1.90735e-07
      vertex 0 -1.72139 1.90735e-07
    endloop
  endfacet
  facet normal 1 0 0
    outer loop
      vertex 0 -1.85203 0.210067
      vertex 0 -2.79999 1.90735e-07
      vertex 0 -1.74609 0.0333035
    endloop
  endfacet
  facet normal 1 0 0
    outer loop
      vertex 0 -2.79999 3.05176e-06
      vertex 0 -1.85203 0.210067
      vertex 0 -1.94015 0.396365
    endloop
  endfacet
  facet normal 1 0 0
    outer loop
      vertex 0 -2.79999 3.05176e-06
      vertex 0 -1.94015 0.396365
      vertex 0 -2.00957 0.590403
    endloop
  endfacet
  facet normal 1 0 0
    outer loop
      vertex 0 -2.08989 0.994165
      vertex 0 -2.79999 3.05176e-06
      vertex 0 -2.05965 0.790311
    endloop
  endfacet
  facet normal 1 0 0
    outer loop
      vertex 0 -2.05965 0.790311
      vertex 0 -2.79999 3.05176e-06
      vertex 0 -2.00957 0.590403
    endloop
  endfacet
  facet normal 1 0 0
    outer loop
      vertex 0 -1.85203 0.210067
      vertex 0 -2.79999 3.05176e-06
      vertex 0 -2.79999 1.90735e-07
    endloop
  endfacet
  facet normal -0.798575 -0.595402 0.0881764
    outer loop
      vertex -3.58848 -2.52578 3.67011
      vertex -3.31 -2.88078 3.79508
      vertex -3.58637 -2.51508 3.76147
    endloop
  endfacet
  facet normal -0.798584 -0.595376 0.0882697
    outer loop
      vertex -3.31 -2.88078 3.79508
      vertex -3.58848 -2.52578 3.67011
      vertex -3.31 -2.89517 3.69802
    endloop
  endfacet
  facet normal -0.793307 -0.586484 0.1634
    outer loop
      vertex -3.60087 -2.46828 3.87307
      vertex -3.59982 -2.47128 3.8674
      vertex -3.31 -2.85693 3.89028
    endloop
  endfacet
  facet normal -0.774925 -0.571412 0.270149
    outer loop
      vertex -3.31 -2.78192 4.07138
      vertex -3.65219 -2.34358 4.01697
      vertex -3.63454 -2.38412 3.98185
    endloop
  endfacet
  facet normal -0.774914 -0.571395 0.270216
    outer loop
      vertex -3.65219 -2.34358 4.01697
      vertex -3.31 -2.78192 4.07138
      vertex -3.6752 -2.29072 4.06276
    endloop
  endfacet
  facet normal -0.774915 -0.571385 0.270232
    outer loop
      vertex -3.31 -2.78192 4.07138
      vertex -3.63454 -2.38412 3.98185
      vertex -3.31 -2.82387 3.98268
    endloop
  endfacet
  facet normal -0.179663 -0.926207 0.331454
    outer loop
      vertex -3.31 -2.82387 3.98268
      vertex -0.509999 -3.25693 4.29027
      vertex -0.509999 -3.22386 4.38268
    endloop
  endfacet
  facet normal -0.179659 -0.926228 0.331397
    outer loop
      vertex -0.509999 -3.25693 4.29027
      vertex -3.31 -2.82387 3.98268
      vertex -3.31 -2.85693 3.89028
    endloop
  endfacet
  facet normal -0.13026 0.972429 -0.193428
    outer loop
      vertex -4.74149 9.35653 2.2225
      vertex -4.74149 9.2534 1.70403
      vertex -5.26672 9.28797 2.23153
    endloop
  endfacet
  facet normal -0.25808 0.914909 -0.310381
    outer loop
      vertex -5.26672 9.01959 1.22991
      vertex -5.29593 9.01802 1.24957
      vertex -5.29584 9.02156 1.25993
    endloop
  endfacet
  facet normal -0.25832 0.914714 -0.310755
    outer loop
      vertex -5.29593 9.01802 1.24957
      vertex -5.26672 9.01959 1.22991
      vertex -5.29483 9.01263 1.23279
    endloop
  endfacet
  facet normal 0.535007 0.819518 -0.205326
    outer loop
      vertex -2.22655 8.60248 1.87844
      vertex -0.966322 7.30913 1.90735e-07
      vertex -1.01128 7.33848 1.90735e-07
    endloop
  endfacet
  facet normal 0.381991 0.906411 -0.180284
    outer loop
      vertex -2.68534 8.85834 1.80988
      vertex -3.17478 9.05417 1.75741
      vertex -3.17478 9.15203 2.24942
    endloop
  endfacet
  facet normal 0.706512 0.705809 -0.0517126
    outer loop
      vertex -1.43165 7.99728 2.40145
      vertex -0.764751 7.15377 1.90735e-07
      vertex -1.80626 8.36868 2.35255
    endloop
  endfacet
  facet normal 0.706509 0.705812 -0.0517144
    outer loop
      vertex -0.764751 7.15377 1.90735e-07
      vertex -1.43165 7.99728 2.40145
      vertex -0.685749 7.07469 1.90735e-07
    endloop
  endfacet
  facet normal 0.706344 0.706353 -0.0462964
    outer loop
      vertex -1.43165 7.99728 2.40145
      vertex -1.80626 8.36868 2.35255
      vertex -1.80626 8.39473 2.75
    endloop
  endfacet
  facet normal 0.75056 0.0969007 0.653659
    outer loop
      vertex -0.5 5.94778 4.99517
      vertex 0 5.54485 4.48078
      vertex -0.5 6.04485 4.98078
    endloop
  endfacet
  facet normal 0.75056 0.0969007 0.653659
    outer loop
      vertex 0 5.54485 4.48078
      vertex -0.5 5.94778 4.99517
      vertex 0 5.44778 4.49517
    endloop
  endfacet
  facet normal 0.72345 0.0339073 0.689543
    outer loop
      vertex -0.5 5.84976 4.99999
      vertex 0 5.44778 4.49517
      vertex -0.5 5.94778 4.99517
    endloop
  endfacet
  facet normal 0.72345 0.0339073 0.689543
    outer loop
      vertex 0 5.44778 4.49517
      vertex -0.5 5.84976 4.99999
      vertex 0 5.34976 4.49999
    endloop
  endfacet
  facet normal 0.579656 0.198024 0.790434
    outer loop
      vertex -0.5 6.14005 4.95693
      vertex -1.23364 6.11984 5.5
      vertex -0.5 6.04485 4.98078
    endloop
  endfacet
  facet normal 0.579653 0.198045 0.790431
    outer loop
      vertex -1.23364 6.11984 5.5
      vertex -0.5 6.14005 4.95693
      vertex -1.25265 6.17548 5.5
    endloop
  endfacet
  facet normal 0.573135 0.276133 0.771535
    outer loop
      vertex -0.5 6.23245 4.92386
      vertex -1.34916 6.38517 5.5
      vertex -0.5 6.14005 4.95693
    endloop
  endfacet
  facet normal 0.573138 0.276071 0.771555
    outer loop
      vertex -1.34916 6.38517 5.5
      vertex -0.5 6.23245 4.92386
      vertex -1.37467 6.43813 5.5
    endloop
  endfacet
  facet normal 0.816168 0.388035 0.428134
    outer loop
      vertex -0.5 6.48416 4.773
      vertex 0 6.05687 4.2071
      vertex -0.5 6.55687 4.7071
    endloop
  endfacet
  facet normal 0.816168 0.388035 0.428134
    outer loop
      vertex 0 6.05687 4.2071
      vertex -0.5 6.48416 4.773
      vertex 0 5.98416 4.273
    endloop
  endfacet
  facet normal 0.60794 0.660173 0.441112
    outer loop
      vertex -1.80626 7.7655 4.80365
      vertex -1.80626 7.98678 4.47248
      vertex -2.22655 8.02136 4.99997
    endloop
  endfacet
  facet normal 0.599301 0.601863 0.527825
    outer loop
      vertex -2.22655 7.73092 5.33115
      vertex -0.5 6.62277 4.63439
      vertex -2.22655 8.02136 4.99997
    endloop
  endfacet
  facet normal 0.813517 0.46711 0.346407
    outer loop
      vertex 0 6.12277 4.13439
      vertex -0.5 6.68123 4.55556
      vertex -0.5 6.62277 4.63439
    endloop
  endfacet
  facet normal 0.813517 0.46711 0.346407
    outer loop
      vertex -0.5 6.68123 4.55556
      vertex 0 6.12277 4.13439
      vertex 0 6.18123 4.05556
    endloop
  endfacet
  facet normal 0.799611 0.542867 0.256745
    outer loop
      vertex 0 6.23169 3.97138
      vertex -0.5 6.77364 4.38268
      vertex -0.5 6.73169 4.47138
    endloop
  endfacet
  facet normal 0.799611 0.542867 0.256745
    outer loop
      vertex -0.5 6.77364 4.38268
      vertex 0 6.23169 3.97138
      vertex 0 6.27364 3.88268
    endloop
  endfacet
  facet normal 0.571257 0.350843 0.742007
    outer loop
      vertex -0.5 6.32115 4.88192
      vertex -1.37467 6.43813 5.5
      vertex -0.5 6.23245 4.92386
    endloop
  endfacet
  facet normal 0.571238 0.350988 0.741953
    outer loop
      vertex -1.37467 6.43813 5.5
      vertex -0.5 6.32115 4.88192
      vertex -1.40498 6.48746 5.5
    endloop
  endfacet
  facet normal 0.258816 -0.136321 0.956259
    outer loop
      vertex -1.34977 -0.470098 5.5
      vertex -0.5 -2.39801 4.99517
      vertex -1.2685 -0.3158 5.5
    endloop
  endfacet
  facet normal 0 -0.265263 0.964176
    outer loop
      vertex -1.56276 -0.616324 5.5
      vertex -0.509999 -2.59027 4.95693
      vertex -0.5 -2.59027 4.95693
    endloop
  endfacet
  facet normal 0 -0.265263 0.964176
    outer loop
      vertex -0.509999 -2.59027 4.95693
      vertex -1.56276 -0.616324 5.5
      vertex -1.72158 -0.616324 5.5
    endloop
  endfacet
  facet normal 0.771609 -0.154581 0.617028
    outer loop
      vertex -0.5 -2.49507 4.98078
      vertex 0 -2.09027 4.45693
      vertex 0 -1.99507 4.48078
    endloop
  endfacet
  facet normal 0.771609 -0.154581 0.617028
    outer loop
      vertex 0 -2.09027 4.45693
      vertex -0.5 -2.49507 4.98078
      vertex -0.5 -2.59027 4.95693
    endloop
  endfacet
  facet normal 0.0442788 -0.242771 0.969073
    outer loop
      vertex -1.56276 -0.616324 5.5
      vertex -0.5 -2.49507 4.98078
      vertex -1.52903 -0.610172 5.5
    endloop
  endfacet
  facet normal 0.0442671 -0.242777 0.969072
    outer loop
      vertex -0.5 -2.49507 4.98078
      vertex -1.56276 -0.616324 5.5
      vertex -0.5 -2.59027 4.95693
    endloop
  endfacet
  facet normal -0.499907 -0.452152 0.738682
    outer loop
      vertex -4.77673 0.329416 5.14355
      vertex -4.58725 -0.167118 4.96785
      vertex -3.31 -2.45557 4.43146
    endloop
  endfacet
  facet normal -0.500484 -0.452219 0.73825
    outer loop
      vertex -4.58725 -0.167118 4.96785
      vertex -4.77673 0.329416 5.14355
      vertex -4.62528 -0.0762009 4.99776
    endloop
  endfacet
  facet normal -0.49983 -0.452129 0.738749
    outer loop
      vertex -4.99508 0.956428 5.37956
      vertex -4.77673 0.329416 5.14355
      vertex -3.31 -2.45557 4.43146
    endloop
  endfacet
  facet normal -0.500265 -0.452162 0.738434
    outer loop
      vertex -4.77673 0.329416 5.14355
      vertex -4.99508 0.956428 5.37956
      vertex -4.90126 0.66294 5.26341
    endloop
  endfacet
  facet normal -0.543452 -0.466877 0.697628
    outer loop
      vertex -3.31 -2.45557 4.43146
      vertex -4.40805 -0.598836 4.81867
      vertex -4.39829 -0.622345 4.81054
    endloop
  endfacet
  facet normal -0.54272 -0.466601 0.698383
    outer loop
      vertex -4.40805 -0.598836 4.81867
      vertex -3.31 -2.45557 4.43146
      vertex -4.58725 -0.167118 4.96785
    endloop
  endfacet
  facet normal -0.643967 -0.50442 0.575211
    outer loop
      vertex -4.05639 -1.41955 4.51503
      vertex -3.31 -2.53439 4.373
      vertex -4.14225 -1.22635 4.58833
    endloop
  endfacet
  facet normal -0.608731 -0.490026 0.623956
    outer loop
      vertex -3.31 -2.53439 4.373
      vertex -4.24606 -0.995031 4.66872
      vertex -4.14225 -1.22635 4.58833
    endloop
  endfacet
  facet normal -0.608753 -0.490034 0.623928
    outer loop
      vertex -4.24606 -0.995031 4.66872
      vertex -3.31 -2.53439 4.373
      vertex -4.32482 -0.801519 4.74386
    endloop
  endfacet
  facet normal -0.1978 -0.658288 0.726314
    outer loop
      vertex -3.31 -2.6071 4.3071
      vertex -0.509999 -2.93439 4.773
      vertex -3.31 -2.53439 4.373
    endloop
  endfacet
  facet normal -0.1978 -0.658288 0.726314
    outer loop
      vertex -0.509999 -2.93439 4.773
      vertex -3.31 -2.6071 4.3071
      vertex -0.509999 -3.0071 4.7071
    endloop
  endfacet
  facet normal 0 -0.857664 0.514211
    outer loop
      vertex -0.509999 -3.18192 4.47138
      vertex -0.5 -3.13145 4.55556
      vertex -0.509999 -3.13145 4.55556
    endloop
  endfacet
  facet normal 0 -0.857664 0.514211
    outer loop
      vertex -0.5 -3.13145 4.55556
      vertex -0.509999 -3.18192 4.47138
      vertex -0.5 -3.18192 4.47138
    endloop
  endfacet
  facet normal 0 -0.671556 0.740954
    outer loop
      vertex -0.509999 -2.93439 4.773
      vertex -0.5 -3.0071 4.7071
      vertex -0.5 -2.93439 4.773
    endloop
  endfacet
  facet normal 0 -0.671556 0.740954
    outer loop
      vertex -0.5 -3.0071 4.7071
      vertex -0.509999 -2.93439 4.773
      vertex -0.509999 -3.0071 4.7071
    endloop
  endfacet
  facet normal 0 -0.740954 0.671556
    outer loop
      vertex -0.509999 -3.073 4.63439
      vertex -0.5 -3.0071 4.7071
      vertex -0.509999 -3.0071 4.7071
    endloop
  endfacet
  facet normal 0 -0.740954 0.671556
    outer loop
      vertex -0.5 -3.0071 4.7071
      vertex -0.509999 -3.073 4.63439
      vertex -0.5 -3.073 4.63439
    endloop
  endfacet
  facet normal 0.808099 -0.302894 0.505204
    outer loop
      vertex -0.5 -2.77138 4.88192
      vertex 0 -2.35556 4.33145
      vertex 0 -2.27138 4.38192
    endloop
  endfacet
  facet normal 0.808099 -0.302894 0.505204
    outer loop
      vertex 0 -2.35556 4.33145
      vertex -0.5 -2.77138 4.88192
      vertex -0.5 -2.85556 4.83145
    endloop
  endfacet
  facet normal 0.13026 0.889229 -0.438525
    outer loop
      vertex -3.68649 9.01959 1.22991
      vertex -4.21172 8.84967 0.729336
      vertex -4.21172 9.08348 1.20345
    endloop
  endfacet
  facet normal 0 0.896871 -0.442293
    outer loop
      vertex -4.21172 8.84967 0.729336
      vertex -4.74149 9.08348 1.20345
      vertex -4.21172 9.08348 1.20345
    endloop
  endfacet
  facet normal 0 0.896871 -0.442293
    outer loop
      vertex -4.74149 9.08348 1.20345
      vertex -4.21172 8.84967 0.729336
      vertex -4.74149 8.84967 0.729336
    endloop
  endfacet
  facet normal -0.130236 0.98936 0.0648555
    outer loop
      vertex -4.74149 9.3911 2.95
      vertex -5.26672 9.29973 3.28912
      vertex -5.25823 9.28964 3.46009
    endloop
  endfacet
  facet normal -0.130237 0.98936 0.0648545
    outer loop
      vertex -5.26672 9.29973 3.28912
      vertex -4.74149 9.3911 2.95
      vertex -5.26672 9.32196 2.95
    endloop
  endfacet
  facet normal 0 0.997859 0.0653953
    outer loop
      vertex -4.21172 9.3911 2.95
      vertex -4.74149 9.35653 3.4775
      vertex -4.21172 9.35653 3.4775
    endloop
  endfacet
  facet normal 0 0.997859 0.0653953
    outer loop
      vertex -4.74149 9.35653 3.4775
      vertex -4.21172 9.3911 2.95
      vertex -4.74149 9.3911 2.95
    endloop
  endfacet
  facet normal 0.226889 0.809782 -0.541086
    outer loop
      vertex -2.92426 8.06579 1.90735e-07
      vertex -3.68649 8.78979 0.76391
      vertex -2.34864 7.90451 1.90735e-07
    endloop
  endfacet
  facet normal 0.226889 0.809782 -0.541086
    outer loop
      vertex -3.68649 8.78979 0.76391
      vertex -2.92426 8.06579 1.90735e-07
      vertex -3.68649 8.50112 0.33189
    endloop
  endfacet
  facet normal 0.258314 0.866438 -0.427269
    outer loop
      vertex -3.17478 8.67104 0.832467
      vertex -3.68649 8.78979 0.76391
      vertex -3.68649 9.01959 1.22991
    endloop
  endfacet
  facet normal 0.607947 0.660163 0.441118
    outer loop
      vertex -2.22655 8.02136 4.99997
      vertex -1.80626 7.98678 4.47248
      vertex -2.22655 8.26608 4.63373
    endloop
  endfacet
  facet normal 0.499189 0.720457 0.481406
    outer loop
      vertex -2.22655 8.02136 4.99997
      vertex -2.22655 8.26608 4.63373
      vertex -2.68534 8.49547 4.76617
    endloop
  endfacet
  facet normal 0.684945 0.689927 0.234201
    outer loop
      vertex -0.5 6.8067 4.29027
      vertex -1.80626 8.29097 3.73809
      vertex -1.80626 8.16294 4.11525
    endloop
  endfacet
  facet normal 0.607952 0.751837 0.255217
    outer loop
      vertex -1.80626 8.16294 4.11525
      vertex -1.80626 8.29097 3.73809
      vertex -2.22655 8.4609 4.23867
    endloop
  endfacet
  facet normal 0.4992 0.849836 0.169052
    outer loop
      vertex -2.68534 8.85834 3.89012
      vertex -2.22655 8.68842 3.38954
      vertex -2.68534 8.95104 3.42411
    endloop
  endfacet
  facet normal 0.499203 0.820507 0.278505
    outer loop
      vertex -2.22655 8.4609 4.23867
      vertex -2.22655 8.60248 3.82156
      vertex -2.68534 8.85834 3.89012
    endloop
  endfacet
  facet normal 0.608483 0.782178 -0.133959
    outer loop
      vertex -0.899292 7.26021 1.90735e-07
      vertex -1.80626 8.36868 2.35255
      vertex -0.797921 7.18135 1.90735e-07
    endloop
  endfacet
  facet normal 0.608472 0.782186 -0.133967
    outer loop
      vertex -1.80626 8.36868 2.35255
      vertex -0.899292 7.26021 1.90735e-07
      vertex -2.22655 8.68842 2.31046
    endloop
  endfacet
  facet normal 0.608762 0.793353 -0
    outer loop
      vertex -1.80626 8.39473 2.75
      vertex -2.22655 8.71723 2.95
      vertex -1.80626 8.39473 2.95
    endloop
  endfacet
  facet normal 0.608762 0.793353 0
    outer loop
      vertex -2.22655 8.71723 2.95
      vertex -1.80626 8.39473 2.75
      vertex -2.22655 8.71723 2.75
    endloop
  endfacet
  facet normal 0.382679 0.923881 -0
    outer loop
      vertex -2.68534 8.98211 2.75
      vertex -3.17478 9.18484 2.95
      vertex -2.68534 8.98211 2.95
    endloop
  endfacet
  facet normal 0.382679 0.923881 0
    outer loop
      vertex -3.17478 9.18484 2.95
      vertex -2.68534 8.98211 2.75
      vertex -3.17478 9.18484 2.75
    endloop
  endfacet
  facet normal 0.381971 0.922196 0.0604346
    outer loop
      vertex -2.68534 8.95104 3.42411
      vertex -2.68534 8.98211 2.95
      vertex -3.17478 9.15203 3.45058
    endloop
  endfacet
  facet normal 0.499202 0.864631 -0.056661
    outer loop
      vertex -2.22655 8.68842 2.31046
      vertex -2.68534 8.95104 2.27588
      vertex -2.68534 8.98211 2.75
    endloop
  endfacet
  facet normal 0.38197 0.922197 -0.0604333
    outer loop
      vertex -2.68534 8.95104 2.27588
      vertex -3.17478 9.15203 2.24942
      vertex -2.68534 8.98211 2.75
    endloop
  endfacet
  facet normal 0.381977 0.828864 0.408752
    outer loop
      vertex -2.68534 8.49547 4.76617
      vertex -2.68534 8.70562 4.34003
      vertex -3.17478 8.67104 4.86753
    endloop
  endfacet
  facet normal 0.381988 0.828854 0.408762
    outer loop
      vertex -3.17478 8.67104 4.86753
      vertex -2.68534 8.70562 4.34003
      vertex -3.17478 8.89292 4.41762
    endloop
  endfacet
  facet normal 0.130512 0.991447 -0
    outer loop
      vertex -3.68649 9.32196 2.75
      vertex -4.21172 9.3911 2.95
      vertex -3.68649 9.32196 2.95
    endloop
  endfacet
  facet normal 0.130512 0.991447 0
    outer loop
      vertex -4.21172 9.3911 2.95
      vertex -3.68649 9.32196 2.75
      vertex -4.21172 9.3911 2.75
    endloop
  endfacet
  facet normal 0.130237 0.989359 0.0648607
    outer loop
      vertex -3.68649 9.28797 3.46847
      vertex -3.68649 9.32196 2.95
      vertex -4.21172 9.3911 2.95
    endloop
  endfacet
  facet normal 0 0.980785 0.19509
    outer loop
      vertex -4.21172 9.35653 3.4775
      vertex -4.74149 9.2534 3.99597
      vertex -4.21172 9.2534 3.99597
    endloop
  endfacet
  facet normal 0 0.980785 0.19509
    outer loop
      vertex -4.74149 9.2534 3.99597
      vertex -4.21172 9.35653 3.4775
      vertex -4.74149 9.35653 3.4775
    endloop
  endfacet
  facet normal 0.13026 0.972429 0.193428
    outer loop
      vertex -4.21172 9.2534 3.99597
      vertex -3.68649 9.28797 3.46847
      vertex -4.21172 9.35653 3.4775
    endloop
  endfacet
  facet normal 0.258293 0.866432 0.427294
    outer loop
      vertex -3.17478 8.67104 4.86753
      vertex -3.17478 8.89292 4.41762
      vertex -3.68649 9.01959 4.47009
    endloop
  endfacet
  facet normal 0.258293 0.914798 0.31053
    outer loop
      vertex -3.17478 8.89292 4.41762
      vertex -3.17478 9.05417 3.94259
      vertex -3.68649 9.01959 4.47009
    endloop
  endfacet
  facet normal -0.259327 0.963715 0.0632721
    outer loop
      vertex -5.26672 9.32196 2.95
      vertex -5.27222 9.32048 2.95
      vertex -5.2723 9.3201 2.95546
    endloop
  endfacet
  facet normal 0 0.896869 0.442296
    outer loop
      vertex -4.21172 9.08348 4.49655
      vertex -4.74149 8.84967 4.97066
      vertex -4.21172 8.84967 4.97066
    endloop
  endfacet
  facet normal 0 0.896869 0.442296
    outer loop
      vertex -4.74149 8.84967 4.97066
      vertex -4.21172 9.08348 4.49655
      vertex -4.74149 9.08348 4.49655
    endloop
  endfacet
  facet normal -0.130234 0.824534 0.55062
    outer loop
      vertex -4.74149 8.55598 5.4102
      vertex -5.23688 8.52092 5.34553
      vertex -5.23497 8.50444 5.37066
    endloop
  endfacet
  facet normal -0.130252 0.824387 0.550836
    outer loop
      vertex -5.23688 8.52092 5.34553
      vertex -4.74149 8.55598 5.4102
      vertex -4.74149 8.84967 4.97066
    endloop
  endfacet
  facet normal 0.499101 0.651504 0.57135
    outer loop
      vertex -2.66901 7.92189 5.5
      vertex -2.68534 8.2315 5.16122
      vertex -2.68534 7.9344 5.5
    endloop
  endfacet
  facet normal 0.499191 0.651468 0.571313
    outer loop
      vertex -2.68534 8.2315 5.16122
      vertex -2.66901 7.92189 5.5
      vertex -2.22655 8.02136 4.99997
    endloop
  endfacet
  facet normal 0.49919 0.720457 0.481405
    outer loop
      vertex -2.22655 8.02136 4.99997
      vertex -2.68534 8.49547 4.76617
      vertex -2.68534 8.2315 5.16122
    endloop
  endfacet
  facet normal -0.130246 0.824389 -0.550835
    outer loop
      vertex -4.74149 8.84967 0.729336
      vertex -4.74149 8.55598 0.289795
      vertex -5.26672 8.78979 0.76391
    endloop
  endfacet
  facet normal 0.19548 0.787688 -0.584239
    outer loop
      vertex -3.68649 8.50112 0.33189
      vertex -2.92426 8.06579 1.90735e-07
      vertex -2.96524 8.07596 1.90735e-07
    endloop
  endfacet
  facet normal -0.79779 -0.602936 -1.40279e-05
    outer loop
      vertex -3.31 -2.89999 3.59999
      vertex -3.6837 -2.4055 2.75
      vertex -3.6396 -2.46384 2.23486
    endloop
  endfacet
  facet normal -0.797829 -0.602883 1.2456e-05
    outer loop
      vertex -3.31 -2.89999 3.59999
      vertex -3.6396 -2.46384 2.23486
      vertex -3.61803 -2.49239 1.98285
    endloop
  endfacet
  facet normal -0.797818 -0.602898 2.08105e-05
    outer loop
      vertex -3.6837 -2.4055 2.75
      vertex -3.31 -2.89999 3.59999
      vertex -3.6396 -2.46384 3.26514
    endloop
  endfacet
  facet normal -0.797804 -0.602917 -1.84795e-05
    outer loop
      vertex -3.6396 -2.46384 3.26514
      vertex -3.31 -2.89999 3.59999
      vertex -3.61803 -2.49239 3.51715
    endloop
  endfacet
  facet normal -0.797805 -0.602916 -4.02383e-07
    outer loop
      vertex -3.31 -2.89999 3.59999
      vertex -3.61803 -2.49239 1.98285
      vertex -3.476 -2.68033 1.4161
    endloop
  endfacet
  facet normal -0.797677 -0.603084 0.000114396
    outer loop
      vertex -3.31 -2.89999 0.899906
      vertex -3.476 -2.68033 1.4161
      vertex -3.40875 -2.76933 1.14775
    endloop
  endfacet
  facet normal -0.797807 -0.602913 0
    outer loop
      vertex -3.476 -2.68033 1.4161
      vertex -3.31 -2.89999 0.899906
      vertex -3.31 -2.89999 3.59999
    endloop
  endfacet
  facet normal -0.797803 -0.602918 -2.19125e-05
    outer loop
      vertex -3.61803 -2.49239 3.51715
      vertex -3.31 -2.89999 3.59999
      vertex -3.60798 -2.50569 3.55728
    endloop
  endfacet
  facet normal -0.757131 -0.560314 0.335857
    outer loop
      vertex -3.69016 -2.25666 4.09068
      vertex -3.31 -2.73146 4.15557
      vertex -3.7451 -2.1355 4.16896
    endloop
  endfacet
  facet normal -0.757136 -0.560322 0.335834
    outer loop
      vertex -3.31 -2.73146 4.15557
      vertex -3.69016 -2.25666 4.09068
      vertex -3.31 -2.78192 4.07138
    endloop
  endfacet
  facet normal -0.192319 -0.841653 0.504612
    outer loop
      vertex -3.31 -2.73146 4.15557
      vertex -0.509999 -3.18192 4.47138
      vertex -0.509999 -3.13145 4.55556
    endloop
  endfacet
  facet normal -0.192317 -0.841724 0.504495
    outer loop
      vertex -0.509999 -3.18192 4.47138
      vertex -3.31 -2.73146 4.15557
      vertex -3.31 -2.78192 4.07138
    endloop
  endfacet
  facet normal -0.130227 0.745443 0.653724
    outer loop
      vertex -5.10912 8.41299 5.5
      vertex -5.23706 8.45136 5.43076
      vertex -5.23946 8.39022 5.5
    endloop
  endfacet
  facet normal -0.130221 0.745451 0.653717
    outer loop
      vertex -5.23706 8.45136 5.43076
      vertex -5.10912 8.41299 5.5
      vertex -5.23578 8.48382 5.394
    endloop
  endfacet
  facet normal -0.130343 0.824429 0.550752
    outer loop
      vertex -4.74149 8.84967 4.97066
      vertex -5.23826 8.53278 5.32745
      vertex -5.23688 8.52092 5.34553
    endloop
  endfacet
  facet normal -0.130246 0.824382 0.550845
    outer loop
      vertex -5.23826 8.53278 5.32745
      vertex -4.74149 8.84967 4.97066
      vertex -5.23848 8.68236 5.10354
    endloop
  endfacet
  facet normal -0.130249 0.824386 0.550838
    outer loop
      vertex -5.23848 8.68236 5.10354
      vertex -4.74149 8.84967 4.97066
      vertex -5.23858 8.75408 4.99618
    endloop
  endfacet
  facet normal -0.130257 0.824416 0.550792
    outer loop
      vertex -5.23858 8.75408 4.99618
      vertex -4.74149 8.84967 4.97066
      vertex -5.23419 8.79349 4.93823
    endloop
  endfacet
  facet normal -0.258327 0.726313 -0.636974
    outer loop
      vertex -5.26672 8.50112 0.33189
      vertex -5.33014 8.42187 0.267245
      vertex -5.32029 8.48973 0.340628
    endloop
  endfacet
  facet normal -0.258412 0.726334 -0.636916
    outer loop
      vertex -5.26672 8.50112 0.33189
      vertex -5.33345 8.34527 0.181234
      vertex -5.33014 8.42187 0.267245
    endloop
  endfacet
  facet normal -0.258271 0.726331 -0.636976
    outer loop
      vertex -5.26672 8.21006 1.90735e-07
      vertex -5.33345 8.34527 0.181234
      vertex -5.26672 8.50112 0.33189
    endloop
  endfacet
  facet normal -0.258289 0.726324 -0.636978
    outer loop
      vertex -5.33345 8.34527 0.181234
      vertex -5.26672 8.21006 1.90735e-07
      vertex -5.34008 8.19205 0.00921081
    endloop
  endfacet
  facet normal -0.258301 0.72645 -0.636829
    outer loop
      vertex -5.34008 8.19205 0.00921081
      vertex -5.26672 8.21006 1.90735e-07
      vertex -5.33014 8.18751 1.90735e-07
    endloop
  endfacet
  facet normal 0.499193 0.864636 -0.0566732
    outer loop
      vertex -2.22655 8.71723 2.75
      vertex -2.22655 8.68842 2.31046
      vertex -2.68534 8.98211 2.75
    endloop
  endfacet
  facet normal 0.38197 0.906415 -0.18031
    outer loop
      vertex -2.68534 8.95104 2.27588
      vertex -2.68534 8.85834 1.80988
      vertex -3.17478 9.15203 2.24942
    endloop
  endfacet
  facet normal 0.382645 0.85083 -0.360098
    outer loop
      vertex -1.59049 7.63765 1.90735e-07
      vertex -2.68534 8.70562 1.35997
      vertex -1.36013 7.53405 1.90735e-07
    endloop
  endfacet
  facet normal 0.382678 0.850828 -0.360069
    outer loop
      vertex -2.68534 8.70562 1.35997
      vertex -1.59049 7.63765 1.90735e-07
      vertex -3.17478 8.89292 1.28238
    endloop
  endfacet
  facet normal 0.381987 0.875123 -0.297062
    outer loop
      vertex -2.68534 8.70562 1.35997
      vertex -3.17478 8.89292 1.28238
      vertex -3.17478 9.05417 1.75741
    endloop
  endfacet
  facet normal 0.570053 0.363372 0.736886
    outer loop
      vertex -1.40498 6.48746 5.5
      vertex -0.5 6.32115 4.88192
      vertex -1.58408 6.76843 5.5
    endloop
  endfacet
  facet normal 0.808099 0.302894 0.505204
    outer loop
      vertex -0.5 6.32115 4.88192
      vertex 0 5.90533 4.33145
      vertex -0.5 6.40533 4.83145
    endloop
  endfacet
  facet normal 0.808099 0.302894 0.505204
    outer loop
      vertex 0 5.90533 4.33145
      vertex -0.5 6.32115 4.88192
      vertex 0 5.82115 4.38192
    endloop
  endfacet
  facet normal 0.799602 0.2567 0.542902
    outer loop
      vertex -0.5 6.23245 4.92386
      vertex 0 5.82115 4.38192
      vertex -0.5 6.32115 4.88192
    endloop
  endfacet
  facet normal 0.799602 0.2567 0.542902
    outer loop
      vertex 0 5.82115 4.38192
      vertex -0.5 6.23245 4.92386
      vertex 0 5.73245 4.42386
    endloop
  endfacet
  facet normal 0.78767 0.207605 0.580065
    outer loop
      vertex -0.5 6.14005 4.95693
      vertex 0 5.73245 4.42386
      vertex -0.5 6.23245 4.92386
    endloop
  endfacet
  facet normal 0.78767 0.207605 0.580065
    outer loop
      vertex 0 5.73245 4.42386
      vertex -0.5 6.14005 4.95693
      vertex 0 5.64005 4.45693
    endloop
  endfacet
  facet normal 0.816168 0.428134 0.388035
    outer loop
      vertex 0 6.05687 4.2071
      vertex -0.5 6.62277 4.63439
      vertex -0.5 6.55687 4.7071
    endloop
  endfacet
  facet normal 0.816168 0.428134 0.388035
    outer loop
      vertex -0.5 6.62277 4.63439
      vertex 0 6.05687 4.2071
      vertex 0 6.12277 4.13439
    endloop
  endfacet
  facet normal 0.598243 0.593737 0.538128
    outer loop
      vertex -0.5 6.55687 4.7071
      vertex -0.5 6.62277 4.63439
      vertex -2.22655 7.73092 5.33115
    endloop
  endfacet
  facet normal 0.65805 0.680686 0.321925
    outer loop
      vertex -0.5 6.77364 4.38268
      vertex -1.80626 8.16294 4.11525
      vertex -0.5 6.73169 4.47138
    endloop
  endfacet
  facet normal 0 -0.514211 0.857664
    outer loop
      vertex -0.509999 -2.77138 4.88192
      vertex -0.5 -2.85556 4.83145
      vertex -0.5 -2.77138 4.88192
    endloop
  endfacet
  facet normal 0 -0.514211 0.857664
    outer loop
      vertex -0.5 -2.85556 4.83145
      vertex -0.509999 -2.77138 4.88192
      vertex -0.509999 -2.85556 4.83145
    endloop
  endfacet
  facet normal 0.799602 -0.542902 0.2567
    outer loop
      vertex -0.5 -3.22386 4.38268
      vertex 0 -2.68192 3.97138
      vertex -0.5 -3.18192 4.47138
    endloop
  endfacet
  facet normal 0.799602 -0.542902 0.2567
    outer loop
      vertex 0 -2.68192 3.97138
      vertex -0.5 -3.22386 4.38268
      vertex 0 -2.72386 3.88268
    endloop
  endfacet
  facet normal 0.816168 -0.428134 0.388035
    outer loop
      vertex -0.5 -3.073 4.63439
      vertex 0 -2.5071 4.2071
      vertex -0.5 -3.0071 4.7071
    endloop
  endfacet
  facet normal 0.816168 -0.428134 0.388035
    outer loop
      vertex 0 -2.5071 4.2071
      vertex -0.5 -3.073 4.63439
      vertex 0 -2.573 4.13439
    endloop
  endfacet
  facet normal -0.130244 0.745427 -0.653739
    outer loop
      vertex -4.74149 8.30183 1.90735e-07
      vertex -5.17818 8.22553 1.90735e-07
      vertex -4.74149 8.55598 0.289795
    endloop
  endfacet
  facet normal -0.130246 0.972434 -0.193414
    outer loop
      vertex -5.26672 9.28797 2.23153
      vertex -4.74149 9.2534 1.70403
      vertex -5.26672 9.18661 1.72192
    endloop
  endfacet
  facet normal -0.258451 0.803237 -0.536669
    outer loop
      vertex -5.26672 8.78979 0.76391
      vertex -5.32054 8.64789 0.577446
      vertex -5.30714 8.75839 0.736379
    endloop
  endfacet
  facet normal -0.258306 0.803249 -0.53672
    outer loop
      vertex -5.26672 8.50112 0.33189
      vertex -5.32054 8.64789 0.577446
      vertex -5.26672 8.78979 0.76391
    endloop
  endfacet
  facet normal -0.25834 0.803238 -0.536721
    outer loop
      vertex -5.32054 8.64789 0.577446
      vertex -5.26672 8.50112 0.33189
      vertex -5.3203 8.4987 0.354058
    endloop
  endfacet
  facet normal -0.25833 0.803258 -0.536695
    outer loop
      vertex -5.3203 8.4987 0.354058
      vertex -5.26672 8.50112 0.33189
      vertex -5.32029 8.48973 0.340628
    endloop
  endfacet
  facet normal -0.258491 0.803252 -0.536628
    outer loop
      vertex -5.26672 8.78979 0.76391
      vertex -5.30714 8.75839 0.736379
      vertex -5.30439 8.78104 0.768958
    endloop
  endfacet
  facet normal 0.13026 0.938864 -0.318694
    outer loop
      vertex -3.68649 9.01959 1.22991
      vertex -4.21172 9.08348 1.20345
      vertex -4.21172 9.2534 1.70403
    endloop
  endfacet
  facet normal -0.130255 0.97243 0.193428
    outer loop
      vertex -4.74149 9.35653 3.4775
      vertex -5.25818 9.28741 3.47705
      vertex -4.74149 9.2534 3.99597
    endloop
  endfacet
  facet normal -0.130239 0.972308 0.19405
    outer loop
      vertex -5.25818 9.28741 3.47705
      vertex -4.74149 9.35653 3.4775
      vertex -5.25781 9.28914 3.46863
    endloop
  endfacet
  facet normal -0.130262 0.972418 0.193482
    outer loop
      vertex -4.74149 9.2534 3.99597
      vertex -5.25196 9.20301 3.90555
      vertex -5.24567 9.18928 3.97879
    endloop
  endfacet
  facet normal -0.130249 0.972436 0.1934
    outer loop
      vertex -4.74149 9.2534 3.99597
      vertex -5.25453 9.22647 3.78586
      vertex -5.25196 9.20301 3.90555
    endloop
  endfacet
  facet normal -0.130263 0.972427 0.193435
    outer loop
      vertex -4.74149 9.2534 3.99597
      vertex -5.26017 9.27809 3.52256
      vertex -5.25453 9.22647 3.78586
    endloop
  endfacet
  facet normal -0.130274 0.972423 0.193446
    outer loop
      vertex -5.26017 9.27809 3.52256
      vertex -4.74149 9.2534 3.99597
      vertex -5.25818 9.28741 3.47705
    endloop
  endfacet
  facet normal 0.614962 0.633391 0.46972
    outer loop
      vertex -0.5 6.62277 4.63439
      vertex -0.5 6.68123 4.55556
      vertex -1.80626 7.7655 4.80365
    endloop
  endfacet
  facet normal 0.622633 0.650637 0.43474
    outer loop
      vertex -0.5 6.68123 4.55556
      vertex -1.80626 7.98678 4.47248
      vertex -1.80626 7.7655 4.80365
    endloop
  endfacet
  facet normal 0.60794 0.778725 0.154909
    outer loop
      vertex -1.80626 8.29097 3.73809
      vertex -2.22655 8.68842 3.38954
      vertex -2.22655 8.60248 3.82156
    endloop
  endfacet
  facet normal 0.706345 0.694269 0.138088
    outer loop
      vertex -1.43165 7.92914 3.64114
      vertex -1.43165 7.99728 3.29855
      vertex -1.80626 8.36868 3.34745
    endloop
  endfacet
  facet normal 0.381987 0.875123 0.297062
    outer loop
      vertex -2.68534 8.70562 4.34003
      vertex -3.17478 9.05417 3.94259
      vertex -3.17478 8.89292 4.41762
    endloop
  endfacet
  facet normal 0.258316 0.866438 0.427269
    outer loop
      vertex -3.17478 8.67104 4.86753
      vertex -3.68649 9.01959 4.47009
      vertex -3.68649 8.78979 4.93609
    endloop
  endfacet
  facet normal 0.258316 0.803253 0.536709
    outer loop
      vertex -3.17478 8.39234 5.28464
      vertex -3.17478 8.67104 4.86753
      vertex -3.68649 8.78979 4.93609
    endloop
  endfacet
  facet normal 0.381976 0.768425 0.513438
    outer loop
      vertex -3.17478 8.39234 5.28464
      vertex -2.68534 8.49547 4.76617
      vertex -3.17478 8.67104 4.86753
    endloop
  endfacet
  facet normal 0.258833 0.965922 -0
    outer loop
      vertex -3.17478 9.18484 2.75
      vertex -3.68649 9.32196 2.95
      vertex -3.17478 9.18484 2.95
    endloop
  endfacet
  facet normal 0.258833 0.965922 0
    outer loop
      vertex -3.68649 9.32196 2.95
      vertex -3.17478 9.18484 2.75
      vertex -3.68649 9.32196 2.75
    endloop
  endfacet
  facet normal 0.258315 0.963992 0.0631839
    outer loop
      vertex -3.17478 9.15203 3.45058
      vertex -3.17478 9.18484 2.95
      vertex -3.68649 9.32196 2.95
    endloop
  endfacet
  facet normal 0.258306 0.726337 0.636956
    outer loop
      vertex -3.40721 8.28614 5.5
      vertex -3.68649 8.50112 5.36811
      vertex -3.68649 8.38546 5.5
    endloop
  endfacet
  facet normal 0.258306 0.726336 0.636956
    outer loop
      vertex -3.68649 8.50112 5.36811
      vertex -3.40721 8.28614 5.5
      vertex -3.17478 8.39234 5.28464
    endloop
  endfacet
  facet normal 0.258759 0.824825 -0.502701
    outer loop
      vertex -2.34864 7.90451 1.90735e-07
      vertex -3.17478 8.67104 0.832467
      vertex -1.99542 7.7937 1.90735e-07
    endloop
  endfacet
  facet normal 0.258763 0.824825 -0.502698
    outer loop
      vertex -3.17478 8.67104 0.832467
      vertex -2.34864 7.90451 1.90735e-07
      vertex -3.68649 8.78979 0.76391
    endloop
  endfacet
  facet normal 0.265347 0.826994 -0.495653
    outer loop
      vertex -3.17478 8.67104 0.832467
      vertex -1.94038 7.77604 1.90735e-07
      vertex -1.99542 7.7937 1.90735e-07
    endloop
  endfacet
  facet normal -0.798991 -0.60062 0.029474
    outer loop
      vertex -3.31 -2.89999 3.59999
      vertex -3.5913 -2.52325 3.65161
      vertex -3.60798 -2.50569 3.55728
    endloop
  endfacet
  facet normal -0.798986 -0.600624 0.0295319
    outer loop
      vertex -3.5913 -2.52325 3.65161
      vertex -3.31 -2.89999 3.59999
      vertex -3.31 -2.89517 3.69802
    endloop
  endfacet
  facet normal -0.799317 -0.599588 0.0398441
    outer loop
      vertex -3.58848 -2.52578 3.67011
      vertex -3.5913 -2.52325 3.65161
      vertex -3.31 -2.89517 3.69802
    endloop
  endfacet
  facet normal 0.130249 0.824388 0.550836
    outer loop
      vertex -3.68649 8.50112 5.36811
      vertex -4.21172 8.84967 4.97066
      vertex -4.21172 8.55598 5.4102
    endloop
  endfacet
  facet normal -0.258366 0.72639 -0.636871
    outer loop
      vertex -5.33014 8.18751 1.90735e-07
      vertex -5.34043 8.18385 1.90735e-07
      vertex -5.34008 8.19205 0.00921081
    endloop
  endfacet
  facet normal 0.499203 0.849834 -0.169055
    outer loop
      vertex -2.22655 8.68842 2.31046
      vertex -2.68534 8.85834 1.80988
      vertex -2.68534 8.95104 2.27588
    endloop
  endfacet
  facet normal 0.258301 0.947504 -0.188457
    outer loop
      vertex -3.17478 9.15203 2.24942
      vertex -3.17478 9.05417 1.75741
      vertex -3.68649 9.28797 2.23153
    endloop
  endfacet
  facet normal 0.582027 0.797543 -0.158652
    outer loop
      vertex -0.899292 7.26021 1.90735e-07
      vertex -2.22655 8.60248 1.87844
      vertex -2.22655 8.68842 2.31046
    endloop
  endfacet
  facet normal 0.582054 0.797529 -0.158622
    outer loop
      vertex -2.22655 8.60248 1.87844
      vertex -0.899292 7.26021 1.90735e-07
      vertex -0.966322 7.30913 1.90735e-07
    endloop
  endfacet
  facet normal 0.499986 0.832965 -0.237032
    outer loop
      vertex -1.1642 7.43027 1.90735e-07
      vertex -2.22655 8.60248 1.87844
      vertex -1.01128 7.33848 1.90735e-07
    endloop
  endfacet
  facet normal 0.499961 0.832974 -0.237052
    outer loop
      vertex -2.22655 8.60248 1.87844
      vertex -1.1642 7.43027 1.90735e-07
      vertex -2.68534 8.85834 1.80988
    endloop
  endfacet
  facet normal 0.451882 0.844738 -0.286743
    outer loop
      vertex -1.1642 7.43027 1.90735e-07
      vertex -2.68534 8.70562 1.35997
      vertex -2.68534 8.85834 1.80988
    endloop
  endfacet
  facet normal 0.45185 0.844741 -0.286782
    outer loop
      vertex -2.68534 8.70562 1.35997
      vertex -1.1642 7.43027 1.90735e-07
      vertex -1.30318 7.50461 1.90735e-07
    endloop
  endfacet
  facet normal 0.381991 0.875123 -0.297057
    outer loop
      vertex -2.68534 8.85834 1.80988
      vertex -2.68534 8.70562 1.35997
      vertex -3.17478 9.05417 1.75741
    endloop
  endfacet
  facet normal 0.573735 0.455034 0.681008
    outer loop
      vertex -1.61541 6.81115 5.5
      vertex -0.5 6.40533 4.83145
      vertex -1.96088 7.24674 5.5
    endloop
  endfacet
  facet normal 0.574093 0.421031 0.702246
    outer loop
      vertex -0.5 6.40533 4.83145
      vertex -1.58408 6.76843 5.5
      vertex -0.5 6.32115 4.88192
    endloop
  endfacet
  facet normal 0.574093 0.421029 0.702248
    outer loop
      vertex -1.58408 6.76843 5.5
      vertex -0.5 6.40533 4.83145
      vertex -1.61541 6.81115 5.5
    endloop
  endfacet
  facet normal -0.363135 -0.412095 0.83565
    outer loop
      vertex -4.71446 0.930689 5.5
      vertex -3.31 -2.37138 4.48192
      vertex -4.55952 0.794157 5.5
    endloop
  endfacet
  facet normal 0.816168 -0.388035 0.428134
    outer loop
      vertex -0.5 -2.93439 4.773
      vertex 0 -2.5071 4.2071
      vertex 0 -2.43439 4.273
    endloop
  endfacet
  facet normal 0.816168 -0.388035 0.428134
    outer loop
      vertex 0 -2.5071 4.2071
      vertex -0.5 -2.93439 4.773
      vertex -0.5 -3.0071 4.7071
    endloop
  endfacet
  facet normal -0.1978 -0.726314 0.658288
    outer loop
      vertex -3.31 -2.6071 4.3071
      vertex -0.509999 -3.073 4.63439
      vertex -0.509999 -3.0071 4.7071
    endloop
  endfacet
  facet normal -0.1978 -0.726314 0.658288
    outer loop
      vertex -0.509999 -3.073 4.63439
      vertex -3.31 -2.6071 4.3071
      vertex -3.31 -2.673 4.23439
    endloop
  endfacet
  facet normal 0.130254 0.824383 -0.550842
    outer loop
      vertex -3.68649 8.50112 0.33189
      vertex -4.21172 8.55598 0.289795
      vertex -3.68649 8.78979 0.76391
    endloop
  endfacet
  facet normal 0.130245 0.745435 -0.65373
    outer loop
      vertex -3.77503 8.22553 1.90735e-07
      vertex -3.68649 8.50112 0.33189
      vertex -3.68649 8.21006 1.90735e-07
    endloop
  endfacet
  facet normal 0.130254 0.745433 -0.653731
    outer loop
      vertex -3.68649 8.50112 0.33189
      vertex -3.77503 8.22553 1.90735e-07
      vertex -4.21172 8.55598 0.289795
    endloop
  endfacet
  facet normal -0.130245 0.889237 -0.438512
    outer loop
      vertex -5.26672 9.01959 1.22991
      vertex -4.74149 8.84967 0.729336
      vertex -5.26672 8.78979 0.76391
    endloop
  endfacet
  facet normal -0.258337 0.866424 -0.427283
    outer loop
      vertex -5.26672 9.01959 1.22991
      vertex -5.30464 8.899 1.00831
      vertex -5.29595 8.99968 1.20721
    endloop
  endfacet
  facet normal -0.258453 0.866405 -0.427253
    outer loop
      vertex -5.26672 8.78979 0.76391
      vertex -5.30464 8.899 1.00831
      vertex -5.26672 9.01959 1.22991
    endloop
  endfacet
  facet normal -0.25817 0.866491 -0.427248
    outer loop
      vertex -5.30464 8.899 1.00831
      vertex -5.26672 8.78979 0.76391
      vertex -5.30913 8.84696 0.905482
    endloop
  endfacet
  facet normal -0.258448 0.866388 -0.427289
    outer loop
      vertex -5.30913 8.84696 0.905482
      vertex -5.26672 8.78979 0.76391
      vertex -5.3055 8.7964 0.800769
    endloop
  endfacet
  facet normal -0.258501 0.866348 -0.427338
    outer loop
      vertex -5.3055 8.7964 0.800769
      vertex -5.26672 8.78979 0.76391
      vertex -5.30439 8.78104 0.768958
    endloop
  endfacet
  facet normal 0 0.946932 -0.321433
    outer loop
      vertex -4.21172 9.08348 1.20345
      vertex -4.74149 9.2534 1.70403
      vertex -4.21172 9.2534 1.70403
    endloop
  endfacet
  facet normal 0 0.946932 -0.321433
    outer loop
      vertex -4.74149 9.2534 1.70403
      vertex -4.21172 9.08348 1.20345
      vertex -4.74149 9.08348 1.20345
    endloop
  endfacet
  facet normal 0 0.980785 -0.19509
    outer loop
      vertex -4.21172 9.2534 1.70403
      vertex -4.74149 9.35653 2.2225
      vertex -4.21172 9.35653 2.2225
    endloop
  endfacet
  facet normal 0 0.980785 -0.19509
    outer loop
      vertex -4.74149 9.35653 2.2225
      vertex -4.21172 9.2534 1.70403
      vertex -4.74149 9.2534 1.70403
    endloop
  endfacet
  facet normal 0.499193 0.864636 0.0566732
    outer loop
      vertex -2.22655 8.68842 3.38954
      vertex -2.22655 8.71723 2.95
      vertex -2.68534 8.98211 2.95
    endloop
  endfacet
  facet normal 0.60794 0.792283 0.0519308
    outer loop
      vertex -2.22655 8.68842 3.38954
      vertex -1.80626 8.39473 2.95
      vertex -2.22655 8.71723 2.95
    endloop
  endfacet
  facet normal 0.607938 0.778726 0.154912
    outer loop
      vertex -1.80626 8.29097 3.73809
      vertex -1.80626 8.36868 3.34745
      vertex -2.22655 8.68842 3.38954
    endloop
  endfacet
  facet normal 0.706333 0.694275 0.138112
    outer loop
      vertex -1.43165 7.92914 3.64114
      vertex -1.80626 8.36868 3.34745
      vertex -1.80626 8.29097 3.73809
    endloop
  endfacet
  facet normal 0.381967 0.694825 0.609359
    outer loop
      vertex -2.72396 7.95564 5.5
      vertex -3.17478 8.39234 5.28464
      vertex -3.17478 8.20347 5.5
    endloop
  endfacet
  facet normal 0.130242 0.889238 0.438513
    outer loop
      vertex -3.68649 8.78979 4.93609
      vertex -3.68649 9.01959 4.47009
      vertex -4.21172 8.84967 4.97066
    endloop
  endfacet
  facet normal 0.13026 0.889228 0.438528
    outer loop
      vertex -4.21172 8.84967 4.97066
      vertex -3.68649 9.01959 4.47009
      vertex -4.21172 9.08348 4.49655
    endloop
  endfacet
  facet normal -0.258773 -0.386406 0.885284
    outer loop
      vertex -4.53356 0.773114 5.5
      vertex -3.31 -2.28268 4.52387
      vertex -4.22129 0.563989 5.5
    endloop
  endfacet
  facet normal -0.18304 -0.370807 0.910494
    outer loop
      vertex -2.12592 -0.470343 5.5
      vertex -3.31 -2.28268 4.52387
      vertex -0.509999 -2.68268 4.92386
    endloop
  endfacet
  facet normal -0.18304 -0.370806 0.910494
    outer loop
      vertex -3.31 -2.28268 4.52387
      vertex -2.12592 -0.470343 5.5
      vertex -4.22129 0.563989 5.5
    endloop
  endfacet
  facet normal -0.382182 -0.416831 0.824735
    outer loop
      vertex -4.71446 0.930689 5.5
      vertex -5.02753 1.05743 5.41898
      vertex -3.31 -2.37138 4.48192
    endloop
  endfacet
  facet normal -0.382182 -0.416831 0.824735
    outer loop
      vertex -4.71446 0.930689 5.5
      vertex -5.09817 1.26982 5.49359
      vertex -5.02753 1.05743 5.41898
    endloop
  endfacet
  facet normal -0.382189 -0.416839 0.824728
    outer loop
      vertex -5.09817 1.26982 5.49359
      vertex -4.71446 0.930689 5.5
      vertex -5.10289 1.28683 5.5
    endloop
  endfacet
  facet normal -0.123868 -0.334315 0.934286
    outer loop
      vertex -1.89531 -0.559317 5.5
      vertex -0.509999 -2.59027 4.95693
      vertex -1.84081 -0.57951 5.5
    endloop
  endfacet
  facet normal -0.12391 -0.33434 0.934271
    outer loop
      vertex -0.509999 -2.59027 4.95693
      vertex -1.89531 -0.559317 5.5
      vertex -0.509999 -2.68268 4.92386
    endloop
  endfacet
  facet normal -0.0987628 -0.319864 0.942302
    outer loop
      vertex -1.84081 -0.57951 5.5
      vertex -0.509999 -2.59027 4.95693
      vertex -1.72158 -0.616324 5.5
    endloop
  endfacet
  facet normal 0.813514 -0.467142 0.346372
    outer loop
      vertex -0.5 -3.13145 4.55556
      vertex 0 -2.573 4.13439
      vertex -0.5 -3.073 4.63439
    endloop
  endfacet
  facet normal 0.813514 -0.467142 0.346372
    outer loop
      vertex 0 -2.573 4.13439
      vertex -0.5 -3.13145 4.55556
      vertex 0 -2.63145 4.05556
    endloop
  endfacet
  facet normal 0 -0.803277 0.595605
    outer loop
      vertex -0.509999 -3.13145 4.55556
      vertex -0.5 -3.073 4.63439
      vertex -0.509999 -3.073 4.63439
    endloop
  endfacet
  facet normal 0 -0.803277 0.595605
    outer loop
      vertex -0.5 -3.073 4.63439
      vertex -0.509999 -3.13145 4.55556
      vertex -0.5 -3.13145 4.55556
    endloop
  endfacet
  facet normal -0.13026 0.889229 -0.438525
    outer loop
      vertex -4.74149 9.08348 1.20345
      vertex -4.74149 8.84967 0.729336
      vertex -5.26672 9.01959 1.22991
    endloop
  endfacet
  facet normal -0.13026 0.938864 -0.318694
    outer loop
      vertex -4.74149 9.2534 1.70403
      vertex -4.74149 9.08348 1.20345
      vertex -5.26672 9.01959 1.22991
    endloop
  endfacet
  facet normal 0.130246 0.972434 -0.193414
    outer loop
      vertex -3.68649 9.18661 1.72192
      vertex -4.21172 9.2534 1.70403
      vertex -3.68649 9.28797 2.23153
    endloop
  endfacet
  facet normal 0.130244 0.938861 -0.31871
    outer loop
      vertex -3.68649 9.18661 1.72192
      vertex -3.68649 9.01959 1.22991
      vertex -4.21172 9.2534 1.70403
    endloop
  endfacet
  facet normal -0.13026 0.745444 0.653716
    outer loop
      vertex -4.74149 8.55598 5.4102
      vertex -5.10912 8.41299 5.5
      vertex -4.74149 8.47723 5.5
    endloop
  endfacet
  facet normal -0.130234 0.745408 0.653762
    outer loop
      vertex -5.23497 8.50444 5.37066
      vertex -5.10912 8.41299 5.5
      vertex -4.74149 8.55598 5.4102
    endloop
  endfacet
  facet normal -0.130465 0.745262 0.653883
    outer loop
      vertex -5.10912 8.41299 5.5
      vertex -5.23497 8.50444 5.37066
      vertex -5.23578 8.48382 5.394
    endloop
  endfacet
  facet normal -0.130399 -0.337978 0.932077
    outer loop
      vertex -2.12592 -0.470343 5.5
      vertex -0.509999 -2.68268 4.92386
      vertex -1.89531 -0.559317 5.5
    endloop
  endfacet
  facet normal 0.130272 -0.196574 0.971796
    outer loop
      vertex -1.52903 -0.610172 5.5
      vertex -0.5 -2.49507 4.98078
      vertex -1.41608 -0.535319 5.5
    endloop
  endfacet
  facet normal 0.137241 -0.19324 0.971506
    outer loop
      vertex -1.41608 -0.535319 5.5
      vertex -0.5 -2.49507 4.98078
      vertex -1.3674 -0.500746 5.5
    endloop
  endfacet
  facet normal 0 0.831471 0.555569
    outer loop
      vertex -4.21172 8.84967 4.97066
      vertex -4.74149 8.55598 5.4102
      vertex -4.21172 8.55598 5.4102
    endloop
  endfacet
  facet normal 0 0.831471 0.555569
    outer loop
      vertex -4.74149 8.55598 5.4102
      vertex -4.21172 8.84967 4.97066
      vertex -4.74149 8.84967 4.97066
    endloop
  endfacet
  facet normal 0.130217 0.745451 0.653718
    outer loop
      vertex -3.68649 8.38546 5.5
      vertex -3.68649 8.50112 5.36811
      vertex -3.84409 8.41299 5.5
    endloop
  endfacet
  facet normal 0 0.75185 0.659334
    outer loop
      vertex -4.21172 8.55598 5.4102
      vertex -4.74149 8.47723 5.5
      vertex -4.21172 8.47723 5.5
    endloop
  endfacet
  facet normal 0 0.75185 0.659334
    outer loop
      vertex -4.74149 8.47723 5.5
      vertex -4.21172 8.55598 5.4102
      vertex -4.74149 8.55598 5.4102
    endloop
  endfacet
  facet normal 0.13026 0.745444 0.653716
    outer loop
      vertex -3.84409 8.41299 5.5
      vertex -4.21172 8.55598 5.4102
      vertex -4.21172 8.47723 5.5
    endloop
  endfacet
  facet normal 0.130248 0.745427 0.653738
    outer loop
      vertex -4.21172 8.55598 5.4102
      vertex -3.84409 8.41299 5.5
      vertex -3.68649 8.50112 5.36811
    endloop
  endfacet
  facet normal -0.888381 -0.427016 0.168632
    outer loop
      vertex -6.21203 2.7238 3.72871
      vertex -4.40805 -0.598836 4.81867
      vertex -6.20758 2.76124 3.84696
    endloop
  endfacet
  facet normal -0.888383 -0.42704 0.168563
    outer loop
      vertex -6.21463 2.70189 3.6595
      vertex -4.40805 -0.598836 4.81867
      vertex -6.21203 2.7238 3.72871
    endloop
  endfacet
  facet normal -0.888382 -0.427018 0.168623
    outer loop
      vertex -6.22272 2.69438 3.59786
      vertex -4.40805 -0.598836 4.81867
      vertex -6.21463 2.70189 3.6595
    endloop
  endfacet
  facet normal -0.888383 -0.427056 0.168522
    outer loop
      vertex -6.22483 2.69242 3.58177
      vertex -4.40805 -0.598836 4.81867
      vertex -6.22272 2.69438 3.59786
    endloop
  endfacet
  facet normal -0.888383 -0.427079 0.168461
    outer loop
      vertex -6.22483 2.69242 3.58177
      vertex -4.39829 -0.622345 4.81054
      vertex -4.40805 -0.598836 4.81867
    endloop
  endfacet
  facet normal -0.888382 -0.427026 0.168604
    outer loop
      vertex -6.22483 2.69242 3.58177
      vertex -4.32482 -0.801519 4.74386
      vertex -4.39829 -0.622345 4.81054
    endloop
  endfacet
  facet normal -0.888382 -0.427034 0.168581
    outer loop
      vertex -4.32482 -0.801519 4.74386
      vertex -6.22483 2.69242 3.58177
      vertex -4.24606 -0.995031 4.66872
    endloop
  endfacet
  facet normal -0.840234 0.528416 -0.121586
    outer loop
      vertex -5.28366 9.18218 1.72298
      vertex -5.29282 9.14241 1.61344
      vertex -5.98966 8.10886 1.9372
    endloop
  endfacet
  facet normal -0.998759 0.0497933 0.000798971
    outer loop
      vertex -6.06754 6.56349 0.204096
      vertex -6.07059 6.50297 0.163138
      vertex -6.06956 6.52327 0.185564
    endloop
  endfacet
  facet normal -0.998719 0.0505955 -0.000389378
    outer loop
      vertex -6.07059 6.50297 0.163138
      vertex -6.06754 6.56349 0.204096
      vertex -6.06586 6.59677 0.219431
    endloop
  endfacet
  facet normal -0.998707 0.0508282 -0.000236099
    outer loop
      vertex -5.98966 8.10886 1.9372
      vertex -5.99069 8.08848 1.90666
      vertex -5.99046 8.09306 1.91975
    endloop
  endfacet
  facet normal -0.998739 0.0502089 0.000279186
    outer loop
      vertex -6.03512 7.20687 0.585571
      vertex -6.03699 7.16975 0.571646
      vertex -6.0338 7.23291 0.624598
    endloop
  endfacet
  facet normal -0.998727 0.050445 -0.0003518
    outer loop
      vertex -6.03699 7.16975 0.571646
      vertex -6.03512 7.20687 0.585571
      vertex -6.03875 7.1347 0.542261
    endloop
  endfacet
  facet normal -0.888382 -0.427029 -0.168594
    outer loop
      vertex -3.92955 -1.3253 1.90735e-07
      vertex -3.1645 -2.92078 0.00984889
      vertex -6.25471 2.84923 1.67849
    endloop
  endfacet
  facet normal -0.88836 -0.42702 -0.16873
    outer loop
      vertex -3.1645 -2.92078 0.00984889
      vertex -3.92955 -1.3253 1.90735e-07
      vertex -3.16249 -2.92107 1.90735e-07
    endloop
  endfacet
  facet normal -0.998734 0.0502969 0.000349178
    outer loop
      vertex -6.07059 6.50297 0.163138
      vertex -6.07311 6.453 0.153186
      vertex -6.07219 6.47121 0.161575
    endloop
  endfacet
  facet normal -0.998739 0.0501986 -0.000525288
    outer loop
      vertex -6.16425 4.64434 0.0717128
      vertex -6.16135 4.7019 0.0585594
      vertex -6.16542 4.62105 0.0705673
    endloop
  endfacet
  facet normal -0.841899 0.495408 -0.213958
    outer loop
      vertex -5.30464 8.899 1.00831
      vertex -5.30913 8.84696 0.905482
      vertex -6.00023 7.89907 1.43009
    endloop
  endfacet
  facet normal -0.884898 -0.357897 -0.298103
    outer loop
      vertex -5.40814 2.04158 1.90735e-07
      vertex -5.28926 1.74765 1.90735e-07
      vertex -6.23345 3.27113 0.973699
    endloop
  endfacet
  facet normal -0.887437 -0.408264 -0.213954
    outer loop
      vertex -4.63415 0.206301 1.90735e-07
      vertex -4.2431 -0.643719 1.90735e-07
      vertex -6.24879 2.96657 1.43009
    endloop
  endfacet
  facet normal -0.998752 0.0499376 0
    outer loop
      vertex -6.26536 2.63777 2.75708
      vertex -6.26543 2.63637 2.75
      vertex -6.26536 2.63777 2.7595
    endloop
  endfacet
  facet normal -0.851719 0.300564 0.429229
    outer loop
      vertex -5.90182 7.11203 5.27671
      vertex -5.76003 7.19495 5.5
      vertex -5.73946 7.25324 5.5
    endloop
  endfacet
  facet normal -0.851736 0.300421 0.429293
    outer loop
      vertex -5.76003 7.19495 5.5
      vertex -5.90182 7.11203 5.27671
      vertex -5.90226 7.09132 5.29033
    endloop
  endfacet
  facet normal -0.998786 0.0492429 -0.00116186
    outer loop
      vertex -6.23085 3.32276 0.92685
      vertex -6.22951 3.3492 0.895529
      vertex -6.23345 3.27113 0.973699
    endloop
  endfacet
  facet normal -0.998713 0.0507089 0.000479198
    outer loop
      vertex -6.20281 3.87919 0.421886
      vertex -6.20974 3.74167 0.531247
      vertex -6.20593 3.81721 0.478131
    endloop
  endfacet
  facet normal -0.998758 0.049813 -0.000650192
    outer loop
      vertex -6.21391 3.65877 0.585571
      vertex -6.20974 3.74167 0.531247
      vertex -6.20281 3.87919 0.421886
    endloop
  endfacet
  facet normal -0.998796 0.0490108 -0.00187737
    outer loop
      vertex -6.20974 3.74167 0.531247
      vertex -6.21391 3.65877 0.585571
      vertex -6.21283 3.68035 0.57436
    endloop
  endfacet
  facet normal -0.998765 0.0496736 -0.000598473
    outer loop
      vertex -6.21391 3.65877 0.585571
      vertex -6.2154 3.62924 0.621158
      vertex -6.21283 3.68035 0.57436
    endloop
  endfacet
  facet normal -0.998743 0.0501207 -0.00022657
    outer loop
      vertex -6.2154 3.62924 0.621158
      vertex -6.21391 3.65877 0.585571
      vertex -6.21894 3.55899 0.685471
    endloop
  endfacet
  facet normal -0.847749 0.379234 -0.370814
    outer loop
      vertex -5.52541 7.77372 1.90735e-07
      vertex -5.57413 7.66481 1.90735e-07
      vertex -6.03512 7.20687 0.585571
    endloop
  endfacet
  facet normal -0.883329 -0.326759 -0.336093
    outer loop
      vertex -5.4923 2.26909 1.90735e-07
      vertex -5.40814 2.04158 1.90735e-07
      vertex -6.23345 3.27113 0.973699
    endloop
  endfacet
  facet normal -0.998727 0.0504409 -6.06279e-05
    outer loop
      vertex -6.00023 7.89907 1.43009
      vertex -6.00375 7.82924 1.31848
      vertex -5.99742 7.95487 1.56497
    endloop
  endfacet
  facet normal -0.998704 0.0508894 -0.000330691
    outer loop
      vertex -6.00375 7.82924 1.31848
      vertex -6.00734 7.75798 1.1944
      vertex -6.00576 7.78942 1.26096
    endloop
  endfacet
  facet normal -0.998715 0.05067 -0.000204327
    outer loop
      vertex -6.00734 7.75798 1.1944
      vertex -6.00375 7.82924 1.31848
      vertex -6.00023 7.89907 1.43009
    endloop
  endfacet
  facet normal -0.998704 0.0509018 -0.000236209
    outer loop
      vertex -5.98966 8.10886 1.9372
      vertex -5.99284 8.04576 1.78467
      vertex -5.99155 8.07141 1.85793
    endloop
  endfacet
  facet normal -0.886271 -0.385186 0.257206
    outer loop
      vertex -6.16508 2.97627 4.37281
      vertex -5.09817 1.26982 5.49359
      vertex -6.16508 2.98453 4.38518
    endloop
  endfacet
  facet normal -0.886271 -0.385145 0.257268
    outer loop
      vertex -6.16508 2.97627 4.37281
      vertex -5.02753 1.05743 5.41898
      vertex -5.09817 1.26982 5.49359
    endloop
  endfacet
  facet normal -0.886269 -0.385113 0.257325
    outer loop
      vertex -5.02753 1.05743 5.41898
      vertex -6.16508 2.97627 4.37281
      vertex -5.00455 0.98589 5.39106
    endloop
  endfacet
  facet normal -0.877624 -0.213387 0.429233
    outer loop
      vertex -6.05731 3.93372 5.40269
      vertex -6.01502 3.95553 5.5
      vertex -6.05748 3.99392 5.43227
    endloop
  endfacet
  facet normal -0.877619 -0.213393 0.429242
    outer loop
      vertex -5.93902 3.64297 5.5
      vertex -6.05731 3.93372 5.40269
      vertex -6.07278 3.81146 5.31028
    endloop
  endfacet
  facet normal -0.877613 -0.213351 0.429274
    outer loop
      vertex -5.93902 3.64297 5.5
      vertex -6.07278 3.81146 5.31028
      vertex -6.07832 3.76771 5.27721
    endloop
  endfacet
  facet normal -0.877622 -0.213397 0.429234
    outer loop
      vertex -6.05731 3.93372 5.40269
      vertex -5.93902 3.64297 5.5
      vertex -6.01502 3.95553 5.5
    endloop
  endfacet
  facet normal -0.847459 0.412091 0.334656
    outer loop
      vertex -5.23688 8.52092 5.34553
      vertex -5.23578 8.48382 5.394
      vertex -5.23497 8.50444 5.37066
    endloop
  endfacet
  facet normal -0.845652 0.414394 0.336378
    outer loop
      vertex -5.23826 8.53278 5.32745
      vertex -5.23578 8.48382 5.394
      vertex -5.23688 8.52092 5.34553
    endloop
  endfacet
  facet normal -0.846005 0.413937 0.336055
    outer loop
      vertex -5.9071 7.7139 4.65233
      vertex -5.23578 8.48382 5.394
      vertex -5.23826 8.53278 5.32745
    endloop
  endfacet
  facet normal -0.846005 0.413886 0.336116
    outer loop
      vertex -5.9071 7.7139 4.65233
      vertex -5.23826 8.53278 5.32745
      vertex -5.90856 7.72369 4.6366
    endloop
  endfacet
  facet normal -0.846005 0.413935 0.336057
    outer loop
      vertex -5.23578 8.48382 5.394
      vertex -5.9071 7.7139 4.65233
      vertex -5.23706 8.45136 5.43076
    endloop
  endfacet
  facet normal -0.998732 0.0503393 0
    outer loop
      vertex -5.98384 8.22431 2.85104
      vertex -5.98359 8.22927 2.75
      vertex -5.98384 8.22431 2.8004
    endloop
  endfacet
  facet normal -0.873169 -0.124738 -0.471186
    outer loop
      vertex -6.12398 4.59753 1.90735e-07
      vertex -6.12279 4.5892 1.90735e-07
      vertex -6.16542 4.62105 0.0705673
    endloop
  endfacet
  facet normal -0.84966 0.341305 -0.40198
    outer loop
      vertex -5.57413 7.66481 1.90735e-07
      vertex -5.61109 7.5728 1.90735e-07
      vertex -6.03512 7.20687 0.585571
    endloop
  endfacet
  facet normal -0.845181 0.444169 -0.297293
    outer loop
      vertex -5.33014 8.42187 0.267245
      vertex -5.3203 8.4987 0.354058
      vertex -5.32029 8.48973 0.340628
    endloop
  endfacet
  facet normal -0.844438 0.44502 -0.298131
    outer loop
      vertex -5.3203 8.4987 0.354058
      vertex -5.33014 8.42187 0.267245
      vertex -6.01558 7.5945 0.973699
    endloop
  endfacet
  facet normal -0.844438 0.445027 -0.298119
    outer loop
      vertex -5.3203 8.4987 0.354058
      vertex -6.00734 7.75798 1.1944
      vertex -5.32054 8.64789 0.577446
    endloop
  endfacet
  facet normal -0.844438 0.445028 -0.298118
    outer loop
      vertex -6.00734 7.75798 1.1944
      vertex -5.3203 8.4987 0.354058
      vertex -6.01558 7.5945 0.973699
    endloop
  endfacet
  facet normal -0.840241 0.528497 0.121185
    outer loop
      vertex -5.949 8.16917 3.58169
      vertex -5.25453 9.22647 3.78586
      vertex -5.9492 8.17037 3.57507
    endloop
  endfacet
  facet normal -0.840234 0.52841 0.121613
    outer loop
      vertex -5.25453 9.22647 3.78586
      vertex -5.949 8.16917 3.58169
      vertex -5.25196 9.20301 3.90555
    endloop
  endfacet
  facet normal -0.851722 0.300522 -0.429251
    outer loop
      vertex -5.85329 6.93063 1.90735e-07
      vertex -6.04622 6.98644 0.421886
      vertex -5.73946 7.25324 1.90735e-07
    endloop
  endfacet
  facet normal -0.851706 0.300568 -0.42925
    outer loop
      vertex -6.04622 6.98644 0.421886
      vertex -5.85329 6.93063 1.90735e-07
      vertex -6.05809 6.75106 0.280621
    endloop
  endfacet
  facet normal -0.998781 0.0493562 -0.000206763
    outer loop
      vertex -6.25937 2.75678 1.9372
      vertex -6.26048 2.73469 2.02604
      vertex -6.25992 2.74588 1.99208
    endloop
  endfacet
  facet normal -0.998194 0.0600281 0.00245413
    outer loop
      vertex -6.26048 2.73469 2.02604
      vertex -6.25937 2.75678 1.9372
      vertex -6.26051 2.73412 2.02778
    endloop
  endfacet
  facet normal -0.998804 0.0488833 -0.000226607
    outer loop
      vertex -6.26476 2.64983 2.47555
      vertex -6.26429 2.65915 2.41445
      vertex -6.26428 2.65934 2.41136
    endloop
  endfacet
  facet normal -0.998517 0.0544372 0.000622785
    outer loop
      vertex -6.26429 2.65915 2.41445
      vertex -6.26476 2.64983 2.47555
      vertex -6.26435 2.65781 2.43538
    endloop
  endfacet
  facet normal -0.998696 0.05105 0.000159069
    outer loop
      vertex -6.26394 2.66592 2.36699
      vertex -6.2611 2.72239 2.07469
      vertex -6.26273 2.6901 2.20375
    endloop
  endfacet
  facet normal -0.888381 -0.427028 -0.1686
    outer loop
      vertex -6.25471 2.84923 1.67849
      vertex -3.21666 -2.91333 0.265827
      vertex -6.25937 2.75678 1.9372
    endloop
  endfacet
  facet normal -0.888382 -0.427029 -0.168595
    outer loop
      vertex -3.21666 -2.91333 0.265827
      vertex -6.25471 2.84923 1.67849
      vertex -3.1645 -2.92078 0.00984889
    endloop
  endfacet
  facet normal -0.889579 -0.450864 0.0732834
    outer loop
      vertex -6.2426 2.64526 3.26477
      vertex -3.78277 -2.05385 4.21386
      vertex -6.23982 2.64627 3.30473
    endloop
  endfacet
  facet normal -0.889581 -0.450838 0.0734195
    outer loop
      vertex -6.25921 2.63924 3.02655
      vertex -3.78277 -2.05385 4.21386
      vertex -6.2426 2.64526 3.26477
    endloop
  endfacet
  facet normal -0.889582 -0.450834 0.073435
    outer loop
      vertex -3.65219 -2.34358 4.01697
      vertex -3.78277 -2.05385 4.21386
      vertex -6.25921 2.63924 3.02655
    endloop
  endfacet
  facet normal -0.889672 -0.450698 0.0731743
    outer loop
      vertex -3.7451 -2.1355 4.16896
      vertex -3.78277 -2.05385 4.21386
      vertex -3.65219 -2.34358 4.01697
    endloop
  endfacet
  facet normal -0.889904 -0.450369 0.0723819
    outer loop
      vertex -3.78277 -2.05385 4.21386
      vertex -3.7451 -2.1355 4.16896
      vertex -3.77153 -2.07803 4.2016
    endloop
  endfacet
  facet normal -0.889766 -0.450559 0.0728913
    outer loop
      vertex -3.7451 -2.1355 4.16896
      vertex -3.6752 -2.29072 4.06276
      vertex -3.69016 -2.25666 4.09068
    endloop
  endfacet
  facet normal -0.889579 -0.450842 0.0734283
    outer loop
      vertex -3.7451 -2.1355 4.16896
      vertex -3.65219 -2.34358 4.01697
      vertex -3.6752 -2.29072 4.06276
    endloop
  endfacet
  facet normal -0.875459 -0.170133 0.452357
    outer loop
      vertex -6.05228 4.0513 5.4639
      vertex -6.02199 3.99142 5.5
      vertex -6.04635 4.11677 5.5
    endloop
  endfacet
  facet normal -0.875462 -0.17014 0.452348
    outer loop
      vertex -6.02199 3.99142 5.5
      vertex -6.05228 4.0513 5.4639
      vertex -6.05549 4.01584 5.44435
    endloop
  endfacet
  facet normal -0.849659 0.341315 0.401974
    outer loop
      vertex -5.9035 7.32046 5.09619
      vertex -5.73946 7.25324 5.5
      vertex -5.61109 7.5728 5.5
    endloop
  endfacet
  facet normal -0.849663 0.341306 0.401974
    outer loop
      vertex -5.90025 7.13832 5.25771
      vertex -5.73946 7.25324 5.5
      vertex -5.9035 7.32046 5.09619
    endloop
  endfacet
  facet normal -0.849679 0.341184 0.402043
    outer loop
      vertex -5.90006 7.12774 5.26709
      vertex -5.73946 7.25324 5.5
      vertex -5.90025 7.13832 5.25771
    endloop
  endfacet
  facet normal -0.849664 0.341326 0.401956
    outer loop
      vertex -5.73946 7.25324 5.5
      vertex -5.90006 7.12774 5.26709
      vertex -5.90182 7.11203 5.27671
    endloop
  endfacet
  facet normal -0.87761 -0.213338 -0.429287
    outer loop
      vertex -5.93902 3.64297 1.90735e-07
      vertex -5.92442 3.58291 1.90735e-07
      vertex -6.20281 3.87919 0.421886
    endloop
  endfacet
  facet normal -0.853903 0.257215 -0.452426
    outer loop
      vertex -5.95921 6.58578 1.90735e-07
      vertex -5.96537 6.56533 1.90735e-07
      vertex -6.07059 6.50297 0.163138
    endloop
  endfacet
  facet normal -0.856178 0.21211 -0.471135
    outer loop
      vertex -5.96537 6.56533 1.90735e-07
      vertex -5.97003 6.54652 1.90735e-07
      vertex -6.07059 6.50297 0.163138
    endloop
  endfacet
  facet normal -0.856191 0.211943 -0.471187
    outer loop
      vertex -6.04001 6.26382 1.90735e-07
      vertex -6.07059 6.50297 0.163138
      vertex -5.97003 6.54652 1.90735e-07
    endloop
  endfacet
  facet normal -0.856166 0.211969 -0.471221
    outer loop
      vertex -6.07059 6.50297 0.163138
      vertex -6.04001 6.26382 1.90735e-07
      vertex -6.08361 6.24459 0.0705673
    endloop
  endfacet
  facet normal -0.846005 0.41392 -0.336074
    outer loop
      vertex -5.33014 8.42187 0.267245
      vertex -5.33345 8.34527 0.181234
      vertex -6.01558 7.5945 0.973699
    endloop
  endfacet
  facet normal -0.84595 0.413851 -0.336296
    outer loop
      vertex -5.35812 8.14769 1.90735e-07
      vertex -5.34008 8.19205 0.00921081
      vertex -5.34043 8.18385 1.90735e-07
    endloop
  endfacet
  facet normal -0.846075 0.41384 -0.335996
    outer loop
      vertex -5.35812 8.14769 1.90735e-07
      vertex -5.33345 8.34527 0.181234
      vertex -5.34008 8.19205 0.00921081
    endloop
  endfacet
  facet normal -0.846004 0.413913 -0.336086
    outer loop
      vertex -6.02487 7.41021 0.770102
      vertex -5.33345 8.34527 0.181234
      vertex -5.35812 8.14769 1.90735e-07
    endloop
  endfacet
  facet normal -0.846005 0.413924 -0.336069
    outer loop
      vertex -5.33345 8.34527 0.181234
      vertex -6.02487 7.41021 0.770102
      vertex -6.01558 7.5945 0.973699
    endloop
  endfacet
  facet normal -0.839511 0.542787 -0.0245843
    outer loop
      vertex -5.98427 8.2158 2.47555
      vertex -5.28113 9.31051 2.63421
      vertex -5.28538 9.2918 2.36625
    endloop
  endfacet
  facet normal -0.839513 0.542785 -0.0245598
    outer loop
      vertex -5.28113 9.31051 2.63421
      vertex -5.98427 8.2158 2.47555
      vertex -5.98359 8.22927 2.75
    endloop
  endfacet
  facet normal -0.998733 0.0503263 -1.6715e-06
    outer loop
      vertex -5.9863 8.17554 2.20375
      vertex -5.9882 8.13783 2.0765
      vertex -5.98576 8.18626 2.31281
    endloop
  endfacet
  facet normal -0.998729 0.0503987 -2.31849e-05
    outer loop
      vertex -5.9863 8.17554 2.20375
      vertex -5.98892 8.12353 2.00677
      vertex -5.9882 8.13783 2.0765
    endloop
  endfacet
  facet normal -0.99859 0.0530754 -0.000570057
    outer loop
      vertex -5.98892 8.12353 2.00677
      vertex -5.98966 8.10886 1.9372
      vertex -5.98931 8.11596 1.98514
    endloop
  endfacet
  facet normal -0.998747 0.0500419 7.12765e-05
    outer loop
      vertex -5.98966 8.10886 1.9372
      vertex -5.98892 8.12353 2.00677
      vertex -5.9863 8.17554 2.20375
    endloop
  endfacet
  facet normal -0.998817 0.0486364 0.000266402
    outer loop
      vertex -5.98359 8.22927 2.75
      vertex -5.98407 8.21978 2.68291
      vertex -5.98405 8.22016 2.68852
    endloop
  endfacet
  facet normal -0.998729 0.0503937 1.72027e-05
    outer loop
      vertex -5.98407 8.21978 2.68291
      vertex -5.98359 8.22927 2.75
      vertex -5.98439 8.21347 2.58936
    endloop
  endfacet
  facet normal -0.84966 0.341305 0.401981
    outer loop
      vertex -5.9038 7.33732 5.08124
      vertex -5.61109 7.5728 5.5
      vertex -5.57413 7.66481 5.5
    endloop
  endfacet
  facet normal -0.849659 0.341317 0.401973
    outer loop
      vertex -5.61109 7.5728 5.5
      vertex -5.9038 7.33732 5.08124
      vertex -5.9035 7.32046 5.09619
    endloop
  endfacet
  facet normal -0.998734 0.0503072 1.04293e-05
    outer loop
      vertex -5.99432 8.0164 1.67849
      vertex -5.99284 8.04576 1.78467
      vertex -5.98966 8.10886 1.9372
    endloop
  endfacet
  facet normal -0.998704 0.0508914 -0.000151523
    outer loop
      vertex -5.99284 8.04576 1.78467
      vertex -5.99432 8.0164 1.67849
      vertex -5.9939 8.02478 1.72478
    endloop
  endfacet
  facet normal -0.998701 0.0509508 -0.000162303
    outer loop
      vertex -5.99432 8.0164 1.67849
      vertex -5.99518 7.99946 1.65247
      vertex -5.9939 8.02478 1.72478
    endloop
  endfacet
  facet normal -0.998622 0.0524654 -0.001151
    outer loop
      vertex -5.99432 8.0164 1.67849
      vertex -5.997 7.96326 1.58144
      vertex -5.99518 7.99946 1.65247
    endloop
  endfacet
  facet normal -0.998711 0.0507571 -0.000213172
    outer loop
      vertex -6.00023 7.89907 1.43009
      vertex -5.997 7.96326 1.58144
      vertex -5.99432 8.0164 1.67849
    endloop
  endfacet
  facet normal -0.998813 0.04871 0.000657209
    outer loop
      vertex -5.997 7.96326 1.58144
      vertex -6.00023 7.89907 1.43009
      vertex -5.99742 7.95487 1.56497
    endloop
  endfacet
  facet normal -0.840852 0.496854 -0.214719
    outer loop
      vertex -5.29595 8.99968 1.20721
      vertex -5.29593 9.01802 1.24957
      vertex -5.29483 9.01263 1.23279
    endloop
  endfacet
  facet normal -0.8419 0.495397 -0.213979
    outer loop
      vertex -5.99432 8.0164 1.67849
      vertex -5.29595 8.99968 1.20721
      vertex -5.30464 8.899 1.00831
    endloop
  endfacet
  facet normal -0.841902 0.495355 -0.214069
    outer loop
      vertex -5.29595 8.99968 1.20721
      vertex -5.99432 8.0164 1.67849
      vertex -5.29593 9.01802 1.24957
    endloop
  endfacet
  facet normal -0.841899 0.495403 -0.213969
    outer loop
      vertex -5.99432 8.0164 1.67849
      vertex -5.30464 8.899 1.00831
      vertex -6.00023 7.89907 1.43009
    endloop
  endfacet
  facet normal -0.998764 0.0496901 0.000609324
    outer loop
      vertex -6.00734 7.75798 1.1944
      vertex -6.0118 7.66964 1.08795
      vertex -6.01048 7.69571 1.12561
    endloop
  endfacet
  facet normal -0.998693 0.0511099 -0.000571859
    outer loop
      vertex -6.01558 7.5945 0.973699
      vertex -6.0118 7.66964 1.08795
      vertex -6.00734 7.75798 1.1944
    endloop
  endfacet
  facet normal -0.998648 0.0519749 -0.00114224
    outer loop
      vertex -6.0118 7.66964 1.08795
      vertex -6.01558 7.5945 0.973699
      vertex -6.01449 7.61626 1.01086
    endloop
  endfacet
  facet normal -0.998706 0.0508486 -0.000481024
    outer loop
      vertex -6.01558 7.5945 0.973699
      vertex -6.01788 7.54898 0.937104
      vertex -6.01449 7.61626 1.01086
    endloop
  endfacet
  facet normal -0.998696 0.0510384 -0.000717785
    outer loop
      vertex -6.01788 7.54898 0.937104
      vertex -6.01558 7.5945 0.973699
      vertex -6.02264 7.45438 0.833396
    endloop
  endfacet
  facet normal -0.998781 0.0493428 0.0010019
    outer loop
      vertex -6.0298 7.31241 0.691244
      vertex -6.03512 7.20687 0.585571
      vertex -6.03186 7.27141 0.656876
    endloop
  endfacet
  facet normal -0.998713 0.0507173 -1.47107e-05
    outer loop
      vertex -5.98427 8.2158 2.47555
      vertex -5.98439 8.21347 2.58936
      vertex -5.98359 8.22927 2.75
    endloop
  endfacet
  facet normal -0.998719 0.0506026 -1.70663e-05
    outer loop
      vertex -5.98427 8.2158 2.47555
      vertex -5.98512 8.19899 2.37489
      vertex -5.98439 8.21347 2.58936
    endloop
  endfacet
  facet normal -0.998743 0.0501215 1.85148e-05
    outer loop
      vertex -5.98512 8.19899 2.37489
      vertex -5.9863 8.17554 2.20375
      vertex -5.98576 8.18626 2.31281
    endloop
  endfacet
  facet normal -0.998667 0.0516176 -0.000187013
    outer loop
      vertex -5.9863 8.17554 2.20375
      vertex -5.98512 8.19899 2.37489
      vertex -5.98427 8.2158 2.47555
    endloop
  endfacet
  facet normal -0.889099 -0.441266 0.121604
    outer loop
      vertex -6.22519 2.69131 3.57511
      vertex -4.24606 -0.995031 4.66872
      vertex -6.22483 2.69242 3.58177
    endloop
  endfacet
  facet normal -0.889099 -0.441266 0.121604
    outer loop
      vertex -6.22519 2.69131 3.57511
      vertex -4.14225 -1.22635 4.58833
      vertex -4.24606 -0.995031 4.66872
    endloop
  endfacet
  facet normal -0.889099 -0.441264 0.121611
    outer loop
      vertex -6.22519 2.69131 3.57511
      vertex -4.05639 -1.41955 4.51503
      vertex -4.14225 -1.22635 4.58833
    endloop
  endfacet
  facet normal -0.889099 -0.441264 0.12161
    outer loop
      vertex -3.93608 -1.69368 4.39994
      vertex -4.05639 -1.41955 4.51503
      vertex -6.22519 2.69131 3.57511
    endloop
  endfacet
  facet normal -0.888851 -0.441522 0.122485
    outer loop
      vertex -4.05639 -1.41955 4.51503
      vertex -3.93608 -1.69368 4.39994
      vertex -3.97785 -1.59691 4.44565
    endloop
  endfacet
  facet normal -0.879668 -0.254196 -0.401956
    outer loop
      vertex -5.90443 3.51374 1.90735e-07
      vertex -6.21391 3.65877 0.585571
      vertex -6.20281 3.87919 0.421886
    endloop
  endfacet
  facet normal -0.879673 -0.254162 -0.401967
    outer loop
      vertex -6.21391 3.65877 0.585571
      vertex -5.90443 3.51374 1.90735e-07
      vertex -5.8013 3.1568 1.90735e-07
    endloop
  endfacet
  facet normal -0.889642 -0.44988 0.078396
    outer loop
      vertex -6.25929 2.63921 3.02547
      vertex -3.65219 -2.34358 4.01697
      vertex -6.25921 2.63924 3.02655
    endloop
  endfacet
  facet normal -0.889581 -0.450836 0.0734282
    outer loop
      vertex -3.61803 -2.49239 3.51715
      vertex -3.65219 -2.34358 4.01697
      vertex -6.25929 2.63921 3.02547
    endloop
  endfacet
  facet normal -0.889539 -0.450915 0.0734544
    outer loop
      vertex -3.65219 -2.34358 4.01697
      vertex -3.61803 -2.49239 3.51715
      vertex -3.63454 -2.38412 3.98185
    endloop
  endfacet
  facet normal -0.889579 -0.450839 0.0734353
    outer loop
      vertex -3.63454 -2.38412 3.98185
      vertex -3.61803 -2.49239 3.51715
      vertex -3.60744 -2.45157 3.89604
    endloop
  endfacet
  facet normal -0.889645 -0.450711 0.0734233
    outer loop
      vertex -3.60798 -2.50569 3.55728
      vertex -3.60744 -2.45157 3.89604
      vertex -3.61803 -2.49239 3.51715
    endloop
  endfacet
  facet normal -0.888957 -0.451895 0.0744763
    outer loop
      vertex -3.60744 -2.45157 3.89604
      vertex -3.59982 -2.47128 3.8674
      vertex -3.60087 -2.46828 3.87307
    endloop
  endfacet
  facet normal -0.889661 -0.450681 0.0734186
    outer loop
      vertex -3.5913 -2.52325 3.65161
      vertex -3.60744 -2.45157 3.89604
      vertex -3.60798 -2.50569 3.55728
    endloop
  endfacet
  facet normal -0.889698 -0.450611 0.0733956
    outer loop
      vertex -3.60744 -2.45157 3.89604
      vertex -3.5913 -2.52325 3.65161
      vertex -3.59982 -2.47128 3.8674
    endloop
  endfacet
  facet normal -0.889604 -0.450789 0.0734421
    outer loop
      vertex -3.59982 -2.47128 3.8674
      vertex -3.5913 -2.52325 3.65161
      vertex -3.58738 -2.51023 3.77901
    endloop
  endfacet
  facet normal -0.889558 -0.450879 0.0734499
    outer loop
      vertex -3.58738 -2.51023 3.77901
      vertex -3.5913 -2.52325 3.65161
      vertex -3.58637 -2.51508 3.76147
    endloop
  endfacet
  facet normal -0.888621 -0.452708 0.0735438
    outer loop
      vertex -3.58637 -2.51508 3.76147
      vertex -3.5913 -2.52325 3.65161
      vertex -3.58848 -2.52578 3.67011
    endloop
  endfacet
  facet normal -0.883324 -0.326357 0.336496
    outer loop
      vertex -6.14008 3.14082 4.645
      vertex -5.4923 2.26909 5.5
      vertex -6.13973 3.14443 4.64942
    endloop
  endfacet
  facet normal -0.883328 -0.32666 0.336191
    outer loop
      vertex -6.14202 3.13492 4.63417
      vertex -5.4923 2.26909 5.5
      vertex -6.14008 3.14082 4.645
    endloop
  endfacet
  facet normal -0.883329 -0.326759 0.336092
    outer loop
      vertex -5.4923 2.26909 5.5
      vertex -6.14202 3.13492 4.63417
      vertex -5.40814 2.04158 5.5
    endloop
  endfacet
  facet normal -0.889823 -0.455647 -0.0245188
    outer loop
      vertex -6.26476 2.64983 2.47555
      vertex -3.6396 -2.46384 2.23486
      vertex -6.26543 2.63637 2.75
    endloop
  endfacet
  facet normal -0.889823 -0.455645 -0.0245419
    outer loop
      vertex -3.6396 -2.46384 2.23486
      vertex -6.26476 2.64983 2.47555
      vertex -3.61803 -2.49239 1.98285
    endloop
  endfacet
  facet normal -0.890851 -0.448389 -0.0730212
    outer loop
      vertex -6.26273 2.6901 2.20375
      vertex -6.26319 2.65973 2.39585
      vertex -6.26394 2.66592 2.36699
    endloop
  endfacet
  facet normal -0.888215 -0.453458 -0.0738235
    outer loop
      vertex -6.26319 2.65973 2.39585
      vertex -6.26476 2.64983 2.47555
      vertex -6.26428 2.65934 2.41136
    endloop
  endfacet
  facet normal -0.889582 -0.450819 -0.0735226
    outer loop
      vertex -6.26319 2.65973 2.39585
      vertex -3.476 -2.68033 1.4161
      vertex -6.26476 2.64983 2.47555
    endloop
  endfacet
  facet normal -0.889581 -0.45084 -0.0734056
    outer loop
      vertex -6.26273 2.6901 2.20375
      vertex -3.476 -2.68033 1.4161
      vertex -6.26319 2.65973 2.39585
    endloop
  endfacet
  facet normal -0.889581 -0.450839 -0.0734102
    outer loop
      vertex -3.476 -2.68033 1.4161
      vertex -6.26273 2.6901 2.20375
      vertex -3.40875 -2.76933 1.14775
    endloop
  endfacet
  facet normal -0.889824 -0.455642 0.0245741
    outer loop
      vertex -6.26543 2.63637 2.75
      vertex -3.6837 -2.4055 2.75
      vertex -3.6396 -2.46384 3.26514
    endloop
  endfacet
  facet normal -0.888945 -0.457359 0.0244869
    outer loop
      vertex -6.26543 2.63637 2.75
      vertex -6.25865 2.6339 2.95
      vertex -6.26536 2.63777 2.77869
    endloop
  endfacet
  facet normal -0.889823 -0.455645 0.0245378
    outer loop
      vertex -6.25865 2.6339 2.95
      vertex -6.26543 2.63637 2.75
      vertex -3.6396 -2.46384 3.26514
    endloop
  endfacet
  facet normal -0.889823 -0.455646 0.024513
    outer loop
      vertex -3.6396 -2.46384 3.26514
      vertex -6.25929 2.63921 3.02547
      vertex -6.25865 2.6339 2.95
    endloop
  endfacet
  facet normal -0.889823 -0.455645 0.024542
    outer loop
      vertex -6.25929 2.63921 3.02547
      vertex -3.6396 -2.46384 3.26514
      vertex -3.61803 -2.49239 3.51715
    endloop
  endfacet
  facet normal -0.879675 -0.254131 0.401981
    outer loop
      vertex -6.08112 3.73015 5.25017
      vertex -5.92442 3.58291 5.5
      vertex -6.08066 3.7492 5.26322
    endloop
  endfacet
  facet normal -0.879674 -0.254224 0.401925
    outer loop
      vertex -5.92442 3.58291 5.5
      vertex -6.08112 3.73015 5.25017
      vertex -5.90443 3.51374 5.5
    endloop
  endfacet
  facet normal -0.889581 -0.450837 -0.0734309
    outer loop
      vertex -6.26476 2.64983 2.47555
      vertex -3.476 -2.68033 1.4161
      vertex -3.61803 -2.49239 1.98285
    endloop
  endfacet
  facet normal -0.843948 0.450243 0.291605
    outer loop
      vertex -5.90884 7.87597 4.4085
      vertex -5.23848 8.68236 5.10354
      vertex -5.90893 7.8763 4.40773
    endloop
  endfacet
  facet normal -0.844436 0.445022 0.298134
    outer loop
      vertex -5.90856 7.72369 4.6366
      vertex -5.23848 8.68236 5.10354
      vertex -5.90884 7.87597 4.4085
    endloop
  endfacet
  facet normal -0.844437 0.445027 0.298124
    outer loop
      vertex -5.23848 8.68236 5.10354
      vertex -5.90856 7.72369 4.6366
      vertex -5.23826 8.53278 5.32745
    endloop
  endfacet
  facet normal -0.847753 0.379235 0.370804
    outer loop
      vertex -5.90235 7.35452 5.06695
      vertex -5.57413 7.66481 5.5
      vertex -5.52541 7.77372 5.5
    endloop
  endfacet
  facet normal -0.847735 0.379416 0.370661
    outer loop
      vertex -5.57413 7.66481 5.5
      vertex -5.90235 7.35452 5.06695
      vertex -5.9038 7.33732 5.08124
    endloop
  endfacet
  facet normal -0.844436 0.444998 0.298168
    outer loop
      vertex -5.90893 7.8763 4.40773
      vertex -5.23858 8.75408 4.99618
      vertex -5.91083 7.88304 4.39229
    endloop
  endfacet
  facet normal -0.844436 0.445048 0.298093
    outer loop
      vertex -5.23858 8.75408 4.99618
      vertex -5.90893 7.8763 4.40773
      vertex -5.23848 8.68236 5.10354
    endloop
  endfacet
  facet normal -0.843259 0.472019 0.257124
    outer loop
      vertex -5.23585 8.81927 4.88546
      vertex -5.23858 8.75408 4.99618
      vertex -5.23419 8.79349 4.93823
    endloop
  endfacet
  facet normal -0.843061 0.472217 0.257408
    outer loop
      vertex -5.91083 7.88304 4.39229
      vertex -5.23585 8.81927 4.88546
      vertex -5.9114 7.88997 4.37771
    endloop
  endfacet
  facet normal -0.843062 0.472283 0.257285
    outer loop
      vertex -5.23585 8.81927 4.88546
      vertex -5.91083 7.88304 4.39229
      vertex -5.23858 8.75408 4.99618
    endloop
  endfacet
  facet normal -0.851706 0.300564 -0.429253
    outer loop
      vertex -5.85329 6.93063 1.90735e-07
      vertex -5.86706 6.89161 1.90735e-07
      vertex -6.05809 6.75106 0.280621
    endloop
  endfacet
  facet normal -0.87967 -0.254223 -0.401934
    outer loop
      vertex -5.92442 3.58291 1.90735e-07
      vertex -5.90443 3.51374 1.90735e-07
      vertex -6.20281 3.87919 0.421886
    endloop
  endfacet
  facet normal -0.858528 0.16523 -0.485416
    outer loop
      vertex -6.04001 6.26382 1.90735e-07
      vertex -6.04149 6.25613 1.90735e-07
      vertex -6.08361 6.24459 0.0705673
    endloop
  endfacet
  facet normal -0.843063 0.472266 0.25731
    outer loop
      vertex -5.91404 7.9222 4.30988
      vertex -5.24345 8.93705 4.64438
      vertex -5.92221 8.00609 4.12914
    endloop
  endfacet
  facet normal -0.843064 0.472269 0.257305
    outer loop
      vertex -5.24345 8.93705 4.64438
      vertex -5.91404 7.9222 4.30988
      vertex -5.23585 8.81927 4.88546
    endloop
  endfacet
  facet normal -0.843061 0.472311 0.257235
    outer loop
      vertex -5.23585 8.81927 4.88546
      vertex -5.91404 7.9222 4.30988
      vertex -5.9114 7.88997 4.37771
    endloop
  endfacet
  facet normal -0.998746 0.0500566 0.000560023
    outer loop
      vertex -6.06956 6.52327 0.185564
      vertex -6.07059 6.50297 0.163138
      vertex -6.07176 6.4796 0.165442
    endloop
  endfacet
  facet normal -0.998727 0.0504334 0.000122337
    outer loop
      vertex -5.98966 8.10886 1.9372
      vertex -5.99046 8.09306 1.91975
      vertex -5.99022 8.09778 1.93323
    endloop
  endfacet
  facet normal -0.998717 0.050619 0.00112886
    outer loop
      vertex -6.2022 3.89113 0.426162
      vertex -6.20175 3.90015 0.419819
      vertex -6.20281 3.87919 0.421886
    endloop
  endfacet
  facet normal -0.847751 0.379229 -0.370814
    outer loop
      vertex -5.52541 7.77372 1.90735e-07
      vertex -6.02487 7.41021 0.770102
      vertex -5.35812 8.14769 1.90735e-07
    endloop
  endfacet
  facet normal -0.847749 0.379241 -0.370807
    outer loop
      vertex -6.02487 7.41021 0.770102
      vertex -5.52541 7.77372 1.90735e-07
      vertex -6.03512 7.20687 0.585571
    endloop
  endfacet
  facet normal -0.998745 0.0500873 0.000234548
    outer loop
      vertex -6.02487 7.41021 0.770102
      vertex -6.02264 7.45438 0.833396
      vertex -6.01558 7.5945 0.973699
    endloop
  endfacet
  facet normal -0.998746 0.0500607 0.000253125
    outer loop
      vertex -6.02487 7.41021 0.770102
      vertex -6.02716 7.3647 0.735081
      vertex -6.02264 7.45438 0.833396
    endloop
  endfacet
  facet normal -0.998826 0.0483715 0.00245355
    outer loop
      vertex -6.02487 7.41021 0.770102
      vertex -6.0298 7.31241 0.691244
      vertex -6.02716 7.3647 0.735081
    endloop
  endfacet
  facet normal -0.998732 0.0503515 -8.04089e-06
    outer loop
      vertex -6.0298 7.31241 0.691244
      vertex -6.02487 7.41021 0.770102
      vertex -6.03512 7.20687 0.585571
    endloop
  endfacet
  facet normal -0.843064 0.472288 -0.257267
    outer loop
      vertex -5.30913 8.84696 0.905482
      vertex -5.3055 8.7964 0.800769
      vertex -6.00023 7.89907 1.43009
    endloop
  endfacet
  facet normal -0.839574 0.522741 -0.147844
    outer loop
      vertex -5.98966 8.10886 1.9372
      vertex -5.28365 9.18223 1.7231
      vertex -5.28366 9.18218 1.72298
    endloop
  endfacet
  facet normal -0.840234 0.528418 -0.12158
    outer loop
      vertex -5.28365 9.18223 1.7231
      vertex -5.9863 8.17554 2.20375
      vertex -5.28989 9.23296 1.98671
    endloop
  endfacet
  facet normal -0.840236 0.528412 -0.121596
    outer loop
      vertex -5.28365 9.18223 1.7231
      vertex -5.98966 8.10886 1.9372
      vertex -5.9863 8.17554 2.20375
    endloop
  endfacet
  facet normal -0.839515 0.542786 0.0244637
    outer loop
      vertex -5.27516 9.3197 2.86677
      vertex -5.98384 8.22431 2.85104
      vertex -5.97923 8.22698 2.95
    endloop
  endfacet
  facet normal -0.844741 0.534599 0.0248294
    outer loop
      vertex -5.27516 9.3197 2.86677
      vertex -5.2723 9.3201 2.95546
      vertex -5.27222 9.32048 2.95
    endloop
  endfacet
  facet normal -0.839506 0.542793 0.0246236
    outer loop
      vertex -5.97923 8.22698 2.95
      vertex -5.2723 9.3201 2.95546
      vertex -5.27516 9.3197 2.86677
    endloop
  endfacet
  facet normal -0.839513 0.542784 0.0245678
    outer loop
      vertex -5.98384 8.22431 2.85104
      vertex -5.27516 9.3197 2.86677
      vertex -5.98359 8.22927 2.75
    endloop
  endfacet
  facet normal -0.839508 0.542794 0.024521
    outer loop
      vertex -5.2723 9.3201 2.95546
      vertex -5.97923 8.22698 2.95
      vertex -5.27516 9.30755 3.13535
    endloop
  endfacet
  facet normal -0.839514 0.542779 0.0246383
    outer loop
      vertex -5.98056 8.22203 3.01373
      vertex -5.27516 9.30755 3.13535
      vertex -5.97923 8.22698 2.95
    endloop
  endfacet
  facet normal -0.839496 0.542833 0.0240484
    outer loop
      vertex -5.27516 9.30755 3.13535
      vertex -5.98056 8.22203 3.01373
      vertex -5.9808 8.22116 3.02499
    endloop
  endfacet
  facet normal -0.858544 0.165011 -0.485462
    outer loop
      vertex -6.09475 5.97902 1.90735e-07
      vertex -6.08361 6.24459 0.0705673
      vertex -6.04149 6.25613 1.90735e-07
    endloop
  endfacet
  facet normal -0.858787 0.164915 -0.485065
    outer loop
      vertex -6.08361 6.24459 0.0705673
      vertex -6.09475 5.97902 1.90735e-07
      vertex -6.09702 5.97838 0.00380154
    endloop
  endfacet
  facet normal -0.873173 -0.1248 -0.471162
    outer loop
      vertex -6.12279 4.5892 1.90735e-07
      vertex -6.17844 4.36266 0.163138
      vertex -6.16542 4.62105 0.0705673
    endloop
  endfacet
  facet normal -0.87315 -0.124832 -0.471197
    outer loop
      vertex -6.17844 4.36266 0.163138
      vertex -6.12279 4.5892 1.90735e-07
      vertex -6.08002 4.29004 1.90735e-07
    endloop
  endfacet
  facet normal -0.875436 -0.170014 -0.452447
    outer loop
      vertex -6.02199 3.99142 1.90735e-07
      vertex -6.01502 3.95553 1.90735e-07
      vertex -6.19094 4.11458 0.280621
    endloop
  endfacet
  facet normal -0.884898 -0.357897 -0.298103
    outer loop
      vertex -5.28926 1.74765 1.90735e-07
      vertex -6.24168 3.10765 1.1944
      vertex -6.23345 3.27113 0.973699
    endloop
  endfacet
  facet normal -0.884898 -0.357896 -0.298104
    outer loop
      vertex -6.24168 3.10765 1.1944
      vertex -5.28926 1.74765 1.90735e-07
      vertex -5.09199 1.2599 1.90735e-07
    endloop
  endfacet
  facet normal -0.881584 -0.292071 -0.370817
    outer loop
      vertex -5.8013 3.1568 1.90735e-07
      vertex -5.76378 3.04355 1.90735e-07
      vertex -6.21391 3.65877 0.585571
    endloop
  endfacet
  facet normal -0.998733 0.050318 -2.89981e-05
    outer loop
      vertex -6.22416 3.45543 0.770102
      vertex -6.21894 3.55899 0.685471
      vertex -6.21391 3.65877 0.585571
    endloop
  endfacet
  facet normal -0.998723 0.0505127 0.000209849
    outer loop
      vertex -6.22416 3.45543 0.770102
      vertex -6.22614 3.41609 0.816314
      vertex -6.21894 3.55899 0.685471
    endloop
  endfacet
  facet normal -0.998705 0.0508738 0.000471068
    outer loop
      vertex -6.22614 3.41609 0.816314
      vertex -6.23345 3.27113 0.973699
      vertex -6.22951 3.3492 0.895529
    endloop
  endfacet
  facet normal -0.99867 0.0515458 0.00109164
    outer loop
      vertex -6.23345 3.27113 0.973699
      vertex -6.22614 3.41609 0.816314
      vertex -6.22416 3.45543 0.770102
    endloop
  endfacet
  facet normal -0.998752 0.0499376 0
    outer loop
      vertex -6.26536 2.63777 2.7595
      vertex -6.26543 2.63637 2.75
      vertex -6.26536 2.63777 2.77869
    endloop
  endfacet
  facet normal -0.887436 -0.408323 0.213845
    outer loop
      vertex -6.20725 2.76403 3.85577
      vertex -4.77673 0.329416 5.14355
      vertex -6.20617 2.76648 3.86493
    endloop
  endfacet
  facet normal -0.887436 -0.408258 0.213968
    outer loop
      vertex -4.77673 0.329416 5.14355
      vertex -6.20725 2.76403 3.85577
      vertex -4.62528 -0.0762009 4.99776
    endloop
  endfacet
  facet normal -0.884899 -0.357946 0.298041
    outer loop
      vertex -6.14341 3.12585 4.61915
      vertex -5.40814 2.04158 5.5
      vertex -6.14202 3.13492 4.63417
    endloop
  endfacet
  facet normal -0.884899 -0.357897 0.298101
    outer loop
      vertex -5.40814 2.04158 5.5
      vertex -6.14341 3.12585 4.61915
      vertex -5.28926 1.74765 5.5
    endloop
  endfacet
  facet normal -0.998682 0.0513193 0.00048755
    outer loop
      vertex -6.25487 2.84596 1.69495
      vertex -6.25356 2.87197 1.64051
      vertex -6.25471 2.84923 1.67849
    endloop
  endfacet
  facet normal -0.998686 0.0512367 0.000565969
    outer loop
      vertex -6.23389 3.26228 0.998475
      vertex -6.23345 3.27113 0.973699
      vertex -6.23493 3.24174 1.0228
    endloop
  endfacet
  facet normal -0.998994 0.0448286 -0.000681133
    outer loop
      vertex -6.26535 2.63808 2.74521
      vertex -6.26533 2.63844 2.73957
      vertex -6.26543 2.63637 2.75
    endloop
  endfacet
  facet normal -0.888382 -0.427059 0.16852
    outer loop
      vertex -6.20758 2.76124 3.84696
      vertex -4.62528 -0.0762009 4.99776
      vertex -6.20725 2.76403 3.85577
    endloop
  endfacet
  facet normal -0.888382 -0.42705 0.16854
    outer loop
      vertex -6.20758 2.76124 3.84696
      vertex -4.58725 -0.167118 4.96785
      vertex -4.62528 -0.0762009 4.99776
    endloop
  endfacet
  facet normal -0.888381 -0.42702 0.168618
    outer loop
      vertex -4.58725 -0.167118 4.96785
      vertex -6.20758 2.76124 3.84696
      vertex -4.40805 -0.598836 4.81867
    endloop
  endfacet
  facet normal -0.998684 0.0512933 0.000482364
    outer loop
      vertex -6.25471 2.84923 1.67849
      vertex -6.25523 2.83881 1.70992
      vertex -6.25487 2.84596 1.69495
    endloop
  endfacet
  facet normal -0.998386 0.0567545 0.00229784
    outer loop
      vertex -6.25937 2.75678 1.9372
      vertex -6.25523 2.83881 1.70992
      vertex -6.25471 2.84923 1.67849
    endloop
  endfacet
  facet normal -0.998694 0.0510851 0.000246011
    outer loop
      vertex -6.25523 2.83881 1.70992
      vertex -6.25937 2.75678 1.9372
      vertex -6.25966 2.75092 1.97678
    endloop
  endfacet
  facet normal -0.998874 0.047449 -0.000159915
    outer loop
      vertex -6.26533 2.63844 2.73957
      vertex -6.26531 2.63884 2.73333
      vertex -6.26543 2.63637 2.75
    endloop
  endfacet
  facet normal -0.886271 -0.385129 -0.257292
    outer loop
      vertex -4.88304 0.779055 1.90735e-07
      vertex -4.63415 0.206301 1.90735e-07
      vertex -6.24879 2.96657 1.43009
    endloop
  endfacet
  facet normal -0.875455 -0.169871 0.452462
    outer loop
      vertex -6.05748 3.99392 5.43227
      vertex -6.02199 3.99142 5.5
      vertex -6.05549 4.01584 5.44435
    endloop
  endfacet
  facet normal -0.875436 -0.170014 0.452446
    outer loop
      vertex -6.02199 3.99142 5.5
      vertex -6.05748 3.99392 5.43227
      vertex -6.01502 3.95553 5.5
    endloop
  endfacet
  facet normal -0.879671 -0.25419 0.401953
    outer loop
      vertex -6.0834 3.63486 5.18492
      vertex -5.90443 3.51374 5.5
      vertex -6.08112 3.73015 5.25017
    endloop
  endfacet
  facet normal -0.879674 -0.254162 0.401965
    outer loop
      vertex -6.10259 3.52334 5.07241
      vertex -5.90443 3.51374 5.5
      vertex -6.0834 3.63486 5.18492
    endloop
  endfacet
  facet normal -0.879674 -0.254162 0.401965
    outer loop
      vertex -5.90443 3.51374 5.5
      vertex -6.10259 3.52334 5.07241
      vertex -5.8013 3.1568 5.5
    endloop
  endfacet
  facet normal -0.845979 0.413903 0.336159
    outer loop
      vertex -5.23706 8.45136 5.43076
      vertex -5.35812 8.14769 5.5
      vertex -5.23946 8.39022 5.5
    endloop
  endfacet
  facet normal -0.846008 0.413899 0.336093
    outer loop
      vertex -5.9071 7.7139 4.65233
      vertex -5.35812 8.14769 5.5
      vertex -5.23706 8.45136 5.43076
    endloop
  endfacet
  facet normal -0.845996 0.413951 0.336059
    outer loop
      vertex -5.90112 7.67388 4.71668
      vertex -5.35812 8.14769 5.5
      vertex -5.9071 7.7139 4.65233
    endloop
  endfacet
  facet normal -0.846041 0.413721 0.336229
    outer loop
      vertex -5.90007 7.66686 4.72796
      vertex -5.35812 8.14769 5.5
      vertex -5.90112 7.67388 4.71668
    endloop
  endfacet
  facet normal -0.845962 0.414136 0.335915
    outer loop
      vertex -5.90052 7.65757 4.73828
      vertex -5.35812 8.14769 5.5
      vertex -5.90007 7.66686 4.72796
    endloop
  endfacet
  facet normal -0.846002 0.413918 0.336084
    outer loop
      vertex -5.35812 8.14769 5.5
      vertex -5.90052 7.65757 4.73828
      vertex -5.90612 7.54156 4.86706
    endloop
  endfacet
  facet normal -0.839512 0.542787 -0.0245359
    outer loop
      vertex -5.27929 9.31859 2.75
      vertex -5.28113 9.31051 2.63421
      vertex -5.98359 8.22927 2.75
    endloop
  endfacet
  facet normal -0.839512 0.542787 0.0245328
    outer loop
      vertex -5.27929 9.31859 2.75
      vertex -5.98359 8.22927 2.75
      vertex -5.27516 9.3197 2.86677
    endloop
  endfacet
  facet normal -0.840739 0.514503 0.168656
    outer loop
      vertex -5.25196 9.20301 3.90555
      vertex -5.24603 9.17338 4.0255
      vertex -5.24567 9.18928 3.97879
    endloop
  endfacet
  facet normal -0.840946 0.513928 0.169376
    outer loop
      vertex -5.94814 8.16829 3.58863
      vertex -5.25196 9.20301 3.90555
      vertex -5.949 8.16917 3.58169
    endloop
  endfacet
  facet normal -0.840954 0.514175 0.168586
    outer loop
      vertex -5.25196 9.20301 3.90555
      vertex -5.94814 8.16829 3.58863
      vertex -5.24603 9.17338 4.0255
    endloop
  endfacet
  facet normal -0.841901 0.495417 0.213926
    outer loop
      vertex -5.91846 8.04038 4.06448
      vertex -5.23825 9.03227 4.44438
      vertex -5.24092 9.04719 4.39932
    endloop
  endfacet
  facet normal -0.840193 0.497855 0.21498
    outer loop
      vertex -5.23825 9.03227 4.44438
      vertex -5.23767 9.01019 4.49778
      vertex -5.23663 9.02325 4.4716
    endloop
  endfacet
  facet normal -0.8419 0.495395 0.213982
    outer loop
      vertex -5.23825 9.03227 4.44438
      vertex -5.91846 8.04038 4.06448
      vertex -5.23767 9.01019 4.49778
    endloop
  endfacet
  facet normal -0.841899 0.495413 0.213944
    outer loop
      vertex -5.91884 8.04166 4.06004
      vertex -5.24092 9.04719 4.39932
      vertex -5.93521 8.09727 3.86685
    endloop
  endfacet
  facet normal -0.841865 0.495107 0.214785
    outer loop
      vertex -5.91846 8.04038 4.06448
      vertex -5.24092 9.04719 4.39932
      vertex -5.91884 8.04166 4.06004
    endloop
  endfacet
  facet normal -0.841899 0.495456 0.213844
    outer loop
      vertex -5.91869 8.03828 4.06844
      vertex -5.23767 9.01019 4.49778
      vertex -5.91846 8.04038 4.06448
    endloop
  endfacet
  facet normal -0.8419 0.495402 0.213967
    outer loop
      vertex -5.23767 9.01019 4.49778
      vertex -5.91869 8.03828 4.06844
      vertex -5.24345 8.93705 4.64438
    endloop
  endfacet
  facet normal -0.841895 0.495433 0.213913
    outer loop
      vertex -5.24345 8.93705 4.64438
      vertex -5.91869 8.03828 4.06844
      vertex -5.92221 8.00609 4.12914
    endloop
  endfacet
  facet normal -0.998716 0.0506503 -0.00011706
    outer loop
      vertex -5.98966 8.10886 1.9372
      vertex -5.99155 8.07141 1.85793
      vertex -5.99069 8.08848 1.90666
    endloop
  endfacet
  facet normal -0.998722 0.0505476 -0.000168811
    outer loop
      vertex -6.00734 7.75798 1.1944
      vertex -6.01048 7.69571 1.12561
      vertex -6.00576 7.78942 1.26096
    endloop
  endfacet
  facet normal -0.998752 0.0499442 0.000456213
    outer loop
      vertex -6.03186 7.27141 0.656876
      vertex -6.03512 7.20687 0.585571
      vertex -6.0338 7.23291 0.624598
    endloop
  endfacet
  facet normal -0.842369 0.473195 -0.257877
    outer loop
      vertex -5.30714 8.75839 0.736379
      vertex -5.3055 8.7964 0.800769
      vertex -5.30439 8.78104 0.768958
    endloop
  endfacet
  facet normal -0.843065 0.472281 -0.257278
    outer loop
      vertex -6.00734 7.75798 1.1944
      vertex -5.30714 8.75839 0.736379
      vertex -5.32054 8.64789 0.577446
    endloop
  endfacet
  facet normal -0.843064 0.472278 -0.257285
    outer loop
      vertex -6.00023 7.89907 1.43009
      vertex -5.30714 8.75839 0.736379
      vertex -6.00734 7.75798 1.1944
    endloop
  endfacet
  facet normal -0.843067 0.472262 -0.257308
    outer loop
      vertex -5.30714 8.75839 0.736379
      vertex -6.00023 7.89907 1.43009
      vertex -5.3055 8.7964 0.800769
    endloop
  endfacet
  facet normal -0.839753 0.537987 -0.0733829
    outer loop
      vertex -5.28538 9.2918 2.36625
      vertex -5.279 9.28588 2.24984
      vertex -5.98427 8.2158 2.47555
    endloop
  endfacet
  facet normal -0.837346 0.541601 -0.0742937
    outer loop
      vertex -5.27856 9.28256 2.22055
      vertex -5.27866 9.28557 2.24362
      vertex -5.27801 9.28497 2.23192
    endloop
  endfacet
  facet normal -0.846083 0.528088 -0.0725684
    outer loop
      vertex -5.27866 9.28557 2.24362
      vertex -5.27856 9.28256 2.22055
      vertex -5.279 9.28588 2.24984
    endloop
  endfacet
  facet normal -0.839751 0.537984 -0.0734247
    outer loop
      vertex -5.9863 8.17554 2.20375
      vertex -5.27856 9.28256 2.22055
      vertex -5.28989 9.23296 1.98671
    endloop
  endfacet
  facet normal -0.839752 0.537984 -0.0734163
    outer loop
      vertex -5.98427 8.2158 2.47555
      vertex -5.27856 9.28256 2.22055
      vertex -5.9863 8.17554 2.20375
    endloop
  endfacet
  facet normal -0.83976 0.537948 -0.073591
    outer loop
      vertex -5.27856 9.28256 2.22055
      vertex -5.98427 8.2158 2.47555
      vertex -5.279 9.28588 2.24984
    endloop
  endfacet
  facet normal -0.998725 0.0504771 0
    outer loop
      vertex -5.98966 8.10886 1.9372
      vertex -5.99022 8.09778 1.93323
      vertex -5.98966 8.10886 1.96486
    endloop
  endfacet
  facet normal -0.998698 0.0510222 0
    outer loop
      vertex -6.2022 3.89113 0.426162
      vertex -6.20281 3.87919 0.421886
      vertex -6.20281 3.87919 0.434554
    endloop
  endfacet
  facet normal -0.998787 0.049236 0
    outer loop
      vertex -5.98931 8.11596 1.98514
      vertex -5.98966 8.10886 1.9372
      vertex -5.98966 8.10886 1.96486
    endloop
  endfacet
  facet normal -0.998732 0.0503393 1.34282e-05
    outer loop
      vertex -5.98359 8.22927 2.75
      vertex -5.98405 8.22016 2.68852
      vertex -5.98384 8.22431 2.75
    endloop
  endfacet
  facet normal -0.998732 0.0503393 0
    outer loop
      vertex -5.98359 8.22927 2.75
      vertex -5.98384 8.22431 2.75
      vertex -5.98384 8.22431 2.78346
    endloop
  endfacet
  facet normal -0.998732 0.0503393 0
    outer loop
      vertex -5.98384 8.22431 2.8004
      vertex -5.98359 8.22927 2.75
      vertex -5.98384 8.22431 2.78346
    endloop
  endfacet
  facet normal -0.839348 0.535951 0.0908386
    outer loop
      vertex -5.98075 8.22114 3.02557
      vertex -5.27516 9.30755 3.13535
      vertex -5.9808 8.22116 3.02499
    endloop
  endfacet
  facet normal -0.839756 0.537974 0.0734471
    outer loop
      vertex -5.27516 9.30755 3.13535
      vertex -5.98075 8.22114 3.02557
      vertex -5.26868 9.30154 3.25346
    endloop
  endfacet
  facet normal -0.84966 0.341316 -0.401973
    outer loop
      vertex -5.73946 7.25324 1.90735e-07
      vertex -6.03512 7.20687 0.585571
      vertex -5.61109 7.5728 1.90735e-07
    endloop
  endfacet
  facet normal -0.849669 0.341285 -0.40198
    outer loop
      vertex -6.03512 7.20687 0.585571
      vertex -5.73946 7.25324 1.90735e-07
      vertex -6.04622 6.98644 0.421886
    endloop
  endfacet
  facet normal -0.853888 0.257286 -0.452414
    outer loop
      vertex -5.95921 6.58578 1.90735e-07
      vertex -6.05809 6.75106 0.280621
      vertex -5.86706 6.89161 1.90735e-07
    endloop
  endfacet
  facet normal -0.853902 0.257259 -0.452403
    outer loop
      vertex -6.05809 6.75106 0.280621
      vertex -5.95921 6.58578 1.90735e-07
      vertex -6.07059 6.50297 0.163138
    endloop
  endfacet
  facet normal -0.884898 -0.357895 0.298105
    outer loop
      vertex -6.15983 3.01876 4.44184
      vertex -5.28926 1.74765 5.5
      vertex -6.14341 3.12585 4.61915
    endloop
  endfacet
  facet normal -0.884898 -0.357838 0.298173
    outer loop
      vertex -6.16508 2.98453 4.38518
      vertex -5.28926 1.74765 5.5
      vertex -6.15983 3.01876 4.44184
    endloop
  endfacet
  facet normal -0.884897 -0.35788 0.298125
    outer loop
      vertex -5.09817 1.26982 5.49359
      vertex -5.28926 1.74765 5.5
      vertex -6.16508 2.98453 4.38518
    endloop
  endfacet
  facet normal -0.884904 -0.357883 0.298103
    outer loop
      vertex -5.28926 1.74765 5.5
      vertex -5.09817 1.26982 5.49359
      vertex -5.10289 1.28683 5.5
    endloop
  endfacet
  facet normal -0.889099 -0.441265 -0.121606
    outer loop
      vertex -6.25937 2.75678 1.9372
      vertex -3.21666 -2.91333 0.265827
      vertex -3.30605 -2.90056 0.873047
    endloop
  endfacet
  facet normal -0.888334 -0.442713 -0.121932
    outer loop
      vertex -6.25937 2.75678 1.9372
      vertex -6.25962 2.72698 2.04722
      vertex -6.26051 2.73412 2.02778
    endloop
  endfacet
  facet normal -0.891202 -0.437265 -0.120657
    outer loop
      vertex -6.2608 2.72331 2.06914
      vertex -6.26273 2.6901 2.20375
      vertex -6.2611 2.72239 2.07469
    endloop
  endfacet
  facet normal -0.888419 -0.442546 -0.12192
    outer loop
      vertex -6.25962 2.72698 2.04722
      vertex -6.26273 2.6901 2.20375
      vertex -6.2608 2.72331 2.06914
    endloop
  endfacet
  facet normal -0.889098 -0.44126 -0.12163
    outer loop
      vertex -6.25962 2.72698 2.04722
      vertex -3.40875 -2.76933 1.14775
      vertex -6.26273 2.6901 2.20375
    endloop
  endfacet
  facet normal -0.889102 -0.441276 -0.121544
    outer loop
      vertex -6.25937 2.75678 1.9372
      vertex -3.40875 -2.76933 1.14775
      vertex -6.25962 2.72698 2.04722
    endloop
  endfacet
  facet normal -0.889099 -0.441267 -0.121597
    outer loop
      vertex -3.30605 -2.90056 0.873047
      vertex -3.40875 -2.76933 1.14775
      vertex -6.25937 2.75678 1.9372
    endloop
  endfacet
  facet normal -0.888945 -0.441643 -0.12136
    outer loop
      vertex -3.40875 -2.76933 1.14775
      vertex -3.30605 -2.90056 0.873047
      vertex -3.31 -2.89999 0.899906
    endloop
  endfacet
  facet normal -0.998582 0.0532255 0.000563733
    outer loop
      vertex -6.25966 2.75092 1.97678
      vertex -6.25937 2.75678 1.9372
      vertex -6.25992 2.74588 1.99208
    endloop
  endfacet
  facet normal -0.998664 0.0516735 7.22596e-05
    outer loop
      vertex -6.26476 2.64983 2.47555
      vertex -6.26531 2.63884 2.73333
      vertex -6.26435 2.65781 2.43538
    endloop
  endfacet
  facet normal -0.99885 0.047937 -8.74381e-05
    outer loop
      vertex -6.26531 2.63884 2.73333
      vertex -6.26476 2.64983 2.47555
      vertex -6.26543 2.63637 2.75
    endloop
  endfacet
  facet normal -0.889824 -0.455642 -0.0245741
    outer loop
      vertex -6.26543 2.63637 2.75
      vertex -3.6396 -2.46384 2.23486
      vertex -3.6837 -2.4055 2.75
    endloop
  endfacet
  facet normal -0.889049 -0.440124 0.126022
    outer loop
      vertex -6.23982 2.64627 3.30473
      vertex -3.93608 -1.69368 4.39994
      vertex -6.23964 2.64625 3.30593
    endloop
  endfacet
  facet normal -0.8891 -0.441286 0.121525
    outer loop
      vertex -6.23982 2.64627 3.30473
      vertex -3.90866 -1.75719 4.36993
      vertex -3.93608 -1.69368 4.39994
    endloop
  endfacet
  facet normal -0.889099 -0.441277 0.121561
    outer loop
      vertex -6.23982 2.64627 3.30473
      vertex -3.85829 -1.87436 4.313
      vertex -3.90866 -1.75719 4.36993
    endloop
  endfacet
  facet normal -0.889098 -0.441263 0.121622
    outer loop
      vertex -3.78277 -2.05385 4.21386
      vertex -3.85829 -1.87436 4.313
      vertex -6.23982 2.64627 3.30473
    endloop
  endfacet
  facet normal -0.889466 -0.440819 0.120538
    outer loop
      vertex -3.85829 -1.87436 4.313
      vertex -3.78277 -2.05385 4.21386
      vertex -3.82593 -1.94972 4.27619
    endloop
  endfacet
  facet normal -0.8891 -0.441267 0.121595
    outer loop
      vertex -6.22519 2.69131 3.57511
      vertex -6.23964 2.64625 3.30593
      vertex -3.93608 -1.69368 4.39994
    endloop
  endfacet
  facet normal -0.887436 -0.408224 0.214034
    outer loop
      vertex -6.1897 2.80385 4.00456
      vertex -4.90126 0.66294 5.26341
      vertex -6.18727 2.8614 4.1244
    endloop
  endfacet
  facet normal -0.887434 -0.408275 0.213946
    outer loop
      vertex -6.20617 2.76648 3.86493
      vertex -4.90126 0.66294 5.26341
      vertex -6.1897 2.80385 4.00456
    endloop
  endfacet
  facet normal -0.887436 -0.408249 0.213987
    outer loop
      vertex -4.90126 0.66294 5.26341
      vertex -6.20617 2.76648 3.86493
      vertex -4.77673 0.329416 5.14355
    endloop
  endfacet
  facet normal -0.886277 -0.385195 0.257173
    outer loop
      vertex -6.16507 2.95097 4.33495
      vertex -5.00455 0.98589 5.39106
      vertex -6.16508 2.97627 4.37281
    endloop
  endfacet
  facet normal -0.88627 -0.385113 0.257319
    outer loop
      vertex -6.17582 2.90761 4.23303
      vertex -5.00455 0.98589 5.39106
      vertex -6.16507 2.95097 4.33495
    endloop
  endfacet
  facet normal -0.886272 -0.385152 0.257256
    outer loop
      vertex -6.18727 2.8614 4.1244
      vertex -5.00455 0.98589 5.39106
      vertex -6.17582 2.90761 4.23303
    endloop
  endfacet
  facet normal -0.886271 -0.38524 0.257125
    outer loop
      vertex -6.18727 2.8614 4.1244
      vertex -4.99508 0.956428 5.37956
      vertex -5.00455 0.98589 5.39106
    endloop
  endfacet
  facet normal -0.886271 -0.385137 0.257281
    outer loop
      vertex -4.99508 0.956428 5.37956
      vertex -6.18727 2.8614 4.1244
      vertex -4.90126 0.66294 5.26341
    endloop
  endfacet
  facet normal -0.853878 0.25726 0.452448
    outer loop
      vertex -5.90402 6.81781 5.47221
      vertex -5.86706 6.89161 5.5
      vertex -5.90719 6.86209 5.44105
    endloop
  endfacet
  facet normal -0.853965 0.257395 0.452207
    outer loop
      vertex -5.90342 6.8094 5.47813
      vertex -5.86706 6.89161 5.5
      vertex -5.90402 6.81781 5.47221
    endloop
  endfacet
  facet normal -0.854016 0.257452 0.452078
    outer loop
      vertex -5.90392 6.79998 5.48255
      vertex -5.86706 6.89161 5.5
      vertex -5.90342 6.8094 5.47813
    endloop
  endfacet
  facet normal -0.853824 0.257287 0.452536
    outer loop
      vertex -5.86706 6.89161 5.5
      vertex -5.90392 6.79998 5.48255
      vertex -5.90589 6.76275 5.5
    endloop
  endfacet
  facet normal -0.851729 0.300523 0.429237
    outer loop
      vertex -5.90226 7.09132 5.29033
      vertex -5.86706 6.89161 5.5
      vertex -5.76003 7.19495 5.5
    endloop
  endfacet
  facet normal -0.851694 0.300568 0.429274
    outer loop
      vertex -5.86706 6.89161 5.5
      vertex -5.90226 7.09132 5.29033
      vertex -5.90719 6.86209 5.44105
    endloop
  endfacet
  facet normal -0.881583 -0.292009 0.370867
    outer loop
      vertex -6.10345 3.5078 5.05813
      vertex -5.8013 3.1568 5.5
      vertex -6.10259 3.52334 5.07241
    endloop
  endfacet
  facet normal -0.881583 -0.292071 0.370818
    outer loop
      vertex -5.8013 3.1568 5.5
      vertex -6.10345 3.5078 5.05813
      vertex -5.76378 3.04355 5.5
    endloop
  endfacet
  facet normal -0.877616 -0.213458 0.429216
    outer loop
      vertex -6.08066 3.7492 5.26322
      vertex -5.93902 3.64297 5.5
      vertex -6.07832 3.76771 5.27721
    endloop
  endfacet
  facet normal -0.877618 -0.21334 0.42927
    outer loop
      vertex -5.93902 3.64297 5.5
      vertex -6.08066 3.7492 5.26322
      vertex -5.92442 3.58291 5.5
    endloop
  endfacet
  facet normal -0.84775 0.379229 0.370817
    outer loop
      vertex -5.90612 7.54156 4.86706
      vertex -5.52541 7.77372 5.5
      vertex -5.35812 8.14769 5.5
    endloop
  endfacet
  facet normal -0.847751 0.379225 0.370819
    outer loop
      vertex -5.89721 7.41581 5.01603
      vertex -5.52541 7.77372 5.5
      vertex -5.90612 7.54156 4.86706
    endloop
  endfacet
  facet normal -0.847754 0.379194 0.370844
    outer loop
      vertex -5.52541 7.77372 5.5
      vertex -5.89721 7.41581 5.01603
      vertex -5.90235 7.35452 5.06695
    endloop
  endfacet
  facet normal -0.840953 0.51418 0.168573
    outer loop
      vertex -5.93697 8.1568 3.6794
      vertex -5.24603 9.17338 4.0255
      vertex -5.94814 8.16829 3.58863
    endloop
  endfacet
  facet normal -0.840953 0.514206 0.168495
    outer loop
      vertex -5.93427 8.15401 3.70139
      vertex -5.24603 9.17338 4.0255
      vertex -5.93697 8.1568 3.6794
    endloop
  endfacet
  facet normal -0.840952 0.514175 0.168593
    outer loop
      vertex -5.93602 8.10002 3.85732
      vertex -5.24603 9.17338 4.0255
      vertex -5.93427 8.15401 3.70139
    endloop
  endfacet
  facet normal -0.840951 0.514171 0.16861
    outer loop
      vertex -5.24603 9.17338 4.0255
      vertex -5.93602 8.10002 3.85732
      vertex -5.24799 9.08676 4.27987
    endloop
  endfacet
  facet normal -0.841896 0.495199 0.214452
    outer loop
      vertex -5.93521 8.09727 3.86685
      vertex -5.24799 9.08676 4.27987
      vertex -5.93602 8.10002 3.85732
    endloop
  endfacet
  facet normal -0.841899 0.495413 0.213945
    outer loop
      vertex -5.24799 9.08676 4.27987
      vertex -5.93521 8.09727 3.86685
      vertex -5.24092 9.04719 4.39932
    endloop
  endfacet
  facet normal -0.840952 0.514166 -0.168622
    outer loop
      vertex -5.29282 9.14241 1.61344
      vertex -5.29375 9.10506 1.50419
      vertex -5.98966 8.10886 1.9372
    endloop
  endfacet
  facet normal -0.840948 0.514242 -0.16841
    outer loop
      vertex -5.99432 8.0164 1.67849
      vertex -5.29584 9.02156 1.25993
      vertex -5.29593 9.01802 1.24957
    endloop
  endfacet
  facet normal -0.840954 0.514178 -0.168575
    outer loop
      vertex -5.29584 9.02156 1.25993
      vertex -5.99432 8.0164 1.67849
      vertex -5.29375 9.10506 1.50419
    endloop
  endfacet
  facet normal -0.840951 0.51417 -0.168611
    outer loop
      vertex -5.29375 9.10506 1.50419
      vertex -5.99432 8.0164 1.67849
      vertex -5.98966 8.10886 1.9372
    endloop
  endfacet
  facet normal -0.840235 0.528414 0.121594
    outer loop
      vertex -5.26017 9.27809 3.52256
      vertex -5.95692 8.21513 3.32723
      vertex -5.25453 9.22647 3.78586
    endloop
  endfacet
  facet normal -0.840233 0.528399 0.121666
    outer loop
      vertex -5.95692 8.21513 3.32723
      vertex -5.26017 9.27809 3.52256
      vertex -5.96065 8.21449 3.30425
    endloop
  endfacet
  facet normal -0.840235 0.52841 0.121604
    outer loop
      vertex -5.25453 9.22647 3.78586
      vertex -5.95692 8.21513 3.32723
      vertex -5.9492 8.17037 3.57507
    endloop
  endfacet
  facet normal -0.83975 0.537981 0.073462
    outer loop
      vertex -5.96065 8.21449 3.30425
      vertex -5.26672 9.29973 3.28912
      vertex -5.26868 9.30154 3.25346
    endloop
  endfacet
  facet normal -0.83975 0.537982 0.0734498
    outer loop
      vertex -5.26672 9.29973 3.28912
      vertex -5.96065 8.21449 3.30425
      vertex -5.25823 9.28964 3.46009
    endloop
  endfacet
  facet normal -0.83975 0.53799 0.07339
    outer loop
      vertex -5.26017 9.27809 3.52256
      vertex -5.25823 9.28964 3.46009
      vertex -5.96065 8.21449 3.30425
    endloop
  endfacet
  facet normal -0.842384 0.533952 0.0726906
    outer loop
      vertex -5.25823 9.28964 3.46009
      vertex -5.25818 9.28741 3.47705
      vertex -5.25781 9.28914 3.46863
    endloop
  endfacet
  facet normal -0.839754 0.537982 0.0734055
    outer loop
      vertex -5.96065 8.21449 3.30425
      vertex -5.26868 9.30154 3.25346
      vertex -5.98075 8.22114 3.02557
    endloop
  endfacet
  facet normal -0.841278 0.535664 0.0729124
    outer loop
      vertex -5.25823 9.28964 3.46009
      vertex -5.26017 9.27809 3.52256
      vertex -5.25818 9.28741 3.47705
    endloop
  endfacet
  facet normal -0.998778 0.0493993 0.00140932
    outer loop
      vertex -6.05809 6.75106 0.280621
      vertex -6.05172 6.87736 0.367954
      vertex -6.04773 6.9566 0.418135
    endloop
  endfacet
  facet normal -0.998757 0.0498337 0.000779583
    outer loop
      vertex -6.05809 6.75106 0.280621
      vertex -6.05734 6.76583 0.297327
      vertex -6.05172 6.87736 0.367954
    endloop
  endfacet
  facet normal -0.998746 0.0500706 0.000569606
    outer loop
      vertex -6.05809 6.75106 0.280621
      vertex -6.06586 6.59677 0.219431
      vertex -6.05734 6.76583 0.297327
    endloop
  endfacet
  facet normal -0.998741 0.0501665 0.000327407
    outer loop
      vertex -6.06586 6.59677 0.219431
      vertex -6.05809 6.75106 0.280621
      vertex -6.07059 6.50297 0.163138
    endloop
  endfacet
  facet normal -0.998751 0.0499563 0.000464544
    outer loop
      vertex -6.03512 7.20687 0.585571
      vertex -6.04023 7.10534 0.517647
      vertex -6.03875 7.1347 0.542261
    endloop
  endfacet
  facet normal -0.998773 0.0495166 0.00112343
    outer loop
      vertex -6.03512 7.20687 0.585571
      vertex -6.04154 7.07941 0.495904
      vertex -6.04023 7.10534 0.517647
    endloop
  endfacet
  facet normal -0.998722 0.0505313 -0.00032254
    outer loop
      vertex -6.04622 6.98644 0.421886
      vertex -6.04154 7.07941 0.495904
      vertex -6.03512 7.20687 0.585571
    endloop
  endfacet
  facet normal -0.99872 0.0505879 -0.000393857
    outer loop
      vertex -6.04622 6.98644 0.421886
      vertex -6.04773 6.9566 0.418135
      vertex -6.04154 7.07941 0.495904
    endloop
  endfacet
  facet normal -0.99872 0.0505845 -0.000366529
    outer loop
      vertex -6.04773 6.9566 0.418135
      vertex -6.04622 6.98644 0.421886
      vertex -6.05809 6.75106 0.280621
    endloop
  endfacet
  facet normal -0.867699 -0.0299666 -0.496186
    outer loop
      vertex -6.15072 4.91285 1.90735e-07
      vertex -6.14982 4.88679 1.90735e-07
      vertex -6.15201 4.88726 0.00380154
    endloop
  endfacet
  facet normal -0.998716 0.0506434 -0.00139517
    outer loop
      vertex -6.07059 6.50297 0.163138
      vertex -6.07427 6.42983 0.142509
      vertex -6.07311 6.453 0.153186
    endloop
  endfacet
  facet normal -0.99875 0.0499691 0.00100145
    outer loop
      vertex -6.08361 6.24459 0.0705673
      vertex -6.07427 6.42983 0.142509
      vertex -6.07059 6.50297 0.163138
    endloop
  endfacet
  facet normal -0.998728 0.0504188 -0.000159351
    outer loop
      vertex -6.07427 6.42983 0.142509
      vertex -6.08361 6.24459 0.0705673
      vertex -6.08206 6.27537 0.09481
    endloop
  endfacet
  facet normal -0.998735 0.0502821 1.46858e-05
    outer loop
      vertex -6.08206 6.27537 0.09481
      vertex -6.08361 6.24459 0.0705673
      vertex -6.08824 6.15263 0.0569097
    endloop
  endfacet
  facet normal -0.861223 0.116843 -0.494613
    outer loop
      vertex -6.09475 5.97902 1.90735e-07
      vertex -6.09831 5.95278 1.90735e-07
      vertex -6.09702 5.97838 0.00380154
    endloop
  endfacet
  facet normal -0.881584 -0.292074 -0.370813
    outer loop
      vertex -5.76378 3.04355 1.90735e-07
      vertex -6.22416 3.45543 0.770102
      vertex -6.21391 3.65877 0.585571
    endloop
  endfacet
  facet normal -0.881582 -0.292093 -0.370803
    outer loop
      vertex -6.22416 3.45543 0.770102
      vertex -5.76378 3.04355 1.90735e-07
      vertex -5.63493 2.65466 1.90735e-07
    endloop
  endfacet
  facet normal -0.883329 -0.326758 -0.336093
    outer loop
      vertex -5.63493 2.65466 1.90735e-07
      vertex -6.23345 3.27113 0.973699
      vertex -6.22416 3.45543 0.770102
    endloop
  endfacet
  facet normal -0.883329 -0.326761 -0.336091
    outer loop
      vertex -6.23345 3.27113 0.973699
      vertex -5.63493 2.65466 1.90735e-07
      vertex -5.4923 2.26909 1.90735e-07
    endloop
  endfacet
  facet normal -0.887435 -0.408245 -0.213998
    outer loop
      vertex -4.2431 -0.643719 1.90735e-07
      vertex -6.25471 2.84923 1.67849
      vertex -6.24879 2.96657 1.43009
    endloop
  endfacet
  facet normal -0.887435 -0.40825 -0.213989
    outer loop
      vertex -6.25471 2.84923 1.67849
      vertex -4.2431 -0.643719 1.90735e-07
      vertex -3.92955 -1.3253 1.90735e-07
    endloop
  endfacet
  facet normal -0.998781 0.0493685 -0.000364792
    outer loop
      vertex -6.24879 2.96657 1.43009
      vertex -6.24827 2.97702 1.42059
      vertex -6.24775 2.98738 1.39891
    endloop
  endfacet
  facet normal -0.998787 0.0492433 -0.000502778
    outer loop
      vertex -6.24879 2.96657 1.43009
      vertex -6.25356 2.87197 1.64051
      vertex -6.24827 2.97702 1.42059
    endloop
  endfacet
  facet normal -0.998701 0.050954 0.000268266
    outer loop
      vertex -6.25356 2.87197 1.64051
      vertex -6.24879 2.96657 1.43009
      vertex -6.25471 2.84923 1.67849
    endloop
  endfacet
  facet normal -0.998737 0.0502407 -3.17181e-05
    outer loop
      vertex -6.23493 3.24174 1.0228
      vertex -6.23345 3.27113 0.973699
      vertex -6.23574 3.22565 1.04186
    endloop
  endfacet
  facet normal -0.998752 0.0499376 0
    outer loop
      vertex -6.26536 2.63777 2.75394
      vertex -6.26543 2.63637 2.75
      vertex -6.26536 2.63777 2.75708
    endloop
  endfacet
  facet normal -0.998766 0.0496562 0
    outer loop
      vertex -6.23345 3.27113 0.987989
      vertex -6.23345 3.27113 0.973699
      vertex -6.23389 3.26228 0.998475
    endloop
  endfacet
  facet normal -0.998752 0.0499376 0
    outer loop
      vertex -6.26536 2.63777 2.75
      vertex -6.26543 2.63637 2.75
      vertex -6.26536 2.63777 2.75394
    endloop
  endfacet
  facet normal -0.998752 0.0499376 0.00114679
    outer loop
      vertex -6.26543 2.63637 2.75
      vertex -6.26536 2.63777 2.75
      vertex -6.26535 2.63808 2.74521
    endloop
  endfacet
  facet normal -0.867444 -0.0216861 -0.497063
    outer loop
      vertex -6.14982 4.88679 1.90735e-07
      vertex -6.14981 4.88639 1.90735e-07
      vertex -6.15201 4.88726 0.00380154
    endloop
  endfacet
  facet normal -0.998736 0.0502099 0.00211942
    outer loop
      vertex -6.07059 6.50297 0.163138
      vertex -6.07219 6.47121 0.161575
      vertex -6.07176 6.4796 0.165442
    endloop
  endfacet
  facet normal -0.998739 0.0502079 -0.000714193
    outer loop
      vertex -6.16542 4.62105 0.0705673
      vertex -6.16483 4.63284 0.0743415
      vertex -6.16425 4.64434 0.0717128
    endloop
  endfacet
  facet normal -0.998744 0.0501059 -0.000394675
    outer loop
      vertex -6.16483 4.63284 0.0743415
      vertex -6.16542 4.62105 0.0705673
      vertex -6.16938 4.54241 0.107809
    endloop
  endfacet
  facet normal -0.998723 0.0505156 7.73643e-05
    outer loop
      vertex -6.20175 3.90015 0.419819
      vertex -6.20002 3.93439 0.395748
      vertex -6.20281 3.87919 0.421886
    endloop
  endfacet
  facet normal -0.998742 0.0501299 0.00132888
    outer loop
      vertex -6.09831 5.95278 1.90735e-07
      vertex -6.09896 5.93983 1.90735e-07
      vertex -6.09702 5.97838 0.00380154
    endloop
  endfacet
  facet normal -0.998736 0.0502549 0.000198576
    outer loop
      vertex -6.08361 6.24459 0.0705673
      vertex -6.09202 6.0776 0.0337397
      vertex -6.08824 6.15263 0.0569097
    endloop
  endfacet
  facet normal -0.998738 0.0502153 0.00037846
    outer loop
      vertex -6.09702 5.97838 0.00380154
      vertex -6.09202 6.0776 0.0337397
      vertex -6.08361 6.24459 0.0705673
    endloop
  endfacet
  facet normal -0.99873 0.0503739 -0.00115209
    outer loop
      vertex -6.10135 5.8925 0.0024008
      vertex -6.09702 5.97838 0.00380154
      vertex -6.09896 5.93983 1.90735e-07
    endloop
  endfacet
  facet normal -0.998731 0.0503567 -9.14094e-05
    outer loop
      vertex -6.09702 5.97838 0.00380154
      vertex -6.10135 5.8925 0.0024008
      vertex -6.09202 6.0776 0.0337397
    endloop
  endfacet
  facet normal -0.998731 0.0503343 -0.00193373
    outer loop
      vertex -6.10135 5.8925 0.0024008
      vertex -6.09896 5.93983 1.90735e-07
      vertex -6.10206 5.87832 1.90735e-07
    endloop
  endfacet
  facet normal -0.88627 -0.385142 -0.257275
    outer loop
      vertex -5.09199 1.2599 1.90735e-07
      vertex -6.24879 2.96657 1.43009
      vertex -6.24168 3.10765 1.1944
    endloop
  endfacet
  facet normal -0.886271 -0.385127 -0.257294
    outer loop
      vertex -6.24879 2.96657 1.43009
      vertex -5.09199 1.2599 1.90735e-07
      vertex -4.88304 0.779055 1.90735e-07
    endloop
  endfacet
  facet normal -0.998805 0.0488704 -0.000948273
    outer loop
      vertex -6.23345 3.27113 0.973699
      vertex -6.23621 3.21626 1.05298
      vertex -6.23574 3.22565 1.04186
    endloop
  endfacet
  facet normal -0.998684 0.0512752 0.000720249
    outer loop
      vertex -6.23345 3.27113 0.973699
      vertex -6.23776 3.18556 1.08934
      vertex -6.23621 3.21626 1.05298
    endloop
  endfacet
  facet normal -0.999503 0.0256996 -0.0182353
    outer loop
      vertex -6.24168 3.10765 1.1944
      vertex -6.23776 3.18556 1.08934
      vertex -6.23345 3.27113 0.973699
    endloop
  endfacet
  facet normal -0.998754 0.049903 -0.000258652
    outer loop
      vertex -6.24168 3.10765 1.1944
      vertex -6.24649 3.01223 1.3578
      vertex -6.23776 3.18556 1.08934
    endloop
  endfacet
  facet normal -0.99875 0.049985 -0.000210659
    outer loop
      vertex -6.24168 3.10765 1.1944
      vertex -6.2475 2.99218 1.38884
      vertex -6.24649 3.01223 1.3578
    endloop
  endfacet
  facet normal -0.998996 0.0446651 -0.00351109
    outer loop
      vertex -6.2475 2.99218 1.38884
      vertex -6.24879 2.96657 1.43009
      vertex -6.24775 2.98738 1.39891
    endloop
  endfacet
  facet normal -0.998769 0.0496111 -0.000433242
    outer loop
      vertex -6.24879 2.96657 1.43009
      vertex -6.2475 2.99218 1.38884
      vertex -6.24168 3.10765 1.1944
    endloop
  endfacet
  facet normal -0.88333 -0.326766 0.336082
    outer loop
      vertex -5.63493 2.65466 5.5
      vertex -6.13058 3.24 4.76639
      vertex -6.13973 3.14443 4.64942
    endloop
  endfacet
  facet normal -0.883331 -0.326755 0.336092
    outer loop
      vertex -6.13058 3.24 4.76639
      vertex -5.63493 2.65466 5.5
      vertex -6.1231 3.31809 4.86197
    endloop
  endfacet
  facet normal -0.883331 -0.326762 0.336085
    outer loop
      vertex -5.63493 2.65466 5.5
      vertex -6.13973 3.14443 4.64942
      vertex -5.4923 2.26909 5.5
    endloop
  endfacet
  facet normal -0.881526 -0.291388 0.371491
    outer loop
      vertex -6.10372 3.50302 5.05374
      vertex -5.76378 3.04355 5.5
      vertex -6.10345 3.5078 5.05813
    endloop
  endfacet
  facet normal -0.88158 -0.292092 0.370809
    outer loop
      vertex -6.11114 3.36914 4.93064
      vertex -5.76378 3.04355 5.5
      vertex -6.10372 3.50302 5.05374
    endloop
  endfacet
  facet normal -0.881574 -0.292183 0.370752
    outer loop
      vertex -6.1231 3.31809 4.86197
      vertex -5.76378 3.04355 5.5
      vertex -6.11114 3.36914 4.93064
    endloop
  endfacet
  facet normal -0.881584 -0.292093 0.370797
    outer loop
      vertex -5.76378 3.04355 5.5
      vertex -6.1231 3.31809 4.86197
      vertex -5.63493 2.65466 5.5
    endloop
  endfacet
  facet normal -0.998734 0.0502946 0
    outer loop
      vertex -6.23345 3.27113 0.987989
      vertex -6.23085 3.32276 0.92685
      vertex -6.23345 3.27113 0.973699
    endloop
  endfacet
  facet normal -0.998735 0.0502752 0
    outer loop
      vertex -6.20281 3.87919 0.434554
      vertex -6.20281 3.87919 0.421886
      vertex -6.20593 3.81721 0.478131
    endloop
  endfacet
  facet normal -0.870503 -0.0780236 -0.485939
    outer loop
      vertex -6.14981 4.88639 1.90735e-07
      vertex -6.16542 4.62105 0.0705673
      vertex -6.15201 4.88726 0.00380154
    endloop
  endfacet
  facet normal -0.870819 -0.0778612 -0.485399
    outer loop
      vertex -6.16542 4.62105 0.0705673
      vertex -6.14981 4.88639 1.90735e-07
      vertex -6.12468 4.60533 1.90735e-07
    endloop
  endfacet
  facet normal -0.870827 -0.0781511 -0.485339
    outer loop
      vertex -6.12468 4.60533 1.90735e-07
      vertex -6.12398 4.59753 1.90735e-07
      vertex -6.16542 4.62105 0.0705673
    endloop
  endfacet
  facet normal -0.998734 0.0503018 0
    outer loop
      vertex -6.15072 4.91285 1.90735e-07
      vertex -6.14886 4.94978 0.00191643
      vertex -6.14886 4.94978 1.90735e-07
    endloop
  endfacet
  facet normal -0.998731 0.0503631 0.000112955
    outer loop
      vertex -6.15432 4.8414 0.0266806
      vertex -6.15072 4.91285 1.90735e-07
      vertex -6.15201 4.88726 0.00380154
    endloop
  endfacet
  facet normal -0.998734 0.0503041 -4.5388e-05
    outer loop
      vertex -6.15072 4.91285 1.90735e-07
      vertex -6.15432 4.8414 0.0266806
      vertex -6.14886 4.94978 0.00191643
    endloop
  endfacet
  facet normal -0.998733 0.0503131 1.23656e-05
    outer loop
      vertex -6.15432 4.8414 0.0266806
      vertex -6.15201 4.88726 0.00380154
      vertex -6.16542 4.62105 0.0705673
    endloop
  endfacet
  facet normal -0.998737 0.0502403 -0.000244363
    outer loop
      vertex -6.15855 4.7575 0.0458531
      vertex -6.16542 4.62105 0.0705673
      vertex -6.16135 4.7019 0.0585594
    endloop
  endfacet
  facet normal -0.998747 0.0500215 -0.00145514
    outer loop
      vertex -6.16542 4.62105 0.0705673
      vertex -6.15855 4.7575 0.0458531
      vertex -6.15432 4.8414 0.0266806
    endloop
  endfacet
  facet normal -0.877623 -0.213353 -0.429254
    outer loop
      vertex -6.01502 3.95553 1.90735e-07
      vertex -6.20281 3.87919 0.421886
      vertex -6.19094 4.11458 0.280621
    endloop
  endfacet
  facet normal -0.877611 -0.213394 -0.429256
    outer loop
      vertex -6.20281 3.87919 0.421886
      vertex -6.01502 3.95553 1.90735e-07
      vertex -5.93902 3.64297 1.90735e-07
    endloop
  endfacet
  facet normal -0.998603 0.0526173 0.00492355
    outer loop
      vertex -6.16542 4.62105 0.0705673
      vertex -6.17032 4.52393 0.11465
      vertex -6.16938 4.54241 0.107809
    endloop
  endfacet
  facet normal -0.998753 0.0499079 -0.00106236
    outer loop
      vertex -6.17032 4.52393 0.11465
      vertex -6.16542 4.62105 0.0705673
      vertex -6.17461 4.43875 0.146177
    endloop
  endfacet
  facet normal -0.998695 0.0510457 0.0018888
    outer loop
      vertex -6.19094 4.11458 0.280621
      vertex -6.18636 4.20546 0.2462
      vertex -6.18488 4.23499 0.230681
    endloop
  endfacet
  facet normal -0.998734 0.0503106 -5.72141e-05
    outer loop
      vertex -6.19094 4.11458 0.280621
      vertex -6.19801 3.97433 0.367662
      vertex -6.18636 4.20546 0.2462
    endloop
  endfacet
  facet normal -0.998702 0.0509267 0.000947829
    outer loop
      vertex -6.19801 3.97433 0.367662
      vertex -6.20281 3.87919 0.421886
      vertex -6.20002 3.93439 0.395748
    endloop
  endfacet
  facet normal -0.998706 0.0508582 0.000827424
    outer loop
      vertex -6.20281 3.87919 0.421886
      vertex -6.19801 3.97433 0.367662
      vertex -6.19094 4.11458 0.280621
    endloop
  endfacet
  facet normal -0.875432 -0.170136 -0.452407
    outer loop
      vertex -6.08002 4.29004 1.90735e-07
      vertex -6.19094 4.11458 0.280621
      vertex -6.17844 4.36266 0.163138
    endloop
  endfacet
  facet normal -0.875438 -0.170121 -0.452401
    outer loop
      vertex -6.19094 4.11458 0.280621
      vertex -6.08002 4.29004 1.90735e-07
      vertex -6.02199 3.99142 1.90735e-07
    endloop
  endfacet
  facet normal -0.99874 0.0501832 -0.000397109
    outer loop
      vertex -6.17844 4.36266 0.163138
      vertex -6.17461 4.43875 0.146177
      vertex -6.16542 4.62105 0.0705673
    endloop
  endfacet
  facet normal -0.99874 0.0501798 -0.000412154
    outer loop
      vertex -6.17844 4.36266 0.163138
      vertex -6.18193 4.2935 0.199933
      vertex -6.17461 4.43875 0.146177
    endloop
  endfacet
  facet normal -0.998763 0.049712 -0.00129374
    outer loop
      vertex -6.19094 4.11458 0.280621
      vertex -6.18193 4.2935 0.199933
      vertex -6.17844 4.36266 0.163138
    endloop
  endfacet
  facet normal -0.998753 0.0499261 -0.000817685
    outer loop
      vertex -6.18193 4.2935 0.199933
      vertex -6.19094 4.11458 0.280621
      vertex -6.18488 4.23499 0.230681
    endloop
  endfacet
  facet normal 0 0 1
    outer loop
      vertex -1.15527 5.66 5.5
      vertex -2.48738 5.52342 5.5
      vertex -2.47255 5.34978 5.5
    endloop
  endfacet
  facet normal 0 0 1
    outer loop
      vertex -2.22655 7.53839 5.5
      vertex -2.50123 5.68549 5.5
      vertex -2.48738 5.52342 5.5
    endloop
  endfacet
  facet normal 0 0 1
    outer loop
      vertex -2.22655 7.53839 5.5
      vertex -2.56279 5.92711 5.5
      vertex -2.50123 5.68549 5.5
    endloop
  endfacet
  facet normal 0 0 1
    outer loop
      vertex -2.22655 7.53839 5.5
      vertex -2.58978 6.03305 5.5
      vertex -2.56279 5.92711 5.5
    endloop
  endfacet
  facet normal 0 0 1
    outer loop
      vertex -3.11075 6.82202 5.5
      vertex -2.3813 7.67361 5.5
      vertex -2.64015 7.89978 5.5
    endloop
  endfacet
  facet normal 0 0 1
    outer loop
      vertex -2.72396 7.95564 5.5
      vertex -2.64015 7.89978 5.5
      vertex -2.66901 7.92189 5.5
    endloop
  endfacet
  facet normal 0 0 1
    outer loop
      vertex -2.22655 7.53839 5.5
      vertex -2.671 6.22652 5.5
      vertex -2.58978 6.03305 5.5
    endloop
  endfacet
  facet normal 0 0 1
    outer loop
      vertex -2.72396 7.95564 5.5
      vertex -2.66901 7.92189 5.5
      vertex -2.68534 7.9344 5.5
    endloop
  endfacet
  facet normal 0 0 1
    outer loop
      vertex -2.64015 7.89978 5.5
      vertex -2.72396 7.95564 5.5
      vertex -3.43193 7.06097 5.5
    endloop
  endfacet
  facet normal 0 0 1
    outer loop
      vertex -2.22655 7.53839 5.5
      vertex -2.73267 6.33704 5.5
      vertex -2.671 6.22652 5.5
    endloop
  endfacet
  facet normal 0 0 1
    outer loop
      vertex -2.22655 7.53839 5.5
      vertex -2.77116 6.40602 5.5
      vertex -2.73267 6.33704 5.5
    endloop
  endfacet
  facet normal 0 0 1
    outer loop
      vertex -2.22655 7.53839 5.5
      vertex -2.88995 6.56076 5.5
      vertex -2.77116 6.40602 5.5
    endloop
  endfacet
  facet normal 0 0 1
    outer loop
      vertex -2.22655 7.53839 5.5
      vertex -3.03917 6.75513 5.5
      vertex -2.88995 6.56076 5.5
    endloop
  endfacet
  facet normal 0 0 1
    outer loop
      vertex -2.3813 7.67361 5.5
      vertex -3.07079 6.78468 5.5
      vertex -3.03917 6.75513 5.5
    endloop
  endfacet
  facet normal 0 0 1
    outer loop
      vertex -2.3813 7.67361 5.5
      vertex -3.11075 6.82202 5.5
      vertex -3.07079 6.78468 5.5
    endloop
  endfacet
  facet normal 0 0 1
    outer loop
      vertex -3.43193 7.06097 5.5
      vertex -2.72396 7.95564 5.5
      vertex -3.17478 8.20347 5.5
    endloop
  endfacet
  facet normal 0 0 1
    outer loop
      vertex -3.84256 7.25859 5.5
      vertex -3.17478 8.20347 5.5
      vertex -3.40721 8.28614 5.5
    endloop
  endfacet
  facet normal 0 0 1
    outer loop
      vertex -2.64015 7.89978 5.5
      vertex -3.43193 7.06097 5.5
      vertex -3.11075 6.82202 5.5
    endloop
  endfacet
  facet normal 0 0 1
    outer loop
      vertex -3.17478 8.20347 5.5
      vertex -3.57154 7.12816 5.5
      vertex -3.43193 7.06097 5.5
    endloop
  endfacet
  facet normal 0 0 1
    outer loop
      vertex -3.84256 7.25859 5.5
      vertex -3.40721 8.28614 5.5
      vertex -3.68649 8.38546 5.5
    endloop
  endfacet
  facet normal 0 0 1
    outer loop
      vertex -3.17478 8.20347 5.5
      vertex -3.84256 7.25859 5.5
      vertex -3.57154 7.12816 5.5
    endloop
  endfacet
  facet normal 0 0 1
    outer loop
      vertex -4.04501 7.30646 5.5
      vertex -3.68649 8.38546 5.5
      vertex -3.84409 8.41299 5.5
    endloop
  endfacet
  facet normal 0 0 1
    outer loop
      vertex -3.68649 8.38546 5.5
      vertex -4.04501 7.30646 5.5
      vertex -3.84256 7.25859 5.5
    endloop
  endfacet
  facet normal 0 0 1
    outer loop
      vertex -4.23381 7.34408 5.5
      vertex -3.84409 8.41299 5.5
      vertex -4.21172 8.47723 5.5
    endloop
  endfacet
  facet normal 0 0 1
    outer loop
      vertex -3.84409 8.41299 5.5
      vertex -4.23381 7.34408 5.5
      vertex -4.04501 7.30646 5.5
    endloop
  endfacet
  facet normal 0 0 1
    outer loop
      vertex -4.21172 8.47723 5.5
      vertex -4.26405 7.3501 5.5
      vertex -4.23381 7.34408 5.5
    endloop
  endfacet
  facet normal 0 0 1
    outer loop
      vertex -4.21172 8.47723 5.5
      vertex -4.68917 7.3501 5.5
      vertex -4.26405 7.3501 5.5
    endloop
  endfacet
  facet normal -0 0 1
    outer loop
      vertex -4.74149 8.47723 5.5
      vertex -4.68917 7.3501 5.5
      vertex -4.21172 8.47723 5.5
    endloop
  endfacet
  facet normal 0 0 1
    outer loop
      vertex -4.68917 7.3501 5.5
      vertex -4.74149 8.47723 5.5
      vertex -4.7194 7.34408 5.5
    endloop
  endfacet
  facet normal -0 0 1
    outer loop
      vertex -5.35812 8.14769 5.5
      vertex -4.7194 7.34408 5.5
      vertex -4.74149 8.47723 5.5
    endloop
  endfacet
  facet normal 0 0 1
    outer loop
      vertex -5.35812 8.14769 5.5
      vertex -4.74149 8.47723 5.5
      vertex -5.10912 8.41299 5.5
    endloop
  endfacet
  facet normal 0 0 1
    outer loop
      vertex -4.7194 7.34408 5.5
      vertex -5.35812 8.14769 5.5
      vertex -4.9082 7.30646 5.5
    endloop
  endfacet
  facet normal 0 0 1
    outer loop
      vertex -5.35812 8.14769 5.5
      vertex -5.10912 8.41299 5.5
      vertex -5.23946 8.39022 5.5
    endloop
  endfacet
  facet normal -0 0 1
    outer loop
      vertex -5.52541 7.77372 5.5
      vertex -4.9082 7.30646 5.5
      vertex -5.35812 8.14769 5.5
    endloop
  endfacet
  facet normal 0 0 1
    outer loop
      vertex -4.9082 7.30646 5.5
      vertex -5.52541 7.77372 5.5
      vertex -5.11065 7.25859 5.5
    endloop
  endfacet
  facet normal -0 0 1
    outer loop
      vertex -5.57413 7.66481 5.5
      vertex -5.11065 7.25859 5.5
      vertex -5.52541 7.77372 5.5
    endloop
  endfacet
  facet normal -0 0 1
    outer loop
      vertex -5.61109 7.5728 5.5
      vertex -5.11065 7.25859 5.5
      vertex -5.57413 7.66481 5.5
    endloop
  endfacet
  facet normal 0 0 1
    outer loop
      vertex -5.11065 7.25859 5.5
      vertex -5.61109 7.5728 5.5
      vertex -5.38167 7.12816 5.5
    endloop
  endfacet
  facet normal -0 0 1
    outer loop
      vertex -5.73946 7.25324 5.5
      vertex -5.38167 7.12816 5.5
      vertex -5.61109 7.5728 5.5
    endloop
  endfacet
  facet normal 0 0 1
    outer loop
      vertex -5.38167 7.12816 5.5
      vertex -5.73946 7.25324 5.5
      vertex -5.52128 7.06097 5.5
    endloop
  endfacet
  facet normal -0 0 1
    outer loop
      vertex -5.76003 7.19495 5.5
      vertex -5.52128 7.06097 5.5
      vertex -5.73946 7.25324 5.5
    endloop
  endfacet
  facet normal 0 0 1
    outer loop
      vertex -5.86706 6.89161 5.5
      vertex -5.52128 7.06097 5.5
      vertex -5.76003 7.19495 5.5
    endloop
  endfacet
  facet normal 0 0 1
    outer loop
      vertex -5.52128 7.06097 5.5
      vertex -5.86706 6.89161 5.5
      vertex -5.84246 6.82202 5.5
    endloop
  endfacet
  facet normal 0 0 1
    outer loop
      vertex -5.86706 6.89161 5.5
      vertex -5.88242 6.78468 5.5
      vertex -5.84246 6.82202 5.5
    endloop
  endfacet
  facet normal 0 -0 1
    outer loop
      vertex -5.88242 6.78468 5.5
      vertex -5.86706 6.89161 5.5
      vertex -5.90589 6.76275 5.5
    endloop
  endfacet
  facet normal 0 0 1
    outer loop
      vertex -2.48738 5.52342 5.5
      vertex -1.15527 5.66 5.5
      vertex -1.15918 5.71947 5.5
    endloop
  endfacet
  facet normal 0 0 1
    outer loop
      vertex -2.48738 5.52342 5.5
      vertex -1.15918 5.71947 5.5
      vertex -1.17386 5.88594 5.5
    endloop
  endfacet
  facet normal 0 0 1
    outer loop
      vertex -2.48738 5.52342 5.5
      vertex -1.17386 5.88594 5.5
      vertex -1.18544 5.9434 5.5
    endloop
  endfacet
  facet normal 0 0 1
    outer loop
      vertex -1.15527 5.66 5.5
      vertex -2.671 4.47304 5.5
      vertex -1.15527 0.603295 5.5
    endloop
  endfacet
  facet normal -0 0 1
    outer loop
      vertex -2.73267 4.36251 5.5
      vertex -1.15527 0.603295 5.5
      vertex -2.671 4.47304 5.5
    endloop
  endfacet
  facet normal -0 0 1
    outer loop
      vertex -2.77116 4.29353 5.5
      vertex -1.15527 0.603295 5.5
      vertex -2.73267 4.36251 5.5
    endloop
  endfacet
  facet normal 0 0 1
    outer loop
      vertex -2.48738 5.52342 5.5
      vertex -1.18544 5.9434 5.5
      vertex -1.23364 6.11984 5.5
    endloop
  endfacet
  facet normal 0 0 1
    outer loop
      vertex -2.48738 5.52342 5.5
      vertex -1.23364 6.11984 5.5
      vertex -1.25265 6.17548 5.5
    endloop
  endfacet
  facet normal -0 0 1
    outer loop
      vertex -3.03917 3.94443 5.5
      vertex -1.15527 0.603295 5.5
      vertex -2.77116 4.29353 5.5
    endloop
  endfacet
  facet normal 0 0 1
    outer loop
      vertex -2.48738 5.52342 5.5
      vertex -1.25265 6.17548 5.5
      vertex -1.34916 6.38517 5.5
    endloop
  endfacet
  facet normal 0 0 1
    outer loop
      vertex -1.15527 5.66 5.5
      vertex -2.58978 4.66651 5.5
      vertex -2.671 4.47304 5.5
    endloop
  endfacet
  facet normal -0 0 1
    outer loop
      vertex -3.07079 3.91488 5.5
      vertex -1.15527 0.603295 5.5
      vertex -3.03917 3.94443 5.5
    endloop
  endfacet
  facet normal 0 0 1
    outer loop
      vertex -1.40498 6.48746 5.5
      vertex -1.34916 6.38517 5.5
      vertex -1.37467 6.43813 5.5
    endloop
  endfacet
  facet normal 0 0 1
    outer loop
      vertex -2.48738 5.52342 5.5
      vertex -1.34916 6.38517 5.5
      vertex -1.40498 6.48746 5.5
    endloop
  endfacet
  facet normal -0 0 1
    outer loop
      vertex -3.11075 3.87753 5.5
      vertex -1.15527 0.603295 5.5
      vertex -3.07079 3.91488 5.5
    endloop
  endfacet
  facet normal -0 0 1
    outer loop
      vertex -3.43193 3.63859 5.5
      vertex -1.15527 0.603295 5.5
      vertex -3.11075 3.87753 5.5
    endloop
  endfacet
  facet normal -0 0 1
    outer loop
      vertex -3.57154 3.5714 5.5
      vertex -1.15527 0.603295 5.5
      vertex -3.43193 3.63859 5.5
    endloop
  endfacet
  facet normal 0 0 1
    outer loop
      vertex -2.48738 5.52342 5.5
      vertex -1.40498 6.48746 5.5
      vertex -1.58408 6.76843 5.5
    endloop
  endfacet
  facet normal 0 0 1
    outer loop
      vertex -2.48738 5.52342 5.5
      vertex -1.58408 6.76843 5.5
      vertex -1.61541 6.81115 5.5
    endloop
  endfacet
  facet normal 0 -0 1
    outer loop
      vertex -2.12592 -0.470343 5.5
      vertex -1.15527 0.603295 5.5
      vertex -4.22129 0.563989 5.5
    endloop
  endfacet
  facet normal 0 0 1
    outer loop
      vertex -1.15527 0.603295 5.5
      vertex -2.12592 -0.470343 5.5
      vertex -1.19055 0.11729 5.5
    endloop
  endfacet
  facet normal 0 0 1
    outer loop
      vertex -1.19055 0.11729 5.5
      vertex -2.12592 -0.470343 5.5
      vertex -1.19509 0.0663418 5.5
    endloop
  endfacet
  facet normal 0 0 1
    outer loop
      vertex -2.48738 5.52342 5.5
      vertex -1.61541 6.81115 5.5
      vertex -1.96088 7.24674 5.5
    endloop
  endfacet
  facet normal 0 0 1
    outer loop
      vertex -2.48738 5.52342 5.5
      vertex -1.96088 7.24674 5.5
      vertex -1.97918 7.26857 5.5
    endloop
  endfacet
  facet normal 0 0 1
    outer loop
      vertex -1.15527 5.66 5.5
      vertex -2.50123 5.01406 5.5
      vertex -2.56279 4.77245 5.5
    endloop
  endfacet
  facet normal 0 0 1
    outer loop
      vertex -2.48738 5.52342 5.5
      vertex -1.97918 7.26857 5.5
      vertex -2.22655 7.53839 5.5
    endloop
  endfacet
  facet normal 0 0 1
    outer loop
      vertex -3.03917 6.75513 5.5
      vertex -2.22655 7.53839 5.5
      vertex -2.3813 7.67361 5.5
    endloop
  endfacet
  facet normal 0 0 1
    outer loop
      vertex -1.15527 5.66 5.5
      vertex -2.47255 5.34978 5.5
      vertex -2.48738 5.17614 5.5
    endloop
  endfacet
  facet normal 0 0 1
    outer loop
      vertex -1.15527 5.66 5.5
      vertex -2.48738 5.17614 5.5
      vertex -2.50123 5.01406 5.5
    endloop
  endfacet
  facet normal 0 0 1
    outer loop
      vertex -1.15527 5.66 5.5
      vertex -2.56279 4.77245 5.5
      vertex -2.58978 4.66651 5.5
    endloop
  endfacet
  facet normal 0 0 1
    outer loop
      vertex -1.20897 -0.0382603 5.5
      vertex -1.89531 -0.559317 5.5
      vertex -1.2685 -0.3158 5.5
    endloop
  endfacet
  facet normal 0 -0 1
    outer loop
      vertex -1.41608 -0.535319 5.5
      vertex -1.34977 -0.470098 5.5
      vertex -1.84081 -0.57951 5.5
    endloop
  endfacet
  facet normal 0 0 1
    outer loop
      vertex -1.34977 -0.470098 5.5
      vertex -1.41608 -0.535319 5.5
      vertex -1.3674 -0.500746 5.5
    endloop
  endfacet
  facet normal 0 0 1
    outer loop
      vertex -1.41608 -0.535319 5.5
      vertex -1.56276 -0.616324 5.5
      vertex -1.52903 -0.610172 5.5
    endloop
  endfacet
  facet normal 0 0 1
    outer loop
      vertex -1.41608 -0.535319 5.5
      vertex -1.72158 -0.616324 5.5
      vertex -1.56276 -0.616324 5.5
    endloop
  endfacet
  facet normal 0 -0 1
    outer loop
      vertex -1.72158 -0.616324 5.5
      vertex -1.41608 -0.535319 5.5
      vertex -1.84081 -0.57951 5.5
    endloop
  endfacet
  facet normal 0 -0 1
    outer loop
      vertex -1.84081 -0.57951 5.5
      vertex -1.2685 -0.3158 5.5
      vertex -1.89531 -0.559317 5.5
    endloop
  endfacet
  facet normal 0 0 1
    outer loop
      vertex -1.2685 -0.3158 5.5
      vertex -1.84081 -0.57951 5.5
      vertex -1.34977 -0.470098 5.5
    endloop
  endfacet
  facet normal 0 -0 1
    outer loop
      vertex -1.89531 -0.559317 5.5
      vertex -1.20897 -0.0382603 5.5
      vertex -2.12592 -0.470343 5.5
    endloop
  endfacet
  facet normal 0 0 1
    outer loop
      vertex -1.15527 0.603295 5.5
      vertex -3.57154 3.5714 5.5
      vertex -4.22129 0.563989 5.5
    endloop
  endfacet
  facet normal 0 0 1
    outer loop
      vertex -4.22129 0.563989 5.5
      vertex -3.57154 3.5714 5.5
      vertex -3.84256 3.44096 5.5
    endloop
  endfacet
  facet normal 0 0 1
    outer loop
      vertex -4.53356 0.773114 5.5
      vertex -3.84256 3.44096 5.5
      vertex -4.04501 3.39309 5.5
    endloop
  endfacet
  facet normal 0 0 1
    outer loop
      vertex -1.19509 0.0663418 5.5
      vertex -2.12592 -0.470343 5.5
      vertex -1.20897 -0.0382603 5.5
    endloop
  endfacet
  facet normal 0 0 1
    outer loop
      vertex -4.71446 0.930689 5.5
      vertex -4.04501 3.39309 5.5
      vertex -4.23381 3.35547 5.5
    endloop
  endfacet
  facet normal 0 0 1
    outer loop
      vertex -4.71446 0.930689 5.5
      vertex -4.23381 3.35547 5.5
      vertex -4.26405 3.34945 5.5
    endloop
  endfacet
  facet normal 0 0 1
    outer loop
      vertex -3.84256 3.44096 5.5
      vertex -4.53356 0.773114 5.5
      vertex -4.22129 0.563989 5.5
    endloop
  endfacet
  facet normal 0 0 1
    outer loop
      vertex -4.04501 3.39309 5.5
      vertex -4.55952 0.794157 5.5
      vertex -4.53356 0.773114 5.5
    endloop
  endfacet
  facet normal 0 0 1
    outer loop
      vertex -5.40814 2.04158 5.5
      vertex -4.26405 3.34945 5.5
      vertex -4.68917 3.34945 5.5
    endloop
  endfacet
  facet normal 0 0 1
    outer loop
      vertex -4.04501 3.39309 5.5
      vertex -4.71446 0.930689 5.5
      vertex -4.55952 0.794157 5.5
    endloop
  endfacet
  facet normal 0 0 1
    outer loop
      vertex -5.4923 2.26909 5.5
      vertex -4.68917 3.34945 5.5
      vertex -4.7194 3.35547 5.5
    endloop
  endfacet
  facet normal 0 0 1
    outer loop
      vertex -5.63493 2.65466 5.5
      vertex -4.7194 3.35547 5.5
      vertex -4.9082 3.39309 5.5
    endloop
  endfacet
  facet normal 0 0 1
    outer loop
      vertex -4.26405 3.34945 5.5
      vertex -5.28926 1.74765 5.5
      vertex -4.71446 0.930689 5.5
    endloop
  endfacet
  facet normal 0 0 1
    outer loop
      vertex -5.63493 2.65466 5.5
      vertex -4.9082 3.39309 5.5
      vertex -5.11065 3.44096 5.5
    endloop
  endfacet
  facet normal 0 0 1
    outer loop
      vertex -4.71446 0.930689 5.5
      vertex -5.28926 1.74765 5.5
      vertex -5.10289 1.28683 5.5
    endloop
  endfacet
  facet normal 0 0 1
    outer loop
      vertex -5.76378 3.04355 5.5
      vertex -5.11065 3.44096 5.5
      vertex -5.38167 3.5714 5.5
    endloop
  endfacet
  facet normal 0 0 1
    outer loop
      vertex -4.26405 3.34945 5.5
      vertex -5.40814 2.04158 5.5
      vertex -5.28926 1.74765 5.5
    endloop
  endfacet
  facet normal 0 0 1
    outer loop
      vertex -4.68917 3.34945 5.5
      vertex -5.4923 2.26909 5.5
      vertex -5.40814 2.04158 5.5
    endloop
  endfacet
  facet normal 0 0 1
    outer loop
      vertex -5.8013 3.1568 5.5
      vertex -5.38167 3.5714 5.5
      vertex -5.52128 3.63859 5.5
    endloop
  endfacet
  facet normal 0 0 1
    outer loop
      vertex -4.7194 3.35547 5.5
      vertex -5.63493 2.65466 5.5
      vertex -5.4923 2.26909 5.5
    endloop
  endfacet
  facet normal 0 0 1
    outer loop
      vertex -5.11065 3.44096 5.5
      vertex -5.76378 3.04355 5.5
      vertex -5.63493 2.65466 5.5
    endloop
  endfacet
  facet normal 0 0 1
    outer loop
      vertex -5.38167 3.5714 5.5
      vertex -5.8013 3.1568 5.5
      vertex -5.76378 3.04355 5.5
    endloop
  endfacet
  facet normal -0 0 1
    outer loop
      vertex -5.93902 3.64297 5.5
      vertex -5.52128 3.63859 5.5
      vertex -5.84246 3.87753 5.5
    endloop
  endfacet
  facet normal 0 0 1
    outer loop
      vertex -5.93902 3.64297 5.5
      vertex -5.84246 3.87753 5.5
      vertex -5.88242 3.91488 5.5
    endloop
  endfacet
  facet normal 0 0 1
    outer loop
      vertex -5.52128 3.63859 5.5
      vertex -5.90443 3.51374 5.5
      vertex -5.8013 3.1568 5.5
    endloop
  endfacet
  facet normal 0 0 1
    outer loop
      vertex -6.01502 3.95553 5.5
      vertex -5.88242 3.91488 5.5
      vertex -5.91404 3.94443 5.5
    endloop
  endfacet
  facet normal 0 0 1
    outer loop
      vertex -5.52128 3.63859 5.5
      vertex -5.92442 3.58291 5.5
      vertex -5.90443 3.51374 5.5
    endloop
  endfacet
  facet normal 0 0 1
    outer loop
      vertex -5.52128 3.63859 5.5
      vertex -5.93902 3.64297 5.5
      vertex -5.92442 3.58291 5.5
    endloop
  endfacet
  facet normal 0 0 1
    outer loop
      vertex -5.88242 3.91488 5.5
      vertex -6.01502 3.95553 5.5
      vertex -5.93902 3.64297 5.5
    endloop
  endfacet
  facet normal 0 0 1
    outer loop
      vertex -5.91404 3.94443 5.5
      vertex -6.02199 3.99142 5.5
      vertex -6.01502 3.95553 5.5
    endloop
  endfacet
  facet normal -0 -0 1
    outer loop
      vertex -6.02199 3.99142 5.5
      vertex -5.91404 3.94443 5.5
      vertex -6.04635 4.11677 5.5
    endloop
  endfacet
  facet normal 0 -0.941546 -0.336885
    outer loop
      vertex -2.2 -1.38582 0.625976
      vertex 1.75 -1.43541 0.764573
      vertex -2.2 -1.43541 0.764573
    endloop
  endfacet
  facet normal 0 -0.941546 -0.336885
    outer loop
      vertex 1.75 -1.43541 0.764573
      vertex -2.2 -1.38582 0.625976
      vertex 1.75 -1.38582 0.625976
    endloop
  endfacet
  facet normal 0 0.857721 0.514116
    outer loop
      vertex 1.75 1.32288 1.90709
      vertex -2.2 1.2472 2.03335
      vertex 1.75 1.2472 2.03335
    endloop
  endfacet
  facet normal 0 0.857721 0.514116
    outer loop
      vertex -2.2 1.2472 2.03335
      vertex 1.75 1.32288 1.90709
      vertex -2.2 1.32288 1.90709
    endloop
  endfacet
  facet normal 0 0.941546 -0.336885
    outer loop
      vertex 1.75 1.38582 0.625976
      vertex -2.2 1.43541 0.764573
      vertex 1.75 1.43541 0.764573
    endloop
  endfacet
  facet normal 0 0.941546 -0.336885
    outer loop
      vertex -2.2 1.43541 0.764573
      vertex 1.75 1.38582 0.625976
      vertex -2.2 1.38582 0.625976
    endloop
  endfacet
  facet normal -0 0.242877 0.970057
    outer loop
      vertex -2.2 0.435427 2.63541
      vertex 1.75 0.4 2.64428
      vertex 1.75 0.435427 2.63541
    endloop
  endfacet
  facet normal 0 0.242877 0.970057
    outer loop
      vertex 1.75 0.4 2.64428
      vertex -2.2 0.435427 2.63541
      vertex -2.2 0.4 2.64428
    endloop
  endfacet
  facet normal -0 0.336885 0.941546
    outer loop
      vertex -2.2 0.574024 2.58582
      vertex 1.75 0.435427 2.63541
      vertex 1.75 0.574024 2.58582
    endloop
  endfacet
  facet normal 0 0.336885 0.941546
    outer loop
      vertex 1.75 0.435427 2.63541
      vertex -2.2 0.574024 2.58582
      vertex -2.2 0.435427 2.63541
    endloop
  endfacet
  facet normal -0 0.671577 0.740935
    outer loop
      vertex -2.2 1.06066 2.26066
      vertex 1.75 0.95159 2.35952
      vertex 1.75 1.06066 2.26066
    endloop
  endfacet
  facet normal 0 0.671577 0.740935
    outer loop
      vertex 1.75 0.95159 2.35952
      vertex -2.2 1.06066 2.26066
      vertex -2.2 0.95159 2.35952
    endloop
  endfacet
  facet normal 0 0.903983 0.427569
    outer loop
      vertex 1.75 1.38582 1.77402
      vertex -2.2 1.32288 1.90709
      vertex 1.75 1.32288 1.90709
    endloop
  endfacet
  facet normal 0 0.903983 0.427569
    outer loop
      vertex -2.2 1.32288 1.90709
      vertex 1.75 1.38582 1.77402
      vertex -2.2 1.38582 1.77402
    endloop
  endfacet
  facet normal 0 0.998796 0.0490465
    outer loop
      vertex 1.75 1.5 1.2
      vertex -2.2 1.49278 1.34703
      vertex 1.75 1.49278 1.34703
    endloop
  endfacet
  facet normal 0 0.998796 0.0490465
    outer loop
      vertex -2.2 1.49278 1.34703
      vertex 1.75 1.5 1.2
      vertex -2.2 1.5 1.2
    endloop
  endfacet
  facet normal 0 0.989176 0.146736
    outer loop
      vertex 1.75 1.49278 1.34703
      vertex -2.2 1.47118 1.49264
      vertex 1.75 1.47118 1.49264
    endloop
  endfacet
  facet normal 0 0.989176 0.146736
    outer loop
      vertex -2.2 1.47118 1.49264
      vertex 1.75 1.49278 1.34703
      vertex -2.2 1.49278 1.34703
    endloop
  endfacet
  facet normal 0 0.803237 -0.59566
    outer loop
      vertex 1.75 1.15952 0.24841
      vertex -2.2 1.2472 0.366645
      vertex 1.75 1.2472 0.366645
    endloop
  endfacet
  facet normal 0 0.803237 -0.59566
    outer loop
      vertex -2.2 1.2472 0.366645
      vertex 1.75 1.15952 0.24841
      vertex -2.2 1.15952 0.24841
    endloop
  endfacet
  facet normal 0 -0.336885 0.941546
    outer loop
      vertex -2.2 -0.435427 2.63541
      vertex 1.75 -0.574024 2.58582
      vertex 1.75 -0.435427 2.63541
    endloop
  endfacet
  facet normal 0 -0.336885 0.941546
    outer loop
      vertex 1.75 -0.574024 2.58582
      vertex -2.2 -0.435427 2.63541
      vertex -2.2 -0.574024 2.58582
    endloop
  endfacet
  facet normal 0 -0.94154 0.3369
    outer loop
      vertex -2.2 -1.43541 1.63543
      vertex 1.75 -1.38582 1.77402
      vertex -2.2 -1.38582 1.77402
    endloop
  endfacet
  facet normal 0 -0.94154 0.3369
    outer loop
      vertex 1.75 -1.38582 1.77402
      vertex -2.2 -1.43541 1.63543
      vertex 1.75 -1.43541 1.63543
    endloop
  endfacet
  facet normal 0 -0.671577 0.740935
    outer loop
      vertex -2.2 -0.95159 2.35952
      vertex 1.75 -1.06066 2.26066
      vertex 1.75 -0.95159 2.35952
    endloop
  endfacet
  facet normal 0 -0.671577 0.740935
    outer loop
      vertex 1.75 -1.06066 2.26066
      vertex -2.2 -0.95159 2.35952
      vertex -2.2 -1.06066 2.26066
    endloop
  endfacet
  facet normal -0 0.427569 0.903983
    outer loop
      vertex -2.2 0.707094 2.52288
      vertex 1.75 0.574024 2.58582
      vertex 1.75 0.707094 2.52288
    endloop
  endfacet
  facet normal 0 0.427569 0.903983
    outer loop
      vertex 1.75 0.574024 2.58582
      vertex -2.2 0.707094 2.52288
      vertex -2.2 0.574024 2.58582
    endloop
  endfacet
  facet normal -0 0.514113 0.857722
    outer loop
      vertex -2.2 0.833355 2.4472
      vertex 1.75 0.707094 2.52288
      vertex 1.75 0.833355 2.4472
    endloop
  endfacet
  facet normal 0 0.514113 0.857722
    outer loop
      vertex 1.75 0.707094 2.52288
      vertex -2.2 0.833355 2.4472
      vertex -2.2 0.707094 2.52288
    endloop
  endfacet
  facet normal -0 0.59566 0.803237
    outer loop
      vertex -2.2 0.95159 2.35952
      vertex 1.75 0.833355 2.4472
      vertex 1.75 0.95159 2.35952
    endloop
  endfacet
  facet normal 0 0.59566 0.803237
    outer loop
      vertex 1.75 0.833355 2.4472
      vertex -2.2 0.95159 2.35952
      vertex -2.2 0.833355 2.4472
    endloop
  endfacet
  facet normal 0 0.740935 0.671577
    outer loop
      vertex 1.75 1.15952 2.15159
      vertex -2.2 1.06066 2.26066
      vertex 1.75 1.06066 2.26066
    endloop
  endfacet
  facet normal 0 0.740935 0.671577
    outer loop
      vertex -2.2 1.06066 2.26066
      vertex 1.75 1.15952 2.15159
      vertex -2.2 1.15952 2.15159
    endloop
  endfacet
  facet normal 0 0.94154 0.3369
    outer loop
      vertex 1.75 1.43541 1.63543
      vertex -2.2 1.38582 1.77402
      vertex 1.75 1.38582 1.77402
    endloop
  endfacet
  facet normal 0 0.94154 0.3369
    outer loop
      vertex -2.2 1.38582 1.77402
      vertex 1.75 1.43541 1.63543
      vertex -2.2 1.43541 1.63543
    endloop
  endfacet
  facet normal 0 0.970027 0.242999
    outer loop
      vertex 1.75 1.47118 1.49264
      vertex -2.2 1.43541 1.63543
      vertex 1.75 1.43541 1.63543
    endloop
  endfacet
  facet normal 0 0.970027 0.242999
    outer loop
      vertex -2.2 1.43541 1.63543
      vertex 1.75 1.47118 1.49264
      vertex -2.2 1.47118 1.49264
    endloop
  endfacet
  facet normal 0 0.671563 -0.740947
    outer loop
      vertex -2.2 0.95159 0.0404846
      vertex 1.75 1.06066 0.139341
      vertex 1.75 0.95159 0.0404846
    endloop
  endfacet
  facet normal 0 0.671563 -0.740947
    outer loop
      vertex 1.75 1.06066 0.139341
      vertex -2.2 0.95159 0.0404846
      vertex -2.2 1.06066 0.139341
    endloop
  endfacet
  facet normal 0 0.595692 -0.803213
    outer loop
      vertex -2.2 0.897002 1.90735e-07
      vertex 1.75 0.95159 0.0404846
      vertex 1.75 0.897002 1.90735e-07
    endloop
  endfacet
  facet normal 0 0.595692 -0.803213
    outer loop
      vertex 1.75 0.95159 0.0404846
      vertex -2.2 0.897002 1.90735e-07
      vertex -2.2 0.95159 0.0404846
    endloop
  endfacet
  facet normal 0 0.998796 -0.0490465
    outer loop
      vertex 1.75 1.49278 1.05297
      vertex -2.2 1.5 1.2
      vertex 1.75 1.5 1.2
    endloop
  endfacet
  facet normal 0 0.998796 -0.0490465
    outer loop
      vertex -2.2 1.5 1.2
      vertex 1.75 1.49278 1.05297
      vertex -2.2 1.49278 1.05297
    endloop
  endfacet
  facet normal 0 0.989175 -0.146741
    outer loop
      vertex 1.75 1.47118 0.907365
      vertex -2.2 1.49278 1.05297
      vertex 1.75 1.49278 1.05297
    endloop
  endfacet
  facet normal 0 0.989175 -0.146741
    outer loop
      vertex -2.2 1.49278 1.05297
      vertex 1.75 1.47118 0.907365
      vertex -2.2 1.47118 0.907365
    endloop
  endfacet
  facet normal 0 0.903983 -0.427569
    outer loop
      vertex 1.75 1.32288 0.492906
      vertex -2.2 1.38582 0.625976
      vertex 1.75 1.38582 0.625976
    endloop
  endfacet
  facet normal 0 0.903983 -0.427569
    outer loop
      vertex -2.2 1.38582 0.625976
      vertex 1.75 1.32288 0.492906
      vertex -2.2 1.32288 0.492906
    endloop
  endfacet
  facet normal 0 0.857722 -0.514113
    outer loop
      vertex 1.75 1.2472 0.366645
      vertex -2.2 1.32288 0.492906
      vertex 1.75 1.32288 0.492906
    endloop
  endfacet
  facet normal 0 0.857722 -0.514113
    outer loop
      vertex -2.2 1.32288 0.492906
      vertex 1.75 1.2472 0.366645
      vertex -2.2 1.2472 0.366645
    endloop
  endfacet
  facet normal 0 0.740932 -0.67158
    outer loop
      vertex 1.75 1.06066 0.139341
      vertex -2.2 1.15952 0.24841
      vertex 1.75 1.15952 0.24841
    endloop
  endfacet
  facet normal 0 0.740932 -0.67158
    outer loop
      vertex -2.2 1.15952 0.24841
      vertex 1.75 1.06066 0.139341
      vertex -2.2 1.06066 0.139341
    endloop
  endfacet
  facet normal 0 -0.998796 0.0490465
    outer loop
      vertex -2.2 -1.5 1.2
      vertex 1.75 -1.49278 1.34703
      vertex -2.2 -1.49278 1.34703
    endloop
  endfacet
  facet normal 0 -0.998796 0.0490465
    outer loop
      vertex 1.75 -1.49278 1.34703
      vertex -2.2 -1.5 1.2
      vertex 1.75 -1.5 1.2
    endloop
  endfacet
  facet normal 0 -0.242877 0.970057
    outer loop
      vertex -2.2 -0.4 2.64428
      vertex 1.75 -0.435427 2.63541
      vertex 1.75 -0.4 2.64428
    endloop
  endfacet
  facet normal 0 -0.242877 0.970057
    outer loop
      vertex 1.75 -0.435427 2.63541
      vertex -2.2 -0.4 2.64428
      vertex -2.2 -0.435427 2.63541
    endloop
  endfacet
  facet normal 0 -0.857721 0.514116
    outer loop
      vertex -2.2 -1.32288 1.90709
      vertex 1.75 -1.2472 2.03335
      vertex -2.2 -1.2472 2.03335
    endloop
  endfacet
  facet normal 0 -0.857721 0.514116
    outer loop
      vertex 1.75 -1.2472 2.03335
      vertex -2.2 -1.32288 1.90709
      vertex 1.75 -1.32288 1.90709
    endloop
  endfacet
  facet normal 0 -0.740935 0.671577
    outer loop
      vertex -2.2 -1.15952 2.15159
      vertex 1.75 -1.06066 2.26066
      vertex -2.2 -1.06066 2.26066
    endloop
  endfacet
  facet normal 0 -0.740935 0.671577
    outer loop
      vertex 1.75 -1.06066 2.26066
      vertex -2.2 -1.15952 2.15159
      vertex 1.75 -1.15952 2.15159
    endloop
  endfacet
  facet normal 0 -0.803249 0.595643
    outer loop
      vertex -2.2 -1.2472 2.03335
      vertex 1.75 -1.15952 2.15159
      vertex -2.2 -1.15952 2.15159
    endloop
  endfacet
  facet normal 0 -0.803249 0.595643
    outer loop
      vertex 1.75 -1.15952 2.15159
      vertex -2.2 -1.2472 2.03335
      vertex 1.75 -1.2472 2.03335
    endloop
  endfacet
  facet normal 0 -0.59566 0.803237
    outer loop
      vertex -2.2 -0.833355 2.4472
      vertex 1.75 -0.95159 2.35952
      vertex 1.75 -0.833355 2.4472
    endloop
  endfacet
  facet normal 0 -0.59566 0.803237
    outer loop
      vertex 1.75 -0.95159 2.35952
      vertex -2.2 -0.833355 2.4472
      vertex -2.2 -0.95159 2.35952
    endloop
  endfacet
  facet normal 0 -0.427569 0.903983
    outer loop
      vertex -2.2 -0.574024 2.58582
      vertex 1.75 -0.707094 2.52288
      vertex 1.75 -0.574024 2.58582
    endloop
  endfacet
  facet normal 0 -0.427569 0.903983
    outer loop
      vertex 1.75 -0.707094 2.52288
      vertex -2.2 -0.574024 2.58582
      vertex -2.2 -0.707094 2.52288
    endloop
  endfacet
  facet normal 0 -0.514113 0.857722
    outer loop
      vertex -2.2 -0.707094 2.52288
      vertex 1.75 -0.833355 2.4472
      vertex 1.75 -0.707094 2.52288
    endloop
  endfacet
  facet normal 0 -0.514113 0.857722
    outer loop
      vertex 1.75 -0.833355 2.4472
      vertex -2.2 -0.707094 2.52288
      vertex -2.2 -0.833355 2.4472
    endloop
  endfacet
  facet normal 0 -0.989175 -0.146741
    outer loop
      vertex -2.2 -1.47118 0.907365
      vertex 1.75 -1.49278 1.05297
      vertex -2.2 -1.49278 1.05297
    endloop
  endfacet
  facet normal 0 -0.989175 -0.146741
    outer loop
      vertex 1.75 -1.49278 1.05297
      vertex -2.2 -1.47118 0.907365
      vertex 1.75 -1.47118 0.907365
    endloop
  endfacet
  facet normal 0 -0.998796 -0.0490465
    outer loop
      vertex -2.2 -1.49278 1.05297
      vertex 1.75 -1.5 1.2
      vertex -2.2 -1.5 1.2
    endloop
  endfacet
  facet normal 0 -0.998796 -0.0490465
    outer loop
      vertex 1.75 -1.5 1.2
      vertex -2.2 -1.49278 1.05297
      vertex 1.75 -1.49278 1.05297
    endloop
  endfacet
  facet normal 0 -0.857722 -0.514113
    outer loop
      vertex -2.2 -1.2472 0.366645
      vertex 1.75 -1.32288 0.492906
      vertex -2.2 -1.32288 0.492906
    endloop
  endfacet
  facet normal 0 -0.857722 -0.514113
    outer loop
      vertex 1.75 -1.32288 0.492906
      vertex -2.2 -1.2472 0.366645
      vertex 1.75 -1.2472 0.366645
    endloop
  endfacet
  facet normal 0 -0.740932 -0.67158
    outer loop
      vertex -2.2 -1.06066 0.139341
      vertex 1.75 -1.15952 0.24841
      vertex -2.2 -1.15952 0.24841
    endloop
  endfacet
  facet normal 0 -0.740932 -0.67158
    outer loop
      vertex 1.75 -1.15952 0.24841
      vertex -2.2 -1.06066 0.139341
      vertex 1.75 -1.06066 0.139341
    endloop
  endfacet
  facet normal 0 -0.595692 -0.803213
    outer loop
      vertex -2.2 -0.95159 0.0404846
      vertex 1.75 -0.897002 1.90735e-07
      vertex 1.75 -0.95159 0.0404846
    endloop
  endfacet
  facet normal -0 -0.595692 -0.803213
    outer loop
      vertex 1.75 -0.897002 1.90735e-07
      vertex -2.2 -0.95159 0.0404846
      vertex -2.2 -0.897002 1.90735e-07
    endloop
  endfacet
  facet normal 0 -0.671563 -0.740947
    outer loop
      vertex -2.2 -1.06066 0.139341
      vertex 1.75 -0.95159 0.0404846
      vertex 1.75 -1.06066 0.139341
    endloop
  endfacet
  facet normal -0 -0.671563 -0.740947
    outer loop
      vertex 1.75 -0.95159 0.0404846
      vertex -2.2 -1.06066 0.139341
      vertex -2.2 -0.95159 0.0404846
    endloop
  endfacet
  facet normal 0 0.803249 0.595643
    outer loop
      vertex 1.75 1.2472 2.03335
      vertex -2.2 1.15952 2.15159
      vertex 1.75 1.15952 2.15159
    endloop
  endfacet
  facet normal 0 0.803249 0.595643
    outer loop
      vertex -2.2 1.15952 2.15159
      vertex 1.75 1.2472 2.03335
      vertex -2.2 1.2472 2.03335
    endloop
  endfacet
  facet normal 0 0.970027 -0.242996
    outer loop
      vertex 1.75 1.43541 0.764573
      vertex -2.2 1.47118 0.907365
      vertex 1.75 1.47118 0.907365
    endloop
  endfacet
  facet normal 0 0.970027 -0.242996
    outer loop
      vertex -2.2 1.47118 0.907365
      vertex 1.75 1.43541 0.764573
      vertex -2.2 1.43541 0.764573
    endloop
  endfacet
  facet normal 0 -0.903983 0.427569
    outer loop
      vertex -2.2 -1.38582 1.77402
      vertex 1.75 -1.32288 1.90709
      vertex -2.2 -1.32288 1.90709
    endloop
  endfacet
  facet normal 0 -0.903983 0.427569
    outer loop
      vertex 1.75 -1.32288 1.90709
      vertex -2.2 -1.38582 1.77402
      vertex 1.75 -1.38582 1.77402
    endloop
  endfacet
  facet normal 0 -0.970027 -0.242996
    outer loop
      vertex -2.2 -1.43541 0.764573
      vertex 1.75 -1.47118 0.907365
      vertex -2.2 -1.47118 0.907365
    endloop
  endfacet
  facet normal 0 -0.970027 -0.242996
    outer loop
      vertex 1.75 -1.47118 0.907365
      vertex -2.2 -1.43541 0.764573
      vertex 1.75 -1.43541 0.764573
    endloop
  endfacet
  facet normal 0 -0.803237 -0.59566
    outer loop
      vertex -2.2 -1.15952 0.24841
      vertex 1.75 -1.2472 0.366645
      vertex -2.2 -1.2472 0.366645
    endloop
  endfacet
  facet normal 0 -0.803237 -0.59566
    outer loop
      vertex 1.75 -1.2472 0.366645
      vertex -2.2 -1.15952 0.24841
      vertex 1.75 -1.15952 0.24841
    endloop
  endfacet
  facet normal 0 -0.903983 -0.427569
    outer loop
      vertex -2.2 -1.32288 0.492906
      vertex 1.75 -1.38582 0.625976
      vertex -2.2 -1.38582 0.625976
    endloop
  endfacet
  facet normal 0 -0.903983 -0.427569
    outer loop
      vertex 1.75 -1.38582 0.625976
      vertex -2.2 -1.32288 0.492906
      vertex 1.75 -1.32288 0.492906
    endloop
  endfacet
  facet normal 0 -0.970027 0.242999
    outer loop
      vertex -2.2 -1.47118 1.49264
      vertex 1.75 -1.43541 1.63543
      vertex -2.2 -1.43541 1.63543
    endloop
  endfacet
  facet normal 0 -0.970027 0.242999
    outer loop
      vertex 1.75 -1.43541 1.63543
      vertex -2.2 -1.47118 1.49264
      vertex 1.75 -1.47118 1.49264
    endloop
  endfacet
  facet normal 0 -0.989176 0.146736
    outer loop
      vertex -2.2 -1.49278 1.34703
      vertex 1.75 -1.47118 1.49264
      vertex -2.2 -1.47118 1.49264
    endloop
  endfacet
  facet normal 0 -0.989176 0.146736
    outer loop
      vertex 1.75 -1.47118 1.49264
      vertex -2.2 -1.49278 1.34703
      vertex 1.75 -1.49278 1.34703
    endloop
  endfacet
  facet normal 0.432865 0.536979 0.724072
    outer loop
      vertex 1.75 1.04169 2.759
      vertex 3.05 0.694463 2.23934
      vertex 1.75 1.18949 2.64939
    endloop
  endfacet
  facet normal 0.432868 -0.667917 0.605402
    outer loop
      vertex 1.75 -1.44939 2.38949
      vertex 3.05 -0.883883 2.08388
      vertex 1.75 -1.32582 2.52582
    endloop
  endfacet
  facet normal 0.432868 0.605402 0.667917
    outer loop
      vertex 1.75 1.18949 2.64939
      vertex 3.05 0.883883 2.08388
      vertex 1.75 1.32582 2.52582
    endloop
  endfacet
  facet normal 0.432868 0.848761 0.303692
    outer loop
      vertex 1.75 1.73227 1.91753
      vertex 3.05 1.15485 1.67835
      vertex 1.75 1.79426 1.74428
    endloop
  endfacet
  facet normal 0.432865 -0.536979 0.724072
    outer loop
      vertex 1.75 -1.18949 2.64939
      vertex 3.05 -0.694463 2.23934
      vertex 1.75 -1.04169 2.759
    endloop
  endfacet
  facet normal 0.432866 -0.724072 0.536979
    outer loop
      vertex 1.75 -1.559 2.24169
      vertex 3.05 -1.03934 1.89446
      vertex 1.75 -1.44939 2.38949
    endloop
  endfacet
  facet normal 0.432867 -0.536973 -0.724076
    outer loop
      vertex 3.05 -0.694463 0.160664
      vertex 2.54065 -0.888417 1.90735e-07
      vertex 2.64808 -0.801815 1.90735e-07
    endloop
  endfacet
  facet normal 0.432868 -0.814902 -0.385435
    outer loop
      vertex 3.05 -1.15485 0.721646
      vertex 1.75 -1.73227 0.482469
      vertex 3.05 -1.1024 0.610754
    endloop
  endfacet
  facet normal 0.432867 0.605383 -0.667935
    outer loop
      vertex 2.42106 0.984814 1.90735e-07
      vertex 3.05 0.883883 0.316117
      vertex 3.05 0.792991 0.233737
    endloop
  endfacet
  facet normal 0.43287 0.605371 -0.667944
    outer loop
      vertex 3.05 0.883883 0.316117
      vertex 2.42106 0.984814 1.90735e-07
      vertex 2.32331 1.05471 1.90735e-07
    endloop
  endfacet
  facet normal 0.43287 0.90037 0.0442395
    outer loop
      vertex 3.05 1.24398 1.32252
      vertex 3.05 1.25 1.2
      vertex 1.75 1.875 1.2
    endloop
  endfacet
  facet normal 0.432865 0.463461 0.773196
    outer loop
      vertex 1.75 0.883868 2.8536
      vertex 3.05 0.694463 2.23934
      vertex 1.75 1.04169 2.759
    endloop
  endfacet
  facet normal 0.43287 0.463416 0.77322
    outer loop
      vertex 3.05 0.694463 2.23934
      vertex 1.75 0.883868 2.8536
      vertex 3.05 0.589246 2.3024
    endloop
  endfacet
  facet normal 0.432873 0.21903 0.874441
    outer loop
      vertex 1.75 0.4 3.0304
      vertex 2.78384 0.4 2.51862
      vertex 1.75 0.544283 2.99426
    endloop
  endfacet
  facet normal 0.432868 -0.605402 0.667917
    outer loop
      vertex 1.75 -1.32582 2.52582
      vertex 3.05 -0.883883 2.08388
      vertex 1.75 -1.18949 2.64939
    endloop
  endfacet
  facet normal 0.43287 -0.90037 0.0442395
    outer loop
      vertex 3.05 -1.24398 1.32252
      vertex 1.75 -1.875 1.2
      vertex 3.05 -1.25 1.2
    endloop
  endfacet
  facet normal 0.432868 -0.303696 0.84876
    outer loop
      vertex 1.75 -0.717531 2.93227
      vertex 3.05 -0.478354 2.35485
      vertex 1.75 -0.544283 2.99426
    endloop
  endfacet
  facet normal 0.432873 -0.21903 0.874441
    outer loop
      vertex 1.75 -0.544283 2.99426
      vertex 2.78384 -0.4 2.51862
      vertex 1.75 -0.4 3.0304
    endloop
  endfacet
  facet normal 0.432871 -0.303537 -0.848816
    outer loop
      vertex 3.05 -0.478354 0.0451509
      vertex 2.94835 -0.497056 1.90735e-07
      vertex 2.9582 -0.483009 1.90735e-07
    endloop
  endfacet
  facet normal 1 0 0
    outer loop
      vertex 3.05 1.24398 1.32252
      vertex 3.05 1.24398 1.07748
      vertex 3.05 1.25 1.2
    endloop
  endfacet
  facet normal 1 0 0
    outer loop
      vertex 3.05 1.22598 1.44386
      vertex 3.05 1.24398 1.07748
      vertex 3.05 1.24398 1.32252
    endloop
  endfacet
  facet normal 1 0 0
    outer loop
      vertex 3.05 1.22598 1.44386
      vertex 3.05 1.22598 0.956138
      vertex 3.05 1.24398 1.07748
    endloop
  endfacet
  facet normal 1 0 0
    outer loop
      vertex 3.05 1.19617 1.56286
      vertex 3.05 1.22598 0.956138
      vertex 3.05 1.22598 1.44386
    endloop
  endfacet
  facet normal 1 0 0
    outer loop
      vertex 3.05 1.19617 1.56286
      vertex 3.05 1.19617 0.837145
      vertex 3.05 1.22598 0.956138
    endloop
  endfacet
  facet normal 1 0 0
    outer loop
      vertex 3.05 1.15485 1.67835
      vertex 3.05 1.19617 0.837145
      vertex 3.05 1.19617 1.56286
    endloop
  endfacet
  facet normal 1 0 0
    outer loop
      vertex 3.05 1.15485 1.67835
      vertex 3.05 1.15485 0.721646
      vertex 3.05 1.19617 0.837145
    endloop
  endfacet
  facet normal 1 0 0
    outer loop
      vertex 3.05 1.1024 1.78925
      vertex 3.05 1.15485 0.721646
      vertex 3.05 1.15485 1.67835
    endloop
  endfacet
  facet normal 1 0 0
    outer loop
      vertex 3.05 1.1024 1.78925
      vertex 3.05 1.1024 0.610754
      vertex 3.05 1.15485 0.721646
    endloop
  endfacet
  facet normal 1 0 0
    outer loop
      vertex 3.05 1.03934 1.89446
      vertex 3.05 1.1024 0.610754
      vertex 3.05 1.1024 1.78925
    endloop
  endfacet
  facet normal 1 0 0
    outer loop
      vertex 3.05 1.03934 1.89446
      vertex 3.05 1.03934 0.505537
      vertex 3.05 1.1024 0.610754
    endloop
  endfacet
  facet normal 1 0 0
    outer loop
      vertex 3.05 0.966263 1.99299
      vertex 3.05 1.03934 0.505537
      vertex 3.05 1.03934 1.89446
    endloop
  endfacet
  facet normal 1 0 0
    outer loop
      vertex 3.05 0.966263 1.99299
      vertex 3.05 0.966263 0.407009
      vertex 3.05 1.03934 0.505537
    endloop
  endfacet
  facet normal 1 0 0
    outer loop
      vertex 3.05 0.883883 2.08388
      vertex 3.05 0.966263 0.407009
      vertex 3.05 0.966263 1.99299
    endloop
  endfacet
  facet normal 1 0 0
    outer loop
      vertex 3.05 0.883883 2.08388
      vertex 3.05 0.883883 0.316117
      vertex 3.05 0.966263 0.407009
    endloop
  endfacet
  facet normal 1 0 0
    outer loop
      vertex 3.05 0.792991 2.16626
      vertex 3.05 0.883883 0.316117
      vertex 3.05 0.883883 2.08388
    endloop
  endfacet
  facet normal 1 0 0
    outer loop
      vertex 3.05 0.792991 2.16626
      vertex 3.05 0.792991 0.233737
      vertex 3.05 0.883883 0.316117
    endloop
  endfacet
  facet normal 1 0 0
    outer loop
      vertex 3.05 0.694463 2.23934
      vertex 3.05 0.792991 0.233737
      vertex 3.05 0.792991 2.16626
    endloop
  endfacet
  facet normal 1 0 0
    outer loop
      vertex 3.05 0.694463 2.23934
      vertex 3.05 0.694463 0.160664
      vertex 3.05 0.792991 0.233737
    endloop
  endfacet
  facet normal 1 0 0
    outer loop
      vertex 3.05 0.589246 2.3024
      vertex 3.05 0.694463 0.160664
      vertex 3.05 0.694463 2.23934
    endloop
  endfacet
  facet normal 1 0 0
    outer loop
      vertex 3.05 0.589246 2.3024
      vertex 3.05 0.589246 0.0975992
      vertex 3.05 0.694463 0.160664
    endloop
  endfacet
  facet normal 1 0 0
    outer loop
      vertex 3.05 0.4 2.38288
      vertex 3.05 0.589246 2.3024
      vertex 3.05 0.478354 2.35485
    endloop
  endfacet
  facet normal 1 0 0
    outer loop
      vertex 3.05 0.589246 2.3024
      vertex 3.05 0.4 2.38288
      vertex 3.05 0.589246 0.0975992
    endloop
  endfacet
  facet normal 1 0 0
    outer loop
      vertex 3.05 0.4 0.0171158
      vertex 3.05 0.589246 0.0975992
      vertex 3.05 0.4 2.38288
    endloop
  endfacet
  facet normal 1 0 0
    outer loop
      vertex 3.05 0.589246 0.0975992
      vertex 3.05 0.4 0.0171158
      vertex 3.05 0.478354 0.0451509
    endloop
  endfacet
  facet normal 1 0 0
    outer loop
      vertex 3.05 -0.589246 2.3024
      vertex 3.05 -0.4 2.38288
      vertex 3.05 -0.478354 2.35485
    endloop
  endfacet
  facet normal 1 0 0
    outer loop
      vertex 3.05 -0.4 2.38288
      vertex 3.05 -0.589246 2.3024
      vertex 3.05 -0.4 0.0171158
    endloop
  endfacet
  facet normal 1 -0 0
    outer loop
      vertex 3.05 -0.589246 0.0975992
      vertex 3.05 -0.4 0.0171158
      vertex 3.05 -0.589246 2.3024
    endloop
  endfacet
  facet normal 1 0 0
    outer loop
      vertex 3.05 -0.4 0.0171158
      vertex 3.05 -0.589246 0.0975992
      vertex 3.05 -0.478354 0.0451509
    endloop
  endfacet
  facet normal 1 -0 0
    outer loop
      vertex 3.05 -0.694463 2.23934
      vertex 3.05 -0.589246 0.0975992
      vertex 3.05 -0.589246 2.3024
    endloop
  endfacet
  facet normal 1 0 0
    outer loop
      vertex 3.05 -0.694463 2.23934
      vertex 3.05 -0.694463 0.160664
      vertex 3.05 -0.589246 0.0975992
    endloop
  endfacet
  facet normal 1 -0 0
    outer loop
      vertex 3.05 -0.792991 2.16626
      vertex 3.05 -0.694463 0.160664
      vertex 3.05 -0.694463 2.23934
    endloop
  endfacet
  facet normal 1 0 0
    outer loop
      vertex 3.05 -0.792991 2.16626
      vertex 3.05 -0.792991 0.233737
      vertex 3.05 -0.694463 0.160664
    endloop
  endfacet
  facet normal 1 -0 0
    outer loop
      vertex 3.05 -0.883883 2.08388
      vertex 3.05 -0.792991 0.233737
      vertex 3.05 -0.792991 2.16626
    endloop
  endfacet
  facet normal 1 0 0
    outer loop
      vertex 3.05 -0.883883 2.08388
      vertex 3.05 -0.883883 0.316117
      vertex 3.05 -0.792991 0.233737
    endloop
  endfacet
  facet normal 1 -0 0
    outer loop
      vertex 3.05 -0.966263 1.99299
      vertex 3.05 -0.883883 0.316117
      vertex 3.05 -0.883883 2.08388
    endloop
  endfacet
  facet normal 1 0 0
    outer loop
      vertex 3.05 -0.966263 1.99299
      vertex 3.05 -0.966263 0.407009
      vertex 3.05 -0.883883 0.316117
    endloop
  endfacet
  facet normal 1 -0 0
    outer loop
      vertex 3.05 -1.03934 1.89446
      vertex 3.05 -0.966263 0.407009
      vertex 3.05 -0.966263 1.99299
    endloop
  endfacet
  facet normal 1 0 0
    outer loop
      vertex 3.05 -1.03934 1.89446
      vertex 3.05 -1.03934 0.505537
      vertex 3.05 -0.966263 0.407009
    endloop
  endfacet
  facet normal 1 -0 0
    outer loop
      vertex 3.05 -1.1024 1.78925
      vertex 3.05 -1.03934 0.505537
      vertex 3.05 -1.03934 1.89446
    endloop
  endfacet
  facet normal 1 0 0
    outer loop
      vertex 3.05 -1.1024 1.78925
      vertex 3.05 -1.1024 0.610754
      vertex 3.05 -1.03934 0.505537
    endloop
  endfacet
  facet normal 1 -0 0
    outer loop
      vertex 3.05 -1.15485 1.67835
      vertex 3.05 -1.1024 0.610754
      vertex 3.05 -1.1024 1.78925
    endloop
  endfacet
  facet normal 1 0 0
    outer loop
      vertex 3.05 -1.15485 1.67835
      vertex 3.05 -1.15485 0.721646
      vertex 3.05 -1.1024 0.610754
    endloop
  endfacet
  facet normal 1 -0 0
    outer loop
      vertex 3.05 -1.19617 1.56286
      vertex 3.05 -1.15485 0.721646
      vertex 3.05 -1.15485 1.67835
    endloop
  endfacet
  facet normal 1 0 0
    outer loop
      vertex 3.05 -1.19617 1.56286
      vertex 3.05 -1.19617 0.837145
      vertex 3.05 -1.15485 0.721646
    endloop
  endfacet
  facet normal 1 -0 0
    outer loop
      vertex 3.05 -1.22598 1.44386
      vertex 3.05 -1.19617 0.837145
      vertex 3.05 -1.19617 1.56286
    endloop
  endfacet
  facet normal 1 0 0
    outer loop
      vertex 3.05 -1.22598 1.44386
      vertex 3.05 -1.22598 0.956138
      vertex 3.05 -1.19617 0.837145
    endloop
  endfacet
  facet normal 1 -0 0
    outer loop
      vertex 3.05 -1.24398 1.32252
      vertex 3.05 -1.22598 0.956138
      vertex 3.05 -1.22598 1.44386
    endloop
  endfacet
  facet normal 1 0 0
    outer loop
      vertex 3.05 -1.24398 1.32252
      vertex 3.05 -1.24398 1.07748
      vertex 3.05 -1.22598 0.956138
    endloop
  endfacet
  facet normal 1 0 -0
    outer loop
      vertex 3.05 -1.24398 1.07748
      vertex 3.05 -1.24398 1.32252
      vertex 3.05 -1.25 1.2
    endloop
  endfacet
  facet normal 0.43287 -0.891699 -0.132276
    outer loop
      vertex 3.05 -1.24398 1.07748
      vertex 1.75 -1.83897 0.834206
      vertex 3.05 -1.22598 0.956138
    endloop
  endfacet
  facet normal -1 0 0
    outer loop
      vertex 1.75 1.5 1.2
      vertex 1.75 1.875 1.2
      vertex 1.75 1.86597 1.01622
    endloop
  endfacet
  facet normal -1 0 0
    outer loop
      vertex 1.75 1.49278 1.05297
      vertex 1.75 1.86597 1.01622
      vertex 1.75 1.83897 0.834206
    endloop
  endfacet
  facet normal -1 0 0
    outer loop
      vertex 1.75 1.875 1.2
      vertex 1.75 1.5 1.2
      vertex 1.75 1.86597 1.38378
    endloop
  endfacet
  facet normal -1 0 0
    outer loop
      vertex 1.75 1.47118 0.907365
      vertex 1.75 1.83897 0.834206
      vertex 1.75 1.79426 0.655717
    endloop
  endfacet
  facet normal -1 0 0
    outer loop
      vertex 1.75 1.49278 1.34703
      vertex 1.75 1.86597 1.38378
      vertex 1.75 1.5 1.2
    endloop
  endfacet
  facet normal -1 0 0
    outer loop
      vertex 1.75 1.43541 0.764573
      vertex 1.75 1.79426 0.655717
      vertex 1.75 1.73227 0.482469
    endloop
  endfacet
  facet normal -1 -0 0
    outer loop
      vertex 1.75 1.86597 1.38378
      vertex 1.75 1.49278 1.34703
      vertex 1.75 1.83897 1.56579
    endloop
  endfacet
  facet normal -1 0 0
    outer loop
      vertex 1.75 1.38582 0.625976
      vertex 1.75 1.73227 0.482469
      vertex 1.75 1.6536 0.316132
    endloop
  endfacet
  facet normal -1 0 0
    outer loop
      vertex 1.75 1.47118 1.49264
      vertex 1.75 1.83897 1.56579
      vertex 1.75 1.49278 1.34703
    endloop
  endfacet
  facet normal -1 0 0
    outer loop
      vertex 1.75 1.32288 0.492906
      vertex 1.75 1.6536 0.316132
      vertex 1.75 1.559 0.158306
    endloop
  endfacet
  facet normal -1 -0 0
    outer loop
      vertex 1.75 1.83897 1.56579
      vertex 1.75 1.47118 1.49264
      vertex 1.75 1.79426 1.74428
    endloop
  endfacet
  facet normal -1 0 0
    outer loop
      vertex 1.75 1.43541 1.63543
      vertex 1.75 1.79426 1.74428
      vertex 1.75 1.47118 1.49264
    endloop
  endfacet
  facet normal -1 0 0
    outer loop
      vertex 1.75 1.86597 1.01622
      vertex 1.75 1.49278 1.05297
      vertex 1.75 1.5 1.2
    endloop
  endfacet
  facet normal -1 0 0
    outer loop
      vertex 1.75 1.83897 0.834206
      vertex 1.75 1.47118 0.907365
      vertex 1.75 1.49278 1.05297
    endloop
  endfacet
  facet normal -1 0 0
    outer loop
      vertex 1.75 1.2472 0.366645
      vertex 1.75 1.559 0.158306
      vertex 1.75 1.44939 0.0105135
    endloop
  endfacet
  facet normal -1 0 0
    outer loop
      vertex 1.75 1.15952 0.24841
      vertex 1.75 1.44939 0.0105135
      vertex 1.75 1.43987 1.90735e-07
    endloop
  endfacet
  facet normal -1 0 0
    outer loop
      vertex 1.75 1.79426 0.655717
      vertex 1.75 1.43541 0.764573
      vertex 1.75 1.47118 0.907365
    endloop
  endfacet
  facet normal -1 0 0
    outer loop
      vertex 1.75 1.73227 0.482469
      vertex 1.75 1.38582 0.625976
      vertex 1.75 1.43541 0.764573
    endloop
  endfacet
  facet normal -1 0 0
    outer loop
      vertex 1.75 1.6536 0.316132
      vertex 1.75 1.32288 0.492906
      vertex 1.75 1.38582 0.625976
    endloop
  endfacet
  facet normal -1 0 0
    outer loop
      vertex 1.75 1.559 0.158306
      vertex 1.75 1.2472 0.366645
      vertex 1.75 1.32288 0.492906
    endloop
  endfacet
  facet normal -1 0 0
    outer loop
      vertex 1.75 1.44939 0.0105135
      vertex 1.75 1.15952 0.24841
      vertex 1.75 1.2472 0.366645
    endloop
  endfacet
  facet normal -1 0 0
    outer loop
      vertex 1.75 1.43987 1.90735e-07
      vertex 1.75 1.06066 0.139341
      vertex 1.75 1.15952 0.24841
    endloop
  endfacet
  facet normal -1 0 0
    outer loop
      vertex 1.75 1.43987 1.90735e-07
      vertex 1.75 0.95159 0.0404846
      vertex 1.75 1.06066 0.139341
    endloop
  endfacet
  facet normal -1 0 -0
    outer loop
      vertex 1.75 0.95159 0.0404846
      vertex 1.75 1.43987 1.90735e-07
      vertex 1.75 0.897002 1.90735e-07
    endloop
  endfacet
  facet normal -1 -0 0
    outer loop
      vertex 1.75 1.79426 1.74428
      vertex 1.75 1.43541 1.63543
      vertex 1.75 1.73227 1.91753
    endloop
  endfacet
  facet normal -1 0 0
    outer loop
      vertex 1.75 1.38582 1.77402
      vertex 1.75 1.73227 1.91753
      vertex 1.75 1.43541 1.63543
    endloop
  endfacet
  facet normal -1 -0 0
    outer loop
      vertex 1.75 1.73227 1.91753
      vertex 1.75 1.38582 1.77402
      vertex 1.75 1.6536 2.08387
    endloop
  endfacet
  facet normal -1 0 0
    outer loop
      vertex 1.75 1.32288 1.90709
      vertex 1.75 1.6536 2.08387
      vertex 1.75 1.38582 1.77402
    endloop
  endfacet
  facet normal -1 -0 0
    outer loop
      vertex 1.75 1.6536 2.08387
      vertex 1.75 1.32288 1.90709
      vertex 1.75 1.559 2.24169
    endloop
  endfacet
  facet normal -1 0 0
    outer loop
      vertex 1.75 1.2472 2.03335
      vertex 1.75 1.559 2.24169
      vertex 1.75 1.32288 1.90709
    endloop
  endfacet
  facet normal -1 -0 0
    outer loop
      vertex 1.75 1.559 2.24169
      vertex 1.75 1.2472 2.03335
      vertex 1.75 1.44939 2.38949
    endloop
  endfacet
  facet normal -1 0 0
    outer loop
      vertex 1.75 1.15952 2.15159
      vertex 1.75 1.44939 2.38949
      vertex 1.75 1.2472 2.03335
    endloop
  endfacet
  facet normal -1 -0 0
    outer loop
      vertex 1.75 1.44939 2.38949
      vertex 1.75 1.15952 2.15159
      vertex 1.75 1.32582 2.52582
    endloop
  endfacet
  facet normal -1 0 0
    outer loop
      vertex 1.75 1.06066 2.26066
      vertex 1.75 1.32582 2.52582
      vertex 1.75 1.15952 2.15159
    endloop
  endfacet
  facet normal -1 -0 0
    outer loop
      vertex 1.75 1.32582 2.52582
      vertex 1.75 1.06066 2.26066
      vertex 1.75 1.18949 2.64939
    endloop
  endfacet
  facet normal -1 0 0
    outer loop
      vertex 1.75 0.95159 2.35952
      vertex 1.75 1.18949 2.64939
      vertex 1.75 1.06066 2.26066
    endloop
  endfacet
  facet normal -1 -0 0
    outer loop
      vertex 1.75 1.18949 2.64939
      vertex 1.75 0.95159 2.35952
      vertex 1.75 1.04169 2.759
    endloop
  endfacet
  facet normal -1 0 0
    outer loop
      vertex 1.75 0.833355 2.4472
      vertex 1.75 1.04169 2.759
      vertex 1.75 0.95159 2.35952
    endloop
  endfacet
  facet normal -1 -0 0
    outer loop
      vertex 1.75 1.04169 2.759
      vertex 1.75 0.833355 2.4472
      vertex 1.75 0.883868 2.8536
    endloop
  endfacet
  facet normal -1 0 0
    outer loop
      vertex 1.75 0.707094 2.52288
      vertex 1.75 0.883868 2.8536
      vertex 1.75 0.833355 2.4472
    endloop
  endfacet
  facet normal -1 -0 0
    outer loop
      vertex 1.75 0.883868 2.8536
      vertex 1.75 0.707094 2.52288
      vertex 1.75 0.717531 2.93227
    endloop
  endfacet
  facet normal -1 0 0
    outer loop
      vertex 1.75 0.574024 2.58582
      vertex 1.75 0.717531 2.93227
      vertex 1.75 0.707094 2.52288
    endloop
  endfacet
  facet normal -1 0 0
    outer loop
      vertex 1.75 0.574024 2.58582
      vertex 1.75 0.544283 2.99426
      vertex 1.75 0.717531 2.93227
    endloop
  endfacet
  facet normal -1 0 0
    outer loop
      vertex 1.75 0.435427 2.63541
      vertex 1.75 0.544283 2.99426
      vertex 1.75 0.574024 2.58582
    endloop
  endfacet
  facet normal -1 0 0
    outer loop
      vertex 1.75 0.4 2.64428
      vertex 1.75 0.544283 2.99426
      vertex 1.75 0.435427 2.63541
    endloop
  endfacet
  facet normal -1 -0 0
    outer loop
      vertex 1.75 0.544283 2.99426
      vertex 1.75 0.4 2.64428
      vertex 1.75 0.4 3.0304
    endloop
  endfacet
  facet normal -1 0 0
    outer loop
      vertex 1.75 -1.43987 1.90735e-07
      vertex 1.75 -0.95159 0.0404846
      vertex 1.75 -0.897002 1.90735e-07
    endloop
  endfacet
  facet normal -1 0 0
    outer loop
      vertex 1.75 -1.43987 1.90735e-07
      vertex 1.75 -1.06066 0.139341
      vertex 1.75 -0.95159 0.0404846
    endloop
  endfacet
  facet normal -1 0 0
    outer loop
      vertex 1.75 -1.43987 1.90735e-07
      vertex 1.75 -1.15952 0.24841
      vertex 1.75 -1.06066 0.139341
    endloop
  endfacet
  facet normal -1 0 0
    outer loop
      vertex 1.75 -1.44939 0.0105135
      vertex 1.75 -1.15952 0.24841
      vertex 1.75 -1.43987 1.90735e-07
    endloop
  endfacet
  facet normal -1 -0 0
    outer loop
      vertex 1.75 -1.15952 0.24841
      vertex 1.75 -1.44939 0.0105135
      vertex 1.75 -1.2472 0.366645
    endloop
  endfacet
  facet normal -1 0 0
    outer loop
      vertex 1.75 -1.559 0.158306
      vertex 1.75 -1.2472 0.366645
      vertex 1.75 -1.44939 0.0105135
    endloop
  endfacet
  facet normal -1 -0 0
    outer loop
      vertex 1.75 -1.2472 0.366645
      vertex 1.75 -1.559 0.158306
      vertex 1.75 -1.32288 0.492906
    endloop
  endfacet
  facet normal -1 0 0
    outer loop
      vertex 1.75 -1.6536 0.316132
      vertex 1.75 -1.32288 0.492906
      vertex 1.75 -1.559 0.158306
    endloop
  endfacet
  facet normal -1 -0 0
    outer loop
      vertex 1.75 -1.32288 0.492906
      vertex 1.75 -1.6536 0.316132
      vertex 1.75 -1.38582 0.625976
    endloop
  endfacet
  facet normal -1 0 0
    outer loop
      vertex 1.75 -1.73227 0.482469
      vertex 1.75 -1.38582 0.625976
      vertex 1.75 -1.6536 0.316132
    endloop
  endfacet
  facet normal -1 -0 0
    outer loop
      vertex 1.75 -1.38582 0.625976
      vertex 1.75 -1.73227 0.482469
      vertex 1.75 -1.43541 0.764573
    endloop
  endfacet
  facet normal -1 0 0
    outer loop
      vertex 1.75 -1.79426 0.655717
      vertex 1.75 -1.43541 0.764573
      vertex 1.75 -1.73227 0.482469
    endloop
  endfacet
  facet normal -1 0 0
    outer loop
      vertex 1.75 -0.544283 2.99426
      vertex 1.75 -0.4 2.64428
      vertex 1.75 -0.435427 2.63541
    endloop
  endfacet
  facet normal -1 0 0
    outer loop
      vertex 1.75 -0.4 2.64428
      vertex 1.75 -0.544283 2.99426
      vertex 1.75 -0.4 3.0304
    endloop
  endfacet
  facet normal -1 0 0
    outer loop
      vertex 1.75 -0.574024 2.58582
      vertex 1.75 -0.544283 2.99426
      vertex 1.75 -0.435427 2.63541
    endloop
  endfacet
  facet normal -1 0 0
    outer loop
      vertex 1.75 -0.717531 2.93227
      vertex 1.75 -0.574024 2.58582
      vertex 1.75 -0.707094 2.52288
    endloop
  endfacet
  facet normal -1 0 0
    outer loop
      vertex 1.75 -0.574024 2.58582
      vertex 1.75 -0.717531 2.93227
      vertex 1.75 -0.544283 2.99426
    endloop
  endfacet
  facet normal -1 0 0
    outer loop
      vertex 1.75 -0.883868 2.8536
      vertex 1.75 -0.707094 2.52288
      vertex 1.75 -0.833355 2.4472
    endloop
  endfacet
  facet normal -1 0 0
    outer loop
      vertex 1.75 -0.707094 2.52288
      vertex 1.75 -0.883868 2.8536
      vertex 1.75 -0.717531 2.93227
    endloop
  endfacet
  facet normal -1 0 0
    outer loop
      vertex 1.75 -1.04169 2.759
      vertex 1.75 -0.833355 2.4472
      vertex 1.75 -0.95159 2.35952
    endloop
  endfacet
  facet normal -1 0 0
    outer loop
      vertex 1.75 -0.833355 2.4472
      vertex 1.75 -1.04169 2.759
      vertex 1.75 -0.883868 2.8536
    endloop
  endfacet
  facet normal -1 0 0
    outer loop
      vertex 1.75 -1.18949 2.64939
      vertex 1.75 -0.95159 2.35952
      vertex 1.75 -1.06066 2.26066
    endloop
  endfacet
  facet normal -1 0 0
    outer loop
      vertex 1.75 -1.32582 2.52582
      vertex 1.75 -1.06066 2.26066
      vertex 1.75 -1.15952 2.15159
    endloop
  endfacet
  facet normal -1 0 0
    outer loop
      vertex 1.75 -0.95159 2.35952
      vertex 1.75 -1.18949 2.64939
      vertex 1.75 -1.04169 2.759
    endloop
  endfacet
  facet normal -1 0 0
    outer loop
      vertex 1.75 -1.44939 2.38949
      vertex 1.75 -1.15952 2.15159
      vertex 1.75 -1.2472 2.03335
    endloop
  endfacet
  facet normal -1 0 0
    outer loop
      vertex 1.75 -1.559 2.24169
      vertex 1.75 -1.2472 2.03335
      vertex 1.75 -1.32288 1.90709
    endloop
  endfacet
  facet normal -1 0 0
    outer loop
      vertex 1.75 -1.06066 2.26066
      vertex 1.75 -1.32582 2.52582
      vertex 1.75 -1.18949 2.64939
    endloop
  endfacet
  facet normal -1 0 0
    outer loop
      vertex 1.75 -1.6536 2.08387
      vertex 1.75 -1.32288 1.90709
      vertex 1.75 -1.38582 1.77402
    endloop
  endfacet
  facet normal -1 0 0
    outer loop
      vertex 1.75 -1.73227 1.91753
      vertex 1.75 -1.38582 1.77402
      vertex 1.75 -1.43541 1.63543
    endloop
  endfacet
  facet normal -1 0 0
    outer loop
      vertex 1.75 -1.15952 2.15159
      vertex 1.75 -1.44939 2.38949
      vertex 1.75 -1.32582 2.52582
    endloop
  endfacet
  facet normal -1 0 0
    outer loop
      vertex 1.75 -1.79426 1.74428
      vertex 1.75 -1.43541 1.63543
      vertex 1.75 -1.47118 1.49264
    endloop
  endfacet
  facet normal -1 0 0
    outer loop
      vertex 1.75 -1.83897 1.56579
      vertex 1.75 -1.47118 1.49264
      vertex 1.75 -1.49278 1.34703
    endloop
  endfacet
  facet normal -1 0 0
    outer loop
      vertex 1.75 -1.86597 1.38378
      vertex 1.75 -1.49278 1.34703
      vertex 1.75 -1.5 1.2
    endloop
  endfacet
  facet normal -1 -0 0
    outer loop
      vertex 1.75 -1.43541 0.764573
      vertex 1.75 -1.79426 0.655717
      vertex 1.75 -1.47118 0.907365
    endloop
  endfacet
  facet normal -1 0 0
    outer loop
      vertex 1.75 -1.2472 2.03335
      vertex 1.75 -1.559 2.24169
      vertex 1.75 -1.44939 2.38949
    endloop
  endfacet
  facet normal -1 0 0
    outer loop
      vertex 1.75 -1.83897 0.834206
      vertex 1.75 -1.47118 0.907365
      vertex 1.75 -1.79426 0.655717
    endloop
  endfacet
  facet normal -1 0 0
    outer loop
      vertex 1.75 -1.32288 1.90709
      vertex 1.75 -1.6536 2.08387
      vertex 1.75 -1.559 2.24169
    endloop
  endfacet
  facet normal -1 -0 0
    outer loop
      vertex 1.75 -1.47118 0.907365
      vertex 1.75 -1.83897 0.834206
      vertex 1.75 -1.49278 1.05297
    endloop
  endfacet
  facet normal -1 0 0
    outer loop
      vertex 1.75 -1.38582 1.77402
      vertex 1.75 -1.73227 1.91753
      vertex 1.75 -1.6536 2.08387
    endloop
  endfacet
  facet normal -1 0 0
    outer loop
      vertex 1.75 -1.86597 1.01622
      vertex 1.75 -1.49278 1.05297
      vertex 1.75 -1.83897 0.834206
    endloop
  endfacet
  facet normal -1 0 0
    outer loop
      vertex 1.75 -1.43541 1.63543
      vertex 1.75 -1.79426 1.74428
      vertex 1.75 -1.73227 1.91753
    endloop
  endfacet
  facet normal -1 -0 0
    outer loop
      vertex 1.75 -1.49278 1.05297
      vertex 1.75 -1.86597 1.01622
      vertex 1.75 -1.5 1.2
    endloop
  endfacet
  facet normal -1 0 0
    outer loop
      vertex 1.75 -1.47118 1.49264
      vertex 1.75 -1.83897 1.56579
      vertex 1.75 -1.79426 1.74428
    endloop
  endfacet
  facet normal -1 0 0
    outer loop
      vertex 1.75 -1.875 1.2
      vertex 1.75 -1.5 1.2
      vertex 1.75 -1.86597 1.01622
    endloop
  endfacet
  facet normal -1 0 0
    outer loop
      vertex 1.75 -1.49278 1.34703
      vertex 1.75 -1.86597 1.38378
      vertex 1.75 -1.83897 1.56579
    endloop
  endfacet
  facet normal -1 0 0
    outer loop
      vertex 1.75 -1.5 1.2
      vertex 1.75 -1.875 1.2
      vertex 1.75 -1.86597 1.38378
    endloop
  endfacet
  facet normal 0.432869 0.605374 -0.667942
    outer loop
      vertex 3.05 0.883883 0.316117
      vertex 2.32331 1.05471 1.90735e-07
      vertex 2.12012 1.2 1.90735e-07
    endloop
  endfacet
  facet normal 0.43287 0.90037 -0.0442395
    outer loop
      vertex 3.05 1.25 1.2
      vertex 3.05 1.24398 1.07748
      vertex 1.75 1.875 1.2
    endloop
  endfacet
  facet normal 0.43287 0.536995 -0.724058
    outer loop
      vertex 2.54065 0.888417 1.90735e-07
      vertex 3.05 0.792991 0.233737
      vertex 3.05 0.694463 0.160664
    endloop
  endfacet
  facet normal 0.432868 0.537015 -0.724045
    outer loop
      vertex 3.05 0.792991 0.233737
      vertex 2.54065 0.888417 1.90735e-07
      vertex 2.42106 0.984814 1.90735e-07
    endloop
  endfacet
  facet normal 0.432874 0.385423 -0.814904
    outer loop
      vertex 2.94835 0.497056 1.90735e-07
      vertex 3.05 0.589246 0.0975992
      vertex 3.05 0.478354 0.0451509
    endloop
  endfacet
  facet normal 0.432861 0.385438 -0.814904
    outer loop
      vertex 3.05 0.589246 0.0975992
      vertex 2.94835 0.497056 1.90735e-07
      vertex 2.84856 0.609124 1.90735e-07
    endloop
  endfacet
  facet normal 0.432871 0.303537 -0.848816
    outer loop
      vertex 3.05 0.478354 0.0451509
      vertex 2.9582 0.483009 1.90735e-07
      vertex 2.94835 0.497056 1.90735e-07
    endloop
  endfacet
  facet normal 0.43287 0.90037 0.0442395
    outer loop
      vertex 3.05 1.24398 1.32252
      vertex 1.75 1.875 1.2
      vertex 1.75 1.86597 1.38378
    endloop
  endfacet
  facet normal 0.432869 0.814912 0.385412
    outer loop
      vertex 3.05 1.1024 1.78925
      vertex 3.05 1.15485 1.67835
      vertex 1.75 1.73227 1.91753
    endloop
  endfacet
  facet normal 0.432868 0.667917 0.605402
    outer loop
      vertex 1.75 1.32582 2.52582
      vertex 3.05 0.883883 2.08388
      vertex 1.75 1.44939 2.38949
    endloop
  endfacet
  facet normal 0.432871 0.605382 0.667934
    outer loop
      vertex 3.05 0.792991 2.16626
      vertex 3.05 0.883883 2.08388
      vertex 1.75 1.18949 2.64939
    endloop
  endfacet
  facet normal 0.432871 0.537028 0.724033
    outer loop
      vertex 3.05 0.694463 2.23934
      vertex 3.05 0.792991 2.16626
      vertex 1.75 1.18949 2.64939
    endloop
  endfacet
  facet normal 0.432868 0.303696 0.84876
    outer loop
      vertex 1.75 0.544283 2.99426
      vertex 3.05 0.478354 2.35485
      vertex 1.75 0.717531 2.93227
    endloop
  endfacet
  facet normal 0.432871 -0.537028 0.724033
    outer loop
      vertex 1.75 -1.18949 2.64939
      vertex 3.05 -0.792991 2.16626
      vertex 3.05 -0.694463 2.23934
    endloop
  endfacet
  facet normal 0.432871 -0.605382 0.667934
    outer loop
      vertex 1.75 -1.18949 2.64939
      vertex 3.05 -0.883883 2.08388
      vertex 3.05 -0.792991 2.16626
    endloop
  endfacet
  facet normal 0.43287 -0.90037 0.0442395
    outer loop
      vertex 1.75 -1.86597 1.38378
      vertex 1.75 -1.875 1.2
      vertex 3.05 -1.24398 1.32252
    endloop
  endfacet
  facet normal 0.432871 -0.87444 0.219039
    outer loop
      vertex 1.75 -1.83897 1.56579
      vertex 3.05 -1.19617 1.56286
      vertex 1.75 -1.79426 1.74428
    endloop
  endfacet
  facet normal 0.43287 -0.724049 0.537007
    outer loop
      vertex 1.75 -1.44939 2.38949
      vertex 3.05 -1.03934 1.89446
      vertex 3.05 -0.966263 1.99299
    endloop
  endfacet
  facet normal 0.432868 -0.848761 0.303692
    outer loop
      vertex 1.75 -1.79426 1.74428
      vertex 3.05 -1.15485 1.67835
      vertex 1.75 -1.73227 1.91753
    endloop
  endfacet
  facet normal 0.432869 -0.874438 0.21905
    outer loop
      vertex 1.75 -1.83897 1.56579
      vertex 3.05 -1.22598 1.44386
      vertex 3.05 -1.19617 1.56286
    endloop
  endfacet
  facet normal 0.43287 -0.463416 0.77322
    outer loop
      vertex 1.75 -0.883868 2.8536
      vertex 3.05 -0.694463 2.23934
      vertex 3.05 -0.589246 2.3024
    endloop
  endfacet
  facet normal 0.432865 -0.463461 0.773196
    outer loop
      vertex 3.05 -0.694463 2.23934
      vertex 1.75 -0.883868 2.8536
      vertex 1.75 -1.04169 2.759
    endloop
  endfacet
  facet normal 0.432872 -0.303638 0.848779
    outer loop
      vertex 2.78384 -0.4 2.51862
      vertex 3.05 -0.478354 2.35485
      vertex 3.05 -0.4 2.38288
    endloop
  endfacet
  facet normal 0.432874 -0.303633 0.84878
    outer loop
      vertex 3.05 -0.478354 2.35485
      vertex 2.78384 -0.4 2.51862
      vertex 1.75 -0.544283 2.99426
    endloop
  endfacet
  facet normal 0.432869 -0.303688 -0.848763
    outer loop
      vertex 3.05 -0.478354 0.0451509
      vertex 3.01644 -0.4 1.90735e-07
      vertex 3.05 -0.4 0.0171158
    endloop
  endfacet
  facet normal 0.432855 -0.303696 -0.848767
    outer loop
      vertex 3.01644 -0.4 1.90735e-07
      vertex 3.05 -0.478354 0.0451509
      vertex 2.9582 -0.483009 1.90735e-07
    endloop
  endfacet
  facet normal 0.432863 -0.38542 -0.814912
    outer loop
      vertex 3.05 -0.589246 0.0975992
      vertex 2.81981 -0.641413 1.90735e-07
      vertex 2.84856 -0.609124 1.90735e-07
    endloop
  endfacet
  facet normal 0.433023 -0.668156 -0.605028
    outer loop
      vertex 2.12012 -1.2 1.90735e-07
      vertex 1.75 -1.44939 0.0105135
      vertex 1.75 -1.43987 1.90735e-07
    endloop
  endfacet
  facet normal 0.432869 -0.667942 -0.605374
    outer loop
      vertex 1.75 -1.44939 0.0105135
      vertex 2.12012 -1.2 1.90735e-07
      vertex 3.05 -0.883883 0.316117
    endloop
  endfacet
  facet normal 0.43287 -0.536995 -0.724058
    outer loop
      vertex 3.05 -0.792991 0.233737
      vertex 2.54065 -0.888417 1.90735e-07
      vertex 3.05 -0.694463 0.160664
    endloop
  endfacet
  facet normal 0.432868 -0.537015 -0.724045
    outer loop
      vertex 2.54065 -0.888417 1.90735e-07
      vertex 3.05 -0.792991 0.233737
      vertex 2.42106 -0.984814 1.90735e-07
    endloop
  endfacet
  facet normal 0.432869 -0.874434 -0.219062
    outer loop
      vertex 3.05 -1.22598 0.956138
      vertex 1.75 -1.83897 0.834206
      vertex 3.05 -1.19617 0.837145
    endloop
  endfacet
  facet normal 0.43287 -0.90037 -0.0442395
    outer loop
      vertex 1.75 -1.875 1.2
      vertex 3.05 -1.24398 1.07748
      vertex 3.05 -1.25 1.2
    endloop
  endfacet
  facet normal 0.432868 -0.84876 -0.303696
    outer loop
      vertex 1.75 -1.79426 0.655717
      vertex 1.75 -1.73227 0.482469
      vertex 3.05 -1.15485 0.721646
    endloop
  endfacet
  facet normal 0.43287 -0.81491 -0.385416
    outer loop
      vertex 1.75 -1.73227 0.482469
      vertex 1.75 -1.6536 0.316132
      vertex 3.05 -1.1024 0.610754
    endloop
  endfacet
  facet normal 0.432868 -0.667935 -0.605383
    outer loop
      vertex 3.05 -0.966263 0.407009
      vertex 1.75 -1.44939 0.0105135
      vertex 3.05 -0.883883 0.316117
    endloop
  endfacet
  facet normal 0.432866 -0.724059 -0.536997
    outer loop
      vertex 1.75 -1.559 0.158306
      vertex 1.75 -1.44939 0.0105135
      vertex 3.05 -1.03934 0.505537
    endloop
  endfacet
  facet normal 0.432869 0.667942 -0.605374
    outer loop
      vertex 2.12012 1.2 1.90735e-07
      vertex 1.75 1.44939 0.0105135
      vertex 3.05 0.883883 0.316117
    endloop
  endfacet
  facet normal 0.433023 0.668156 -0.605028
    outer loop
      vertex 1.75 1.44939 0.0105135
      vertex 2.12012 1.2 1.90735e-07
      vertex 1.75 1.43987 1.90735e-07
    endloop
  endfacet
  facet normal 0.43287 0.90037 -0.0442395
    outer loop
      vertex 3.05 1.24398 1.07748
      vertex 1.75 1.86597 1.01622
      vertex 1.75 1.875 1.2
    endloop
  endfacet
  facet normal 0.432872 0.874439 -0.21904
    outer loop
      vertex 3.05 1.19617 0.837145
      vertex 1.75 1.79426 0.655717
      vertex 1.75 1.83897 0.834206
    endloop
  endfacet
  facet normal 0.43287 0.81491 -0.385416
    outer loop
      vertex 3.05 1.1024 0.610754
      vertex 1.75 1.6536 0.316132
      vertex 1.75 1.73227 0.482469
    endloop
  endfacet
  facet normal 0.432868 0.814902 -0.385435
    outer loop
      vertex 3.05 1.1024 0.610754
      vertex 1.75 1.73227 0.482469
      vertex 3.05 1.15485 0.721646
    endloop
  endfacet
  facet normal 0.432868 0.84876 -0.303696
    outer loop
      vertex 3.05 1.15485 0.721646
      vertex 1.75 1.73227 0.482469
      vertex 1.75 1.79426 0.655717
    endloop
  endfacet
  facet normal 0.432869 0.874434 -0.219062
    outer loop
      vertex 3.05 1.19617 0.837145
      vertex 1.75 1.83897 0.834206
      vertex 3.05 1.22598 0.956138
    endloop
  endfacet
  facet normal 0.432867 0.536973 -0.724076
    outer loop
      vertex 3.05 0.694463 0.160664
      vertex 2.64808 0.801815 1.90735e-07
      vertex 2.54065 0.888417 1.90735e-07
    endloop
  endfacet
  facet normal 0.432869 0.303688 -0.848763
    outer loop
      vertex 3.01644 0.4 1.90735e-07
      vertex 3.05 0.478354 0.0451509
      vertex 3.05 0.4 0.0171158
    endloop
  endfacet
  facet normal 0.432855 0.303696 -0.848767
    outer loop
      vertex 3.05 0.478354 0.0451509
      vertex 3.01644 0.4 1.90735e-07
      vertex 2.9582 0.483009 1.90735e-07
    endloop
  endfacet
  facet normal 0.432869 0.814913 0.385411
    outer loop
      vertex 1.75 1.6536 2.08387
      vertex 3.05 1.1024 1.78925
      vertex 1.75 1.73227 1.91753
    endloop
  endfacet
  facet normal 0.43287 0.667927 0.60539
    outer loop
      vertex 3.05 0.883883 2.08388
      vertex 3.05 0.966263 1.99299
      vertex 1.75 1.44939 2.38949
    endloop
  endfacet
  facet normal 0.432866 0.724072 0.536979
    outer loop
      vertex 1.75 1.44939 2.38949
      vertex 3.05 1.03934 1.89446
      vertex 1.75 1.559 2.24169
    endloop
  endfacet
  facet normal 0.43287 0.385416 0.81491
    outer loop
      vertex 1.75 0.717531 2.93227
      vertex 3.05 0.589246 2.3024
      vertex 1.75 0.883868 2.8536
    endloop
  endfacet
  facet normal 0.432868 0.385435 0.814902
    outer loop
      vertex 3.05 0.478354 2.35485
      vertex 3.05 0.589246 2.3024
      vertex 1.75 0.717531 2.93227
    endloop
  endfacet
  facet normal 0.432872 0.303638 0.848779
    outer loop
      vertex 3.05 0.478354 2.35485
      vertex 2.78384 0.4 2.51862
      vertex 3.05 0.4 2.38288
    endloop
  endfacet
  facet normal 0.432874 0.303633 0.84878
    outer loop
      vertex 2.78384 0.4 2.51862
      vertex 3.05 0.478354 2.35485
      vertex 1.75 0.544283 2.99426
    endloop
  endfacet
  facet normal 0.43287 -0.891699 0.132278
    outer loop
      vertex 1.75 -1.83897 1.56579
      vertex 3.05 -1.24398 1.32252
      vertex 3.05 -1.22598 1.44386
    endloop
  endfacet
  facet normal 0.43287 -0.891699 0.132278
    outer loop
      vertex 1.75 -1.86597 1.38378
      vertex 3.05 -1.24398 1.32252
      vertex 1.75 -1.83897 1.56579
    endloop
  endfacet
  facet normal 0.432869 -0.814913 0.385411
    outer loop
      vertex 1.75 -1.73227 1.91753
      vertex 3.05 -1.1024 1.78925
      vertex 1.75 -1.6536 2.08387
    endloop
  endfacet
  facet normal 0.432869 -0.814912 0.385412
    outer loop
      vertex 1.75 -1.73227 1.91753
      vertex 3.05 -1.15485 1.67835
      vertex 3.05 -1.1024 1.78925
    endloop
  endfacet
  facet normal 0.43287 -0.667927 0.60539
    outer loop
      vertex 1.75 -1.44939 2.38949
      vertex 3.05 -0.966263 1.99299
      vertex 3.05 -0.883883 2.08388
    endloop
  endfacet
  facet normal 0.43287 -0.848768 0.303672
    outer loop
      vertex 1.75 -1.79426 1.74428
      vertex 3.05 -1.19617 1.56286
      vertex 3.05 -1.15485 1.67835
    endloop
  endfacet
  facet normal 0.432868 -0.385435 0.814902
    outer loop
      vertex 1.75 -0.717531 2.93227
      vertex 3.05 -0.589246 2.3024
      vertex 3.05 -0.478354 2.35485
    endloop
  endfacet
  facet normal 0.43287 -0.385416 0.81491
    outer loop
      vertex 1.75 -0.883868 2.8536
      vertex 3.05 -0.589246 2.3024
      vertex 1.75 -0.717531 2.93227
    endloop
  endfacet
  facet normal 0.432863 -0.463444 -0.773207
    outer loop
      vertex 3.05 -0.694463 0.160664
      vertex 2.81981 -0.641413 1.90735e-07
      vertex 3.05 -0.589246 0.0975992
    endloop
  endfacet
  facet normal 0.432866 -0.463437 -0.77321
    outer loop
      vertex 2.81981 -0.641413 1.90735e-07
      vertex 3.05 -0.694463 0.160664
      vertex 2.64808 -0.801815 1.90735e-07
    endloop
  endfacet
  facet normal 0.432874 -0.385423 -0.814904
    outer loop
      vertex 3.05 -0.589246 0.0975992
      vertex 2.94835 -0.497056 1.90735e-07
      vertex 3.05 -0.478354 0.0451509
    endloop
  endfacet
  facet normal 0.432861 -0.385438 -0.814904
    outer loop
      vertex 2.94835 -0.497056 1.90735e-07
      vertex 3.05 -0.589246 0.0975992
      vertex 2.84856 -0.609124 1.90735e-07
    endloop
  endfacet
  facet normal 0.43287 -0.90037 -0.0442395
    outer loop
      vertex 1.75 -1.875 1.2
      vertex 1.75 -1.86597 1.01622
      vertex 3.05 -1.24398 1.07748
    endloop
  endfacet
  facet normal 0.43287 -0.891699 -0.132275
    outer loop
      vertex 1.75 -1.86597 1.01622
      vertex 1.75 -1.83897 0.834206
      vertex 3.05 -1.24398 1.07748
    endloop
  endfacet
  facet normal 0.432872 -0.874439 -0.21904
    outer loop
      vertex 1.75 -1.83897 0.834206
      vertex 1.75 -1.79426 0.655717
      vertex 3.05 -1.19617 0.837145
    endloop
  endfacet
  facet normal 0.432872 -0.848774 -0.303651
    outer loop
      vertex 3.05 -1.19617 0.837145
      vertex 1.75 -1.79426 0.655717
      vertex 3.05 -1.15485 0.721646
    endloop
  endfacet
  facet normal 0.43287 -0.77322 -0.463416
    outer loop
      vertex 1.75 -1.6536 0.316132
      vertex 3.05 -1.03934 0.505537
      vertex 3.05 -1.1024 0.610754
    endloop
  endfacet
  facet normal 0.432866 -0.773201 -0.463452
    outer loop
      vertex 3.05 -1.03934 0.505537
      vertex 1.75 -1.6536 0.316132
      vertex 1.75 -1.559 0.158306
    endloop
  endfacet
  facet normal 0.432868 0.667935 -0.605383
    outer loop
      vertex 3.05 0.883883 0.316117
      vertex 1.75 1.44939 0.0105135
      vertex 3.05 0.966263 0.407009
    endloop
  endfacet
  facet normal 0.432866 0.724059 -0.536997
    outer loop
      vertex 3.05 1.03934 0.505537
      vertex 1.75 1.44939 0.0105135
      vertex 1.75 1.559 0.158306
    endloop
  endfacet
  facet normal 0.43287 0.891699 -0.132276
    outer loop
      vertex 3.05 1.22598 0.956138
      vertex 1.75 1.83897 0.834206
      vertex 3.05 1.24398 1.07748
    endloop
  endfacet
  facet normal 0.43287 0.891699 -0.132275
    outer loop
      vertex 3.05 1.24398 1.07748
      vertex 1.75 1.83897 0.834206
      vertex 1.75 1.86597 1.01622
    endloop
  endfacet
  facet normal 0.432869 0.724044 -0.537015
    outer loop
      vertex 3.05 0.966263 0.407009
      vertex 1.75 1.44939 0.0105135
      vertex 3.05 1.03934 0.505537
    endloop
  endfacet
  facet normal 0.432872 0.848774 -0.303651
    outer loop
      vertex 3.05 1.15485 0.721646
      vertex 1.75 1.79426 0.655717
      vertex 3.05 1.19617 0.837145
    endloop
  endfacet
  facet normal 0.432863 0.38542 -0.814912
    outer loop
      vertex 3.05 0.589246 0.0975992
      vertex 2.84856 0.609124 1.90735e-07
      vertex 2.81981 0.641413 1.90735e-07
    endloop
  endfacet
  facet normal 0.432863 0.463444 -0.773207
    outer loop
      vertex 2.81981 0.641413 1.90735e-07
      vertex 3.05 0.694463 0.160664
      vertex 3.05 0.589246 0.0975992
    endloop
  endfacet
  facet normal 0.432866 0.463437 -0.77321
    outer loop
      vertex 3.05 0.694463 0.160664
      vertex 2.81981 0.641413 1.90735e-07
      vertex 2.64808 0.801815 1.90735e-07
    endloop
  endfacet
  facet normal 0.432869 0.874438 0.21905
    outer loop
      vertex 3.05 1.19617 1.56286
      vertex 3.05 1.22598 1.44386
      vertex 1.75 1.83897 1.56579
    endloop
  endfacet
  facet normal 0.432866 0.773193 0.463465
    outer loop
      vertex 3.05 1.03934 1.89446
      vertex 1.75 1.6536 2.08387
      vertex 1.75 1.559 2.24169
    endloop
  endfacet
  facet normal 0.432869 0.773207 0.463439
    outer loop
      vertex 1.75 1.6536 2.08387
      vertex 3.05 1.03934 1.89446
      vertex 3.05 1.1024 1.78925
    endloop
  endfacet
  facet normal 0.43287 0.724049 0.537007
    outer loop
      vertex 3.05 0.966263 1.99299
      vertex 3.05 1.03934 1.89446
      vertex 1.75 1.44939 2.38949
    endloop
  endfacet
  facet normal 0.432866 -0.773193 0.463465
    outer loop
      vertex 1.75 -1.6536 2.08387
      vertex 3.05 -1.03934 1.89446
      vertex 1.75 -1.559 2.24169
    endloop
  endfacet
  facet normal 0.432869 -0.773207 0.463439
    outer loop
      vertex 3.05 -1.03934 1.89446
      vertex 1.75 -1.6536 2.08387
      vertex 3.05 -1.1024 1.78925
    endloop
  endfacet
  facet normal 0.432869 -0.605374 -0.667942
    outer loop
      vertex 3.05 -0.883883 0.316117
      vertex 2.12012 -1.2 1.90735e-07
      vertex 2.32331 -1.05471 1.90735e-07
    endloop
  endfacet
  facet normal 0.432869 -0.724044 -0.537015
    outer loop
      vertex 3.05 -1.03934 0.505537
      vertex 1.75 -1.44939 0.0105135
      vertex 3.05 -0.966263 0.407009
    endloop
  endfacet
  facet normal 0.43287 0.77322 -0.463416
    outer loop
      vertex 3.05 1.03934 0.505537
      vertex 1.75 1.6536 0.316132
      vertex 3.05 1.1024 0.610754
    endloop
  endfacet
  facet normal 0.432866 0.773201 -0.463452
    outer loop
      vertex 1.75 1.6536 0.316132
      vertex 3.05 1.03934 0.505537
      vertex 1.75 1.559 0.158306
    endloop
  endfacet
  facet normal 0.43287 0.891699 0.132278
    outer loop
      vertex 1.75 1.83897 1.56579
      vertex 3.05 1.24398 1.32252
      vertex 1.75 1.86597 1.38378
    endloop
  endfacet
  facet normal 0.43287 0.891699 0.132278
    outer loop
      vertex 3.05 1.22598 1.44386
      vertex 3.05 1.24398 1.32252
      vertex 1.75 1.83897 1.56579
    endloop
  endfacet
  facet normal 0.432871 0.87444 0.219039
    outer loop
      vertex 1.75 1.79426 1.74428
      vertex 3.05 1.19617 1.56286
      vertex 1.75 1.83897 1.56579
    endloop
  endfacet
  facet normal 0.43287 0.848768 0.303672
    outer loop
      vertex 3.05 1.15485 1.67835
      vertex 3.05 1.19617 1.56286
      vertex 1.75 1.79426 1.74428
    endloop
  endfacet
  facet normal 0.432867 -0.605383 -0.667935
    outer loop
      vertex 3.05 -0.883883 0.316117
      vertex 2.42106 -0.984814 1.90735e-07
      vertex 3.05 -0.792991 0.233737
    endloop
  endfacet
  facet normal 0.43287 -0.605371 -0.667944
    outer loop
      vertex 2.42106 -0.984814 1.90735e-07
      vertex 3.05 -0.883883 0.316117
      vertex 2.32331 -1.05471 1.90735e-07
    endloop
  endfacet
  facet normal 0 -0.998796 0.0490579
    outer loop
      vertex -2.2 2.08989 0.994165
      vertex 0 2.1 1.2
      vertex -2.2 2.1 1.2
    endloop
  endfacet
  facet normal 0 -0.998796 0.0490579
    outer loop
      vertex 0 2.1 1.2
      vertex -2.2 2.08989 0.994165
      vertex 0 2.08989 0.994165
    endloop
  endfacet
  facet normal 0 -0.740927 -0.671585
    outer loop
      vertex -2.2 1.62332 2.53223
      vertex 0 1.48492 2.68492
      vertex -2.2 1.48492 2.68492
    endloop
  endfacet
  facet normal 0 -0.740927 -0.671585
    outer loop
      vertex 0 1.48492 2.68492
      vertex -2.2 1.62332 2.53223
      vertex 0 1.62332 2.53223
    endloop
  endfacet
  facet normal 0 -0.903975 0.427585
    outer loop
      vertex -2.2 1.85203 0.210067
      vertex 0 1.94015 0.396365
      vertex -2.2 1.94015 0.396365
    endloop
  endfacet
  facet normal 0 -0.903975 0.427585
    outer loop
      vertex 0 1.94015 0.396365
      vertex -2.2 1.85203 0.210067
      vertex 0 1.85203 0.210067
    endloop
  endfacet
  facet normal 0 -0.427585 -0.903975
    outer loop
      vertex -2.2 0.803635 3.14015
      vertex 0 0.989933 3.05203
      vertex 0 0.803635 3.14015
    endloop
  endfacet
  facet normal -0 -0.427585 -0.903975
    outer loop
      vertex 0 0.989933 3.05203
      vertex -2.2 0.803635 3.14015
      vertex -2.2 0.989933 3.05203
    endloop
  endfacet
  facet normal 0 -0.941552 -0.336868
    outer loop
      vertex -2.2 2.00957 1.8096
      vertex 0 1.94015 2.00363
      vertex -2.2 1.94015 2.00363
    endloop
  endfacet
  facet normal 0 -0.941552 -0.336868
    outer loop
      vertex 0 1.94015 2.00363
      vertex -2.2 2.00957 1.8096
      vertex 0 2.00957 1.8096
    endloop
  endfacet
  facet normal 0 0.989175 -0.146739
    outer loop
      vertex 0 -2.08989 1.40584
      vertex -2.2 -2.05965 1.60969
      vertex 0 -2.05965 1.60969
    endloop
  endfacet
  facet normal 0 0.989175 -0.146739
    outer loop
      vertex -2.2 -2.05965 1.60969
      vertex 0 -2.08989 1.40584
      vertex -2.2 -2.08989 1.40584
    endloop
  endfacet
  facet normal 0 -0.243006 -0.970025
    outer loop
      vertex -2.2 0.409689 3.25965
      vertex 0 0.609597 3.20957
      vertex 0 0.409689 3.25965
    endloop
  endfacet
  facet normal -0 -0.243006 -0.970025
    outer loop
      vertex 0 0.609597 3.20957
      vertex -2.2 0.409689 3.25965
      vertex -2.2 0.609597 3.20957
    endloop
  endfacet
  facet normal 0 -0.147007 -0.989135
    outer loop
      vertex -2.2 0.4 3.26109
      vertex 0 0.409689 3.25965
      vertex 0 0.4 3.26109
    endloop
  endfacet
  facet normal -0 -0.147007 -0.989135
    outer loop
      vertex 0 0.409689 3.25965
      vertex -2.2 0.4 3.26109
      vertex -2.2 0.409689 3.25965
    endloop
  endfacet
  facet normal 0 -0.336856 -0.941556
    outer loop
      vertex -2.2 0.609597 3.20957
      vertex 0 0.803635 3.14015
      vertex 0 0.609597 3.20957
    endloop
  endfacet
  facet normal -0 -0.336856 -0.941556
    outer loop
      vertex 0 0.803635 3.14015
      vertex -2.2 0.609597 3.20957
      vertex -2.2 0.803635 3.14015
    endloop
  endfacet
  facet normal 0 -0.595714 -0.803197
    outer loop
      vertex -2.2 1.1667 2.94609
      vertex 0 1.33223 2.82332
      vertex 0 1.1667 2.94609
    endloop
  endfacet
  facet normal -0 -0.595714 -0.803197
    outer loop
      vertex 0 1.33223 2.82332
      vertex -2.2 1.1667 2.94609
      vertex -2.2 1.33223 2.82332
    endloop
  endfacet
  facet normal 0 -0.671585 -0.740927
    outer loop
      vertex -2.2 1.33223 2.82332
      vertex 0 1.48492 2.68492
      vertex 0 1.33223 2.82332
    endloop
  endfacet
  facet normal -0 -0.671585 -0.740927
    outer loop
      vertex 0 1.48492 2.68492
      vertex -2.2 1.33223 2.82332
      vertex -2.2 1.48492 2.68492
    endloop
  endfacet
  facet normal 0 -0.514067 -0.85775
    outer loop
      vertex -2.2 0.989933 3.05203
      vertex 0 1.1667 2.94609
      vertex 0 0.989933 3.05203
    endloop
  endfacet
  facet normal -0 -0.514067 -0.85775
    outer loop
      vertex 0 1.1667 2.94609
      vertex -2.2 0.989933 3.05203
      vertex -2.2 1.1667 2.94609
    endloop
  endfacet
  facet normal 0 -0.970025 -0.243004
    outer loop
      vertex -2.2 2.05965 1.60969
      vertex 0 2.00957 1.8096
      vertex -2.2 2.00957 1.8096
    endloop
  endfacet
  facet normal 0 -0.970025 -0.243004
    outer loop
      vertex 0 2.00957 1.8096
      vertex -2.2 2.05965 1.60969
      vertex 0 2.05965 1.60969
    endloop
  endfacet
  facet normal 0 -0.989175 -0.146739
    outer loop
      vertex -2.2 2.08989 1.40584
      vertex 0 2.05965 1.60969
      vertex -2.2 2.05965 1.60969
    endloop
  endfacet
  facet normal 0 -0.989175 -0.146739
    outer loop
      vertex 0 2.05965 1.60969
      vertex -2.2 2.08989 1.40584
      vertex 0 2.08989 1.40584
    endloop
  endfacet
  facet normal 0 -0.998796 -0.0490567
    outer loop
      vertex -2.2 2.1 1.2
      vertex 0 2.08989 1.40584
      vertex -2.2 2.08989 1.40584
    endloop
  endfacet
  facet normal 0 -0.998796 -0.0490567
    outer loop
      vertex 0 2.08989 1.40584
      vertex -2.2 2.1 1.2
      vertex 0 2.1 1.2
    endloop
  endfacet
  facet normal 0 -0.803197 -0.595714
    outer loop
      vertex -2.2 1.74609 2.3667
      vertex 0 1.62332 2.53223
      vertex -2.2 1.62332 2.53223
    endloop
  endfacet
  facet normal 0 -0.803197 -0.595714
    outer loop
      vertex 0 1.62332 2.53223
      vertex -2.2 1.74609 2.3667
      vertex 0 1.74609 2.3667
    endloop
  endfacet
  facet normal 0 -0.903977 -0.427582
    outer loop
      vertex -2.2 1.94015 2.00363
      vertex 0 1.85203 2.18993
      vertex -2.2 1.85203 2.18993
    endloop
  endfacet
  facet normal 0 -0.903977 -0.427582
    outer loop
      vertex 0 1.85203 2.18993
      vertex -2.2 1.94015 2.00363
      vertex 0 1.94015 2.00363
    endloop
  endfacet
  facet normal 0 -0.857754 -0.51406
    outer loop
      vertex -2.2 1.85203 2.18993
      vertex 0 1.74609 2.3667
      vertex -2.2 1.74609 2.3667
    endloop
  endfacet
  facet normal 0 -0.857754 -0.51406
    outer loop
      vertex 0 1.74609 2.3667
      vertex -2.2 1.85203 2.18993
      vertex 0 1.85203 2.18993
    endloop
  endfacet
  facet normal 0 -0.803201 0.595708
    outer loop
      vertex -2.2 1.72139 1.90735e-07
      vertex 0 1.74609 0.0333035
      vertex -2.2 1.74609 0.0333035
    endloop
  endfacet
  facet normal 0 -0.803201 0.595708
    outer loop
      vertex 0 1.74609 0.0333035
      vertex -2.2 1.72139 1.90735e-07
      vertex 0 1.72139 1.90735e-07
    endloop
  endfacet
  facet normal 0 -0.989176 0.146736
    outer loop
      vertex -2.2 2.05965 0.790311
      vertex 0 2.08989 0.994165
      vertex -2.2 2.08989 0.994165
    endloop
  endfacet
  facet normal 0 -0.989176 0.146736
    outer loop
      vertex 0 2.08989 0.994165
      vertex -2.2 2.05965 0.790311
      vertex 0 2.05965 0.790311
    endloop
  endfacet
  facet normal 0 -0.941556 0.336856
    outer loop
      vertex -2.2 1.94015 0.396365
      vertex 0 2.00957 0.590403
      vertex -2.2 2.00957 0.590403
    endloop
  endfacet
  facet normal 0 -0.941556 0.336856
    outer loop
      vertex 0 2.00957 0.590403
      vertex -2.2 1.94015 0.396365
      vertex 0 1.94015 0.396365
    endloop
  endfacet
  facet normal 0 -0.970025 0.243006
    outer loop
      vertex -2.2 2.00957 0.590403
      vertex 0 2.05965 0.790311
      vertex -2.2 2.05965 0.790311
    endloop
  endfacet
  facet normal 0 -0.970025 0.243006
    outer loop
      vertex 0 2.05965 0.790311
      vertex -2.2 2.00957 0.590403
      vertex 0 2.00957 0.590403
    endloop
  endfacet
  facet normal 0 0.941552 -0.336868
    outer loop
      vertex 0 -2.00957 1.8096
      vertex -2.2 -1.94015 2.00363
      vertex 0 -1.94015 2.00363
    endloop
  endfacet
  facet normal 0 0.941552 -0.336868
    outer loop
      vertex -2.2 -1.94015 2.00363
      vertex 0 -2.00957 1.8096
      vertex -2.2 -2.00957 1.8096
    endloop
  endfacet
  facet normal 0 0.970025 -0.243004
    outer loop
      vertex 0 -2.05965 1.60969
      vertex -2.2 -2.00957 1.8096
      vertex 0 -2.00957 1.8096
    endloop
  endfacet
  facet normal 0 0.970025 -0.243004
    outer loop
      vertex -2.2 -2.00957 1.8096
      vertex 0 -2.05965 1.60969
      vertex -2.2 -2.05965 1.60969
    endloop
  endfacet
  facet normal 1 -0 0
    outer loop
      vertex -2.2 -0.409689 3.25965
      vertex -2.2 -0.4 2.64428
      vertex -2.2 -0.4 3.26109
    endloop
  endfacet
  facet normal 1 -0 0
    outer loop
      vertex -2.2 -0.609597 3.20957
      vertex -2.2 -0.4 2.64428
      vertex -2.2 -0.409689 3.25965
    endloop
  endfacet
  facet normal 1 0 0
    outer loop
      vertex -2.2 -0.4 2.64428
      vertex -2.2 -0.609597 3.20957
      vertex -2.2 -0.435427 2.63541
    endloop
  endfacet
  facet normal 1 0 0
    outer loop
      vertex -2.2 -0.435427 2.63541
      vertex -2.2 -0.609597 3.20957
      vertex -2.2 -0.574024 2.58582
    endloop
  endfacet
  facet normal 1 -0 0
    outer loop
      vertex -2.2 -0.803635 3.14015
      vertex -2.2 -0.574024 2.58582
      vertex -2.2 -0.609597 3.20957
    endloop
  endfacet
  facet normal 1 0 0
    outer loop
      vertex -2.2 -0.574024 2.58582
      vertex -2.2 -0.803635 3.14015
      vertex -2.2 -0.707094 2.52288
    endloop
  endfacet
  facet normal 1 -0 0
    outer loop
      vertex -2.2 -0.989933 3.05203
      vertex -2.2 -0.707094 2.52288
      vertex -2.2 -0.803635 3.14015
    endloop
  endfacet
  facet normal 1 0 0
    outer loop
      vertex -2.2 -0.707094 2.52288
      vertex -2.2 -0.989933 3.05203
      vertex -2.2 -0.833355 2.4472
    endloop
  endfacet
  facet normal 1 -0 0
    outer loop
      vertex -2.2 -1.1667 2.94609
      vertex -2.2 -0.833355 2.4472
      vertex -2.2 -0.989933 3.05203
    endloop
  endfacet
  facet normal 1 0 0
    outer loop
      vertex -2.2 -0.833355 2.4472
      vertex -2.2 -1.1667 2.94609
      vertex -2.2 -0.95159 2.35952
    endloop
  endfacet
  facet normal 1 -0 0
    outer loop
      vertex -2.2 -1.33223 2.82332
      vertex -2.2 -0.95159 2.35952
      vertex -2.2 -1.1667 2.94609
    endloop
  endfacet
  facet normal 1 0 0
    outer loop
      vertex -2.2 -0.95159 2.35952
      vertex -2.2 -1.33223 2.82332
      vertex -2.2 -1.06066 2.26066
    endloop
  endfacet
  facet normal 1 -0 0
    outer loop
      vertex -2.2 -1.48492 2.68492
      vertex -2.2 -1.06066 2.26066
      vertex -2.2 -1.33223 2.82332
    endloop
  endfacet
  facet normal 1 0 0
    outer loop
      vertex -2.2 -1.06066 2.26066
      vertex -2.2 -1.48492 2.68492
      vertex -2.2 -1.15952 2.15159
    endloop
  endfacet
  facet normal 1 -0 0
    outer loop
      vertex -2.2 -1.62332 2.53223
      vertex -2.2 -1.15952 2.15159
      vertex -2.2 -1.48492 2.68492
    endloop
  endfacet
  facet normal 1 0 0
    outer loop
      vertex -2.2 -1.15952 2.15159
      vertex -2.2 -1.62332 2.53223
      vertex -2.2 -1.2472 2.03335
    endloop
  endfacet
  facet normal 1 -0 0
    outer loop
      vertex -2.2 -1.74609 2.3667
      vertex -2.2 -1.2472 2.03335
      vertex -2.2 -1.62332 2.53223
    endloop
  endfacet
  facet normal 1 0 0
    outer loop
      vertex -2.2 -1.2472 2.03335
      vertex -2.2 -1.74609 2.3667
      vertex -2.2 -1.32288 1.90709
    endloop
  endfacet
  facet normal 1 -0 0
    outer loop
      vertex -2.2 -1.85203 2.18993
      vertex -2.2 -1.32288 1.90709
      vertex -2.2 -1.74609 2.3667
    endloop
  endfacet
  facet normal 1 0 0
    outer loop
      vertex -2.2 -1.32288 1.90709
      vertex -2.2 -1.85203 2.18993
      vertex -2.2 -1.38582 1.77402
    endloop
  endfacet
  facet normal 1 -0 0
    outer loop
      vertex -2.2 -1.94015 2.00363
      vertex -2.2 -1.38582 1.77402
      vertex -2.2 -1.85203 2.18993
    endloop
  endfacet
  facet normal 1 0 0
    outer loop
      vertex -2.2 -1.38582 1.77402
      vertex -2.2 -1.94015 2.00363
      vertex -2.2 -1.43541 1.63543
    endloop
  endfacet
  facet normal 1 0 0
    outer loop
      vertex -2.2 -0.4 3.26109
      vertex -2.2 0.4 3.26109
      vertex -2.2 0.4 3.4
    endloop
  endfacet
  facet normal 1 0 0
    outer loop
      vertex -2.2 0.4 3.26109
      vertex -2.2 -0.4 3.26109
      vertex -2.2 0.4 2.64428
    endloop
  endfacet
  facet normal 1 0 0
    outer loop
      vertex -2.2 -0.4 3.26109
      vertex -2.2 0.4 3.4
      vertex -2.2 -0.4 3.4
    endloop
  endfacet
  facet normal 1 0 0
    outer loop
      vertex -2.2 0.4 2.64428
      vertex -2.2 -0.4 3.26109
      vertex -2.2 -0.4 2.64428
    endloop
  endfacet
  facet normal 1 0 0
    outer loop
      vertex -2.2 0.4 2.64428
      vertex -2.2 -0.4 2.64428
      vertex -2.2 0.4 1.90735e-07
    endloop
  endfacet
  facet normal 1 0 0
    outer loop
      vertex -2.2 0.4 1.90735e-07
      vertex -2.2 -0.4 2.64428
      vertex -2.2 -0.4 1.90735e-07
    endloop
  endfacet
  facet normal 1 0 0
    outer loop
      vertex -2.2 2.08989 1.40584
      vertex -2.2 1.49278 1.34703
      vertex -2.2 1.5 1.2
    endloop
  endfacet
  facet normal 1 0 0
    outer loop
      vertex -2.2 1.15952 2.15159
      vertex -2.2 1.62332 2.53223
      vertex -2.2 1.48492 2.68492
    endloop
  endfacet
  facet normal 1 0 0
    outer loop
      vertex -2.2 1.74609 2.3667
      vertex -2.2 1.47118 1.49264
      vertex -2.2 1.49278 1.34703
    endloop
  endfacet
  facet normal 1 0 0
    outer loop
      vertex -2.2 1.74609 2.3667
      vertex -2.2 1.43541 1.63543
      vertex -2.2 1.47118 1.49264
    endloop
  endfacet
  facet normal 1 0 0
    outer loop
      vertex -2.2 1.74609 2.3667
      vertex -2.2 1.38582 1.77402
      vertex -2.2 1.43541 1.63543
    endloop
  endfacet
  facet normal 1 0 0
    outer loop
      vertex -2.2 1.06066 2.26066
      vertex -2.2 1.48492 2.68492
      vertex -2.2 1.33223 2.82332
    endloop
  endfacet
  facet normal 1 0 0
    outer loop
      vertex -2.2 1.74609 2.3667
      vertex -2.2 1.32288 1.90709
      vertex -2.2 1.38582 1.77402
    endloop
  endfacet
  facet normal 1 0 0
    outer loop
      vertex -2.2 1.74609 2.3667
      vertex -2.2 1.2472 2.03335
      vertex -2.2 1.32288 1.90709
    endloop
  endfacet
  facet normal 1 0 0
    outer loop
      vertex -2.2 0.95159 2.35952
      vertex -2.2 1.33223 2.82332
      vertex -2.2 1.1667 2.94609
    endloop
  endfacet
  facet normal 1 0 0
    outer loop
      vertex -2.2 1.62332 2.53223
      vertex -2.2 1.15952 2.15159
      vertex -2.2 1.2472 2.03335
    endloop
  endfacet
  facet normal 1 0 0
    outer loop
      vertex -2.2 1.48492 2.68492
      vertex -2.2 1.06066 2.26066
      vertex -2.2 1.15952 2.15159
    endloop
  endfacet
  facet normal 1 0 0
    outer loop
      vertex -2.2 0.833355 2.4472
      vertex -2.2 1.1667 2.94609
      vertex -2.2 0.989933 3.05203
    endloop
  endfacet
  facet normal 1 0 0
    outer loop
      vertex -2.2 1.33223 2.82332
      vertex -2.2 0.95159 2.35952
      vertex -2.2 1.06066 2.26066
    endloop
  endfacet
  facet normal 1 0 0
    outer loop
      vertex -2.2 1.1667 2.94609
      vertex -2.2 0.833355 2.4472
      vertex -2.2 0.95159 2.35952
    endloop
  endfacet
  facet normal 1 0 0
    outer loop
      vertex -2.2 0.707094 2.52288
      vertex -2.2 0.989933 3.05203
      vertex -2.2 0.803635 3.14015
    endloop
  endfacet
  facet normal 1 0 0
    outer loop
      vertex -2.2 0.989933 3.05203
      vertex -2.2 0.707094 2.52288
      vertex -2.2 0.833355 2.4472
    endloop
  endfacet
  facet normal 1 0 0
    outer loop
      vertex -2.2 0.574024 2.58582
      vertex -2.2 0.803635 3.14015
      vertex -2.2 0.609597 3.20957
    endloop
  endfacet
  facet normal 1 0 0
    outer loop
      vertex -2.2 0.803635 3.14015
      vertex -2.2 0.574024 2.58582
      vertex -2.2 0.707094 2.52288
    endloop
  endfacet
  facet normal 1 0 0
    outer loop
      vertex -2.2 0.609597 3.20957
      vertex -2.2 0.435427 2.63541
      vertex -2.2 0.574024 2.58582
    endloop
  endfacet
  facet normal 1 0 0
    outer loop
      vertex -2.2 0.4 2.64428
      vertex -2.2 0.609597 3.20957
      vertex -2.2 0.409689 3.25965
    endloop
  endfacet
  facet normal 1 0 0
    outer loop
      vertex -2.2 0.4 2.64428
      vertex -2.2 0.409689 3.25965
      vertex -2.2 0.4 3.26109
    endloop
  endfacet
  facet normal 1 0 0
    outer loop
      vertex -2.2 0.609597 3.20957
      vertex -2.2 0.4 2.64428
      vertex -2.2 0.435427 2.63541
    endloop
  endfacet
  facet normal 1 0 0
    outer loop
      vertex -2.2 1.5 1.2
      vertex -2.2 2.1 1.2
      vertex -2.2 2.08989 1.40584
    endloop
  endfacet
  facet normal 1 0 0
    outer loop
      vertex -2.2 1.49278 1.34703
      vertex -2.2 2.08989 1.40584
      vertex -2.2 2.05965 1.60969
    endloop
  endfacet
  facet normal 1 0 0
    outer loop
      vertex -2.2 2.1 1.2
      vertex -2.2 1.5 1.2
      vertex -2.2 2.08989 0.994165
    endloop
  endfacet
  facet normal 1 0 0
    outer loop
      vertex -2.2 1.49278 1.34703
      vertex -2.2 2.05965 1.60969
      vertex -2.2 2.00957 1.8096
    endloop
  endfacet
  facet normal 1 -0 0
    outer loop
      vertex -2.2 1.49278 1.05297
      vertex -2.2 2.08989 0.994165
      vertex -2.2 1.5 1.2
    endloop
  endfacet
  facet normal 1 0 0
    outer loop
      vertex -2.2 1.49278 1.34703
      vertex -2.2 2.00957 1.8096
      vertex -2.2 1.94015 2.00363
    endloop
  endfacet
  facet normal 1 0 0
    outer loop
      vertex -2.2 2.08989 0.994165
      vertex -2.2 1.49278 1.05297
      vertex -2.2 2.05965 0.790311
    endloop
  endfacet
  facet normal 1 0 0
    outer loop
      vertex -2.2 1.49278 1.34703
      vertex -2.2 1.94015 2.00363
      vertex -2.2 1.85203 2.18993
    endloop
  endfacet
  facet normal 1 -0 0
    outer loop
      vertex -2.2 1.47118 0.907365
      vertex -2.2 2.05965 0.790311
      vertex -2.2 1.49278 1.05297
    endloop
  endfacet
  facet normal 1 0 0
    outer loop
      vertex -2.2 1.49278 1.34703
      vertex -2.2 1.85203 2.18993
      vertex -2.2 1.74609 2.3667
    endloop
  endfacet
  facet normal 1 0 0
    outer loop
      vertex -2.2 2.05965 0.790311
      vertex -2.2 1.47118 0.907365
      vertex -2.2 2.00957 0.590403
    endloop
  endfacet
  facet normal 1 -0 0
    outer loop
      vertex -2.2 1.43541 0.764573
      vertex -2.2 2.00957 0.590403
      vertex -2.2 1.47118 0.907365
    endloop
  endfacet
  facet normal 1 0 0
    outer loop
      vertex -2.2 1.2472 2.03335
      vertex -2.2 1.74609 2.3667
      vertex -2.2 1.62332 2.53223
    endloop
  endfacet
  facet normal 1 0 0
    outer loop
      vertex -2.2 2.00957 0.590403
      vertex -2.2 1.43541 0.764573
      vertex -2.2 1.94015 0.396365
    endloop
  endfacet
  facet normal 1 -0 0
    outer loop
      vertex -2.2 1.38582 0.625976
      vertex -2.2 1.94015 0.396365
      vertex -2.2 1.43541 0.764573
    endloop
  endfacet
  facet normal 1 0 0
    outer loop
      vertex -2.2 1.94015 0.396365
      vertex -2.2 1.38582 0.625976
      vertex -2.2 1.85203 0.210067
    endloop
  endfacet
  facet normal 1 -0 0
    outer loop
      vertex -2.2 1.32288 0.492906
      vertex -2.2 1.85203 0.210067
      vertex -2.2 1.38582 0.625976
    endloop
  endfacet
  facet normal 1 0 0
    outer loop
      vertex -2.2 1.85203 0.210067
      vertex -2.2 1.32288 0.492906
      vertex -2.2 1.74609 0.0333035
    endloop
  endfacet
  facet normal 1 -0 0
    outer loop
      vertex -2.2 1.2472 0.366645
      vertex -2.2 1.74609 0.0333035
      vertex -2.2 1.32288 0.492906
    endloop
  endfacet
  facet normal 1 0 0
    outer loop
      vertex -2.2 1.74609 0.0333035
      vertex -2.2 1.2472 0.366645
      vertex -2.2 1.72139 1.90735e-07
    endloop
  endfacet
  facet normal 1 -0 0
    outer loop
      vertex -2.2 1.15952 0.24841
      vertex -2.2 1.72139 1.90735e-07
      vertex -2.2 1.2472 0.366645
    endloop
  endfacet
  facet normal 1 -0 0
    outer loop
      vertex -2.2 1.06066 0.139341
      vertex -2.2 1.72139 1.90735e-07
      vertex -2.2 1.15952 0.24841
    endloop
  endfacet
  facet normal 1 -0 0
    outer loop
      vertex -2.2 0.95159 0.0404846
      vertex -2.2 1.72139 1.90735e-07
      vertex -2.2 1.06066 0.139341
    endloop
  endfacet
  facet normal 1 0 0
    outer loop
      vertex -2.2 1.72139 1.90735e-07
      vertex -2.2 0.95159 0.0404846
      vertex -2.2 0.897002 1.90735e-07
    endloop
  endfacet
  facet normal 1 -0 0
    outer loop
      vertex -2.2 -2.00957 1.8096
      vertex -2.2 -1.43541 1.63543
      vertex -2.2 -1.94015 2.00363
    endloop
  endfacet
  facet normal 1 0 0
    outer loop
      vertex -2.2 -0.95159 0.0404846
      vertex -2.2 -1.72139 1.90735e-07
      vertex -2.2 -0.897002 1.90735e-07
    endloop
  endfacet
  facet normal 1 0 0
    outer loop
      vertex -2.2 -1.06066 0.139341
      vertex -2.2 -1.72139 1.90735e-07
      vertex -2.2 -0.95159 0.0404846
    endloop
  endfacet
  facet normal 1 0 0
    outer loop
      vertex -2.2 -1.15952 0.24841
      vertex -2.2 -1.72139 1.90735e-07
      vertex -2.2 -1.06066 0.139341
    endloop
  endfacet
  facet normal 1 0 0
    outer loop
      vertex -2.2 -1.2472 0.366645
      vertex -2.2 -1.72139 1.90735e-07
      vertex -2.2 -1.15952 0.24841
    endloop
  endfacet
  facet normal 1 0 0
    outer loop
      vertex -2.2 -1.74609 0.0333035
      vertex -2.2 -1.2472 0.366645
      vertex -2.2 -1.32288 0.492906
    endloop
  endfacet
  facet normal 1 0 0
    outer loop
      vertex -2.2 -1.85203 0.210067
      vertex -2.2 -1.32288 0.492906
      vertex -2.2 -1.38582 0.625976
    endloop
  endfacet
  facet normal 1 0 0
    outer loop
      vertex -2.2 -1.94015 0.396365
      vertex -2.2 -1.38582 0.625976
      vertex -2.2 -1.43541 0.764573
    endloop
  endfacet
  facet normal 1 0 0
    outer loop
      vertex -2.2 -2.00957 0.590403
      vertex -2.2 -1.43541 0.764573
      vertex -2.2 -1.47118 0.907365
    endloop
  endfacet
  facet normal 1 0 0
    outer loop
      vertex -2.2 -2.05965 0.790311
      vertex -2.2 -1.47118 0.907365
      vertex -2.2 -1.49278 1.05297
    endloop
  endfacet
  facet normal 1 0 0
    outer loop
      vertex -2.2 -1.43541 1.63543
      vertex -2.2 -2.00957 1.8096
      vertex -2.2 -1.47118 1.49264
    endloop
  endfacet
  facet normal 1 -0 0
    outer loop
      vertex -2.2 -2.05965 1.60969
      vertex -2.2 -1.47118 1.49264
      vertex -2.2 -2.00957 1.8096
    endloop
  endfacet
  facet normal 1 0 0
    outer loop
      vertex -2.2 -1.47118 1.49264
      vertex -2.2 -2.05965 1.60969
      vertex -2.2 -1.49278 1.34703
    endloop
  endfacet
  facet normal 1 0 0
    outer loop
      vertex -2.2 -1.32288 0.492906
      vertex -2.2 -1.85203 0.210067
      vertex -2.2 -1.74609 0.0333035
    endloop
  endfacet
  facet normal 1 0 0
    outer loop
      vertex -2.2 -1.2472 0.366645
      vertex -2.2 -1.74609 0.0333035
      vertex -2.2 -1.72139 1.90735e-07
    endloop
  endfacet
  facet normal 1 -0 0
    outer loop
      vertex -2.2 -2.08989 1.40584
      vertex -2.2 -1.49278 1.34703
      vertex -2.2 -2.05965 1.60969
    endloop
  endfacet
  facet normal 1 0 0
    outer loop
      vertex -2.2 -1.38582 0.625976
      vertex -2.2 -1.94015 0.396365
      vertex -2.2 -1.85203 0.210067
    endloop
  endfacet
  facet normal 1 0 0
    outer loop
      vertex -2.2 -1.49278 1.34703
      vertex -2.2 -2.08989 1.40584
      vertex -2.2 -1.5 1.2
    endloop
  endfacet
  facet normal 1 0 0
    outer loop
      vertex -2.2 -1.43541 0.764573
      vertex -2.2 -2.00957 0.590403
      vertex -2.2 -1.94015 0.396365
    endloop
  endfacet
  facet normal 1 0 0
    outer loop
      vertex -2.2 -2.1 1.2
      vertex -2.2 -1.5 1.2
      vertex -2.2 -2.08989 1.40584
    endloop
  endfacet
  facet normal 1 0 0
    outer loop
      vertex -2.2 -1.47118 0.907365
      vertex -2.2 -2.05965 0.790311
      vertex -2.2 -2.00957 0.590403
    endloop
  endfacet
  facet normal 1 0 0
    outer loop
      vertex -2.2 -1.5 1.2
      vertex -2.2 -2.1 1.2
      vertex -2.2 -1.49278 1.05297
    endloop
  endfacet
  facet normal 1 0 0
    outer loop
      vertex -2.2 -1.49278 1.05297
      vertex -2.2 -2.08989 0.994165
      vertex -2.2 -2.05965 0.790311
    endloop
  endfacet
  facet normal 1 0 0
    outer loop
      vertex -2.2 -1.49278 1.05297
      vertex -2.2 -2.1 1.2
      vertex -2.2 -2.08989 0.994165
    endloop
  endfacet
  facet normal 0 -0.857746 0.514074
    outer loop
      vertex -2.2 1.74609 0.0333035
      vertex 0 1.85203 0.210067
      vertex -2.2 1.85203 0.210067
    endloop
  endfacet
  facet normal 0 -0.857746 0.514074
    outer loop
      vertex 0 1.85203 0.210067
      vertex -2.2 1.74609 0.0333035
      vertex 0 1.74609 0.0333035
    endloop
  endfacet
  facet normal 0 0.336856 -0.941556
    outer loop
      vertex -2.2 -0.803635 3.14015
      vertex 0 -0.609597 3.20957
      vertex 0 -0.803635 3.14015
    endloop
  endfacet
  facet normal 0 0.336856 -0.941556
    outer loop
      vertex 0 -0.609597 3.20957
      vertex -2.2 -0.803635 3.14015
      vertex -2.2 -0.609597 3.20957
    endloop
  endfacet
  facet normal 0 0.243006 -0.970025
    outer loop
      vertex -2.2 -0.609597 3.20957
      vertex 0 -0.409689 3.25965
      vertex 0 -0.609597 3.20957
    endloop
  endfacet
  facet normal 0 0.243006 -0.970025
    outer loop
      vertex 0 -0.409689 3.25965
      vertex -2.2 -0.609597 3.20957
      vertex -2.2 -0.409689 3.25965
    endloop
  endfacet
  facet normal 0 0.147007 -0.989135
    outer loop
      vertex -2.2 -0.409689 3.25965
      vertex 0 -0.4 3.26109
      vertex 0 -0.409689 3.25965
    endloop
  endfacet
  facet normal 0 0.147007 -0.989135
    outer loop
      vertex 0 -0.4 3.26109
      vertex -2.2 -0.409689 3.25965
      vertex -2.2 -0.4 3.26109
    endloop
  endfacet
  facet normal 0 0.740927 -0.671585
    outer loop
      vertex 0 -1.62332 2.53223
      vertex -2.2 -1.48492 2.68492
      vertex 0 -1.48492 2.68492
    endloop
  endfacet
  facet normal 0 0.740927 -0.671585
    outer loop
      vertex -2.2 -1.48492 2.68492
      vertex 0 -1.62332 2.53223
      vertex -2.2 -1.62332 2.53223
    endloop
  endfacet
  facet normal 0 0.427585 -0.903975
    outer loop
      vertex -2.2 -0.989933 3.05203
      vertex 0 -0.803635 3.14015
      vertex 0 -0.989933 3.05203
    endloop
  endfacet
  facet normal 0 0.427585 -0.903975
    outer loop
      vertex 0 -0.803635 3.14015
      vertex -2.2 -0.989933 3.05203
      vertex -2.2 -0.803635 3.14015
    endloop
  endfacet
  facet normal 0 0.595714 -0.803197
    outer loop
      vertex -2.2 -1.33223 2.82332
      vertex 0 -1.1667 2.94609
      vertex 0 -1.33223 2.82332
    endloop
  endfacet
  facet normal 0 0.595714 -0.803197
    outer loop
      vertex 0 -1.1667 2.94609
      vertex -2.2 -1.33223 2.82332
      vertex -2.2 -1.1667 2.94609
    endloop
  endfacet
  facet normal 0 0.998796 -0.0490567
    outer loop
      vertex 0 -2.1 1.2
      vertex -2.2 -2.08989 1.40584
      vertex 0 -2.08989 1.40584
    endloop
  endfacet
  facet normal 0 0.998796 -0.0490567
    outer loop
      vertex -2.2 -2.08989 1.40584
      vertex 0 -2.1 1.2
      vertex -2.2 -2.1 1.2
    endloop
  endfacet
  facet normal 0 0.941556 0.336856
    outer loop
      vertex 0 -1.94015 0.396365
      vertex -2.2 -2.00957 0.590403
      vertex 0 -2.00957 0.590403
    endloop
  endfacet
  facet normal 0 0.941556 0.336856
    outer loop
      vertex -2.2 -2.00957 0.590403
      vertex 0 -1.94015 0.396365
      vertex -2.2 -1.94015 0.396365
    endloop
  endfacet
  facet normal 0 0.903977 -0.427582
    outer loop
      vertex 0 -1.94015 2.00363
      vertex -2.2 -1.85203 2.18993
      vertex 0 -1.85203 2.18993
    endloop
  endfacet
  facet normal 0 0.903977 -0.427582
    outer loop
      vertex -2.2 -1.85203 2.18993
      vertex 0 -1.94015 2.00363
      vertex -2.2 -1.94015 2.00363
    endloop
  endfacet
  facet normal 0 0.857754 -0.51406
    outer loop
      vertex 0 -1.85203 2.18993
      vertex -2.2 -1.74609 2.3667
      vertex 0 -1.74609 2.3667
    endloop
  endfacet
  facet normal 0 0.857754 -0.51406
    outer loop
      vertex -2.2 -1.74609 2.3667
      vertex 0 -1.85203 2.18993
      vertex -2.2 -1.85203 2.18993
    endloop
  endfacet
  facet normal 0 0.514067 -0.85775
    outer loop
      vertex -2.2 -1.1667 2.94609
      vertex 0 -0.989933 3.05203
      vertex 0 -1.1667 2.94609
    endloop
  endfacet
  facet normal 0 0.514067 -0.85775
    outer loop
      vertex 0 -0.989933 3.05203
      vertex -2.2 -1.1667 2.94609
      vertex -2.2 -0.989933 3.05203
    endloop
  endfacet
  facet normal 0 0.970025 0.243006
    outer loop
      vertex 0 -2.00957 0.590403
      vertex -2.2 -2.05965 0.790311
      vertex 0 -2.05965 0.790311
    endloop
  endfacet
  facet normal 0 0.970025 0.243006
    outer loop
      vertex -2.2 -2.05965 0.790311
      vertex 0 -2.00957 0.590403
      vertex -2.2 -2.00957 0.590403
    endloop
  endfacet
  facet normal 0 0.803197 -0.595714
    outer loop
      vertex 0 -1.74609 2.3667
      vertex -2.2 -1.62332 2.53223
      vertex 0 -1.62332 2.53223
    endloop
  endfacet
  facet normal 0 0.803197 -0.595714
    outer loop
      vertex -2.2 -1.62332 2.53223
      vertex 0 -1.74609 2.3667
      vertex -2.2 -1.74609 2.3667
    endloop
  endfacet
  facet normal 0 0.671585 -0.740927
    outer loop
      vertex -2.2 -1.48492 2.68492
      vertex 0 -1.33223 2.82332
      vertex 0 -1.48492 2.68492
    endloop
  endfacet
  facet normal 0 0.671585 -0.740927
    outer loop
      vertex 0 -1.33223 2.82332
      vertex -2.2 -1.48492 2.68492
      vertex -2.2 -1.33223 2.82332
    endloop
  endfacet
  facet normal 0 0.989176 0.146736
    outer loop
      vertex 0 -2.05965 0.790311
      vertex -2.2 -2.08989 0.994165
      vertex 0 -2.08989 0.994165
    endloop
  endfacet
  facet normal 0 0.989176 0.146736
    outer loop
      vertex -2.2 -2.08989 0.994165
      vertex 0 -2.05965 0.790311
      vertex -2.2 -2.05965 0.790311
    endloop
  endfacet
  facet normal 0 0.998796 0.0490579
    outer loop
      vertex 0 -2.08989 0.994165
      vertex -2.2 -2.1 1.2
      vertex 0 -2.1 1.2
    endloop
  endfacet
  facet normal 0 0.998796 0.0490579
    outer loop
      vertex -2.2 -2.1 1.2
      vertex 0 -2.08989 0.994165
      vertex -2.2 -2.08989 0.994165
    endloop
  endfacet
  facet normal 0 0.803201 0.595708
    outer loop
      vertex 0 -1.72139 1.90735e-07
      vertex -2.2 -1.74609 0.0333035
      vertex 0 -1.74609 0.0333035
    endloop
  endfacet
  facet normal 0 0.803201 0.595708
    outer loop
      vertex -2.2 -1.74609 0.0333035
      vertex 0 -1.72139 1.90735e-07
      vertex -2.2 -1.72139 1.90735e-07
    endloop
  endfacet
  facet normal 0 0.903975 0.427585
    outer loop
      vertex 0 -1.85203 0.210067
      vertex -2.2 -1.94015 0.396365
      vertex 0 -1.94015 0.396365
    endloop
  endfacet
  facet normal 0 0.903975 0.427585
    outer loop
      vertex -2.2 -1.94015 0.396365
      vertex 0 -1.85203 0.210067
      vertex -2.2 -1.85203 0.210067
    endloop
  endfacet
  facet normal 0 0.857746 0.514074
    outer loop
      vertex 0 -1.74609 0.0333035
      vertex -2.2 -1.85203 0.210067
      vertex 0 -1.85203 0.210067
    endloop
  endfacet
  facet normal 0 0.857746 0.514074
    outer loop
      vertex -2.2 -1.85203 0.210067
      vertex 0 -1.74609 0.0333035
      vertex -2.2 -1.74609 0.0333035
    endloop
  endfacet
  facet normal -0.923587 0.0747929 -0.376024
    outer loop
      vertex -1.56177 4.97774 4.33846
      vertex -1.56177 5.16215 4.37514
      vertex -1.39908 5.21342 3.98574
    endloop
  endfacet
  facet normal -0.792722 0.269606 -0.546722
    outer loop
      vertex -2.03313 4.52973 4.92976
      vertex -1.77433 4.6588 4.61816
      vertex -1.77433 4.44697 4.5137
    endloop
  endfacet
  facet normal 0.49924 -0.720475 0.481326
    outer loop
      vertex -6.00576 7.78942 1.26096
      vertex -5.91404 7.8741 1.29258
      vertex -6.00375 7.82924 1.31848
    endloop
  endfacet
  facet normal 0.499196 -0.720455 0.481401
    outer loop
      vertex -6.01048 7.69571 1.12561
      vertex -5.91404 7.8741 1.29258
      vertex -6.00576 7.78942 1.26096
    endloop
  endfacet
  facet normal 0.499049 -0.720599 0.48134
    outer loop
      vertex -5.91404 7.66227 0.97556
      vertex -6.01048 7.69571 1.12561
      vertex -6.0118 7.66964 1.08795
    endloop
  endfacet
  facet normal 0.499195 -0.720456 0.481402
    outer loop
      vertex -6.01048 7.69571 1.12561
      vertex -5.91404 7.66227 0.97556
      vertex -5.91404 7.8741 1.29258
    endloop
  endfacet
  facet normal -0.499185 0.0566725 0.86464
    outer loop
      vertex -2.76465 5.253 1.90735e-07
      vertex -2.671 4.99706 0.0708429
      vertex -2.671 5.34978 0.047724
    endloop
  endfacet
  facet normal -0.499203 0.0566631 0.86463
    outer loop
      vertex -2.671 4.99706 0.0708429
      vertex -2.76465 5.253 1.90735e-07
      vertex -2.79476 4.98773 1.90735e-07
    endloop
  endfacet
  facet normal -0.381974 0.875125 0.297073
    outer loop
      vertex -3.43193 2.37712 1.95348
      vertex -3.03917 2.53426 1.99558
      vertex -3.03917 2.65682 1.63454
    endloop
  endfacet
  facet normal -0.706352 0.466717 -0.532205
    outer loop
      vertex -2.33373 3.62197 4.6778
      vertex -2.33373 3.86228 4.88854
      vertex -2.03313 4.04528 4.65006
    endloop
  endfacet
  facet normal 0.258309 -0.947502 -0.188459
    outer loop
      vertex -5.11065 8.51006 3.36606
      vertex -5.52128 8.32244 3.74652
      vertex -5.52128 8.40097 3.3517
    endloop
  endfacet
  facet normal -0.499192 0.383241 0.777131
    outer loop
      vertex -2.671 3.99864 0.409761
      vertex -2.671 4.31566 0.253423
      vertex -3.03917 3.89236 0.225678
    endloop
  endfacet
  facet normal -0.130233 -0.824382 -0.550848
    outer loop
      vertex -3.84256 7.87863 4.89046
      vertex -4.26405 8.15833 4.57152
      vertex -3.84256 8.11028 4.54378
    endloop
  endfacet
  facet normal -0.923586 -0.0250838 0.38257
    outer loop
      vertex -1.39908 5.34978 1.70532
      vertex -1.39908 5.48613 1.71426
      vertex -1.56177 5.34978 1.31256
    endloop
  endfacet
  facet normal -0.381979 -0.768416 -0.513449
    outer loop
      vertex -3.03917 7.66227 4.72444
      vertex -3.43193 8.01499 4.48876
      vertex -3.03917 7.8741 4.40742
    endloop
  endfacet
  facet normal -0.13026 0.745437 -0.653724
    outer loop
      vertex -4.26405 3.0566 5.24318
      vertex -3.84256 3.09584 5.20394
      vertex -4.26405 2.7769 4.92424
    endloop
  endfacet
  facet normal -0.130245 0.824387 -0.550838
    outer loop
      vertex -4.26405 2.7769 4.92424
      vertex -3.84256 2.82092 4.89046
      vertex -4.26405 2.54122 4.57152
    endloop
  endfacet
  facet normal 0.499248 -0.864608 0.0566105
    outer loop
      vertex -5.98439 8.21347 2.58936
      vertex -5.91404 8.26461 2.75
      vertex -5.98407 8.21978 2.68291
    endloop
  endfacet
  facet normal 0.49922 -0.86462 0.0566758
    outer loop
      vertex -5.91404 8.23968 2.36954
      vertex -5.98439 8.21347 2.58936
      vertex -5.98512 8.19899 2.37489
    endloop
  endfacet
  facet normal 0.499172 -0.864649 0.0566569
    outer loop
      vertex -5.98439 8.21347 2.58936
      vertex -5.91404 8.23968 2.36954
      vertex -5.91404 8.26461 2.75
    endloop
  endfacet
  facet normal -0.923584 0.363046 -0.123245
    outer loop
      vertex -1.56177 3.96132 3.32204
      vertex -1.56177 4.02176 3.50008
      vertex -1.39908 4.34069 3.22038
    endloop
  endfacet
  facet normal -0.499188 0.864638 -0.0566789
    outer loop
      vertex -3.03917 2.45988 3.33046
      vertex -2.671 2.67062 3.30272
      vertex -3.03917 2.43494 2.95
    endloop
  endfacet
  facet normal -0.865561 -0.0327571 0.499732
    outer loop
      vertex -1.56177 5.5374 1.32486
      vertex -1.77433 5.58545 0.959845
      vertex -1.77433 5.34978 0.944397
    endloop
  endfacet
  facet normal -0.607942 0.255219 0.751844
    outer loop
      vertex -2.33373 4.4147 0.49252
      vertex -2.33373 4.71736 0.38978
      vertex -2.671 4.31566 0.253423
    endloop
  endfacet
  facet normal -0.607942 0.751846 0.255213
    outer loop
      vertex -2.671 2.73958 2.0506
      vertex -2.33373 2.98956 2.11758
      vertex -2.671 2.8532 1.71588
    endloop
  endfacet
  facet normal -0.607948 0.523496 -0.596951
    outer loop
      vertex -2.671 3.70473 5.09386
      vertex -2.33373 3.86228 4.88854
      vertex -2.33373 3.62197 4.6778
    endloop
  endfacet
  facet normal -0.965787 -0.19498 -0.170992
    outer loop
      vertex -1.39908 6.08848 3.6887
      vertex -1.39908 6.17858 3.58596
      vertex -1.28905 5.79811 3.39834
    endloop
  endfacet
  facet normal -0.923586 0.16957 0.343853
    outer loop
      vertex -1.39908 4.82744 1.84528
      vertex -1.39908 4.95 1.78484
      vertex -1.56177 4.63106 1.50514
    endloop
  endfacet
  facet normal -0.865561 0.330197 0.376529
    outer loop
      vertex -1.77433 4.07302 1.47324
      vertex -1.56177 4.47472 1.6096
      vertex -1.77433 4.25059 1.31752
    endloop
  endfacet
  facet normal -0.607937 0.660181 -0.441106
    outer loop
      vertex -2.671 3.00954 4.30114
      vertex -2.33373 3.41123 4.4375
      vertex -2.33373 3.23366 4.17174
    endloop
  endfacet
  facet normal -0.130283 0.65372 -0.745437
    outer loop
      vertex -3.84256 3.09584 5.20394
      vertex -4.04501 3.39309 5.5
      vertex -3.84256 3.40932 5.47885
    endloop
  endfacet
  facet normal -0.130261 0.65373 -0.745432
    outer loop
      vertex -4.04501 3.39309 5.5
      vertex -3.84256 3.09584 5.20394
      vertex -4.23381 3.35547 5.5
    endloop
  endfacet
  facet normal 0.498312 -0.820788 -0.279272
    outer loop
      vertex -5.91404 8.04273 4.06546
      vertex -5.91846 8.04038 4.06448
      vertex -5.91884 8.04166 4.06004
    endloop
  endfacet
  facet normal -0.607946 -0.351168 -0.712097
    outer loop
      vertex -2.33373 6.28485 5.20748
      vertex -2.671 6.38389 5.44658
      vertex -2.33373 6.57152 5.06611
    endloop
  endfacet
  facet normal -0.130245 -0.745437 0.653728
    outer loop
      vertex -3.84256 7.87863 0.809542
      vertex -4.26405 7.92265 0.775762
      vertex -4.26405 7.64295 0.456824
    endloop
  endfacet
  facet normal -0.13025 0.653728 0.745436
    outer loop
      vertex -4.26405 3.0566 0.456824
      vertex -3.84256 3.40932 0.221145
      vertex -4.26405 3.37554 0.177122
    endloop
  endfacet
  facet normal 0.130242 0.989359 0.0648587
    outer loop
      vertex -5.11065 2.18949 2.33394
      vertex -4.68917 2.10673 2.75
      vertex -4.68917 2.13448 2.3267
    endloop
  endfacet
  facet normal 0.130244 0.938863 0.318704
    outer loop
      vertex -5.11065 2.40486 1.53018
      vertex -4.68917 2.21724 1.91064
      vertex -4.68917 2.3536 1.50894
    endloop
  endfacet
  facet normal -0.381985 0.513442 0.768417
    outer loop
      vertex -3.43193 3.4763 0.308438
      vertex -3.03917 3.57534 0.437505
      vertex -3.03917 3.89236 0.225678
    endloop
  endfacet
  facet normal 0.258311 -0.636961 -0.72633
    outer loop
      vertex -5.11065 7.60372 5.20394
      vertex -5.52128 7.22325 5.39156
      vertex -5.52128 7.52591 5.12614
    endloop
  endfacet
  facet normal 0.258302 -0.427283 0.866435
    outer loop
      vertex -5.1559 6.93749 1.90735e-07
      vertex -5.52128 6.88854 0.0847876
      vertex -5.52128 6.71661 1.90735e-07
    endloop
  endfacet
  facet normal -0.38198 0.513438 0.768422
    outer loop
      vertex -3.43193 3.4763 0.308438
      vertex -3.03917 3.89236 0.225678
      vertex -3.43193 3.81102 0.0847876
    endloop
  endfacet
  facet normal -0.865561 0.330206 -0.376522
    outer loop
      vertex -1.77433 4.25059 4.38248
      vertex -1.56177 4.47472 4.0904
      vertex -1.56177 4.33335 3.96642
    endloop
  endfacet
  facet normal 0 0.980785 0.195092
    outer loop
      vertex -4.26405 2.21724 1.91064
      vertex -4.68917 2.13448 2.3267
      vertex -4.26405 2.13448 2.3267
    endloop
  endfacet
  facet normal 0 0.980785 0.195092
    outer loop
      vertex -4.68917 2.13448 2.3267
      vertex -4.26405 2.21724 1.91064
      vertex -4.68917 2.21724 1.91064
    endloop
  endfacet
  facet normal -0.499191 0.278522 0.820508
    outer loop
      vertex -2.671 4.31566 0.253423
      vertex -2.671 4.65038 0.139802
      vertex -3.03917 4.23432 0.0570423
    endloop
  endfacet
  facet normal -0.706361 0.588552 -0.393269
    outer loop
      vertex -2.33373 3.41123 4.4375
      vertex -2.03313 3.64972 4.2545
      vertex -2.03313 3.49399 4.02144
    endloop
  endfacet
  facet normal -0.4992 0.720455 -0.481398
    outer loop
      vertex -3.03917 3.03728 4.72444
      vertex -2.671 3.20592 4.59504
      vertex -2.671 3.00954 4.30114
    endloop
  endfacet
  facet normal -0.38269 0.923877 0
    outer loop
      vertex -3.03917 2.43494 2.75
      vertex -3.43193 2.27225 2.95
      vertex -3.03917 2.43494 2.95
    endloop
  endfacet
  facet normal -0.38269 0.923877 0
    outer loop
      vertex -3.43193 2.27225 2.95
      vertex -3.03917 2.43494 2.75
      vertex -3.43193 2.27225 2.75
    endloop
  endfacet
  facet normal -0.258823 0.965925 0
    outer loop
      vertex -3.43193 2.27225 2.75
      vertex -3.84256 2.16222 2.95
      vertex -3.43193 2.27225 2.95
    endloop
  endfacet
  facet normal -0.258823 0.965925 0
    outer loop
      vertex -3.84256 2.16222 2.95
      vertex -3.43193 2.27225 2.75
      vertex -3.84256 2.16222 2.75
    endloop
  endfacet
  facet normal 0 0.980785 -0.195092
    outer loop
      vertex -4.26405 2.13448 3.3733
      vertex -4.68917 2.21724 3.78936
      vertex -4.26405 2.21724 3.78936
    endloop
  endfacet
  facet normal 0 0.980785 -0.195092
    outer loop
      vertex -4.68917 2.21724 3.78936
      vertex -4.26405 2.13448 3.3733
      vertex -4.68917 2.13448 3.3733
    endloop
  endfacet
  facet normal -0.607937 0.660181 0.441106
    outer loop
      vertex -2.671 3.00954 1.39886
      vertex -2.33373 3.23366 1.52826
      vertex -2.33373 3.41123 1.2625
    endloop
  endfacet
  facet normal -0.60794 0.0519299 0.792283
    outer loop
      vertex -2.671 4.99706 0.0708429
      vertex -2.33373 5.03084 0.327425
      vertex -2.671 5.34978 0.047724
    endloop
  endfacet
  facet normal 0.381974 -0.513434 0.768428
    outer loop
      vertex -5.52128 7.22325 0.308438
      vertex -5.91404 7.12422 0.437505
      vertex -5.91404 6.80719 0.225678
    endloop
  endfacet
  facet normal -0.706353 -0.393271 0.58856
    outer loop
      vertex -2.03313 6.65427 1.04994
      vertex -2.33373 6.83727 0.811458
      vertex -2.33373 6.57152 0.633886
    endloop
  endfacet
  facet normal -0.706352 0.138085 -0.694262
    outer loop
      vertex -2.33373 5.03084 5.37257
      vertex -2.03313 5.07008 5.07454
      vertex -2.03313 4.79516 5.01986
    endloop
  endfacet
  facet normal -0.792713 0.338664 -0.506865
    outer loop
      vertex -2.03313 4.04528 4.65006
      vertex -2.03313 4.27834 4.80578
      vertex -1.77433 4.44697 4.5137
    endloop
  endfacet
  facet normal -0.706348 -0.313081 -0.634865
    outer loop
      vertex -2.33373 6.28485 5.20748
      vertex -2.33373 6.57152 5.06611
      vertex -2.03313 6.16982 4.92976
    endloop
  endfacet
  facet normal -0.130253 0.824389 0.550833
    outer loop
      vertex -4.26405 2.54122 1.12848
      vertex -3.84256 2.58928 1.15622
      vertex -3.84256 2.82092 0.809542
    endloop
  endfacet
  facet normal 0.38269 0.923877 -0
    outer loop
      vertex -5.52128 2.27225 2.75
      vertex -5.91404 2.43494 2.95
      vertex -5.52128 2.27225 2.95
    endloop
  endfacet
  facet normal 0.38269 0.923877 0
    outer loop
      vertex -5.91404 2.43494 2.95
      vertex -5.52128 2.27225 2.75
      vertex -5.91404 2.43494 2.75
    endloop
  endfacet
  facet normal 0.130254 -0.550847 0.82438
    outer loop
      vertex -5.11065 7.29023 0.221145
      vertex -5.08706 6.96485 1.90735e-07
      vertex -4.68917 7.32401 0.177122
    endloop
  endfacet
  facet normal 0.130297 -0.550842 0.824376
    outer loop
      vertex -5.08706 6.96485 1.90735e-07
      vertex -5.11065 7.29023 0.221145
      vertex -5.11065 6.95927 1.90735e-07
    endloop
  endfacet
  facet normal 0.38199 0.513446 -0.768412
    outer loop
      vertex -5.91404 3.89236 5.47432
      vertex -5.52128 3.4763 5.39156
      vertex -5.91404 3.57534 5.26249
    endloop
  endfacet
  facet normal -0.499163 0.278527 -0.820524
    outer loop
      vertex -2.77116 4.29353 5.5
      vertex -2.73267 4.36251 5.5
      vertex -2.671 4.31566 5.44658
    endloop
  endfacet
  facet normal 0.381991 -0.922188 0.0604273
    outer loop
      vertex -5.52128 8.4273 2.75
      vertex -5.91404 8.26461 2.75
      vertex -5.91404 8.23968 2.36954
    endloop
  endfacet
  facet normal 0.130254 -0.938865 -0.318694
    outer loop
      vertex -4.68917 8.48231 3.78936
      vertex -5.11065 8.29469 4.16982
      vertex -5.11065 8.42871 3.775
    endloop
  endfacet
  facet normal 0.38269 -0.923877 0
    outer loop
      vertex -5.91404 8.26461 2.75
      vertex -5.52128 8.4273 2.95
      vertex -5.91404 8.26461 2.95
    endloop
  endfacet
  facet normal 0.38269 -0.923877 0
    outer loop
      vertex -5.52128 8.4273 2.95
      vertex -5.91404 8.26461 2.75
      vertex -5.52128 8.4273 2.75
    endloop
  endfacet
  facet normal -0.792718 -0.458318 0.401925
    outer loop
      vertex -1.77433 6.62653 1.47324
      vertex -2.03313 7.04983 1.4455
      vertex -2.03313 6.86502 1.23476
    endloop
  endfacet
  facet normal -0.607953 0.0519421 -0.792272
    outer loop
      vertex -2.48738 5.17614 5.5
      vertex -2.33373 5.34978 5.39348
      vertex -2.33373 5.03084 5.37257
    endloop
  endfacet
  facet normal -0.607939 0.051922 -0.792284
    outer loop
      vertex -2.33373 5.34978 5.39348
      vertex -2.48738 5.17614 5.5
      vertex -2.47255 5.34978 5.5
    endloop
  endfacet
  facet normal -0.706362 -0.670283 0.227536
    outer loop
      vertex -2.03313 7.41963 2.19538
      vertex -2.33373 7.71 2.11758
      vertex -2.03313 7.32953 1.92996
    endloop
  endfacet
  facet normal -0.965786 -0.254356 0.050598
    outer loop
      vertex -1.28905 5.96222 2.5859
      vertex -1.39908 6.38552 2.61364
      vertex -1.39908 6.35886 2.47962
    endloop
  endfacet
  facet normal -0.923585 -0.123225 0.363053
    outer loop
      vertex -1.39908 5.62016 1.74092
      vertex -1.39908 5.74956 1.78484
      vertex -1.56177 5.89986 1.42198
    endloop
  endfacet
  facet normal -0.865561 0.0976983 0.491182
    outer loop
      vertex -1.56177 4.97774 1.36154
      vertex -1.56177 5.16215 1.32486
      vertex -1.77433 4.88245 1.00592
    endloop
  endfacet
  facet normal -0.923587 0.0747927 0.376023
    outer loop
      vertex -1.56177 4.97774 1.36154
      vertex -1.39908 5.07939 1.74092
      vertex -1.56177 5.16215 1.32486
    endloop
  endfacet
  facet normal -0.381973 0.408773 0.828855
    outer loop
      vertex -3.43193 3.98295 1.90735e-07
      vertex -3.03917 3.89236 0.225678
      vertex -3.31708 4.09027 1.90735e-07
    endloop
  endfacet
  facet normal -0.38198 0.408754 0.828861
    outer loop
      vertex -3.03917 3.89236 0.225678
      vertex -3.43193 3.98295 1.90735e-07
      vertex -3.43193 3.81102 0.0847876
    endloop
  endfacet
  facet normal -0.865558 -0.0327617 -0.499736
    outer loop
      vertex -1.56177 5.34978 4.38744
      vertex -1.77433 5.34978 4.7556
      vertex -1.56177 5.5374 4.37514
    endloop
  endfacet
  facet normal -0.706351 0.0462901 -0.706347
    outer loop
      vertex -2.33373 5.03084 5.37257
      vertex -2.03313 5.34978 5.09287
      vertex -2.03313 5.07008 5.07454
    endloop
  endfacet
  facet normal -0.607935 0.71211 -0.351161
    outer loop
      vertex -2.671 3.00954 4.30114
      vertex -2.33373 3.23366 4.17174
      vertex -2.33373 3.0923 3.88508
    endloop
  endfacet
  facet normal -0.991409 0.0726715 -0.108755
    outer loop
      vertex -1.28905 4.96379 3.45302
      vertex -1.28905 5.03275 3.4991
      vertex -1.23356 5.2435 3.13408
    endloop
  endfacet
  facet normal -0.607946 0.751841 0.255218
    outer loop
      vertex -2.33373 2.98956 2.11758
      vertex -2.33373 3.0923 1.81492
      vertex -2.671 2.8532 1.71588
    endloop
  endfacet
  facet normal -0.865558 0.499736 -0.0327602
    outer loop
      vertex -1.77433 3.55962 3.18568
      vertex -1.56177 3.92463 3.13762
      vertex -1.77433 3.54417 2.95
    endloop
  endfacet
  facet normal -0.130241 0.938864 -0.318704
    outer loop
      vertex -4.26405 2.3536 4.19106
      vertex -3.84256 2.40486 4.16982
      vertex -4.26405 2.21724 3.78936
    endloop
  endfacet
  facet normal 0.499179 0.481407 -0.720463
    outer loop
      vertex -6.08112 3.73015 5.25017
      vertex -5.91404 3.89236 5.47432
      vertex -5.91404 3.57534 5.26249
    endloop
  endfacet
  facet normal 0.499195 0.481381 -0.72047
    outer loop
      vertex -5.91404 3.89236 5.47432
      vertex -6.07832 3.76771 5.27721
      vertex -6.07278 3.81146 5.31028
    endloop
  endfacet
  facet normal 0.499151 0.481432 -0.720466
    outer loop
      vertex -5.91404 3.89236 5.47432
      vertex -6.08066 3.7492 5.26322
      vertex -6.07832 3.76771 5.27721
    endloop
  endfacet
  facet normal 0.499095 0.481494 -0.720464
    outer loop
      vertex -5.91404 3.89236 5.47432
      vertex -6.08112 3.73015 5.25017
      vertex -6.08066 3.7492 5.26322
    endloop
  endfacet
  facet normal 0.499173 0.481401 -0.720472
    outer loop
      vertex -6.08112 3.73015 5.25017
      vertex -5.91404 3.57534 5.26249
      vertex -6.0834 3.63486 5.18492
    endloop
  endfacet
  facet normal -0.706363 0.466726 -0.532182
    outer loop
      vertex -2.33373 3.62197 4.6778
      vertex -2.03313 4.04528 4.65006
      vertex -2.03313 3.83454 4.46524
    endloop
  endfacet
  facet normal -0.13026 0.653731 -0.745431
    outer loop
      vertex -4.26405 3.0566 5.24318
      vertex -4.23381 3.35547 5.5
      vertex -3.84256 3.09584 5.20394
    endloop
  endfacet
  facet normal -0.130142 0.653735 -0.745449
    outer loop
      vertex -4.23381 3.35547 5.5
      vertex -4.26405 3.0566 5.24318
      vertex -4.26405 3.34945 5.5
    endloop
  endfacet
  facet normal -0.258309 0.963994 0.0631863
    outer loop
      vertex -3.43193 2.27225 2.75
      vertex -3.43193 2.29858 2.3483
      vertex -3.84256 2.18949 2.33394
    endloop
  endfacet
  facet normal -0.258311 0.866439 0.427268
    outer loop
      vertex -3.84256 2.40486 1.53018
      vertex -3.43193 2.50652 1.57228
      vertex -3.43193 2.68456 1.21124
    endloop
  endfacet
  facet normal -0.607945 0.792279 0.0519321
    outer loop
      vertex -2.671 2.6475 2.75
      vertex -2.33373 2.9063 2.75
      vertex -2.671 2.67062 2.39728
    endloop
  endfacet
  facet normal -0.38199 0.768419 -0.513435
    outer loop
      vertex -3.43193 2.90821 4.82348
      vertex -3.03917 3.03728 4.72444
      vertex -3.43193 2.68456 4.48876
    endloop
  endfacet
  facet normal -0.923586 0.16957 -0.343853
    outer loop
      vertex -1.56177 4.63106 4.19486
      vertex -1.39908 4.95 3.91516
      vertex -1.39908 4.82744 3.85472
    endloop
  endfacet
  facet normal -0.706353 0.670292 -0.227539
    outer loop
      vertex -2.33373 3.0923 3.88508
      vertex -2.03313 3.37002 3.77004
      vertex -2.03313 3.27992 3.50462
    endloop
  endfacet
  facet normal -0.865561 -0.16098 -0.474226
    outer loop
      vertex -1.77433 5.8171 4.69408
      vertex -1.77433 6.04075 4.61816
      vertex -1.56177 5.89986 4.27802
    endloop
  endfacet
  facet normal -0.706351 0.313081 0.634861
    outer loop
      vertex -2.33373 4.12804 0.633886
      vertex -2.03313 4.52973 0.770243
      vertex -2.33373 4.4147 0.49252
    endloop
  endfacet
  facet normal -0.792715 0.269621 0.546724
    outer loop
      vertex -2.03313 4.27834 0.894218
      vertex -1.77433 4.44697 1.1863
      vertex -2.03313 4.52973 0.770243
    endloop
  endfacet
  facet normal -0.499182 -0.0566742 0.864642
    outer loop
      vertex -2.671 5.70249 0.0708429
      vertex -2.76465 5.44655 1.90735e-07
      vertex -2.671 5.34978 0.047724
    endloop
  endfacet
  facet normal -0.499203 -0.0566631 0.86463
    outer loop
      vertex -2.76465 5.44655 1.90735e-07
      vertex -2.671 5.70249 0.0708429
      vertex -2.79476 5.71182 1.90735e-07
    endloop
  endfacet
  facet normal -0.792718 -0.401926 0.458316
    outer loop
      vertex -1.77433 6.44896 1.31752
      vertex -2.03313 6.86502 1.23476
      vertex -2.03313 6.65427 1.04994
    endloop
  endfacet
  facet normal -0.865561 0.221502 0.449157
    outer loop
      vertex -1.56177 4.63106 1.50514
      vertex -1.56177 4.79969 1.42198
      vertex -1.77433 4.6588 1.08184
    endloop
  endfacet
  facet normal -0.965786 0.170996 0.194982
    outer loop
      vertex -1.28905 4.90144 2.30166
      vertex -1.28905 4.96379 2.24698
      vertex -1.39908 4.61108 2.0113
    endloop
  endfacet
  facet normal -0.965786 0.0833587 0.245578
    outer loop
      vertex -1.39908 4.95 1.78484
      vertex -1.28905 5.18567 2.13756
      vertex -1.39908 5.07939 1.74092
    endloop
  endfacet
  facet normal -0.607946 0.751841 -0.255218
    outer loop
      vertex -2.671 2.8532 3.98412
      vertex -2.33373 3.0923 3.88508
      vertex -2.33373 2.98956 3.58242
    endloop
  endfacet
  facet normal -0.792717 0.506851 -0.338676
    outer loop
      vertex -2.03313 3.64972 4.2545
      vertex -1.77433 3.91729 4.04918
      vertex -2.03313 3.49399 4.02144
    endloop
  endfacet
  facet normal -0.607949 0.351172 -0.712093
    outer loop
      vertex -2.671 3.99864 5.29024
      vertex -2.671 4.31566 5.44658
      vertex -2.33373 4.12804 5.06611
    endloop
  endfacet
  facet normal -0.258299 0.636963 -0.726333
    outer loop
      vertex -3.84256 3.40932 5.47885
      vertex -3.43193 3.4763 5.39156
      vertex -3.43193 3.17364 5.12614
    endloop
  endfacet
  facet normal -0.706354 -0.532201 -0.466718
    outer loop
      vertex -2.03313 6.86502 4.46524
      vertex -2.33373 7.07758 4.6778
      vertex -2.03313 7.04983 4.2545
    endloop
  endfacet
  facet normal -0.706351 0.138086 -0.694262
    outer loop
      vertex -2.33373 4.71736 5.31022
      vertex -2.33373 5.03084 5.37257
      vertex -2.03313 4.79516 5.01986
    endloop
  endfacet
  facet normal -0.607948 0.0519502 -0.792275
    outer loop
      vertex -2.50123 5.01406 5.5
      vertex -2.48738 5.17614 5.5
      vertex -2.33373 5.03084 5.37257
    endloop
  endfacet
  facet normal -0.381962 -0.408763 0.828866
    outer loop
      vertex -3.03917 6.80719 0.225678
      vertex -3.18823 6.48886 1.90735e-07
      vertex -3.03917 6.46524 0.0570423
    endloop
  endfacet
  facet normal -0.381999 -0.408741 0.828859
    outer loop
      vertex -3.18823 6.48886 1.90735e-07
      vertex -3.03917 6.80719 0.225678
      vertex -3.31708 6.60928 1.90735e-07
    endloop
  endfacet
  facet normal 0.381991 0.922187 0.0604514
    outer loop
      vertex -5.91404 2.43494 2.75
      vertex -5.52128 2.27225 2.75
      vertex -5.91404 2.45988 2.36954
    endloop
  endfacet
  facet normal 0.381973 -0.513367 -0.768474
    outer loop
      vertex -5.52128 7.22325 5.39156
      vertex -5.90182 7.11203 5.27671
      vertex -5.90006 7.12774 5.26709
    endloop
  endfacet
  facet normal 0.38198 -0.513461 -0.768407
    outer loop
      vertex -5.52128 7.22325 5.39156
      vertex -5.90226 7.09132 5.29033
      vertex -5.90182 7.11203 5.27671
    endloop
  endfacet
  facet normal 0.381944 -0.51342 -0.768453
    outer loop
      vertex -5.90719 6.86209 5.44105
      vertex -5.52128 7.22325 5.39156
      vertex -5.90402 6.81781 5.47221
    endloop
  endfacet
  facet normal 0.381979 -0.513452 -0.768414
    outer loop
      vertex -5.52128 7.22325 5.39156
      vertex -5.90719 6.86209 5.44105
      vertex -5.90226 7.09132 5.29033
    endloop
  endfacet
  facet normal -0.706351 -0.227532 -0.670296
    outer loop
      vertex -2.03313 5.90439 5.01986
      vertex -2.33373 5.98219 5.31022
      vertex -2.03313 6.16982 4.92976
    endloop
  endfacet
  facet normal -0.258306 0.947498 0.188482
    outer loop
      vertex -3.43193 2.29858 2.3483
      vertex -3.43193 2.37712 1.95348
      vertex -3.84256 2.27084 1.925
    endloop
  endfacet
  facet normal -0.130252 0.97243 0.19343
    outer loop
      vertex -4.26405 2.13448 2.3267
      vertex -3.84256 2.27084 1.925
      vertex -4.26405 2.21724 1.91064
    endloop
  endfacet
  facet normal 0 1 -0
    outer loop
      vertex -4.26405 2.10673 2.75
      vertex -4.68917 2.10673 2.95
      vertex -4.26405 2.10673 2.95
    endloop
  endfacet
  facet normal 0 1 0
    outer loop
      vertex -4.68917 2.10673 2.95
      vertex -4.26405 2.10673 2.75
      vertex -4.68917 2.10673 2.75
    endloop
  endfacet
  facet normal -0.130243 0.889235 -0.438517
    outer loop
      vertex -4.26405 2.3536 4.19106
      vertex -4.26405 2.54122 4.57152
      vertex -3.84256 2.40486 4.16982
    endloop
  endfacet
  facet normal 0.499186 0.849848 0.169033
    outer loop
      vertex -5.91404 2.53426 1.99558
      vertex -6.2608 2.72331 2.06914
      vertex -5.91404 2.45988 2.36954
    endloop
  endfacet
  facet normal 0.499196 0.849818 0.169155
    outer loop
      vertex -6.2608 2.72331 2.06914
      vertex -5.91404 2.53426 1.99558
      vertex -6.25962 2.72698 2.04722
    endloop
  endfacet
  facet normal 0.130284 -0.653708 -0.745447
    outer loop
      vertex -5.11065 7.60372 5.20394
      vertex -4.9082 7.30646 5.5
      vertex -5.11065 7.29023 5.47885
    endloop
  endfacet
  facet normal 0.130259 -0.653719 -0.745442
    outer loop
      vertex -4.9082 7.30646 5.5
      vertex -5.11065 7.60372 5.20394
      vertex -4.7194 7.34408 5.5
    endloop
  endfacet
  facet normal 0.130255 -0.972426 -0.193444
    outer loop
      vertex -4.68917 8.48231 3.78936
      vertex -5.11065 8.42871 3.775
      vertex -5.11065 8.51006 3.36606
    endloop
  endfacet
  facet normal 0.499178 -0.383233 0.777145
    outer loop
      vertex -6.06586 6.59677 0.219431
      vertex -5.91404 6.80719 0.225678
      vertex -6.05734 6.76583 0.297327
    endloop
  endfacet
  facet normal 0.499197 -0.383247 0.777126
    outer loop
      vertex -5.91404 6.80719 0.225678
      vertex -6.06586 6.59677 0.219431
      vertex -5.91404 6.46524 0.0570423
    endloop
  endfacet
  facet normal 0.499162 -0.383289 0.777127
    outer loop
      vertex -5.91404 6.46524 0.0570423
      vertex -6.06586 6.59677 0.219431
      vertex -6.06754 6.56349 0.204096
    endloop
  endfacet
  facet normal 0.499205 -0.168874 0.849868
    outer loop
      vertex -6.09819 5.88976 1.90735e-07
      vertex -6.10135 5.8925 0.0024008
      vertex -6.10206 5.87832 1.90735e-07
    endloop
  endfacet
  facet normal 0.499175 -0.481397 0.720473
    outer loop
      vertex -6.05172 6.87736 0.367954
      vertex -6.05734 6.76583 0.297327
      vertex -5.91404 6.80719 0.225678
    endloop
  endfacet
  facet normal 0.381999 -0.408741 0.828859
    outer loop
      vertex -5.91404 6.80719 0.225678
      vertex -5.76498 6.48886 1.90735e-07
      vertex -5.63613 6.60928 1.90735e-07
    endloop
  endfacet
  facet normal 0.381962 -0.408763 0.828866
    outer loop
      vertex -5.76498 6.48886 1.90735e-07
      vertex -5.91404 6.80719 0.225678
      vertex -5.91404 6.46524 0.0570423
    endloop
  endfacet
  facet normal 0.381976 0.513447 -0.768418
    outer loop
      vertex -5.52128 3.4763 5.39156
      vertex -5.84246 3.87753 5.5
      vertex -5.52128 3.63859 5.5
    endloop
  endfacet
  facet normal 0.382041 0.513484 -0.768362
    outer loop
      vertex -5.84246 3.87753 5.5
      vertex -5.52128 3.4763 5.39156
      vertex -5.91404 3.89236 5.47432
    endloop
  endfacet
  facet normal 0.381993 0.694817 -0.609353
    outer loop
      vertex -5.91404 3.28868 5.0111
      vertex -5.52128 3.17364 5.12614
      vertex -5.91404 3.03728 4.72444
    endloop
  endfacet
  facet normal 0.382009 0.408769 -0.82884
    outer loop
      vertex -5.91404 3.94443 5.5
      vertex -5.88242 3.91488 5.5
      vertex -5.91404 3.89236 5.47432
    endloop
  endfacet
  facet normal 0.258307 0.53672 -0.803249
    outer loop
      vertex -5.52128 3.63859 5.5
      vertex -5.38167 3.5714 5.5
      vertex -5.52128 3.4763 5.39156
    endloop
  endfacet
  facet normal 0.258311 0.866439 -0.427268
    outer loop
      vertex -5.52128 2.68456 4.48876
      vertex -5.11065 2.40486 4.16982
      vertex -5.52128 2.50652 4.12772
    endloop
  endfacet
  facet normal -0.499199 0.651453 -0.571322
    outer loop
      vertex -3.03917 3.03728 4.72444
      vertex -3.03917 3.28868 5.0111
      vertex -2.671 3.20592 4.59504
    endloop
  endfacet
  facet normal 0 -0.946936 -0.321421
    outer loop
      vertex -4.68917 8.48231 3.78936
      vertex -4.26405 8.34596 4.19106
      vertex -4.68917 8.34596 4.19106
    endloop
  endfacet
  facet normal 0 -0.946936 -0.321421
    outer loop
      vertex -4.26405 8.34596 4.19106
      vertex -4.68917 8.48231 3.78936
      vertex -4.26405 8.48231 3.78936
    endloop
  endfacet
  facet normal -0.381979 -0.828869 0.408739
    outer loop
      vertex -3.03917 7.8741 1.29258
      vertex -3.03917 8.04273 1.63454
      vertex -3.43193 8.01499 1.21124
    endloop
  endfacet
  facet normal -0.381987 -0.768418 0.513439
    outer loop
      vertex -3.03917 7.66227 0.97556
      vertex -3.43193 8.01499 1.21124
      vertex -3.43193 7.79134 0.876523
    endloop
  endfacet
  facet normal 0.258292 -0.914798 0.310532
    outer loop
      vertex -5.52128 8.32244 1.95348
      vertex -5.52128 8.19304 1.57228
      vertex -5.11065 8.29469 1.53018
    endloop
  endfacet
  facet normal 0.130241 -0.972431 0.19343
    outer loop
      vertex -4.68917 8.56507 2.3267
      vertex -5.11065 8.51006 2.33394
      vertex -4.68917 8.48231 1.91064
    endloop
  endfacet
  facet normal 0.381991 -0.922188 -0.0604273
    outer loop
      vertex -5.52128 8.4273 2.95
      vertex -5.91404 8.23968 3.33046
      vertex -5.91404 8.26461 2.95
    endloop
  endfacet
  facet normal 0.499122 -0.849869 -0.169112
    outer loop
      vertex -5.91404 8.16529 3.70441
      vertex -5.93427 8.15401 3.70139
      vertex -5.93697 8.1568 3.6794
    endloop
  endfacet
  facet normal -0.607941 0.0519279 0.792282
    outer loop
      vertex -2.33373 5.03084 0.327425
      vertex -2.33373 5.34978 0.306521
      vertex -2.671 5.34978 0.047724
    endloop
  endfacet
  facet normal -0.381989 -0.408752 0.828858
    outer loop
      vertex -3.43193 6.88854 0.0847876
      vertex -3.31708 6.60928 1.90735e-07
      vertex -3.03917 6.80719 0.225678
    endloop
  endfacet
  facet normal -0.381988 -0.408752 0.828859
    outer loop
      vertex -3.31708 6.60928 1.90735e-07
      vertex -3.43193 6.88854 0.0847876
      vertex -3.43193 6.71661 1.90735e-07
    endloop
  endfacet
  facet normal -0.499187 -0.777141 -0.38323
    outer loop
      vertex -2.671 7.69002 4.30114
      vertex -3.03917 7.8741 4.40742
      vertex -3.03917 8.04273 4.06546
    endloop
  endfacet
  facet normal -0.865563 -0.37652 0.330201
    outer loop
      vertex -1.56177 6.3662 1.73358
      vertex -1.56177 6.49017 1.87494
      vertex -1.77433 6.62653 1.47324
    endloop
  endfacet
  facet normal -0.49919 0.278519 0.82051
    outer loop
      vertex -3.03917 4.40236 1.90735e-07
      vertex -2.671 4.65038 0.139802
      vertex -2.92169 4.61292 1.90735e-07
    endloop
  endfacet
  facet normal -0.499193 0.278525 0.820506
    outer loop
      vertex -2.671 4.65038 0.139802
      vertex -3.03917 4.40236 1.90735e-07
      vertex -3.03917 4.23432 0.0570423
    endloop
  endfacet
  facet normal -0.49919 0.383239 0.777134
    outer loop
      vertex -3.03917 3.89236 0.225678
      vertex -2.671 4.31566 0.253423
      vertex -3.03917 4.23432 0.0570423
    endloop
  endfacet
  facet normal -0.607949 0.1549 -0.77872
    outer loop
      vertex -2.56279 4.77245 5.5
      vertex -2.50123 5.01406 5.5
      vertex -2.33373 5.03084 5.37257
    endloop
  endfacet
  facet normal -0.607939 0.154886 -0.77873
    outer loop
      vertex -2.33373 4.71736 5.31022
      vertex -2.56279 4.77245 5.5
      vertex -2.33373 5.03084 5.37257
    endloop
  endfacet
  facet normal -0.60794 0.154883 -0.77873
    outer loop
      vertex -2.56279 4.77245 5.5
      vertex -2.33373 4.71736 5.31022
      vertex -2.58978 4.66651 5.5
    endloop
  endfacet
  facet normal -0.792714 0.0398506 -0.60829
    outer loop
      vertex -2.03313 5.07008 5.07454
      vertex -1.77433 5.34978 4.7556
      vertex -1.77433 5.1141 4.74016
    endloop
  endfacet
  facet normal -0.965786 0.170995 -0.194984
    outer loop
      vertex -1.39908 4.61108 3.6887
      vertex -1.39908 4.71382 3.7788
      vertex -1.28905 4.96379 3.45302
    endloop
  endfacet
  facet normal -0.792717 0.458307 -0.401938
    outer loop
      vertex -2.03313 3.64972 4.2545
      vertex -2.03313 3.83454 4.46524
      vertex -1.77433 3.91729 4.04918
    endloop
  endfacet
  facet normal -0.865561 0.160979 -0.474226
    outer loop
      vertex -1.77433 4.6588 4.61816
      vertex -1.56177 4.97774 4.33846
      vertex -1.56177 4.79969 4.27802
    endloop
  endfacet
  facet normal -0.607936 0.778727 -0.154911
    outer loop
      vertex -2.671 2.67062 3.30272
      vertex -2.33373 2.98956 3.58242
      vertex -2.33373 2.9272 3.26894
    endloop
  endfacet
  facet normal -0.381979 0.828869 -0.408739
    outer loop
      vertex -3.43193 2.68456 4.48876
      vertex -3.03917 2.82545 4.40742
      vertex -3.03917 2.65682 4.06546
    endloop
  endfacet
  facet normal -0.792718 0.608283 -0.039876
    outer loop
      vertex -1.77433 3.55962 3.18568
      vertex -1.77433 3.54417 2.95
      vertex -2.03313 3.2069 2.95
    endloop
  endfacet
  facet normal -0.865561 0.221502 -0.449157
    outer loop
      vertex -1.77433 4.6588 4.61816
      vertex -1.56177 4.79969 4.27802
      vertex -1.56177 4.63106 4.19486
    endloop
  endfacet
  facet normal -0.965786 0.144084 0.215633
    outer loop
      vertex -1.39908 4.71382 1.9212
      vertex -1.28905 4.96379 2.24698
      vertex -1.39908 4.82744 1.84528
    endloop
  endfacet
  facet normal -0.792723 0.608277 -0.0398632
    outer loop
      vertex -2.03313 3.22523 3.2297
      vertex -1.77433 3.55962 3.18568
      vertex -2.03313 3.2069 2.95
    endloop
  endfacet
  facet normal 0.130254 0.938865 -0.318694
    outer loop
      vertex -5.11065 2.40486 4.16982
      vertex -4.68917 2.21724 3.78936
      vertex -5.11065 2.27084 3.775
    endloop
  endfacet
  facet normal 0.495707 0.851931 -0.168784
    outer loop
      vertex -6.22272 2.69438 3.59786
      vertex -6.22519 2.69131 3.57511
      vertex -6.22483 2.69242 3.58177
    endloop
  endfacet
  facet normal 0.499291 0.849815 -0.168887
    outer loop
      vertex -5.91404 2.45988 3.33046
      vertex -6.22519 2.69131 3.57511
      vertex -6.22272 2.69438 3.59786
    endloop
  endfacet
  facet normal 0.49918 0.849846 -0.169059
    outer loop
      vertex -6.22519 2.69131 3.57511
      vertex -5.91404 2.45988 3.33046
      vertex -6.23964 2.64625 3.30593
    endloop
  endfacet
  facet normal -0.130255 0.889229 -0.438527
    outer loop
      vertex -4.26405 2.54122 4.57152
      vertex -3.84256 2.58928 4.54378
      vertex -3.84256 2.40486 4.16982
    endloop
  endfacet
  facet normal -0.382038 0.408734 -0.828845
    outer loop
      vertex -3.11075 3.87753 5.5
      vertex -3.07079 3.91488 5.5
      vertex -3.03917 3.89236 5.47432
    endloop
  endfacet
  facet normal -0.38199 0.513446 -0.768412
    outer loop
      vertex -3.43193 3.4763 5.39156
      vertex -3.03917 3.89236 5.47432
      vertex -3.03917 3.57534 5.26249
    endloop
  endfacet
  facet normal 0 0.751841 0.659344
    outer loop
      vertex -4.26405 3.0566 0.456824
      vertex -4.68917 2.7769 0.775762
      vertex -4.26405 2.7769 0.775762
    endloop
  endfacet
  facet normal 0 0.751841 0.659344
    outer loop
      vertex -4.68917 2.7769 0.775762
      vertex -4.26405 3.0566 0.456824
      vertex -4.68917 3.0566 0.456824
    endloop
  endfacet
  facet normal -0.706364 0.532186 0.46672
    outer loop
      vertex -2.33373 3.41123 1.2625
      vertex -2.03313 3.83454 1.23476
      vertex -2.33373 3.62197 1.0222
    endloop
  endfacet
  facet normal -0.499191 0.864637 0.056675
    outer loop
      vertex -3.03917 2.43494 2.75
      vertex -2.671 2.6475 2.75
      vertex -2.671 2.67062 2.39728
    endloop
  endfacet
  facet normal -0.706351 0.706347 -0.0462866
    outer loop
      vertex -2.33373 2.9272 3.26894
      vertex -2.03313 3.22523 3.2297
      vertex -2.33373 2.9063 2.95
    endloop
  endfacet
  facet normal -0.965787 0.215627 -0.144085
    outer loop
      vertex -1.39908 4.52098 3.58596
      vertex -1.28905 4.84676 3.33598
      vertex -1.28905 4.80068 3.26702
    endloop
  endfacet
  facet normal -0.965788 0.245572 -0.0833583
    outer loop
      vertex -1.39908 4.34069 3.22038
      vertex -1.28905 4.764 3.19264
      vertex -1.28905 4.73734 3.1141
    endloop
  endfacet
  facet normal -0.965786 -0.0505963 0.254357
    outer loop
      vertex -1.28905 5.43254 2.12138
      vertex -1.28905 5.51388 2.13756
      vertex -1.39908 5.48613 1.71426
    endloop
  endfacet
  facet normal -0.965787 0.0833687 0.245572
    outer loop
      vertex -1.28905 5.10714 2.16422
      vertex -1.28905 5.18567 2.13756
      vertex -1.39908 4.95 1.78484
    endloop
  endfacet
  facet normal -0.79272 0.269607 0.546724
    outer loop
      vertex -1.77433 4.44697 1.1863
      vertex -1.77433 4.6588 1.08184
      vertex -2.03313 4.52973 0.770243
    endloop
  endfacet
  facet normal -0.706351 0.588561 0.393274
    outer loop
      vertex -2.33373 3.23366 1.52826
      vertex -2.03313 3.49399 1.67856
      vertex -2.03313 3.64972 1.4455
    endloop
  endfacet
  facet normal -0.607936 0.712102 0.351177
    outer loop
      vertex -2.671 2.8532 1.71588
      vertex -2.33373 3.23366 1.52826
      vertex -2.671 3.00954 1.39886
    endloop
  endfacet
  facet normal -0.706362 0.466713 0.532195
    outer loop
      vertex -2.33373 3.62197 1.0222
      vertex -2.03313 3.83454 1.23476
      vertex -2.33373 3.86228 0.811458
    endloop
  endfacet
  facet normal -0.607943 0.441107 0.660175
    outer loop
      vertex -2.33373 3.86228 0.811458
      vertex -2.33373 4.12804 0.633886
      vertex -2.671 3.99864 0.409761
    endloop
  endfacet
  facet normal -0.607942 0.351171 0.712099
    outer loop
      vertex -2.671 3.99864 0.409761
      vertex -2.33373 4.4147 0.49252
      vertex -2.671 4.31566 0.253423
    endloop
  endfacet
  facet normal -0.499205 0.169058 0.849831
    outer loop
      vertex -2.85502 4.80979 1.90735e-07
      vertex -2.671 4.99706 0.0708429
      vertex -2.79476 4.98773 1.90735e-07
    endloop
  endfacet
  facet normal -0.499195 0.169044 0.84984
    outer loop
      vertex -2.671 4.99706 0.0708429
      vertex -2.85502 4.80979 1.90735e-07
      vertex -2.671 4.65038 0.139802
    endloop
  endfacet
  facet normal -0.60794 0.154898 0.778727
    outer loop
      vertex -2.33373 4.71736 0.38978
      vertex -2.33373 5.03084 0.327425
      vertex -2.671 4.99706 0.0708429
    endloop
  endfacet
  facet normal -0.607936 0.778727 0.154911
    outer loop
      vertex -2.671 2.67062 2.39728
      vertex -2.33373 2.9272 2.43106
      vertex -2.33373 2.98956 2.11758
    endloop
  endfacet
  facet normal -0.607936 0.792287 0.0519182
    outer loop
      vertex -2.33373 2.9063 2.75
      vertex -2.33373 2.9272 2.43106
      vertex -2.671 2.67062 2.39728
    endloop
  endfacet
  facet normal -0.792723 0.608277 0.0398632
    outer loop
      vertex -2.03313 3.2069 2.75
      vertex -1.77433 3.55962 2.51432
      vertex -2.03313 3.22523 2.4703
    endloop
  endfacet
  facet normal -0.965787 -0.083368 0.24557
    outer loop
      vertex -1.28905 5.51388 2.13756
      vertex -1.28905 5.59241 2.16422
      vertex -1.39908 5.74956 1.78484
    endloop
  endfacet
  facet normal -0.991409 -0.123859 -0.0420433
    outer loop
      vertex -1.28905 5.93556 3.19264
      vertex -1.28905 5.96222 3.1141
      vertex -1.23356 5.55509 3.00501
    endloop
  endfacet
  facet normal -0.923586 -0.376024 0.0748008
    outer loop
      vertex -1.39908 6.38552 2.61364
      vertex -1.56177 6.77492 2.56238
      vertex -1.39908 6.35886 2.47962
    endloop
  endfacet
  facet normal -0.86556 0.449163 -0.221492
    outer loop
      vertex -1.77433 3.78608 3.8528
      vertex -1.56177 4.10492 3.66872
      vertex -1.56177 4.02176 3.50008
    endloop
  endfacet
  facet normal -0.792718 0.401937 -0.458307
    outer loop
      vertex -2.03313 3.83454 4.46524
      vertex -2.03313 4.04528 4.65006
      vertex -1.77433 4.25059 4.38248
    endloop
  endfacet
  facet normal -0.86556 0.278227 -0.416408
    outer loop
      vertex -1.77433 4.25059 4.38248
      vertex -1.56177 4.63106 4.19486
      vertex -1.56177 4.47472 4.0904
    endloop
  endfacet
  facet normal 0 -0.659342 -0.751843
    outer loop
      vertex -4.68917 7.3501 5.5
      vertex -4.26405 7.64295 5.24318
      vertex -4.26405 7.3501 5.5
    endloop
  endfacet
  facet normal -0 -0.659342 -0.751843
    outer loop
      vertex -4.26405 7.64295 5.24318
      vertex -4.68917 7.3501 5.5
      vertex -4.68917 7.64295 5.24318
    endloop
  endfacet
  facet normal -0.499173 0.278513 -0.820522
    outer loop
      vertex -2.73267 4.36251 5.5
      vertex -2.671 4.47304 5.5
      vertex -2.671 4.31566 5.44658
    endloop
  endfacet
  facet normal -0.130251 -0.989357 -0.0648587
    outer loop
      vertex -4.26405 8.56507 3.3733
      vertex -4.26405 8.59282 2.95
      vertex -3.84256 8.53733 2.95
    endloop
  endfacet
  facet normal -0.258299 -0.726331 -0.636965
    outer loop
      vertex -3.84256 7.60372 5.20394
      vertex -3.84256 7.87863 4.89046
      vertex -3.43193 7.79134 4.82348
    endloop
  endfacet
  facet normal 0.381975 -0.297051 0.875132
    outer loop
      vertex -5.83394 6.40019 1.90735e-07
      vertex -5.91404 6.46524 0.0570423
      vertex -5.91404 6.29719 1.90735e-07
    endloop
  endfacet
  facet normal 0.381967 -0.297061 0.875132
    outer loop
      vertex -5.76498 6.48886 1.90735e-07
      vertex -5.91404 6.46524 0.0570423
      vertex -5.83394 6.40019 1.90735e-07
    endloop
  endfacet
  facet normal 0.130241 -0.745442 0.653722
    outer loop
      vertex -5.11065 7.87863 0.809542
      vertex -5.11065 7.60372 0.496061
      vertex -4.68917 7.64295 0.456824
    endloop
  endfacet
  facet normal -0.2583 0.726321 0.636977
    outer loop
      vertex -3.84256 2.82092 0.809542
      vertex -3.43193 2.90821 0.876523
      vertex -3.84256 3.09584 0.496061
    endloop
  endfacet
  facet normal -0.130254 0.65373 0.745433
    outer loop
      vertex -4.26405 3.0566 0.456824
      vertex -3.84256 3.09584 0.496061
      vertex -3.84256 3.40932 0.221145
    endloop
  endfacet
  facet normal -0.258306 0.914794 0.310531
    outer loop
      vertex -3.84256 2.27084 1.925
      vertex -3.43193 2.37712 1.95348
      vertex -3.43193 2.50652 1.57228
    endloop
  endfacet
  facet normal -0.258308 0.947497 0.188485
    outer loop
      vertex -3.84256 2.18949 2.33394
      vertex -3.43193 2.29858 2.3483
      vertex -3.84256 2.27084 1.925
    endloop
  endfacet
  facet normal 0.381986 0.609345 0.694827
    outer loop
      vertex -5.91404 3.57534 0.437505
      vertex -5.52128 3.17364 0.573863
      vertex -5.52128 3.4763 0.308438
    endloop
  endfacet
  facet normal 0.258337 0.536719 0.80324
    outer loop
      vertex -5.1559 3.76206 1.90735e-07
      vertex -5.11065 3.40932 0.221145
      vertex -5.11065 3.74028 1.90735e-07
    endloop
  endfacet
  facet normal 0.258315 0.53672 0.803247
    outer loop
      vertex -5.11065 3.40932 0.221145
      vertex -5.1559 3.76206 1.90735e-07
      vertex -5.52128 3.81102 0.0847876
    endloop
  endfacet
  facet normal 0.130245 -0.745439 -0.653726
    outer loop
      vertex -4.68917 7.64295 5.24318
      vertex -5.11065 7.60372 5.20394
      vertex -4.68917 7.92265 4.92424
    endloop
  endfacet
  facet normal -0.381986 0.694821 0.609352
    outer loop
      vertex -3.43193 2.90821 0.876523
      vertex -3.03917 3.03728 0.97556
      vertex -3.43193 3.17364 0.573863
    endloop
  endfacet
  facet normal -0.258297 0.803257 0.536713
    outer loop
      vertex -3.84256 2.58928 1.15622
      vertex -3.43193 2.68456 1.21124
      vertex -3.84256 2.82092 0.809542
    endloop
  endfacet
  facet normal -0.258306 0.963995 0.0631835
    outer loop
      vertex -3.84256 2.16222 2.75
      vertex -3.43193 2.27225 2.75
      vertex -3.84256 2.18949 2.33394
    endloop
  endfacet
  facet normal 0 0.997858 0.0654159
    outer loop
      vertex -4.26405 2.13448 2.3267
      vertex -4.68917 2.10673 2.75
      vertex -4.26405 2.10673 2.75
    endloop
  endfacet
  facet normal 0 0.997858 0.0654159
    outer loop
      vertex -4.68917 2.10673 2.75
      vertex -4.26405 2.13448 2.3267
      vertex -4.68917 2.13448 2.3267
    endloop
  endfacet
  facet normal -0.130526 0.991445 0
    outer loop
      vertex -3.84256 2.16222 2.75
      vertex -4.26405 2.10673 2.95
      vertex -3.84256 2.16222 2.95
    endloop
  endfacet
  facet normal -0.130526 0.991445 0
    outer loop
      vertex -4.26405 2.10673 2.95
      vertex -3.84256 2.16222 2.75
      vertex -4.26405 2.10673 2.75
    endloop
  endfacet
  facet normal -0.499194 0.849842 -0.169037
    outer loop
      vertex -3.03917 2.53426 3.70441
      vertex -2.671 2.73958 3.6494
      vertex -3.03917 2.45988 3.33046
    endloop
  endfacet
  facet normal 0.258309 0.963994 -0.0631863
    outer loop
      vertex -5.52128 2.29858 3.3517
      vertex -5.11065 2.18949 3.36606
      vertex -5.52128 2.27225 2.95
    endloop
  endfacet
  facet normal 0.258309 0.963994 0.0631863
    outer loop
      vertex -5.52128 2.29858 2.3483
      vertex -5.52128 2.27225 2.75
      vertex -5.11065 2.18949 2.33394
    endloop
  endfacet
  facet normal 0.499926 -0.866068 7.82672e-05
    outer loop
      vertex -5.98384 8.22431 2.85104
      vertex -5.91404 8.26461 2.95
      vertex -5.97923 8.22698 2.95
    endloop
  endfacet
  facet normal 0.500009 -0.86602 0
    outer loop
      vertex -5.91404 8.26461 2.75
      vertex -5.98384 8.22431 2.85104
      vertex -5.98384 8.22431 2.8004
    endloop
  endfacet
  facet normal 0.500009 -0.86602 0
    outer loop
      vertex -5.91404 8.26461 2.75
      vertex -5.98384 8.22431 2.8004
      vertex -5.98384 8.22431 2.78346
    endloop
  endfacet
  facet normal 0.500009 -0.86602 0
    outer loop
      vertex -5.91404 8.26461 2.75
      vertex -5.98384 8.22431 2.78346
      vertex -5.98384 8.22431 2.75
    endloop
  endfacet
  facet normal 0.500009 -0.86602 0
    outer loop
      vertex -5.98384 8.22431 2.85104
      vertex -5.91404 8.26461 2.75
      vertex -5.91404 8.26461 2.95
    endloop
  endfacet
  facet normal 0.499256 -0.383152 0.777134
    outer loop
      vertex -6.06956 6.52327 0.185564
      vertex -5.91404 6.46524 0.0570423
      vertex -6.06754 6.56349 0.204096
    endloop
  endfacet
  facet normal 0.499218 -0.383227 0.777122
    outer loop
      vertex -6.07176 6.4796 0.165442
      vertex -5.91404 6.46524 0.0570423
      vertex -6.06956 6.52327 0.185564
    endloop
  endfacet
  facet normal 0.499079 -0.383694 0.776981
    outer loop
      vertex -6.07219 6.47121 0.161575
      vertex -5.91404 6.46524 0.0570423
      vertex -6.07176 6.4796 0.165442
    endloop
  endfacet
  facet normal 0.499197 -0.383231 0.777134
    outer loop
      vertex -6.07311 6.453 0.153186
      vertex -5.91404 6.46524 0.0570423
      vertex -6.07219 6.47121 0.161575
    endloop
  endfacet
  facet normal 0.499214 -0.383124 0.777175
    outer loop
      vertex -5.91404 6.46524 0.0570423
      vertex -6.07311 6.453 0.153186
      vertex -6.07427 6.42983 0.142509
    endloop
  endfacet
  facet normal 0.499181 0.4814 -0.720466
    outer loop
      vertex -6.05731 3.93372 5.40269
      vertex -5.91404 3.89236 5.47432
      vertex -6.07278 3.81146 5.31028
    endloop
  endfacet
  facet normal -0.258299 0.536728 -0.803246
    outer loop
      vertex -3.84256 3.40932 5.47885
      vertex -3.57154 3.5714 5.5
      vertex -3.43193 3.4763 5.39156
    endloop
  endfacet
  facet normal -0.258386 0.536859 -0.803131
    outer loop
      vertex -3.57154 3.5714 5.5
      vertex -3.84256 3.40932 5.47885
      vertex -3.84256 3.44096 5.5
    endloop
  endfacet
  facet normal 0.258386 0.536859 -0.803131
    outer loop
      vertex -5.11065 3.40932 5.47885
      vertex -5.38167 3.5714 5.5
      vertex -5.11065 3.44096 5.5
    endloop
  endfacet
  facet normal 0.258299 0.536728 -0.803246
    outer loop
      vertex -5.38167 3.5714 5.5
      vertex -5.11065 3.40932 5.47885
      vertex -5.52128 3.4763 5.39156
    endloop
  endfacet
  facet normal 0.258299 0.636963 -0.726333
    outer loop
      vertex -5.52128 3.4763 5.39156
      vertex -5.11065 3.40932 5.47885
      vertex -5.52128 3.17364 5.12614
    endloop
  endfacet
  facet normal 0.258297 0.726321 -0.636977
    outer loop
      vertex -5.52128 3.17364 5.12614
      vertex -5.11065 3.09584 5.20394
      vertex -5.52128 2.90821 4.82348
    endloop
  endfacet
  facet normal 0.381991 0.60934 -0.69483
    outer loop
      vertex -5.91404 3.57534 5.26249
      vertex -5.52128 3.4763 5.39156
      vertex -5.91404 3.28868 5.0111
    endloop
  endfacet
  facet normal 0.498376 -0.777554 -0.383446
    outer loop
      vertex -5.91404 8.04273 4.06546
      vertex -5.92221 8.00609 4.12914
      vertex -5.91869 8.03828 4.06844
    endloop
  endfacet
  facet normal 0.498458 -0.777517 -0.383414
    outer loop
      vertex -5.92221 8.00609 4.12914
      vertex -5.91404 8.04273 4.06546
      vertex -5.91404 7.9222 4.30988
    endloop
  endfacet
  facet normal 0.258314 -0.726318 -0.636974
    outer loop
      vertex -5.11065 7.60372 5.20394
      vertex -5.52128 7.52591 5.12614
      vertex -5.52128 7.79134 4.82348
    endloop
  endfacet
  facet normal 0.258285 -0.914802 -0.310526
    outer loop
      vertex -5.11065 8.42871 3.775
      vertex -5.11065 8.29469 4.16982
      vertex -5.52128 8.32244 3.74652
    endloop
  endfacet
  facet normal -0.258292 -0.914798 -0.310532
    outer loop
      vertex -3.43193 8.19304 4.12772
      vertex -3.84256 8.29469 4.16982
      vertex -3.43193 8.32244 3.74652
    endloop
  endfacet
  facet normal -0.258285 -0.914802 0.310526
    outer loop
      vertex -3.43193 8.32244 1.95348
      vertex -3.84256 8.42871 1.925
      vertex -3.84256 8.29469 1.53018
    endloop
  endfacet
  facet normal -0.258317 -0.536742 -0.803231
    outer loop
      vertex -3.43193 7.06097 5.5
      vertex -3.57154 7.12816 5.5
      vertex -3.43193 7.22325 5.39156
    endloop
  endfacet
  facet normal -0.499205 -0.86463 0.0566557
    outer loop
      vertex -2.671 8.02893 2.39728
      vertex -3.03917 8.26461 2.75
      vertex -3.03917 8.23968 2.36954
    endloop
  endfacet
  facet normal 0.499209 -0.849816 0.169123
    outer loop
      vertex -5.9882 8.13783 2.0765
      vertex -5.98892 8.12353 2.00677
      vertex -5.91404 8.16529 1.99558
    endloop
  endfacet
  facet normal 0.258284 -0.947503 0.188486
    outer loop
      vertex -5.11065 8.51006 2.33394
      vertex -5.52128 8.32244 1.95348
      vertex -5.11065 8.42871 1.925
    endloop
  endfacet
  facet normal 0.499279 -0.864567 -0.0569621
    outer loop
      vertex -5.96065 8.21449 3.30425
      vertex -5.91404 8.23968 3.33046
      vertex -5.95692 8.21513 3.32723
    endloop
  endfacet
  facet normal 0.499148 -0.864664 -0.0566344
    outer loop
      vertex -5.98075 8.22114 3.02557
      vertex -5.91404 8.23968 3.33046
      vertex -5.96065 8.21449 3.30425
    endloop
  endfacet
  facet normal 0.368949 -0.927259 -0.0637804
    outer loop
      vertex -5.98056 8.22203 3.01373
      vertex -5.98075 8.22114 3.02557
      vertex -5.9808 8.22116 3.02499
    endloop
  endfacet
  facet normal 0.498936 -0.864763 -0.0569967
    outer loop
      vertex -5.98075 8.22114 3.02557
      vertex -5.98056 8.22203 3.01373
      vertex -5.91404 8.26461 2.95
    endloop
  endfacet
  facet normal 0.499228 -0.864617 -0.0566548
    outer loop
      vertex -5.98075 8.22114 3.02557
      vertex -5.91404 8.26461 2.95
      vertex -5.91404 8.23968 3.33046
    endloop
  endfacet
  facet normal 0.130529 -0.991445 0
    outer loop
      vertex -5.11065 8.53733 2.75
      vertex -4.68917 8.59282 2.95
      vertex -5.11065 8.53733 2.95
    endloop
  endfacet
  facet normal 0.130529 -0.991445 0
    outer loop
      vertex -4.68917 8.59282 2.95
      vertex -5.11065 8.53733 2.75
      vertex -4.68917 8.59282 2.75
    endloop
  endfacet
  facet normal 0.258285 -0.914802 0.310526
    outer loop
      vertex -5.11065 8.42871 1.925
      vertex -5.52128 8.32244 1.95348
      vertex -5.11065 8.29469 1.53018
    endloop
  endfacet
  facet normal -0.258305 -0.536723 0.803248
    outer loop
      vertex -3.43193 7.22325 0.308438
      vertex -3.84256 7.29023 0.221145
      vertex -3.43193 6.88854 0.0847876
    endloop
  endfacet
  facet normal 0.497697 -0.821386 -0.278609
    outer loop
      vertex -5.93521 8.09727 3.86685
      vertex -5.91404 8.04273 4.06546
      vertex -5.91884 8.04166 4.06004
    endloop
  endfacet
  facet normal 0.496777 -0.821697 -0.279334
    outer loop
      vertex -5.91404 8.16529 3.70441
      vertex -5.93521 8.09727 3.86685
      vertex -5.93602 8.10002 3.85732
    endloop
  endfacet
  facet normal 0.499172 -0.820518 -0.278528
    outer loop
      vertex -5.93521 8.09727 3.86685
      vertex -5.91404 8.16529 3.70441
      vertex -5.91404 8.04273 4.06546
    endloop
  endfacet
  facet normal 0.499111 -0.82056 -0.278513
    outer loop
      vertex -5.91404 8.16529 3.70441
      vertex -5.93602 8.10002 3.85732
      vertex -5.93427 8.15401 3.70139
    endloop
  endfacet
  facet normal 0.381977 -0.906416 -0.180287
    outer loop
      vertex -5.52128 8.40097 3.3517
      vertex -5.52128 8.32244 3.74652
      vertex -5.91404 8.23968 3.33046
    endloop
  endfacet
  facet normal -0.381999 -0.875117 -0.297062
    outer loop
      vertex -3.03917 8.04273 4.06546
      vertex -3.43193 8.19304 4.12772
      vertex -3.43193 8.32244 3.74652
    endloop
  endfacet
  facet normal -0.706352 -0.466717 -0.532205
    outer loop
      vertex -2.33373 6.83727 4.88854
      vertex -2.33373 7.07758 4.6778
      vertex -2.03313 6.65427 4.65006
    endloop
  endfacet
  facet normal -0.706354 0.0462974 0.706343
    outer loop
      vertex -2.03313 5.07008 0.625459
      vertex -2.03313 5.34978 0.607126
      vertex -2.33373 5.34978 0.306521
    endloop
  endfacet
  facet normal -0.923587 -0.38257 0.0250539
    outer loop
      vertex -1.39908 6.39445 2.75
      vertex -1.56177 6.78721 2.75
      vertex -1.39908 6.38552 2.61364
    endloop
  endfacet
  facet normal -0.499192 -0.571326 0.651455
    outer loop
      vertex -2.671 6.99482 0.60614
      vertex -2.671 7.26057 0.839203
      vertex -3.03917 7.12422 0.437505
    endloop
  endfacet
  facet normal -0.706363 -0.694246 -0.138107
    outer loop
      vertex -2.03313 7.41963 3.50462
      vertex -2.33373 7.71 3.58242
      vertex -2.03313 7.47432 3.2297
    endloop
  endfacet
  facet normal -0.923585 -0.252792 0.288249
    outer loop
      vertex -1.39908 6.08848 2.0113
      vertex -1.56177 6.3662 1.73358
      vertex -1.56177 6.22483 1.6096
    endloop
  endfacet
  facet normal -0.60794 -0.660171 0.441117
    outer loop
      vertex -2.33373 7.28832 1.2625
      vertex -2.671 7.69002 1.39886
      vertex -2.671 7.49364 1.10496
    endloop
  endfacet
  facet normal -0.381991 -0.513446 0.768412
    outer loop
      vertex -3.03917 6.80719 0.225678
      vertex -3.43193 7.22325 0.308438
      vertex -3.43193 6.88854 0.0847876
    endloop
  endfacet
  facet normal -0.499196 0.056687 0.864633
    outer loop
      vertex -2.671 5.34978 0.047724
      vertex -2.75366 5.34978 1.90735e-07
      vertex -2.76465 5.253 1.90735e-07
    endloop
  endfacet
  facet normal -0.792723 -0.458312 -0.40192
    outer loop
      vertex -2.03313 6.86502 4.46524
      vertex -2.03313 7.04983 4.2545
      vertex -1.77433 6.62653 4.22675
    endloop
  endfacet
  facet normal -0.607931 -0.79229 -0.0519328
    outer loop
      vertex -2.671 8.02893 3.30272
      vertex -2.671 8.05205 2.95
      vertex -2.33373 7.79326 2.95
    endloop
  endfacet
  facet normal -0.865557 -0.499739 0.0327353
    outer loop
      vertex -1.56177 6.77492 2.56238
      vertex -1.56177 6.78721 2.75
      vertex -1.77433 7.13993 2.51432
    endloop
  endfacet
  facet normal -0.607937 -0.792284 -0.0519429
    outer loop
      vertex -2.33373 7.77235 3.26894
      vertex -2.671 8.02893 3.30272
      vertex -2.33373 7.79326 2.95
    endloop
  endfacet
  facet normal -0.381985 0.408749 0.828862
    outer loop
      vertex -3.18823 4.21069 1.90735e-07
      vertex -3.03917 3.89236 0.225678
      vertex -3.03917 4.23432 0.0570423
    endloop
  endfacet
  facet normal -0.381999 0.408741 0.828859
    outer loop
      vertex -3.03917 3.89236 0.225678
      vertex -3.18823 4.21069 1.90735e-07
      vertex -3.31708 4.09027 1.90735e-07
    endloop
  endfacet
  facet normal -0.923587 0.0747949 -0.376023
    outer loop
      vertex -1.56177 4.97774 4.33846
      vertex -1.39908 5.21342 3.98574
      vertex -1.39908 5.07939 3.95908
    endloop
  endfacet
  facet normal -0.923585 -0.169571 -0.343856
    outer loop
      vertex -1.39908 5.74956 3.91516
      vertex -1.56177 6.06849 4.19486
      vertex -1.39908 5.87212 3.85472
    endloop
  endfacet
  facet normal -0.792719 0.0398635 -0.608283
    outer loop
      vertex -2.03313 5.07008 5.07454
      vertex -2.03313 5.34978 5.09287
      vertex -1.77433 5.34978 4.7556
    endloop
  endfacet
  facet normal -0.865559 -0.330207 -0.376524
    outer loop
      vertex -1.56177 6.22483 4.0904
      vertex -1.77433 6.62653 4.22675
      vertex -1.56177 6.3662 3.96642
    endloop
  endfacet
  facet normal -0.70636 0.0463081 -0.706336
    outer loop
      vertex -2.33373 5.03084 5.37257
      vertex -2.33373 5.34978 5.39348
      vertex -2.03313 5.34978 5.09287
    endloop
  endfacet
  facet normal -0.923586 0.0250792 -0.382569
    outer loop
      vertex -1.56177 5.16215 4.37514
      vertex -1.56177 5.34978 4.38744
      vertex -1.39908 5.21342 3.98574
    endloop
  endfacet
  facet normal -0.86556 -0.278237 -0.416401
    outer loop
      vertex -1.77433 6.25258 4.5137
      vertex -1.77433 6.44896 4.38248
      vertex -1.56177 6.22483 4.0904
    endloop
  endfacet
  facet normal -0.792717 0.458307 -0.401938
    outer loop
      vertex -2.03313 3.83454 4.46524
      vertex -1.77433 4.07302 4.22675
      vertex -1.77433 3.91729 4.04918
    endloop
  endfacet
  facet normal -0.706352 0.393259 -0.58857
    outer loop
      vertex -2.33373 3.86228 4.88854
      vertex -2.33373 4.12804 5.06611
      vertex -2.03313 4.27834 4.80578
    endloop
  endfacet
  facet normal -0.258313 0.914792 -0.31053
    outer loop
      vertex -3.84256 2.40486 4.16982
      vertex -3.43193 2.50652 4.12772
      vertex -3.43193 2.37712 3.74652
    endloop
  endfacet
  facet normal -0.607927 0.660178 -0.441122
    outer loop
      vertex -2.671 3.20592 4.59504
      vertex -2.33373 3.41123 4.4375
      vertex -2.671 3.00954 4.30114
    endloop
  endfacet
  facet normal -0.865559 0.37652 -0.330211
    outer loop
      vertex -1.77433 3.91729 4.04918
      vertex -1.77433 4.07302 4.22675
      vertex -1.56177 4.33335 3.96642
    endloop
  endfacet
  facet normal -0.706352 0.58857 -0.393259
    outer loop
      vertex -2.33373 3.23366 4.17174
      vertex -2.33373 3.41123 4.4375
      vertex -2.03313 3.49399 4.02144
    endloop
  endfacet
  facet normal -0.923586 0.318781 -0.212996
    outer loop
      vertex -1.56177 4.10492 3.66872
      vertex -1.56177 4.20938 3.82506
      vertex -1.39908 4.44506 3.47234
    endloop
  endfacet
  facet normal -0.792725 0.546719 -0.269604
    outer loop
      vertex -2.03313 3.49399 4.02144
      vertex -1.77433 3.78608 3.8528
      vertex -1.77433 3.68162 3.64097
    endloop
  endfacet
  facet normal -0.499203 0.777132 -0.383226
    outer loop
      vertex -3.03917 2.82545 4.40742
      vertex -2.671 3.00954 4.30114
      vertex -3.03917 2.65682 4.06546
    endloop
  endfacet
  facet normal -0.607942 0.751846 -0.255213
    outer loop
      vertex -2.671 2.73958 3.6494
      vertex -2.671 2.8532 3.98412
      vertex -2.33373 2.98956 3.58242
    endloop
  endfacet
  facet normal -0.706354 0.634866 -0.313064
    outer loop
      vertex -2.33373 3.0923 3.88508
      vertex -2.03313 3.49399 4.02144
      vertex -2.03313 3.37002 3.77004
    endloop
  endfacet
  facet normal -0.706351 0.634866 -0.31307
    outer loop
      vertex -2.33373 3.23366 4.17174
      vertex -2.03313 3.49399 4.02144
      vertex -2.33373 3.0923 3.88508
    endloop
  endfacet
  facet normal -0.706351 0.694258 -0.138109
    outer loop
      vertex -2.33373 2.9272 3.26894
      vertex -2.03313 3.27992 3.50462
      vertex -2.03313 3.22523 3.2297
    endloop
  endfacet
  facet normal -0.792711 0.401929 0.458326
    outer loop
      vertex -1.77433 4.07302 1.47324
      vertex -1.77433 4.25059 1.31752
      vertex -2.03313 3.83454 1.23476
    endloop
  endfacet
  facet normal 0.130242 0.989359 -0.0648587
    outer loop
      vertex -5.11065 2.18949 3.36606
      vertex -4.68917 2.13448 3.3733
      vertex -4.68917 2.10673 2.95
    endloop
  endfacet
  facet normal 0.499286 0.864323 -0.0604876
    outer loop
      vertex -5.91404 2.45988 3.33046
      vertex -6.23982 2.64627 3.30473
      vertex -6.23964 2.64625 3.30593
    endloop
  endfacet
  facet normal 0.499168 0.864656 -0.0565813
    outer loop
      vertex -5.91404 2.45988 3.33046
      vertex -6.2426 2.64526 3.26477
      vertex -6.23982 2.64627 3.30473
    endloop
  endfacet
  facet normal 0.49918 0.864642 -0.0566792
    outer loop
      vertex -6.2426 2.64526 3.26477
      vertex -5.91404 2.45988 3.33046
      vertex -5.91404 2.43494 2.95
    endloop
  endfacet
  facet normal 0 0.997858 -0.0654159
    outer loop
      vertex -4.26405 2.10673 2.95
      vertex -4.68917 2.13448 3.3733
      vertex -4.26405 2.13448 3.3733
    endloop
  endfacet
  facet normal 0 0.997858 -0.0654159
    outer loop
      vertex -4.68917 2.13448 3.3733
      vertex -4.26405 2.10673 2.95
      vertex -4.68917 2.10673 2.95
    endloop
  endfacet
  facet normal 0.258297 0.636965 -0.726332
    outer loop
      vertex -5.11065 3.40932 5.47885
      vertex -5.11065 3.09584 5.20394
      vertex -5.52128 3.17364 5.12614
    endloop
  endfacet
  facet normal 0.38199 0.69482 -0.609351
    outer loop
      vertex -5.52128 3.17364 5.12614
      vertex -5.52128 2.90821 4.82348
      vertex -5.91404 3.03728 4.72444
    endloop
  endfacet
  facet normal -0.499193 0.820506 -0.278524
    outer loop
      vertex -3.03917 2.53426 3.70441
      vertex -3.03917 2.65682 4.06546
      vertex -2.671 2.73958 3.6494
    endloop
  endfacet
  facet normal -0.258294 0.866436 -0.427286
    outer loop
      vertex -3.84256 2.58928 4.54378
      vertex -3.43193 2.68456 4.48876
      vertex -3.84256 2.40486 4.16982
    endloop
  endfacet
  facet normal 0.499213 0.777108 -0.383261
    outer loop
      vertex -5.91404 2.82545 4.40742
      vertex -6.17582 2.90761 4.23303
      vertex -6.16507 2.95097 4.33495
    endloop
  endfacet
  facet normal 0.499199 0.777134 -0.383227
    outer loop
      vertex -6.17582 2.90761 4.23303
      vertex -5.91404 2.82545 4.40742
      vertex -5.91404 2.65682 4.06546
    endloop
  endfacet
  facet normal 0.258306 0.914797 -0.310524
    outer loop
      vertex -5.11065 2.40486 4.16982
      vertex -5.11065 2.27084 3.775
      vertex -5.52128 2.37712 3.74652
    endloop
  endfacet
  facet normal -0.258299 0.72632 -0.636978
    outer loop
      vertex -3.84256 2.82092 4.89046
      vertex -3.84256 3.09584 5.20394
      vertex -3.43193 2.90821 4.82348
    endloop
  endfacet
  facet normal -0.258299 0.803257 -0.536712
    outer loop
      vertex -3.84256 2.82092 4.89046
      vertex -3.43193 2.90821 4.82348
      vertex -3.43193 2.68456 4.48876
    endloop
  endfacet
  facet normal -0.258311 0.866439 -0.427268
    outer loop
      vertex -3.84256 2.40486 4.16982
      vertex -3.43193 2.68456 4.48876
      vertex -3.43193 2.50652 4.12772
    endloop
  endfacet
  facet normal -0.499175 0.571319 -0.651475
    outer loop
      vertex -3.03917 3.57534 5.26249
      vertex -2.671 3.70473 5.09386
      vertex -3.03917 3.28868 5.0111
    endloop
  endfacet
  facet normal -0.792722 0.577232 0.195948
    outer loop
      vertex -2.03313 3.27992 2.19538
      vertex -1.77433 3.68162 2.05903
      vertex -2.03313 3.37002 1.92996
    endloop
  endfacet
  facet normal -0.4992 0.720455 0.481398
    outer loop
      vertex -2.671 3.00954 1.39886
      vertex -2.671 3.20592 1.10496
      vertex -3.03917 3.03728 0.97556
    endloop
  endfacet
  facet normal -0.499189 0.777131 0.383246
    outer loop
      vertex -3.03917 2.65682 1.63454
      vertex -2.671 2.8532 1.71588
      vertex -2.671 3.00954 1.39886
    endloop
  endfacet
  facet normal -0.258313 0.914795 0.310523
    outer loop
      vertex -3.84256 2.27084 1.925
      vertex -3.43193 2.50652 1.57228
      vertex -3.84256 2.40486 1.53018
    endloop
  endfacet
  facet normal -0.258313 0.427282 0.866432
    outer loop
      vertex -3.43193 3.81102 0.0847876
      vertex -3.43193 3.98295 1.90735e-07
      vertex -3.79731 3.76206 1.90735e-07
    endloop
  endfacet
  facet normal -0.607945 0.441103 0.660175
    outer loop
      vertex -2.671 3.70473 0.60614
      vertex -2.33373 3.86228 0.811458
      vertex -2.671 3.99864 0.409761
    endloop
  endfacet
  facet normal -0.499995 0.866029 0
    outer loop
      vertex -2.671 2.6475 2.75
      vertex -3.03917 2.43494 2.95
      vertex -2.671 2.6475 2.95
    endloop
  endfacet
  facet normal -0.499995 0.866029 0
    outer loop
      vertex -3.03917 2.43494 2.95
      vertex -2.671 2.6475 2.75
      vertex -3.03917 2.43494 2.75
    endloop
  endfacet
  facet normal -0.706351 0.670295 0.227536
    outer loop
      vertex -2.33373 2.98956 2.11758
      vertex -2.03313 3.27992 2.19538
      vertex -2.33373 3.0923 1.81492
    endloop
  endfacet
  facet normal -0.499187 0.849844 -0.169047
    outer loop
      vertex -3.03917 2.45988 3.33046
      vertex -2.671 2.73958 3.6494
      vertex -2.671 2.67062 3.30272
    endloop
  endfacet
  facet normal -0.499188 0.864638 0.0566789
    outer loop
      vertex -3.03917 2.43494 2.75
      vertex -2.671 2.67062 2.39728
      vertex -3.03917 2.45988 2.36954
    endloop
  endfacet
  facet normal -0.381996 0.906404 0.180307
    outer loop
      vertex -3.43193 2.29858 2.3483
      vertex -3.03917 2.45988 2.36954
      vertex -3.43193 2.37712 1.95348
    endloop
  endfacet
  facet normal -0.381975 0.906417 0.180285
    outer loop
      vertex -3.03917 2.45988 2.36954
      vertex -3.03917 2.53426 1.99558
      vertex -3.43193 2.37712 1.95348
    endloop
  endfacet
  facet normal -0.991445 0.130526 0
    outer loop
      vertex -1.28905 4.71573 2.75
      vertex -1.23356 5.13722 2.95
      vertex -1.23356 5.13722 2.75
    endloop
  endfacet
  facet normal -0.991445 0.130526 0
    outer loop
      vertex -1.23356 5.13722 2.95
      vertex -1.28905 4.71573 2.75
      vertex -1.28905 4.71573 2.95
    endloop
  endfacet
  facet normal -0.923586 0.343857 -0.169563
    outer loop
      vertex -1.56177 4.02176 3.50008
      vertex -1.56177 4.10492 3.66872
      vertex -1.39908 4.44506 3.47234
    endloop
  endfacet
  facet normal -0.865561 0.474223 -0.160987
    outer loop
      vertex -1.77433 3.68162 3.64097
      vertex -1.56177 4.02176 3.50008
      vertex -1.56177 3.96132 3.32204
    endloop
  endfacet
  facet normal -0.923584 0.376026 -0.0748096
    outer loop
      vertex -1.56177 3.96132 3.32204
      vertex -1.39908 4.34069 3.22038
      vertex -1.56177 3.92463 3.13762
    endloop
  endfacet
  facet normal -0.991408 0.0862444 0.098342
    outer loop
      vertex -1.28905 4.90144 2.30166
      vertex -1.23356 5.19947 2.5997
      vertex -1.28905 4.96379 2.24698
    endloop
  endfacet
  facet normal -0.991408 0.117313 0.0578522
    outer loop
      vertex -1.28905 4.764 2.50736
      vertex -1.23356 5.1534 2.66866
      vertex -1.28905 4.80068 2.43298
    endloop
  endfacet
  facet normal -0.991409 0.00856033 0.130522
    outer loop
      vertex -1.23356 5.32203 2.53926
      vertex -1.23356 5.34978 2.53744
      vertex -1.28905 5.26702 2.12138
    endloop
  endfacet
  facet normal -0.923586 0.025082 0.38257
    outer loop
      vertex -1.39908 5.21342 1.71426
      vertex -1.39908 5.34978 1.70532
      vertex -1.56177 5.34978 1.31256
    endloop
  endfacet
  facet normal -0.792719 0.195948 0.577235
    outer loop
      vertex -1.77433 4.6588 1.08184
      vertex -1.77433 4.88245 1.00592
      vertex -2.03313 4.52973 0.770243
    endloop
  endfacet
  facet normal -0.706356 0.138096 0.694255
    outer loop
      vertex -2.33373 4.71736 0.38978
      vertex -2.03313 5.07008 0.625459
      vertex -2.33373 5.03084 0.327425
    endloop
  endfacet
  facet normal -0.923588 0.213002 0.318773
    outer loop
      vertex -1.39908 4.71382 1.9212
      vertex -1.39908 4.82744 1.84528
      vertex -1.56177 4.47472 1.6096
    endloop
  endfacet
  facet normal -0.865563 0.221493 0.449157
    outer loop
      vertex -1.77433 4.44697 1.1863
      vertex -1.56177 4.63106 1.50514
      vertex -1.77433 4.6588 1.08184
    endloop
  endfacet
  facet normal -0.865563 0.278234 0.416397
    outer loop
      vertex -1.77433 4.25059 1.31752
      vertex -1.56177 4.63106 1.50514
      vertex -1.77433 4.44697 1.1863
    endloop
  endfacet
  facet normal -0.706353 0.466733 0.53219
    outer loop
      vertex -2.03313 3.83454 1.23476
      vertex -2.03313 4.04528 1.04994
      vertex -2.33373 3.86228 0.811458
    endloop
  endfacet
  facet normal -0.965788 0.245572 0.0833583
    outer loop
      vertex -1.28905 4.73734 2.5859
      vertex -1.28905 4.764 2.50736
      vertex -1.39908 4.34069 2.47962
    endloop
  endfacet
  facet normal -0.865564 0.330202 0.376518
    outer loop
      vertex -1.56177 4.33335 1.73358
      vertex -1.56177 4.47472 1.6096
      vertex -1.77433 4.07302 1.47324
    endloop
  endfacet
  facet normal -0.607934 0.523521 0.596944
    outer loop
      vertex -2.671 3.43898 0.839203
      vertex -2.33373 3.62197 1.0222
      vertex -2.671 3.70473 0.60614
    endloop
  endfacet
  facet normal -0.607946 0.5235 0.59695
    outer loop
      vertex -2.33373 3.62197 1.0222
      vertex -2.33373 3.86228 0.811458
      vertex -2.671 3.70473 0.60614
    endloop
  endfacet
  facet normal -0.49919 0.169051 0.849842
    outer loop
      vertex -2.671 4.65038 0.139802
      vertex -2.85502 4.80979 1.90735e-07
      vertex -2.92169 4.61292 1.90735e-07
    endloop
  endfacet
  facet normal -0.706352 0.227536 0.670294
    outer loop
      vertex -2.33373 4.4147 0.49252
      vertex -2.03313 4.52973 0.770243
      vertex -2.33373 4.71736 0.38978
    endloop
  endfacet
  facet normal -0.607942 0.351171 0.712099
    outer loop
      vertex -2.33373 4.12804 0.633886
      vertex -2.33373 4.4147 0.49252
      vertex -2.671 3.99864 0.409761
    endloop
  endfacet
  facet normal -0.70636 0.532184 0.466728
    outer loop
      vertex -2.33373 3.41123 1.2625
      vertex -2.03313 3.64972 1.4455
      vertex -2.03313 3.83454 1.23476
    endloop
  endfacet
  facet normal -0.706351 0.634866 0.31307
    outer loop
      vertex -2.33373 3.0923 1.81492
      vertex -2.03313 3.49399 1.67856
      vertex -2.33373 3.23366 1.52826
    endloop
  endfacet
  facet normal -0.991408 -0.0983412 0.0862457
    outer loop
      vertex -1.23356 5.51841 2.6206
      vertex -1.28905 5.8528 2.36402
      vertex -1.28905 5.79811 2.30166
    endloop
  endfacet
  facet normal -0.965785 0.258786 0.0169793
    outer loop
      vertex -1.39908 4.3051 2.75
      vertex -1.28905 4.71573 2.75
      vertex -1.28905 4.72116 2.66724
    endloop
  endfacet
  facet normal -0.965787 -0.170992 -0.194981
    outer loop
      vertex -1.39908 5.98574 3.7788
      vertex -1.39908 6.08848 3.6887
      vertex -1.28905 5.73576 3.45302
    endloop
  endfacet
  facet normal -0.923586 -0.382572 0.0250603
    outer loop
      vertex -1.39908 6.38552 2.61364
      vertex -1.56177 6.78721 2.75
      vertex -1.56177 6.77492 2.56238
    endloop
  endfacet
  facet normal -0.991408 -0.0726725 0.108756
    outer loop
      vertex -1.23356 5.45606 2.56592
      vertex -1.28905 5.73576 2.24698
      vertex -1.28905 5.6668 2.2009
    endloop
  endfacet
  facet normal -0.991408 -0.108764 0.0726619
    outer loop
      vertex -1.23356 5.51841 2.6206
      vertex -1.28905 5.89887 2.43298
      vertex -1.28905 5.8528 2.36402
    endloop
  endfacet
  facet normal -0.923586 -0.343848 0.169579
    outer loop
      vertex -1.39908 6.25449 2.22766
      vertex -1.56177 6.6778 2.19992
      vertex -1.56177 6.59463 2.03128
    endloop
  endfacet
  facet normal -0.865561 -0.221495 -0.44916
    outer loop
      vertex -1.77433 6.04075 4.61816
      vertex -1.77433 6.25258 4.5137
      vertex -1.56177 5.89986 4.27802
    endloop
  endfacet
  facet normal -0.865564 0.499727 -0.0327345
    outer loop
      vertex -1.56177 3.92463 3.13762
      vertex -1.56177 3.91234 2.95
      vertex -1.77433 3.54417 2.95
    endloop
  endfacet
  facet normal -0.92359 0.382561 -0.0250814
    outer loop
      vertex -1.56177 3.92463 3.13762
      vertex -1.39908 4.31404 3.08636
      vertex -1.39908 4.3051 2.95
    endloop
  endfacet
  facet normal -0.923586 0.123237 -0.363045
    outer loop
      vertex -1.56177 4.79969 4.27802
      vertex -1.56177 4.97774 4.33846
      vertex -1.39908 4.95 3.91516
    endloop
  endfacet
  facet normal -0.706352 0.313095 -0.634853
    outer loop
      vertex -2.33373 4.12804 5.06611
      vertex -2.03313 4.52973 4.92976
      vertex -2.03313 4.27834 4.80578
    endloop
  endfacet
  facet normal -0.499198 -0.38324 -0.777128
    outer loop
      vertex -3.03917 6.75513 5.5
      vertex -2.671 6.70091 5.29024
      vertex -2.88995 6.56076 5.5
    endloop
  endfacet
  facet normal -0.49919 -0.383322 -0.777093
    outer loop
      vertex -2.671 6.70091 5.29024
      vertex -3.03917 6.75513 5.5
      vertex -3.03917 6.80719 5.47432
    endloop
  endfacet
  facet normal -0.38198 -0.609343 -0.694833
    outer loop
      vertex -3.03917 7.12422 5.26249
      vertex -3.43193 7.52591 5.12614
      vertex -3.03917 7.41088 5.0111
    endloop
  endfacet
  facet normal -0.258299 -0.803257 -0.536712
    outer loop
      vertex -3.43193 7.79134 4.82348
      vertex -3.84256 7.87863 4.89046
      vertex -3.43193 8.01499 4.48876
    endloop
  endfacet
  facet normal -0.607936 0.255204 -0.751854
    outer loop
      vertex -2.671 4.47304 5.5
      vertex -2.33373 4.71736 5.31022
      vertex -2.671 4.31566 5.44658
    endloop
  endfacet
  facet normal -0.60794 0.255217 -0.751846
    outer loop
      vertex -2.33373 4.71736 5.31022
      vertex -2.671 4.47304 5.5
      vertex -2.58978 4.66651 5.5
    endloop
  endfacet
  facet normal -0.706351 0.227532 -0.670296
    outer loop
      vertex -2.33373 4.71736 5.31022
      vertex -2.03313 4.79516 5.01986
      vertex -2.03313 4.52973 4.92976
    endloop
  endfacet
  facet normal -0.130263 -0.938868 -0.318682
    outer loop
      vertex -3.84256 8.29469 4.16982
      vertex -4.26405 8.34596 4.19106
      vertex -4.26405 8.48231 3.78936
    endloop
  endfacet
  facet normal -0.381979 -0.828869 -0.408739
    outer loop
      vertex -3.03917 7.8741 4.40742
      vertex -3.43193 8.01499 4.48876
      vertex -3.03917 8.04273 4.06546
    endloop
  endfacet
  facet normal 0.130237 -0.88924 -0.438509
    outer loop
      vertex -4.68917 8.15833 4.57152
      vertex -5.11065 8.11028 4.54378
      vertex -5.11065 8.29469 4.16982
    endloop
  endfacet
  facet normal 0.258314 -0.803244 -0.536724
    outer loop
      vertex -5.11065 8.11028 4.54378
      vertex -5.11065 7.87863 4.89046
      vertex -5.52128 8.01499 4.48876
    endloop
  endfacet
  facet normal 0.499196 -0.169047 0.849839
    outer loop
      vertex -6.10135 5.8925 0.0024008
      vertex -6.03152 6.08664 1.90735e-07
      vertex -6.09202 6.0776 0.0337397
    endloop
  endfacet
  facet normal 0.499106 -0.169014 0.849898
    outer loop
      vertex -6.03152 6.08664 1.90735e-07
      vertex -6.10135 5.8925 0.0024008
      vertex -6.09819 5.88976 1.90735e-07
    endloop
  endfacet
  facet normal 0.499171 -0.278514 0.820523
    outer loop
      vertex -6.08206 6.27537 0.09481
      vertex -5.91404 6.29719 1.90735e-07
      vertex -5.91404 6.46524 0.0570423
    endloop
  endfacet
  facet normal 0.499172 -0.2785 0.820527
    outer loop
      vertex -6.08824 6.15263 0.0569097
      vertex -5.91404 6.29719 1.90735e-07
      vertex -6.08206 6.27537 0.09481
    endloop
  endfacet
  facet normal 0.499192 -0.278533 0.820504
    outer loop
      vertex -5.91404 6.29719 1.90735e-07
      vertex -6.08824 6.15263 0.0569097
      vertex -6.03152 6.08664 1.90735e-07
    endloop
  endfacet
  facet normal 0.499195 -0.278529 0.820504
    outer loop
      vertex -6.03152 6.08664 1.90735e-07
      vertex -6.08824 6.15263 0.0569097
      vertex -6.09202 6.0776 0.0337397
    endloop
  endfacet
  facet normal 0.258337 -0.536719 0.80324
    outer loop
      vertex -5.11065 7.29023 0.221145
      vertex -5.1559 6.93749 1.90735e-07
      vertex -5.11065 6.95927 1.90735e-07
    endloop
  endfacet
  facet normal 0.258301 -0.536721 0.803251
    outer loop
      vertex -5.1559 6.93749 1.90735e-07
      vertex -5.11065 7.29023 0.221145
      vertex -5.52128 6.88854 0.0847876
    endloop
  endfacet
  facet normal 0 -0.659345 0.751841
    outer loop
      vertex -4.68917 7.64295 0.456824
      vertex -4.26405 7.32401 0.177122
      vertex -4.26405 7.64295 0.456824
    endloop
  endfacet
  facet normal 0 -0.659345 0.751841
    outer loop
      vertex -4.26405 7.32401 0.177122
      vertex -4.68917 7.64295 0.456824
      vertex -4.68917 7.32401 0.177122
    endloop
  endfacet
  facet normal -0 0.555572 0.831468
    outer loop
      vertex -4.68917 3.64062 1.90735e-07
      vertex -4.26405 3.37554 0.177122
      vertex -4.26405 3.64062 1.90735e-07
    endloop
  endfacet
  facet normal 0 0.555572 0.831468
    outer loop
      vertex -4.26405 3.37554 0.177122
      vertex -4.68917 3.64062 1.90735e-07
      vertex -4.68917 3.37554 0.177122
    endloop
  endfacet
  facet normal -0.130245 0.824386 0.55084
    outer loop
      vertex -4.26405 2.54122 1.12848
      vertex -3.84256 2.82092 0.809542
      vertex -4.26405 2.7769 0.775762
    endloop
  endfacet
  facet normal 0.2583 0.726321 0.636977
    outer loop
      vertex -5.52128 3.17364 0.573863
      vertex -5.52128 2.90821 0.876523
      vertex -5.11065 3.09584 0.496061
    endloop
  endfacet
  facet normal -0.258337 0.536719 0.80324
    outer loop
      vertex -3.84256 3.40932 0.221145
      vertex -3.79731 3.76206 1.90735e-07
      vertex -3.84256 3.74028 1.90735e-07
    endloop
  endfacet
  facet normal -0.258315 0.53672 0.803247
    outer loop
      vertex -3.79731 3.76206 1.90735e-07
      vertex -3.84256 3.40932 0.221145
      vertex -3.43193 3.81102 0.0847876
    endloop
  endfacet
  facet normal -0.258304 0.536712 0.803255
    outer loop
      vertex -3.84256 3.40932 0.221145
      vertex -3.43193 3.4763 0.308438
      vertex -3.43193 3.81102 0.0847876
    endloop
  endfacet
  facet normal 0.130257 0.65373 0.745433
    outer loop
      vertex -5.11065 3.09584 0.496061
      vertex -4.68917 3.0566 0.456824
      vertex -5.11065 3.40932 0.221145
    endloop
  endfacet
  facet normal 0.258306 0.947498 0.188482
    outer loop
      vertex -5.52128 2.37712 1.95348
      vertex -5.52128 2.29858 2.3483
      vertex -5.11065 2.27084 1.925
    endloop
  endfacet
  facet normal -0.130255 0.889229 0.438527
    outer loop
      vertex -3.84256 2.40486 1.53018
      vertex -3.84256 2.58928 1.15622
      vertex -4.26405 2.54122 1.12848
    endloop
  endfacet
  facet normal -0.258294 0.866436 0.427286
    outer loop
      vertex -3.84256 2.40486 1.53018
      vertex -3.43193 2.68456 1.21124
      vertex -3.84256 2.58928 1.15622
    endloop
  endfacet
  facet normal 0.381985 0.408749 0.828862
    outer loop
      vertex -5.91404 3.89236 0.225678
      vertex -5.76498 4.21069 1.90735e-07
      vertex -5.91404 4.23432 0.0570423
    endloop
  endfacet
  facet normal 0.381999 0.408741 0.828859
    outer loop
      vertex -5.76498 4.21069 1.90735e-07
      vertex -5.91404 3.89236 0.225678
      vertex -5.63613 4.09027 1.90735e-07
    endloop
  endfacet
  facet normal 0.498301 0.169193 0.850335
    outer loop
      vertex -6.15432 4.8414 0.0266806
      vertex -6.14559 4.94978 1.90735e-07
      vertex -6.14886 4.94978 0.00191643
    endloop
  endfacet
  facet normal 0.499151 0.16901 0.849873
    outer loop
      vertex -6.14559 4.94978 1.90735e-07
      vertex -6.15432 4.8414 0.0266806
      vertex -6.09819 4.80979 1.90735e-07
    endloop
  endfacet
  facet normal 0.499162 0.16904 0.84986
    outer loop
      vertex -6.09819 4.80979 1.90735e-07
      vertex -6.15432 4.8414 0.0266806
      vertex -6.15855 4.7575 0.0458531
    endloop
  endfacet
  facet normal 0.258317 -0.536742 -0.803231
    outer loop
      vertex -5.38167 7.12816 5.5
      vertex -5.52128 7.06097 5.5
      vertex -5.52128 7.22325 5.39156
    endloop
  endfacet
  facet normal 0.381906 -0.408725 -0.82891
    outer loop
      vertex -5.88242 6.78468 5.5
      vertex -5.90589 6.76275 5.5
      vertex -5.90392 6.79998 5.48255
    endloop
  endfacet
  facet normal -0.607944 -0.154886 -0.778726
    outer loop
      vertex -2.56279 5.92711 5.5
      vertex -2.33373 5.98219 5.31022
      vertex -2.33373 5.66871 5.37257
    endloop
  endfacet
  facet normal -0.607944 -0.154884 -0.778726
    outer loop
      vertex -2.33373 5.98219 5.31022
      vertex -2.56279 5.92711 5.5
      vertex -2.58978 6.03305 5.5
    endloop
  endfacet
  facet normal -0.130238 0.989359 0.0648588
    outer loop
      vertex -4.26405 2.10673 2.75
      vertex -3.84256 2.18949 2.33394
      vertex -4.26405 2.13448 2.3267
    endloop
  endfacet
  facet normal -0.130238 0.972429 0.193444
    outer loop
      vertex -4.26405 2.13448 2.3267
      vertex -3.84256 2.18949 2.33394
      vertex -3.84256 2.27084 1.925
    endloop
  endfacet
  facet normal -0.381995 0.922185 0.060446
    outer loop
      vertex -3.43193 2.27225 2.75
      vertex -3.03917 2.45988 2.36954
      vertex -3.43193 2.29858 2.3483
    endloop
  endfacet
  facet normal -0.499191 0.864637 -0.056675
    outer loop
      vertex -2.671 2.67062 3.30272
      vertex -2.671 2.6475 2.95
      vertex -3.03917 2.43494 2.95
    endloop
  endfacet
  facet normal -0.381979 0.906415 -0.180289
    outer loop
      vertex -3.43193 2.37712 3.74652
      vertex -3.03917 2.53426 3.70441
      vertex -3.03917 2.45988 3.33046
    endloop
  endfacet
  facet normal -0.130251 0.938866 -0.318694
    outer loop
      vertex -4.26405 2.21724 3.78936
      vertex -3.84256 2.40486 4.16982
      vertex -3.84256 2.27084 3.775
    endloop
  endfacet
  facet normal 0.381995 0.922185 -0.060446
    outer loop
      vertex -5.91404 2.45988 3.33046
      vertex -5.52128 2.29858 3.3517
      vertex -5.52128 2.27225 2.95
    endloop
  endfacet
  facet normal 0.499206 -0.864629 0.0566587
    outer loop
      vertex -5.98405 8.22016 2.68852
      vertex -5.91404 8.26461 2.75
      vertex -5.98384 8.22431 2.75
    endloop
  endfacet
  facet normal 0.499117 -0.864672 0.0567902
    outer loop
      vertex -5.91404 8.26461 2.75
      vertex -5.98405 8.22016 2.68852
      vertex -5.98407 8.21978 2.68291
    endloop
  endfacet
  facet normal 0.381984 0.297075 0.87512
    outer loop
      vertex -5.83394 4.29936 1.90735e-07
      vertex -5.91404 4.23432 0.0570423
      vertex -5.76498 4.21069 1.90735e-07
    endloop
  endfacet
  facet normal 0.499178 -0.720441 0.481442
    outer loop
      vertex -6.0118 7.66964 1.08795
      vertex -6.01449 7.61626 1.01086
      vertex -5.91404 7.66227 0.97556
    endloop
  endfacet
  facet normal 0.381988 -0.408752 0.828859
    outer loop
      vertex -5.52128 6.88854 0.0847876
      vertex -5.63613 6.60928 1.90735e-07
      vertex -5.52128 6.71661 1.90735e-07
    endloop
  endfacet
  facet normal 0.381989 -0.408752 0.828858
    outer loop
      vertex -5.63613 6.60928 1.90735e-07
      vertex -5.52128 6.88854 0.0847876
      vertex -5.91404 6.80719 0.225678
    endloop
  endfacet
  facet normal 0.499207 -0.278553 0.820488
    outer loop
      vertex -6.07427 6.42983 0.142509
      vertex -6.08206 6.27537 0.09481
      vertex -5.91404 6.46524 0.0570423
    endloop
  endfacet
  facet normal 0.499214 0.383251 -0.777113
    outer loop
      vertex -5.91404 3.89236 5.47432
      vertex -6.05549 4.01584 5.44435
      vertex -6.05228 4.0513 5.4639
    endloop
  endfacet
  facet normal 0.49918 0.383262 -0.777129
    outer loop
      vertex -6.05748 3.99392 5.43227
      vertex -5.91404 3.89236 5.47432
      vertex -6.05731 3.93372 5.40269
    endloop
  endfacet
  facet normal 0.499081 0.383054 -0.777295
    outer loop
      vertex -5.91404 3.89236 5.47432
      vertex -6.05748 3.99392 5.43227
      vertex -6.05549 4.01584 5.44435
    endloop
  endfacet
  facet normal 0.382038 0.408734 -0.828845
    outer loop
      vertex -5.88242 3.91488 5.5
      vertex -5.84246 3.87753 5.5
      vertex -5.91404 3.89236 5.47432
    endloop
  endfacet
  facet normal 0.130284 0.550994 -0.824276
    outer loop
      vertex -5.11065 3.44096 5.5
      vertex -4.9082 3.39309 5.5
      vertex -5.11065 3.40932 5.47885
    endloop
  endfacet
  facet normal 0.49921 0.720196 -0.481775
    outer loop
      vertex -5.91404 3.03728 4.72444
      vertex -6.14202 3.13492 4.63417
      vertex -6.14008 3.14082 4.645
    endloop
  endfacet
  facet normal 0.49917 0.720541 -0.481301
    outer loop
      vertex -5.91404 3.03728 4.72444
      vertex -6.14341 3.12585 4.61915
      vertex -6.14202 3.13492 4.63417
    endloop
  endfacet
  facet normal 0.499181 0.720482 -0.481377
    outer loop
      vertex -6.14341 3.12585 4.61915
      vertex -5.91404 3.03728 4.72444
      vertex -6.15983 3.01876 4.44184
    endloop
  endfacet
  facet normal 0.498413 -0.777557 -0.383393
    outer loop
      vertex -5.91404 8.04273 4.06546
      vertex -5.91869 8.03828 4.06844
      vertex -5.91846 8.04038 4.06448
    endloop
  endfacet
  facet normal -0.130526 -0.991445 0
    outer loop
      vertex -4.26405 8.59282 2.75
      vertex -3.84256 8.53733 2.95
      vertex -4.26405 8.59282 2.95
    endloop
  endfacet
  facet normal -0.130526 -0.991445 -0
    outer loop
      vertex -3.84256 8.53733 2.95
      vertex -4.26405 8.59282 2.75
      vertex -3.84256 8.53733 2.75
    endloop
  endfacet
  facet normal 0 -0.997858 -0.0654159
    outer loop
      vertex -4.68917 8.59282 2.95
      vertex -4.26405 8.56507 3.3733
      vertex -4.68917 8.56507 3.3733
    endloop
  endfacet
  facet normal 0 -0.997858 -0.0654159
    outer loop
      vertex -4.26405 8.56507 3.3733
      vertex -4.68917 8.59282 2.95
      vertex -4.26405 8.59282 2.95
    endloop
  endfacet
  facet normal -0.381977 -0.906416 0.180287
    outer loop
      vertex -3.03917 8.23968 2.36954
      vertex -3.43193 8.40097 2.3483
      vertex -3.43193 8.32244 1.95348
    endloop
  endfacet
  facet normal -0.499185 -0.720462 0.481403
    outer loop
      vertex -2.671 7.49364 1.10496
      vertex -2.671 7.69002 1.39886
      vertex -3.03917 7.66227 0.97556
    endloop
  endfacet
  facet normal -0.258309 -0.963994 -0.0631863
    outer loop
      vertex -3.43193 8.40097 3.3517
      vertex -3.84256 8.51006 3.36606
      vertex -3.43193 8.4273 2.95
    endloop
  endfacet
  facet normal 0 -0.980785 -0.195092
    outer loop
      vertex -4.68917 8.56507 3.3733
      vertex -4.26405 8.48231 3.78936
      vertex -4.68917 8.48231 3.78936
    endloop
  endfacet
  facet normal 0 -0.980785 -0.195092
    outer loop
      vertex -4.26405 8.48231 3.78936
      vertex -4.68917 8.56507 3.3733
      vertex -4.26405 8.56507 3.3733
    endloop
  endfacet
  facet normal -0.258309 -0.947502 -0.188459
    outer loop
      vertex -3.43193 8.32244 3.74652
      vertex -3.84256 8.51006 3.36606
      vertex -3.43193 8.40097 3.3517
    endloop
  endfacet
  facet normal -0.381977 -0.906416 -0.180287
    outer loop
      vertex -3.43193 8.32244 3.74652
      vertex -3.43193 8.40097 3.3517
      vertex -3.03917 8.23968 3.33046
    endloop
  endfacet
  facet normal -0.706364 -0.670283 -0.227532
    outer loop
      vertex -2.03313 7.32953 3.77004
      vertex -2.33373 7.60726 3.88508
      vertex -2.33373 7.71 3.58242
    endloop
  endfacet
  facet normal -0.923586 -0.382572 -0.0250603
    outer loop
      vertex -1.39908 6.38552 3.08636
      vertex -1.56177 6.77492 3.13762
      vertex -1.56177 6.78721 2.95
    endloop
  endfacet
  facet normal 0.258309 -0.963994 0.0631863
    outer loop
      vertex -5.52128 8.4273 2.75
      vertex -5.52128 8.40097 2.3483
      vertex -5.11065 8.51006 2.33394
    endloop
  endfacet
  facet normal 0.49921 -0.849817 0.169115
    outer loop
      vertex -5.98576 8.18626 2.31281
      vertex -5.91404 8.23968 2.36954
      vertex -5.98512 8.19899 2.37489
    endloop
  endfacet
  facet normal 0.499282 -0.849797 0.169004
    outer loop
      vertex -5.9882 8.13783 2.0765
      vertex -5.91404 8.23968 2.36954
      vertex -5.98576 8.18626 2.31281
    endloop
  endfacet
  facet normal 0.499156 -0.84986 0.169059
    outer loop
      vertex -5.91404 8.23968 2.36954
      vertex -5.9882 8.13783 2.0765
      vertex -5.91404 8.16529 1.99558
    endloop
  endfacet
  facet normal 0.258304 -0.63696 0.726334
    outer loop
      vertex -5.11065 7.60372 0.496061
      vertex -5.52128 7.22325 0.308438
      vertex -5.11065 7.29023 0.221145
    endloop
  endfacet
  facet normal 0.381999 -0.875117 0.297062
    outer loop
      vertex -5.52128 8.32244 1.95348
      vertex -5.91404 8.04273 1.63454
      vertex -5.52128 8.19304 1.57228
    endloop
  endfacet
  facet normal 0.49912 -0.864673 -0.0567441
    outer loop
      vertex -5.91404 8.26461 2.95
      vertex -5.98056 8.22203 3.01373
      vertex -5.97923 8.22698 2.95
    endloop
  endfacet
  facet normal 0.258306 -0.963995 -0.0631835
    outer loop
      vertex -5.11065 8.53733 2.95
      vertex -5.11065 8.51006 3.36606
      vertex -5.52128 8.4273 2.95
    endloop
  endfacet
  facet normal 0.381999 -0.875117 -0.297062
    outer loop
      vertex -5.52128 8.19304 4.12772
      vertex -5.91404 8.04273 4.06546
      vertex -5.52128 8.32244 3.74652
    endloop
  endfacet
  facet normal -0.130238 -0.98936 -0.064846
    outer loop
      vertex -3.84256 8.51006 3.36606
      vertex -4.26405 8.56507 3.3733
      vertex -3.84256 8.53733 2.95
    endloop
  endfacet
  facet normal 0.381975 -0.922194 0.0604465
    outer loop
      vertex -5.52128 8.4273 2.75
      vertex -5.91404 8.23968 2.36954
      vertex -5.52128 8.40097 2.3483
    endloop
  endfacet
  facet normal 0 -0.946936 0.321421
    outer loop
      vertex -4.68917 8.34596 1.50894
      vertex -4.26405 8.48231 1.91064
      vertex -4.68917 8.48231 1.91064
    endloop
  endfacet
  facet normal 0 -0.946936 0.321421
    outer loop
      vertex -4.26405 8.48231 1.91064
      vertex -4.68917 8.34596 1.50894
      vertex -4.26405 8.34596 1.50894
    endloop
  endfacet
  facet normal -0.258291 -0.866435 0.42729
    outer loop
      vertex -3.43193 8.19304 1.57228
      vertex -3.84256 8.29469 1.53018
      vertex -3.43193 8.01499 1.21124
    endloop
  endfacet
  facet normal 0.130255 -0.972426 0.193444
    outer loop
      vertex -5.11065 8.51006 2.33394
      vertex -5.11065 8.42871 1.925
      vertex -4.68917 8.48231 1.91064
    endloop
  endfacet
  facet normal 0.130241 -0.989359 0.064846
    outer loop
      vertex -5.11065 8.53733 2.75
      vertex -5.11065 8.51006 2.33394
      vertex -4.68917 8.56507 2.3267
    endloop
  endfacet
  facet normal -0.258292 -0.914798 0.310532
    outer loop
      vertex -3.43193 8.19304 1.57228
      vertex -3.43193 8.32244 1.95348
      vertex -3.84256 8.29469 1.53018
    endloop
  endfacet
  facet normal 0 -0.751841 0.659344
    outer loop
      vertex -4.68917 7.64295 0.456824
      vertex -4.26405 7.92265 0.775762
      vertex -4.68917 7.92265 0.775762
    endloop
  endfacet
  facet normal 0 -0.751841 0.659344
    outer loop
      vertex -4.26405 7.92265 0.775762
      vertex -4.68917 7.64295 0.456824
      vertex -4.26405 7.64295 0.456824
    endloop
  endfacet
  facet normal 0.381999 -0.906402 -0.180311
    outer loop
      vertex -5.52128 8.32244 3.74652
      vertex -5.91404 8.16529 3.70441
      vertex -5.91404 8.23968 3.33046
    endloop
  endfacet
  facet normal 0.499028 -0.849947 -0.168999
    outer loop
      vertex -5.94814 8.16829 3.58863
      vertex -5.91404 8.16529 3.70441
      vertex -5.93697 8.1568 3.6794
    endloop
  endfacet
  facet normal 0.495263 -0.852064 -0.169415
    outer loop
      vertex -5.9492 8.17037 3.57507
      vertex -5.94814 8.16829 3.58863
      vertex -5.949 8.16917 3.58169
    endloop
  endfacet
  facet normal 0.500322 -0.849115 -0.169358
    outer loop
      vertex -5.94814 8.16829 3.58863
      vertex -5.9492 8.17037 3.57507
      vertex -5.91404 8.16529 3.70441
    endloop
  endfacet
  facet normal 0.499134 -0.849872 -0.169065
    outer loop
      vertex -5.9492 8.17037 3.57507
      vertex -5.91404 8.23968 3.33046
      vertex -5.91404 8.16529 3.70441
    endloop
  endfacet
  facet normal 0.499267 -0.849801 -0.169026
    outer loop
      vertex -5.91404 8.23968 3.33046
      vertex -5.9492 8.17037 3.57507
      vertex -5.95692 8.21513 3.32723
    endloop
  endfacet
  facet normal 0.382002 -0.768254 -0.513674
    outer loop
      vertex -5.90112 7.67388 4.71668
      vertex -5.52128 7.79134 4.82348
      vertex -5.90007 7.66686 4.72796
    endloop
  endfacet
  facet normal 0.381986 -0.768421 -0.513436
    outer loop
      vertex -5.52128 7.79134 4.82348
      vertex -5.90112 7.67388 4.71668
      vertex -5.52128 8.01499 4.48876
    endloop
  endfacet
  facet normal -0.865561 -0.330197 0.376529
    outer loop
      vertex -1.56177 6.22483 1.6096
      vertex -1.77433 6.62653 1.47324
      vertex -1.77433 6.44896 1.31752
    endloop
  endfacet
  facet normal -0.792714 -0.546733 0.269604
    outer loop
      vertex -1.77433 7.01794 2.05903
      vertex -2.03313 7.32953 1.92996
      vertex -2.03313 7.20556 1.67856
    endloop
  endfacet
  facet normal -0.706352 -0.313072 0.634865
    outer loop
      vertex -2.03313 6.16982 0.770243
      vertex -2.33373 6.57152 0.633886
      vertex -2.33373 6.28485 0.49252
    endloop
  endfacet
  facet normal -0.706354 -0.138096 0.694258
    outer loop
      vertex -2.03313 5.62948 0.625459
      vertex -2.33373 5.98219 0.38978
      vertex -2.33373 5.66871 0.327425
    endloop
  endfacet
  facet normal -0.965786 -0.215643 0.144064
    outer loop
      vertex -1.28905 5.8528 2.36402
      vertex -1.28905 5.89887 2.43298
      vertex -1.39908 6.17858 2.11404
    endloop
  endfacet
  facet normal -0.865563 -0.2215 0.449153
    outer loop
      vertex -1.56177 5.89986 1.42198
      vertex -1.56177 6.06849 1.50514
      vertex -1.77433 6.25258 1.1863
    endloop
  endfacet
  facet normal -0.706355 -0.466718 0.532201
    outer loop
      vertex -2.03313 6.86502 1.23476
      vertex -2.33373 7.07758 1.0222
      vertex -2.33373 6.83727 0.811458
    endloop
  endfacet
  facet normal -0.792722 -0.597868 -0.118934
    outer loop
      vertex -1.77433 7.09385 3.41732
      vertex -2.03313 7.41963 3.50462
      vertex -2.03313 7.47432 3.2297
    endloop
  endfacet
  facet normal -0.607945 -0.441117 0.660165
    outer loop
      vertex -2.33373 6.57152 0.633886
      vertex -2.33373 6.83727 0.811458
      vertex -2.671 6.99482 0.60614
    endloop
  endfacet
  facet normal -0.706355 -0.532193 0.466726
    outer loop
      vertex -2.03313 6.86502 1.23476
      vertex -2.33373 7.28832 1.2625
      vertex -2.33373 7.07758 1.0222
    endloop
  endfacet
  facet normal -0.706352 -0.227536 0.670294
    outer loop
      vertex -2.03313 6.16982 0.770243
      vertex -2.33373 6.28485 0.49252
      vertex -2.33373 5.98219 0.38978
    endloop
  endfacet
  facet normal -0.381967 -0.297061 0.875132
    outer loop
      vertex -3.03917 6.46524 0.0570423
      vertex -3.18823 6.48886 1.90735e-07
      vertex -3.11927 6.40019 1.90735e-07
    endloop
  endfacet
  facet normal -0.499197 -0.278529 0.820503
    outer loop
      vertex -2.671 6.04918 0.139802
      vertex -2.671 6.38389 0.253423
      vertex -3.03917 6.46524 0.0570423
    endloop
  endfacet
  facet normal -0.13025 -0.653728 0.745436
    outer loop
      vertex -3.84256 7.29023 0.221145
      vertex -4.26405 7.64295 0.456824
      vertex -4.26405 7.32401 0.177122
    endloop
  endfacet
  facet normal -0.381999 -0.828852 -0.408756
    outer loop
      vertex -3.43193 8.01499 4.48876
      vertex -3.43193 8.19304 4.12772
      vertex -3.03917 8.04273 4.06546
    endloop
  endfacet
  facet normal -0.258291 -0.866435 -0.42729
    outer loop
      vertex -3.43193 8.01499 4.48876
      vertex -3.84256 8.29469 4.16982
      vertex -3.43193 8.19304 4.12772
    endloop
  endfacet
  facet normal -0.258314 -0.726318 -0.636974
    outer loop
      vertex -3.43193 7.52591 5.12614
      vertex -3.84256 7.60372 5.20394
      vertex -3.43193 7.79134 4.82348
    endloop
  endfacet
  facet normal -0.258311 -0.636961 -0.72633
    outer loop
      vertex -3.43193 7.22325 5.39156
      vertex -3.84256 7.60372 5.20394
      vertex -3.43193 7.52591 5.12614
    endloop
  endfacet
  facet normal -0.706352 -0.634857 -0.313088
    outer loop
      vertex -2.03313 7.20556 4.02144
      vertex -2.33373 7.46589 4.17174
      vertex -2.33373 7.60726 3.88508
    endloop
  endfacet
  facet normal -0.499196 -0.571321 -0.651457
    outer loop
      vertex -2.671 6.99482 5.09386
      vertex -3.03917 7.41088 5.0111
      vertex -2.671 7.26057 4.8608
    endloop
  endfacet
  facet normal -0.792714 -0.546733 -0.269604
    outer loop
      vertex -2.03313 7.20556 4.02144
      vertex -2.03313 7.32953 3.77004
      vertex -1.77433 7.01794 3.64097
    endloop
  endfacet
  facet normal -0.706361 -0.588552 -0.393269
    outer loop
      vertex -2.03313 7.04983 4.2545
      vertex -2.33373 7.28832 4.4375
      vertex -2.03313 7.20556 4.02144
    endloop
  endfacet
  facet normal -0.60794 0.154899 0.778727
    outer loop
      vertex -2.671 4.65038 0.139802
      vertex -2.33373 4.71736 0.38978
      vertex -2.671 4.99706 0.0708429
    endloop
  endfacet
  facet normal -0.607939 0.255215 0.751848
    outer loop
      vertex -2.671 4.31566 0.253423
      vertex -2.33373 4.71736 0.38978
      vertex -2.671 4.65038 0.139802
    endloop
  endfacet
  facet normal -0.792714 0.118931 -0.59788
    outer loop
      vertex -2.03313 5.07008 5.07454
      vertex -1.77433 5.1141 4.74016
      vertex -1.77433 4.88245 4.69408
    endloop
  endfacet
  facet normal -0.923587 -0.0747929 -0.376024
    outer loop
      vertex -1.56177 5.5374 4.37514
      vertex -1.56177 5.72181 4.33846
      vertex -1.39908 5.48613 3.98574
    endloop
  endfacet
  facet normal -0.86556 -0.416408 -0.278227
    outer loop
      vertex -1.56177 6.49017 3.82506
      vertex -1.77433 6.91347 3.8528
      vertex -1.56177 6.59463 3.66872
    endloop
  endfacet
  facet normal -0.865559 -0.37652 -0.330211
    outer loop
      vertex -1.77433 6.62653 4.22675
      vertex -1.77433 6.78226 4.04918
      vertex -1.56177 6.3662 3.96642
    endloop
  endfacet
  facet normal -0.865563 -0.0327399 -0.499729
    outer loop
      vertex -1.77433 5.34978 4.7556
      vertex -1.77433 5.58545 4.74016
      vertex -1.56177 5.5374 4.37514
    endloop
  endfacet
  facet normal -0.991408 -0.00854809 -0.130524
    outer loop
      vertex -1.28905 5.34978 3.58404
      vertex -1.28905 5.43254 3.57862
      vertex -1.23356 5.34978 3.16256
    endloop
  endfacet
  facet normal -0.499188 -0.481391 -0.720468
    outer loop
      vertex -2.671 6.70091 5.29024
      vertex -3.03917 6.80719 5.47432
      vertex -2.671 6.99482 5.09386
    endloop
  endfacet
  facet normal -0.706351 -0.138086 -0.694262
    outer loop
      vertex -2.33373 5.66871 5.37257
      vertex -2.33373 5.98219 5.31022
      vertex -2.03313 5.90439 5.01986
    endloop
  endfacet
  facet normal -0.923584 -0.212999 -0.318785
    outer loop
      vertex -1.56177 6.06849 4.19486
      vertex -1.56177 6.22483 4.0904
      vertex -1.39908 5.87212 3.85472
    endloop
  endfacet
  facet normal -0.79272 -0.118918 -0.597874
    outer loop
      vertex -2.03313 5.62948 5.07454
      vertex -2.03313 5.90439 5.01986
      vertex -1.77433 5.8171 4.69408
    endloop
  endfacet
  facet normal -0.923584 -0.318784 -0.212999
    outer loop
      vertex -1.56177 6.49017 3.82506
      vertex -1.56177 6.59463 3.66872
      vertex -1.39908 6.17858 3.58596
    endloop
  endfacet
  facet normal -0.607948 -0.523496 -0.596951
    outer loop
      vertex -2.33373 6.83727 4.88854
      vertex -2.671 6.99482 5.09386
      vertex -2.33373 7.07758 4.6778
    endloop
  endfacet
  facet normal -0.923587 -0.123223 -0.363047
    outer loop
      vertex -1.39908 5.62016 3.95908
      vertex -1.56177 5.72181 4.33846
      vertex -1.39908 5.74956 3.91516
    endloop
  endfacet
  facet normal -0.923586 -0.0250805 -0.382569
    outer loop
      vertex -1.56177 5.34978 4.38744
      vertex -1.56177 5.5374 4.37514
      vertex -1.39908 5.48613 3.98574
    endloop
  endfacet
  facet normal -0.923586 0.169571 -0.343852
    outer loop
      vertex -1.56177 4.63106 4.19486
      vertex -1.56177 4.79969 4.27802
      vertex -1.39908 4.95 3.91516
    endloop
  endfacet
  facet normal -0.965786 0.114704 -0.232596
    outer loop
      vertex -1.39908 4.82744 3.85472
      vertex -1.39908 4.95 3.91516
      vertex -1.28905 5.03275 3.4991
    endloop
  endfacet
  facet normal -0.792719 0.338674 -0.506849
    outer loop
      vertex -2.03313 4.04528 4.65006
      vertex -1.77433 4.44697 4.5137
      vertex -1.77433 4.25059 4.38248
    endloop
  endfacet
  facet normal -0.70635 0.393257 -0.588573
    outer loop
      vertex -2.33373 3.86228 4.88854
      vertex -2.03313 4.27834 4.80578
      vertex -2.03313 4.04528 4.65006
    endloop
  endfacet
  facet normal -0.607947 0.441103 -0.660173
    outer loop
      vertex -2.671 3.70473 5.09386
      vertex -2.671 3.99864 5.29024
      vertex -2.33373 3.86228 4.88854
    endloop
  endfacet
  facet normal -0.607927 0.596952 -0.523519
    outer loop
      vertex -2.671 3.20592 4.59504
      vertex -2.33373 3.62197 4.6778
      vertex -2.33373 3.41123 4.4375
    endloop
  endfacet
  facet normal -0.792718 0.401937 -0.458306
    outer loop
      vertex -2.03313 3.83454 4.46524
      vertex -1.77433 4.25059 4.38248
      vertex -1.77433 4.07302 4.22675
    endloop
  endfacet
  facet normal -0.865559 0.330211 -0.37652
    outer loop
      vertex -1.77433 4.07302 4.22675
      vertex -1.77433 4.25059 4.38248
      vertex -1.56177 4.33335 3.96642
    endloop
  endfacet
  facet normal -0.706364 0.532181 -0.466726
    outer loop
      vertex -2.33373 3.62197 4.6778
      vertex -2.03313 3.83454 4.46524
      vertex -2.03313 3.64972 4.2545
    endloop
  endfacet
  facet normal -0.70636 0.532189 -0.466723
    outer loop
      vertex -2.33373 3.41123 4.4375
      vertex -2.33373 3.62197 4.6778
      vertex -2.03313 3.64972 4.2545
    endloop
  endfacet
  facet normal -0.607936 0.596956 -0.523505
    outer loop
      vertex -2.671 3.43898 4.8608
      vertex -2.33373 3.62197 4.6778
      vertex -2.671 3.20592 4.59504
    endloop
  endfacet
  facet normal -0.381991 0.60934 -0.69483
    outer loop
      vertex -3.43193 3.4763 5.39156
      vertex -3.03917 3.57534 5.26249
      vertex -3.03917 3.28868 5.0111
    endloop
  endfacet
  facet normal -0.607943 0.778724 -0.1549
    outer loop
      vertex -2.671 2.73958 3.6494
      vertex -2.33373 2.98956 3.58242
      vertex -2.671 2.67062 3.30272
    endloop
  endfacet
  facet normal -0.607946 0.712095 -0.351173
    outer loop
      vertex -2.671 2.8532 3.98412
      vertex -2.671 3.00954 4.30114
      vertex -2.33373 3.0923 3.88508
    endloop
  endfacet
  facet normal -0.706352 0.694257 -0.138107
    outer loop
      vertex -2.33373 2.98956 3.58242
      vertex -2.03313 3.27992 3.50462
      vertex -2.33373 2.9272 3.26894
    endloop
  endfacet
  facet normal -0.706351 0.670295 -0.227536
    outer loop
      vertex -2.33373 2.98956 3.58242
      vertex -2.33373 3.0923 3.88508
      vertex -2.03313 3.27992 3.50462
    endloop
  endfacet
  facet normal -0.792722 0.577232 -0.195948
    outer loop
      vertex -2.03313 3.37002 3.77004
      vertex -1.77433 3.68162 3.64097
      vertex -2.03313 3.27992 3.50462
    endloop
  endfacet
  facet normal -0.792722 0.546724 -0.2696
    outer loop
      vertex -2.03313 3.37002 3.77004
      vertex -2.03313 3.49399 4.02144
      vertex -1.77433 3.68162 3.64097
    endloop
  endfacet
  facet normal -0.607936 0.792287 -0.0519182
    outer loop
      vertex -2.671 2.67062 3.30272
      vertex -2.33373 2.9272 3.26894
      vertex -2.33373 2.9063 2.95
    endloop
  endfacet
  facet normal 0.130529 0.991445 -0
    outer loop
      vertex -4.68917 2.10673 2.75
      vertex -5.11065 2.16222 2.95
      vertex -4.68917 2.10673 2.95
    endloop
  endfacet
  facet normal 0.130529 0.991445 0
    outer loop
      vertex -5.11065 2.16222 2.95
      vertex -4.68917 2.10673 2.75
      vertex -5.11065 2.16222 2.75
    endloop
  endfacet
  facet normal 0.130255 0.972429 -0.193429
    outer loop
      vertex -5.11065 2.27084 3.775
      vertex -4.68917 2.21724 3.78936
      vertex -4.68917 2.13448 3.3733
    endloop
  endfacet
  facet normal -0.258309 0.963994 -0.0631863
    outer loop
      vertex -3.84256 2.18949 3.36606
      vertex -3.43193 2.29858 3.3517
      vertex -3.43193 2.27225 2.95
    endloop
  endfacet
  facet normal 0.381993 0.609337 -0.694831
    outer loop
      vertex -5.52128 3.4763 5.39156
      vertex -5.52128 3.17364 5.12614
      vertex -5.91404 3.28868 5.0111
    endloop
  endfacet
  facet normal 0.499196 0.651454 -0.571324
    outer loop
      vertex -5.91404 3.03728 4.72444
      vertex -6.13058 3.24 4.76639
      vertex -5.91404 3.28868 5.0111
    endloop
  endfacet
  facet normal 0.499198 0.651456 -0.57132
    outer loop
      vertex -5.91404 3.03728 4.72444
      vertex -6.13973 3.14443 4.64942
      vertex -6.13058 3.24 4.76639
    endloop
  endfacet
  facet normal 0.499187 0.651318 -0.571487
    outer loop
      vertex -6.13973 3.14443 4.64942
      vertex -5.91404 3.03728 4.72444
      vertex -6.14008 3.14082 4.645
    endloop
  endfacet
  facet normal 0.499208 0.720449 -0.481398
    outer loop
      vertex -5.91404 2.82545 4.40742
      vertex -6.15983 3.01876 4.44184
      vertex -5.91404 3.03728 4.72444
    endloop
  endfacet
  facet normal 0.499173 0.720419 -0.481479
    outer loop
      vertex -5.91404 2.82545 4.40742
      vertex -6.16508 2.98453 4.38518
      vertex -6.15983 3.01876 4.44184
    endloop
  endfacet
  facet normal 0.499247 0.72058 -0.481163
    outer loop
      vertex -5.91404 2.82545 4.40742
      vertex -6.16508 2.97627 4.37281
      vertex -6.16508 2.98453 4.38518
    endloop
  endfacet
  facet normal 0.499215 0.720487 -0.481335
    outer loop
      vertex -6.16508 2.97627 4.37281
      vertex -5.91404 2.82545 4.40742
      vertex -6.16507 2.95097 4.33495
    endloop
  endfacet
  facet normal 0.38199 0.768419 -0.513435
    outer loop
      vertex -5.91404 3.03728 4.72444
      vertex -5.52128 2.90821 4.82348
      vertex -5.52128 2.68456 4.48876
    endloop
  endfacet
  facet normal 0.499214 0.777136 -0.383204
    outer loop
      vertex -5.91404 2.65682 4.06546
      vertex -6.18727 2.8614 4.1244
      vertex -6.17582 2.90761 4.23303
    endloop
  endfacet
  facet normal 0.499173 0.777111 -0.383309
    outer loop
      vertex -6.18727 2.8614 4.1244
      vertex -5.91404 2.65682 4.06546
      vertex -6.1897 2.80385 4.00456
    endloop
  endfacet
  facet normal 0.499174 0.820531 -0.278484
    outer loop
      vertex -5.91404 2.65682 4.06546
      vertex -6.20617 2.76648 3.86493
      vertex -6.1897 2.80385 4.00456
    endloop
  endfacet
  facet normal 0.499154 0.820559 -0.278438
    outer loop
      vertex -6.20758 2.76124 3.84696
      vertex -6.20617 2.76648 3.86493
      vertex -5.91404 2.65682 4.06546
    endloop
  endfacet
  facet normal 0.501277 0.819329 -0.278246
    outer loop
      vertex -6.20617 2.76648 3.86493
      vertex -6.20758 2.76124 3.84696
      vertex -6.20725 2.76403 3.85577
    endloop
  endfacet
  facet normal 0.499218 0.820477 -0.278564
    outer loop
      vertex -6.20758 2.76124 3.84696
      vertex -5.91404 2.65682 4.06546
      vertex -6.21203 2.7238 3.72871
    endloop
  endfacet
  facet normal 0.130246 0.889235 -0.438517
    outer loop
      vertex -4.68917 2.54122 4.57152
      vertex -4.68917 2.3536 4.19106
      vertex -5.11065 2.40486 4.16982
    endloop
  endfacet
  facet normal 0 0.946929 -0.321442
    outer loop
      vertex -4.26405 2.21724 3.78936
      vertex -4.68917 2.3536 4.19106
      vertex -4.26405 2.3536 4.19106
    endloop
  endfacet
  facet normal 0 0.946929 -0.321442
    outer loop
      vertex -4.68917 2.3536 4.19106
      vertex -4.26405 2.21724 3.78936
      vertex -4.68917 2.21724 3.78936
    endloop
  endfacet
  facet normal 0.258297 0.803259 -0.536711
    outer loop
      vertex -5.11065 2.82092 4.89046
      vertex -5.11065 2.58928 4.54378
      vertex -5.52128 2.68456 4.48876
    endloop
  endfacet
  facet normal 0.130244 0.938863 -0.318704
    outer loop
      vertex -5.11065 2.40486 4.16982
      vertex -4.68917 2.3536 4.19106
      vertex -4.68917 2.21724 3.78936
    endloop
  endfacet
  facet normal 0.130248 0.824387 -0.550838
    outer loop
      vertex -5.11065 2.82092 4.89046
      vertex -4.68917 2.7769 4.92424
      vertex -4.68917 2.54122 4.57152
    endloop
  endfacet
  facet normal -0.499184 0.651472 -0.571313
    outer loop
      vertex -3.03917 3.28868 5.0111
      vertex -2.671 3.43898 4.8608
      vertex -2.671 3.20592 4.59504
    endloop
  endfacet
  facet normal -0.258297 0.636965 -0.726332
    outer loop
      vertex -3.84256 3.09584 5.20394
      vertex -3.84256 3.40932 5.47885
      vertex -3.43193 3.17364 5.12614
    endloop
  endfacet
  facet normal -0.258297 0.726321 -0.636977
    outer loop
      vertex -3.84256 3.09584 5.20394
      vertex -3.43193 3.17364 5.12614
      vertex -3.43193 2.90821 4.82348
    endloop
  endfacet
  facet normal -0.38199 0.69482 -0.609351
    outer loop
      vertex -3.43193 2.90821 4.82348
      vertex -3.43193 3.17364 5.12614
      vertex -3.03917 3.03728 4.72444
    endloop
  endfacet
  facet normal -0.130253 0.824391 -0.55083
    outer loop
      vertex -4.26405 2.54122 4.57152
      vertex -3.84256 2.82092 4.89046
      vertex -3.84256 2.58928 4.54378
    endloop
  endfacet
  facet normal -0.258297 0.803259 -0.536711
    outer loop
      vertex -3.84256 2.58928 4.54378
      vertex -3.84256 2.82092 4.89046
      vertex -3.43193 2.68456 4.48876
    endloop
  endfacet
  facet normal -0.381996 0.906404 -0.180307
    outer loop
      vertex -3.43193 2.29858 3.3517
      vertex -3.43193 2.37712 3.74652
      vertex -3.03917 2.45988 3.33046
    endloop
  endfacet
  facet normal -0.499202 0.720452 -0.4814
    outer loop
      vertex -3.03917 2.82545 4.40742
      vertex -3.03917 3.03728 4.72444
      vertex -2.671 3.00954 4.30114
    endloop
  endfacet
  facet normal -0.499185 0.571325 -0.651462
    outer loop
      vertex -3.03917 3.28868 5.0111
      vertex -2.671 3.70473 5.09386
      vertex -2.671 3.43898 4.8608
    endloop
  endfacet
  facet normal -0.607949 0.441101 -0.660173
    outer loop
      vertex -2.671 3.99864 5.29024
      vertex -2.33373 4.12804 5.06611
      vertex -2.33373 3.86228 4.88854
    endloop
  endfacet
  facet normal -0.499187 0.849844 0.169047
    outer loop
      vertex -3.03917 2.45988 2.36954
      vertex -2.671 2.67062 2.39728
      vertex -2.671 2.73958 2.0506
    endloop
  endfacet
  facet normal -0.499197 0.849841 0.169032
    outer loop
      vertex -3.03917 2.45988 2.36954
      vertex -2.671 2.73958 2.0506
      vertex -3.03917 2.53426 1.99558
    endloop
  endfacet
  facet normal -0.381981 0.828868 0.40874
    outer loop
      vertex -3.43193 2.50652 1.57228
      vertex -3.03917 2.65682 1.63454
      vertex -3.43193 2.68456 1.21124
    endloop
  endfacet
  facet normal -0.38198 0.875125 0.297065
    outer loop
      vertex -3.43193 2.37712 1.95348
      vertex -3.03917 2.65682 1.63454
      vertex -3.43193 2.50652 1.57228
    endloop
  endfacet
  facet normal -0 0.659345 0.751841
    outer loop
      vertex -4.68917 3.37554 0.177122
      vertex -4.26405 3.0566 0.456824
      vertex -4.26405 3.37554 0.177122
    endloop
  endfacet
  facet normal 0 0.659345 0.751841
    outer loop
      vertex -4.26405 3.0566 0.456824
      vertex -4.68917 3.37554 0.177122
      vertex -4.68917 3.0566 0.456824
    endloop
  endfacet
  facet normal -0.2583 0.803254 0.536716
    outer loop
      vertex -3.43193 2.68456 1.21124
      vertex -3.43193 2.90821 0.876523
      vertex -3.84256 2.82092 0.809542
    endloop
  endfacet
  facet normal -0.258301 0.636973 0.726324
    outer loop
      vertex -3.84256 3.09584 0.496061
      vertex -3.43193 3.17364 0.573863
      vertex -3.84256 3.40932 0.221145
    endloop
  endfacet
  facet normal -0.258304 0.636969 0.726326
    outer loop
      vertex -3.43193 3.17364 0.573863
      vertex -3.43193 3.4763 0.308438
      vertex -3.84256 3.40932 0.221145
    endloop
  endfacet
  facet normal -0.499192 0.481388 0.720467
    outer loop
      vertex -2.671 3.70473 0.60614
      vertex -2.671 3.99864 0.409761
      vertex -3.03917 3.89236 0.225678
    endloop
  endfacet
  facet normal -0.499189 0.571328 0.651456
    outer loop
      vertex -3.03917 3.28868 0.6889
      vertex -2.671 3.43898 0.839203
      vertex -2.671 3.70473 0.60614
    endloop
  endfacet
  facet normal -0.381991 0.922187 -0.0604514
    outer loop
      vertex -3.03917 2.45988 3.33046
      vertex -3.03917 2.43494 2.95
      vertex -3.43193 2.27225 2.95
    endloop
  endfacet
  facet normal -0.258306 0.914797 -0.310524
    outer loop
      vertex -3.84256 2.27084 3.775
      vertex -3.84256 2.40486 4.16982
      vertex -3.43193 2.37712 3.74652
    endloop
  endfacet
  facet normal -0.865561 0.44916 -0.221495
    outer loop
      vertex -1.77433 3.68162 3.64097
      vertex -1.77433 3.78608 3.8528
      vertex -1.56177 4.02176 3.50008
    endloop
  endfacet
  facet normal -0.92359 0.37602 -0.074772
    outer loop
      vertex -1.56177 3.92463 3.13762
      vertex -1.39908 4.34069 3.22038
      vertex -1.39908 4.31404 3.08636
    endloop
  endfacet
  facet normal -0.965787 0.21563 -0.144083
    outer loop
      vertex -1.39908 4.44506 3.47234
      vertex -1.39908 4.52098 3.58596
      vertex -1.28905 4.80068 3.26702
    endloop
  endfacet
  facet normal -0.991408 0.0983502 -0.0862378
    outer loop
      vertex -1.28905 4.84676 3.33598
      vertex -1.28905 4.90144 3.39834
      vertex -1.23356 5.18114 3.0794
    endloop
  endfacet
  facet normal -0.923587 0.288246 -0.252786
    outer loop
      vertex -1.56177 4.20938 3.82506
      vertex -1.56177 4.33335 3.96642
      vertex -1.39908 4.52098 3.58596
    endloop
  endfacet
  facet normal -0.923588 0.318773 -0.213002
    outer loop
      vertex -1.56177 4.20938 3.82506
      vertex -1.39908 4.52098 3.58596
      vertex -1.39908 4.44506 3.47234
    endloop
  endfacet
  facet normal -0.865563 -0.278234 0.416397
    outer loop
      vertex -1.56177 6.06849 1.50514
      vertex -1.77433 6.44896 1.31752
      vertex -1.77433 6.25258 1.1863
    endloop
  endfacet
  facet normal -0.991408 -0.128289 0.025519
    outer loop
      vertex -1.23356 5.56052 2.72225
      vertex -1.28905 5.9784 2.66724
      vertex -1.28905 5.96222 2.5859
    endloop
  endfacet
  facet normal -0.965786 0.170995 0.194984
    outer loop
      vertex -1.39908 4.61108 2.0113
      vertex -1.28905 4.96379 2.24698
      vertex -1.39908 4.71382 1.9212
    endloop
  endfacet
  facet normal -0.991408 0.0420492 0.123861
    outer loop
      vertex -1.28905 5.10714 2.16422
      vertex -1.23356 5.29476 2.54468
      vertex -1.28905 5.18567 2.13756
    endloop
  endfacet
  facet normal -0.965786 0.0169481 0.258786
    outer loop
      vertex -1.28905 5.26702 2.12138
      vertex -1.28905 5.34978 2.11596
      vertex -1.39908 5.21342 1.71426
    endloop
  endfacet
  facet normal -0.792719 0.118917 0.597875
    outer loop
      vertex -1.77433 4.88245 1.00592
      vertex -1.77433 5.1141 0.959845
      vertex -2.03313 5.07008 0.625459
    endloop
  endfacet
  facet normal -0.865561 0.16098 0.474225
    outer loop
      vertex -1.77433 4.6588 1.08184
      vertex -1.56177 4.97774 1.36154
      vertex -1.77433 4.88245 1.00592
    endloop
  endfacet
  facet normal -0.706356 0.227528 0.670293
    outer loop
      vertex -2.03313 4.52973 0.770243
      vertex -2.03313 4.79516 0.680144
      vertex -2.33373 4.71736 0.38978
    endloop
  endfacet
  facet normal -0.706356 0.138096 0.694255
    outer loop
      vertex -2.03313 4.79516 0.680144
      vertex -2.03313 5.07008 0.625459
      vertex -2.33373 4.71736 0.38978
    endloop
  endfacet
  facet normal -0.79272 0.0398707 0.608281
    outer loop
      vertex -1.77433 5.1141 0.959845
      vertex -1.77433 5.34978 0.944397
      vertex -2.03313 5.07008 0.625459
    endloop
  endfacet
  facet normal -0.86556 0.0976959 0.491183
    outer loop
      vertex -1.77433 4.88245 1.00592
      vertex -1.56177 5.16215 1.32486
      vertex -1.77433 5.1141 0.959845
    endloop
  endfacet
  facet normal -0.792718 0.401937 0.458307
    outer loop
      vertex -2.03313 3.83454 1.23476
      vertex -1.77433 4.25059 1.31752
      vertex -2.03313 4.04528 1.04994
    endloop
  endfacet
  facet normal -0.792714 0.338678 0.506855
    outer loop
      vertex -1.77433 4.25059 1.31752
      vertex -1.77433 4.44697 1.1863
      vertex -2.03313 4.27834 0.894218
    endloop
  endfacet
  facet normal -0.86556 0.449163 0.221492
    outer loop
      vertex -1.56177 4.02176 2.19992
      vertex -1.56177 4.10492 2.03128
      vertex -1.77433 3.78608 1.8472
    endloop
  endfacet
  facet normal -0.607947 0.712102 0.351157
    outer loop
      vertex -2.671 2.8532 1.71588
      vertex -2.33373 3.0923 1.81492
      vertex -2.33373 3.23366 1.52826
    endloop
  endfacet
  facet normal -0.2583 0.726321 0.636977
    outer loop
      vertex -3.43193 2.90821 0.876523
      vertex -3.43193 3.17364 0.573863
      vertex -3.84256 3.09584 0.496061
    endloop
  endfacet
  facet normal -0.499183 0.481401 0.720465
    outer loop
      vertex -3.03917 3.57534 0.437505
      vertex -2.671 3.70473 0.60614
      vertex -3.03917 3.89236 0.225678
    endloop
  endfacet
  facet normal -0.706353 0.393261 0.588567
    outer loop
      vertex -2.33373 3.86228 0.811458
      vertex -2.03313 4.27834 0.894218
      vertex -2.33373 4.12804 0.633886
    endloop
  endfacet
  facet normal -0.706354 0.313084 0.634856
    outer loop
      vertex -2.03313 4.27834 0.894218
      vertex -2.03313 4.52973 0.770243
      vertex -2.33373 4.12804 0.633886
    endloop
  endfacet
  facet normal -0.923586 0.343857 0.169563
    outer loop
      vertex -1.56177 4.02176 2.19992
      vertex -1.39908 4.44506 2.22766
      vertex -1.56177 4.10492 2.03128
    endloop
  endfacet
  facet normal -0.923586 0.38257 0.0250602
    outer loop
      vertex -1.56177 3.91234 2.75
      vertex -1.39908 4.3051 2.75
      vertex -1.56177 3.92463 2.56238
    endloop
  endfacet
  facet normal -0.865564 0.499727 0.0327345
    outer loop
      vertex -1.77433 3.54417 2.75
      vertex -1.56177 3.91234 2.75
      vertex -1.56177 3.92463 2.56238
    endloop
  endfacet
  facet normal -0.991409 0.0578732 -0.117299
    outer loop
      vertex -1.28905 5.03275 3.4991
      vertex -1.23356 5.26843 3.14638
      vertex -1.23356 5.2435 3.13408
    endloop
  endfacet
  facet normal -0.965925 -0.258823 0
    outer loop
      vertex -1.28905 5.98382 2.75
      vertex -1.39908 6.39445 2.95
      vertex -1.39908 6.39445 2.75
    endloop
  endfacet
  facet normal -0.965925 -0.258823 0
    outer loop
      vertex -1.39908 6.39445 2.95
      vertex -1.28905 5.98382 2.75
      vertex -1.28905 5.98382 2.95
    endloop
  endfacet
  facet normal -0.965786 -0.258786 0.0169481
    outer loop
      vertex -1.28905 5.9784 2.66724
      vertex -1.28905 5.98382 2.75
      vertex -1.39908 6.38552 2.61364
    endloop
  endfacet
  facet normal -0.792713 -0.577251 -0.195927
    outer loop
      vertex -1.77433 7.01794 3.64097
      vertex -2.03313 7.32953 3.77004
      vertex -1.77433 7.09385 3.41732
    endloop
  endfacet
  facet normal -0.965787 -0.215638 -0.144069
    outer loop
      vertex -1.39908 6.17858 3.58596
      vertex -1.39908 6.25449 3.47234
      vertex -1.28905 5.89887 3.26702
    endloop
  endfacet
  facet normal -0.991408 0.0726728 0.108757
    outer loop
      vertex -1.28905 4.96379 2.24698
      vertex -1.23356 5.22038 2.58136
      vertex -1.28905 5.03275 2.2009
    endloop
  endfacet
  facet normal -0.965787 -0.194978 0.170996
    outer loop
      vertex -1.28905 5.79811 2.30166
      vertex -1.28905 5.8528 2.36402
      vertex -1.39908 6.17858 2.11404
    endloop
  endfacet
  facet normal -0.923586 -0.213004 0.318777
    outer loop
      vertex -1.39908 5.87212 1.84528
      vertex -1.39908 5.98574 1.9212
      vertex -1.56177 6.22483 1.6096
    endloop
  endfacet
  facet normal -0.923584 -0.318784 0.212999
    outer loop
      vertex -1.39908 6.17858 2.11404
      vertex -1.56177 6.59463 2.03128
      vertex -1.56177 6.49017 1.87494
    endloop
  endfacet
  facet normal -0.965786 -0.245578 0.0833601
    outer loop
      vertex -1.28905 5.93556 2.50736
      vertex -1.28905 5.96222 2.5859
      vertex -1.39908 6.35886 2.47962
    endloop
  endfacet
  facet normal -0.965786 -0.254356 -0.0505979
    outer loop
      vertex -1.39908 6.35886 3.22038
      vertex -1.39908 6.38552 3.08636
      vertex -1.28905 5.9784 3.03276
    endloop
  endfacet
  facet normal -0.965785 -0.245577 -0.0833709
    outer loop
      vertex -1.39908 6.31493 3.34978
      vertex -1.39908 6.35886 3.22038
      vertex -1.28905 5.93556 3.19264
    endloop
  endfacet
  facet normal -0.86556 -0.449152 -0.221512
    outer loop
      vertex -1.77433 6.91347 3.8528
      vertex -1.77433 7.01794 3.64097
      vertex -1.56177 6.6778 3.50008
    endloop
  endfacet
  facet normal -0.792722 -0.577231 -0.195948
    outer loop
      vertex -2.03313 7.32953 3.77004
      vertex -2.03313 7.41963 3.50462
      vertex -1.77433 7.09385 3.41732
    endloop
  endfacet
  facet normal -0.792722 0.577231 -0.195946
    outer loop
      vertex -2.03313 3.27992 3.50462
      vertex -1.77433 3.68162 3.64097
      vertex -1.77433 3.6057 3.41732
    endloop
  endfacet
  facet normal -0.792722 0.597868 -0.118934
    outer loop
      vertex -2.03313 3.22523 3.2297
      vertex -2.03313 3.27992 3.50462
      vertex -1.77433 3.55962 3.18568
    endloop
  endfacet
  facet normal -0.965925 0.258823 0
    outer loop
      vertex -1.39908 4.3051 2.75
      vertex -1.28905 4.71573 2.95
      vertex -1.28905 4.71573 2.75
    endloop
  endfacet
  facet normal -0.965925 0.258823 0
    outer loop
      vertex -1.28905 4.71573 2.95
      vertex -1.39908 4.3051 2.75
      vertex -1.39908 4.3051 2.95
    endloop
  endfacet
  facet normal -0.965787 0.245571 -0.0833691
    outer loop
      vertex -1.39908 4.34069 3.22038
      vertex -1.39908 4.38462 3.34978
      vertex -1.28905 4.764 3.19264
    endloop
  endfacet
  facet normal -0.79272 0.118914 -0.597875
    outer loop
      vertex -2.03313 4.79516 5.01986
      vertex -2.03313 5.07008 5.07454
      vertex -1.77433 4.88245 4.69408
    endloop
  endfacet
  facet normal -0.792722 0.195947 -0.577232
    outer loop
      vertex -2.03313 4.52973 4.92976
      vertex -1.77433 4.88245 4.69408
      vertex -1.77433 4.6588 4.61816
    endloop
  endfacet
  facet normal -0.130142 -0.653735 -0.745449
    outer loop
      vertex -4.26405 7.64295 5.24318
      vertex -4.23381 7.34408 5.5
      vertex -4.26405 7.3501 5.5
    endloop
  endfacet
  facet normal -0.130244 -0.653732 -0.745434
    outer loop
      vertex -4.23381 7.34408 5.5
      vertex -4.26405 7.64295 5.24318
      vertex -3.84256 7.60372 5.20394
    endloop
  endfacet
  facet normal -0.607946 0.255218 -0.751841
    outer loop
      vertex -2.671 4.31566 5.44658
      vertex -2.33373 4.71736 5.31022
      vertex -2.33373 4.4147 5.20748
    endloop
  endfacet
  facet normal -0.607946 0.351177 -0.712093
    outer loop
      vertex -2.671 4.31566 5.44658
      vertex -2.33373 4.4147 5.20748
      vertex -2.33373 4.12804 5.06611
    endloop
  endfacet
  facet normal 0 -0.751843 -0.659342
    outer loop
      vertex -4.68917 7.92265 4.92424
      vertex -4.26405 7.64295 5.24318
      vertex -4.68917 7.64295 5.24318
    endloop
  endfacet
  facet normal 0 -0.751843 -0.659342
    outer loop
      vertex -4.26405 7.64295 5.24318
      vertex -4.68917 7.92265 4.92424
      vertex -4.26405 7.92265 4.92424
    endloop
  endfacet
  facet normal 0.258291 -0.866435 -0.42729
    outer loop
      vertex -5.11065 8.29469 4.16982
      vertex -5.52128 8.01499 4.48876
      vertex -5.52128 8.19304 4.12772
    endloop
  endfacet
  facet normal 0.381983 -0.694822 -0.609353
    outer loop
      vertex -5.90052 7.65757 4.73828
      vertex -5.52128 7.79134 4.82348
      vertex -5.52128 7.52591 5.12614
    endloop
  endfacet
  facet normal 0.382005 -0.695078 -0.609048
    outer loop
      vertex -5.52128 7.79134 4.82348
      vertex -5.90052 7.65757 4.73828
      vertex -5.90007 7.66686 4.72796
    endloop
  endfacet
  facet normal 0.499183 0.383233 0.777142
    outer loop
      vertex -6.18488 4.23499 0.230681
      vertex -5.91404 4.23432 0.0570423
      vertex -6.18193 4.2935 0.199933
    endloop
  endfacet
  facet normal 0.499152 0.383372 0.777093
    outer loop
      vertex -6.18636 4.20546 0.2462
      vertex -5.91404 4.23432 0.0570423
      vertex -6.18488 4.23499 0.230681
    endloop
  endfacet
  facet normal 0.499193 0.383238 0.777132
    outer loop
      vertex -5.91404 4.23432 0.0570423
      vertex -6.18636 4.20546 0.2462
      vertex -5.91404 3.89236 0.225678
    endloop
  endfacet
  facet normal 0.130248 -0.824385 0.55084
    outer loop
      vertex -4.68917 8.15833 1.12848
      vertex -5.11065 7.87863 0.809542
      vertex -4.68917 7.92265 0.775762
    endloop
  endfacet
  facet normal 0.130253 -0.653728 0.745436
    outer loop
      vertex -4.68917 7.64295 0.456824
      vertex -5.11065 7.29023 0.221145
      vertex -4.68917 7.32401 0.177122
    endloop
  endfacet
  facet normal -0.130255 0.745429 0.653735
    outer loop
      vertex -3.84256 2.82092 0.809542
      vertex -3.84256 3.09584 0.496061
      vertex -4.26405 3.0566 0.456824
    endloop
  endfacet
  facet normal -0.130245 0.745437 0.653728
    outer loop
      vertex -4.26405 2.7769 0.775762
      vertex -3.84256 2.82092 0.809542
      vertex -4.26405 3.0566 0.456824
    endloop
  endfacet
  facet normal -0.130251 0.938866 0.318694
    outer loop
      vertex -4.26405 2.21724 1.91064
      vertex -3.84256 2.27084 1.925
      vertex -3.84256 2.40486 1.53018
    endloop
  endfacet
  facet normal 0.130253 0.653728 0.745436
    outer loop
      vertex -5.11065 3.40932 0.221145
      vertex -4.68917 3.0566 0.456824
      vertex -4.68917 3.37554 0.177122
    endloop
  endfacet
  facet normal 0 0.831468 0.555572
    outer loop
      vertex -4.26405 2.7769 0.775762
      vertex -4.68917 2.54122 1.12848
      vertex -4.26405 2.54122 1.12848
    endloop
  endfacet
  facet normal 0 0.831468 0.555572
    outer loop
      vertex -4.68917 2.54122 1.12848
      vertex -4.26405 2.7769 0.775762
      vertex -4.68917 2.7769 0.775762
    endloop
  endfacet
  facet normal 0.38198 0.513438 0.768422
    outer loop
      vertex -5.91404 3.89236 0.225678
      vertex -5.52128 3.4763 0.308438
      vertex -5.52128 3.81102 0.0847876
    endloop
  endfacet
  facet normal 0.130258 0.745429 0.653734
    outer loop
      vertex -5.11065 3.09584 0.496061
      vertex -5.11065 2.82092 0.809542
      vertex -4.68917 3.0566 0.456824
    endloop
  endfacet
  facet normal 0 0.946929 0.321442
    outer loop
      vertex -4.26405 2.3536 1.50894
      vertex -4.68917 2.21724 1.91064
      vertex -4.26405 2.21724 1.91064
    endloop
  endfacet
  facet normal 0 0.946929 0.321442
    outer loop
      vertex -4.68917 2.21724 1.91064
      vertex -4.26405 2.3536 1.50894
      vertex -4.68917 2.3536 1.50894
    endloop
  endfacet
  facet normal 0.130248 0.824385 0.55084
    outer loop
      vertex -5.11065 2.82092 0.809542
      vertex -4.68917 2.54122 1.12848
      vertex -4.68917 2.7769 0.775762
    endloop
  endfacet
  facet normal 0.381986 0.694821 0.609352
    outer loop
      vertex -5.91404 3.03728 0.97556
      vertex -5.52128 2.90821 0.876523
      vertex -5.52128 3.17364 0.573863
    endloop
  endfacet
  facet normal 0.381976 -0.694818 -0.609362
    outer loop
      vertex -5.90612 7.54156 4.86706
      vertex -5.52128 7.52591 5.12614
      vertex -5.89721 7.41581 5.01603
    endloop
  endfacet
  facet normal 0.381958 -0.694849 -0.609338
    outer loop
      vertex -5.52128 7.52591 5.12614
      vertex -5.90612 7.54156 4.86706
      vertex -5.90052 7.65757 4.73828
    endloop
  endfacet
  facet normal 0.38185 -0.768349 -0.513645
    outer loop
      vertex -5.52128 8.01499 4.48876
      vertex -5.9071 7.7139 4.65233
      vertex -5.90856 7.72369 4.6366
    endloop
  endfacet
  facet normal 0.382019 -0.768431 -0.513397
    outer loop
      vertex -5.9071 7.7139 4.65233
      vertex -5.52128 8.01499 4.48876
      vertex -5.90112 7.67388 4.71668
    endloop
  endfacet
  facet normal 0.381967 -0.768412 -0.513462
    outer loop
      vertex -5.52128 8.01499 4.48876
      vertex -5.90856 7.72369 4.6366
      vertex -5.90884 7.87597 4.4085
    endloop
  endfacet
  facet normal -0.130251 0.989358 0.0648459
    outer loop
      vertex -4.26405 2.10673 2.75
      vertex -3.84256 2.16222 2.75
      vertex -3.84256 2.18949 2.33394
    endloop
  endfacet
  facet normal -0.130238 0.972429 -0.193444
    outer loop
      vertex -4.26405 2.13448 3.3733
      vertex -3.84256 2.27084 3.775
      vertex -3.84256 2.18949 3.36606
    endloop
  endfacet
  facet normal -0.130238 0.989359 -0.0648588
    outer loop
      vertex -4.26405 2.13448 3.3733
      vertex -3.84256 2.18949 3.36606
      vertex -4.26405 2.10673 2.95
    endloop
  endfacet
  facet normal 0.499197 0.864634 -0.0566567
    outer loop
      vertex -5.91404 2.43494 2.95
      vertex -6.25921 2.63924 3.02655
      vertex -6.2426 2.64526 3.26477
    endloop
  endfacet
  facet normal 0.49836 0.864826 -0.0609385
    outer loop
      vertex -6.25921 2.63924 3.02655
      vertex -5.91404 2.43494 2.95
      vertex -6.25929 2.63921 3.02547
    endloop
  endfacet
  facet normal 0.499197 0.864638 -0.0566018
    outer loop
      vertex -6.25929 2.63921 3.02547
      vertex -5.91404 2.43494 2.95
      vertex -6.25865 2.6339 2.95
    endloop
  endfacet
  facet normal 0.258306 0.947498 -0.188482
    outer loop
      vertex -5.52128 2.37712 3.74652
      vertex -5.11065 2.27084 3.775
      vertex -5.52128 2.29858 3.3517
    endloop
  endfacet
  facet normal 0.499131 0.169085 0.84987
    outer loop
      vertex -6.16135 4.7019 0.0585594
      vertex -6.09819 4.80979 1.90735e-07
      vertex -6.15855 4.7575 0.0458531
    endloop
  endfacet
  facet normal 0.499178 0.169047 0.84985
    outer loop
      vertex -6.09819 4.80979 1.90735e-07
      vertex -6.16135 4.7019 0.0585594
      vertex -6.03152 4.61292 1.90735e-07
    endloop
  endfacet
  facet normal 0.499182 0.169054 0.849846
    outer loop
      vertex -6.16425 4.64434 0.0717128
      vertex -6.03152 4.61292 1.90735e-07
      vertex -6.16135 4.7019 0.0585594
    endloop
  endfacet
  facet normal 0.499184 0.169082 0.849839
    outer loop
      vertex -6.03152 4.61292 1.90735e-07
      vertex -6.16425 4.64434 0.0717128
      vertex -6.16483 4.63284 0.0743415
    endloop
  endfacet
  facet normal 0.381993 0.297064 0.87512
    outer loop
      vertex -5.91404 4.40236 1.90735e-07
      vertex -5.91404 4.23432 0.0570423
      vertex -5.83394 4.29936 1.90735e-07
    endloop
  endfacet
  facet normal 0.499238 -0.571255 0.651483
    outer loop
      vertex -6.03875 7.1347 0.542261
      vertex -5.91404 7.12422 0.437505
      vertex -6.03699 7.16975 0.571646
    endloop
  endfacet
  facet normal 0.499209 -0.571312 0.651454
    outer loop
      vertex -6.04023 7.10534 0.517647
      vertex -5.91404 7.12422 0.437505
      vertex -6.03875 7.1347 0.542261
    endloop
  endfacet
  facet normal 0.49918 -0.57142 0.651382
    outer loop
      vertex -5.91404 7.12422 0.437505
      vertex -6.04023 7.10534 0.517647
      vertex -6.04154 7.07941 0.495904
    endloop
  endfacet
  facet normal 0.499184 -0.481395 0.720469
    outer loop
      vertex -6.04773 6.9566 0.418135
      vertex -5.91404 7.12422 0.437505
      vertex -6.04154 7.07941 0.495904
    endloop
  endfacet
  facet normal 0.49918 -0.481392 0.720473
    outer loop
      vertex -5.91404 7.12422 0.437505
      vertex -6.04773 6.9566 0.418135
      vertex -5.91404 6.80719 0.225678
    endloop
  endfacet
  facet normal 0.499176 -0.481396 0.720473
    outer loop
      vertex -5.91404 6.80719 0.225678
      vertex -6.04773 6.9566 0.418135
      vertex -6.05172 6.87736 0.367954
    endloop
  endfacet
  facet normal 0.258291 -0.866435 0.42729
    outer loop
      vertex -5.11065 8.29469 1.53018
      vertex -5.52128 8.19304 1.57228
      vertex -5.52128 8.01499 1.21124
    endloop
  endfacet
  facet normal 0.381999 -0.828852 0.408756
    outer loop
      vertex -5.52128 8.19304 1.57228
      vertex -5.91404 8.04273 1.63454
      vertex -5.52128 8.01499 1.21124
    endloop
  endfacet
  facet normal 0.130263 0.745437 -0.653724
    outer loop
      vertex -5.11065 3.09584 5.20394
      vertex -4.68917 3.0566 5.24318
      vertex -4.68917 2.7769 4.92424
    endloop
  endfacet
  facet normal 0.130184 0.653731 -0.745445
    outer loop
      vertex -4.68917 3.0566 5.24318
      vertex -4.7194 3.35547 5.5
      vertex -4.68917 3.34945 5.5
    endloop
  endfacet
  facet normal 0.130263 0.653729 -0.745433
    outer loop
      vertex -4.7194 3.35547 5.5
      vertex -4.68917 3.0566 5.24318
      vertex -5.11065 3.09584 5.20394
    endloop
  endfacet
  facet normal 0.130261 0.65373 -0.745432
    outer loop
      vertex -5.11065 3.09584 5.20394
      vertex -4.9082 3.39309 5.5
      vertex -4.7194 3.35547 5.5
    endloop
  endfacet
  facet normal 0.130283 0.65372 -0.745437
    outer loop
      vertex -4.9082 3.39309 5.5
      vertex -5.11065 3.09584 5.20394
      vertex -5.11065 3.40932 5.47885
    endloop
  endfacet
  facet normal 0.49917 0.571339 -0.65146
    outer loop
      vertex -6.10372 3.50302 5.05374
      vertex -5.91404 3.28868 5.0111
      vertex -6.11114 3.36914 4.93064
    endloop
  endfacet
  facet normal 0.499151 0.571328 -0.651485
    outer loop
      vertex -6.10372 3.50302 5.05374
      vertex -5.91404 3.57534 5.26249
      vertex -5.91404 3.28868 5.0111
    endloop
  endfacet
  facet normal 0.499172 0.571343 -0.651456
    outer loop
      vertex -5.91404 3.57534 5.26249
      vertex -6.10259 3.52334 5.07241
      vertex -6.0834 3.63486 5.18492
    endloop
  endfacet
  facet normal 0.499338 0.571089 -0.651551
    outer loop
      vertex -5.91404 3.57534 5.26249
      vertex -6.10345 3.5078 5.05813
      vertex -6.10259 3.52334 5.07241
    endloop
  endfacet
  facet normal 0.499848 0.570374 -0.651787
    outer loop
      vertex -5.91404 3.57534 5.26249
      vertex -6.10372 3.50302 5.05374
      vertex -6.10345 3.5078 5.05813
    endloop
  endfacet
  facet normal 0 -0.83147 -0.55557
    outer loop
      vertex -4.68917 8.15833 4.57152
      vertex -4.26405 7.92265 4.92424
      vertex -4.68917 7.92265 4.92424
    endloop
  endfacet
  facet normal 0 -0.83147 -0.55557
    outer loop
      vertex -4.26405 7.92265 4.92424
      vertex -4.68917 8.15833 4.57152
      vertex -4.26405 8.15833 4.57152
    endloop
  endfacet
  facet normal -0.499204 -0.849832 -0.169057
    outer loop
      vertex -3.03917 8.16529 3.70441
      vertex -3.03917 8.23968 3.33046
      vertex -2.671 8.02893 3.30272
    endloop
  endfacet
  facet normal -0.608752 -0.793361 0
    outer loop
      vertex -2.671 8.05205 2.75
      vertex -2.33373 7.79326 2.95
      vertex -2.671 8.05205 2.95
    endloop
  endfacet
  facet normal -0.608752 -0.793361 -0
    outer loop
      vertex -2.33373 7.79326 2.95
      vertex -2.671 8.05205 2.75
      vertex -2.33373 7.79326 2.75
    endloop
  endfacet
  facet normal -0.130238 -0.972432 -0.19343
    outer loop
      vertex -4.26405 8.48231 3.78936
      vertex -4.26405 8.56507 3.3733
      vertex -3.84256 8.51006 3.36606
    endloop
  endfacet
  facet normal -0.130251 -0.938866 -0.318694
    outer loop
      vertex -3.84256 8.29469 4.16982
      vertex -4.26405 8.48231 3.78936
      vertex -3.84256 8.42871 3.775
    endloop
  endfacet
  facet normal -0.381975 -0.922194 -0.0604465
    outer loop
      vertex -3.03917 8.23968 3.33046
      vertex -3.43193 8.40097 3.3517
      vertex -3.43193 8.4273 2.95
    endloop
  endfacet
  facet normal -0.130252 -0.972427 -0.193444
    outer loop
      vertex -3.84256 8.42871 3.775
      vertex -4.26405 8.48231 3.78936
      vertex -3.84256 8.51006 3.36606
    endloop
  endfacet
  facet normal -0.381999 -0.875117 -0.297062
    outer loop
      vertex -3.03917 8.04273 4.06546
      vertex -3.43193 8.32244 3.74652
      vertex -3.03917 8.16529 3.70441
    endloop
  endfacet
  facet normal -0.499189 -0.82051 -0.27852
    outer loop
      vertex -2.671 7.84635 3.98412
      vertex -3.03917 8.04273 4.06546
      vertex -2.671 7.95997 3.6494
    endloop
  endfacet
  facet normal -0.607932 -0.751852 -0.255221
    outer loop
      vertex -2.33373 7.60726 3.88508
      vertex -2.671 7.84635 3.98412
      vertex -2.33373 7.71 3.58242
    endloop
  endfacet
  facet normal -0.792722 -0.597868 -0.118934
    outer loop
      vertex -1.77433 7.09385 3.41732
      vertex -2.03313 7.47432 3.2297
      vertex -1.77433 7.13993 3.18568
    endloop
  endfacet
  facet normal -0.792722 -0.597868 0.118934
    outer loop
      vertex -1.77433 7.09385 2.28268
      vertex -2.03313 7.47432 2.4703
      vertex -2.03313 7.41963 2.19538
    endloop
  endfacet
  facet normal 0.258301 -0.726332 0.636963
    outer loop
      vertex -5.11065 7.87863 0.809542
      vertex -5.52128 7.79134 0.876523
      vertex -5.11065 7.60372 0.496061
    endloop
  endfacet
  facet normal 0.499132 -0.777151 0.383281
    outer loop
      vertex -5.91404 8.04273 1.63454
      vertex -5.99518 7.99946 1.65247
      vertex -5.997 7.96326 1.58144
    endloop
  endfacet
  facet normal 0.499214 -0.777157 0.383162
    outer loop
      vertex -5.99742 7.95487 1.56497
      vertex -5.91404 8.04273 1.63454
      vertex -5.997 7.96326 1.58144
    endloop
  endfacet
  facet normal 0.499239 -0.777098 0.383247
    outer loop
      vertex -5.91404 7.8741 1.29258
      vertex -5.99742 7.95487 1.56497
      vertex -6.00375 7.82924 1.31848
    endloop
  endfacet
  facet normal 0.499152 -0.777159 0.383239
    outer loop
      vertex -5.99742 7.95487 1.56497
      vertex -5.91404 7.8741 1.29258
      vertex -5.91404 8.04273 1.63454
    endloop
  endfacet
  facet normal 0.258317 -0.726317 0.636974
    outer loop
      vertex -5.52128 7.79134 0.876523
      vertex -5.52128 7.52591 0.573863
      vertex -5.11065 7.60372 0.496061
    endloop
  endfacet
  facet normal 0.381975 -0.922194 -0.0604465
    outer loop
      vertex -5.52128 8.40097 3.3517
      vertex -5.91404 8.23968 3.33046
      vertex -5.52128 8.4273 2.95
    endloop
  endfacet
  facet normal 0.258284 -0.947503 -0.188486
    outer loop
      vertex -5.11065 8.42871 3.775
      vertex -5.52128 8.32244 3.74652
      vertex -5.11065 8.51006 3.36606
    endloop
  endfacet
  facet normal 0.258313 -0.86644 -0.427266
    outer loop
      vertex -5.11065 8.11028 4.54378
      vertex -5.52128 8.01499 4.48876
      vertex -5.11065 8.29469 4.16982
    endloop
  endfacet
  facet normal 0.130254 -0.989357 -0.0648586
    outer loop
      vertex -4.68917 8.59282 2.95
      vertex -4.68917 8.56507 3.3733
      vertex -5.11065 8.53733 2.95
    endloop
  endfacet
  facet normal -0.130263 -0.938868 0.318682
    outer loop
      vertex -3.84256 8.29469 1.53018
      vertex -4.26405 8.48231 1.91064
      vertex -4.26405 8.34596 1.50894
    endloop
  endfacet
  facet normal -0.130238 -0.98936 0.064846
    outer loop
      vertex -3.84256 8.51006 2.33394
      vertex -3.84256 8.53733 2.75
      vertex -4.26405 8.56507 2.3267
    endloop
  endfacet
  facet normal 0.258306 -0.963995 0.0631835
    outer loop
      vertex -5.11065 8.53733 2.75
      vertex -5.52128 8.4273 2.75
      vertex -5.11065 8.51006 2.33394
    endloop
  endfacet
  facet normal 0.258823 -0.965925 0
    outer loop
      vertex -5.52128 8.4273 2.75
      vertex -5.11065 8.53733 2.95
      vertex -5.52128 8.4273 2.95
    endloop
  endfacet
  facet normal 0.258823 -0.965925 0
    outer loop
      vertex -5.11065 8.53733 2.95
      vertex -5.52128 8.4273 2.75
      vertex -5.11065 8.53733 2.75
    endloop
  endfacet
  facet normal 0.381993 -0.875118 0.297071
    outer loop
      vertex -5.52128 8.32244 1.95348
      vertex -5.91404 8.16529 1.99558
      vertex -5.91404 8.04273 1.63454
    endloop
  endfacet
  facet normal 0.381995 -0.906405 0.180307
    outer loop
      vertex -5.91404 8.23968 2.36954
      vertex -5.91404 8.16529 1.99558
      vertex -5.52128 8.32244 1.95348
    endloop
  endfacet
  facet normal -0.258315 -0.636967 0.726324
    outer loop
      vertex -3.43193 7.52591 0.573863
      vertex -3.84256 7.60372 0.496061
      vertex -3.43193 7.22325 0.308438
    endloop
  endfacet
  facet normal -0.258301 -0.726332 0.636963
    outer loop
      vertex -3.43193 7.79134 0.876523
      vertex -3.84256 7.87863 0.809542
      vertex -3.84256 7.60372 0.496061
    endloop
  endfacet
  facet normal -0.130251 -0.938866 0.318694
    outer loop
      vertex -3.84256 8.42871 1.925
      vertex -4.26405 8.48231 1.91064
      vertex -3.84256 8.29469 1.53018
    endloop
  endfacet
  facet normal 0 -0.997858 0.0654159
    outer loop
      vertex -4.68917 8.56507 2.3267
      vertex -4.26405 8.59282 2.75
      vertex -4.68917 8.59282 2.75
    endloop
  endfacet
  facet normal 0 -0.997858 0.0654159
    outer loop
      vertex -4.26405 8.59282 2.75
      vertex -4.68917 8.56507 2.3267
      vertex -4.26405 8.56507 2.3267
    endloop
  endfacet
  facet normal 0.258299 -0.803257 -0.536712
    outer loop
      vertex -5.11065 7.87863 4.89046
      vertex -5.52128 7.79134 4.82348
      vertex -5.52128 8.01499 4.48876
    endloop
  endfacet
  facet normal 0.381999 -0.875117 -0.297062
    outer loop
      vertex -5.52128 8.32244 3.74652
      vertex -5.91404 8.04273 4.06546
      vertex -5.91404 8.16529 3.70441
    endloop
  endfacet
  facet normal 0.258292 -0.914798 -0.310532
    outer loop
      vertex -5.11065 8.29469 4.16982
      vertex -5.52128 8.19304 4.12772
      vertex -5.52128 8.32244 3.74652
    endloop
  endfacet
  facet normal 0.258309 -0.963994 -0.0631863
    outer loop
      vertex -5.11065 8.51006 3.36606
      vertex -5.52128 8.40097 3.3517
      vertex -5.52128 8.4273 2.95
    endloop
  endfacet
  facet normal 0.381999 -0.828852 -0.408756
    outer loop
      vertex -5.52128 8.19304 4.12772
      vertex -5.52128 8.01499 4.48876
      vertex -5.91404 8.04273 4.06546
    endloop
  endfacet
  facet normal 0.381766 -0.832535 -0.401423
    outer loop
      vertex -5.90893 7.8763 4.40773
      vertex -5.52128 8.01499 4.48876
      vertex -5.90884 7.87597 4.4085
    endloop
  endfacet
  facet normal 0.382679 -0.828532 -0.408769
    outer loop
      vertex -5.9114 7.88997 4.37771
      vertex -5.90893 7.8763 4.40773
      vertex -5.91083 7.88304 4.39229
    endloop
  endfacet
  facet normal 0.381986 -0.828816 -0.408841
    outer loop
      vertex -5.90893 7.8763 4.40773
      vertex -5.9114 7.88997 4.37771
      vertex -5.52128 8.01499 4.48876
    endloop
  endfacet
  facet normal 0.381972 -0.828883 -0.408718
    outer loop
      vertex -5.91404 7.9222 4.30988
      vertex -5.52128 8.01499 4.48876
      vertex -5.9114 7.88997 4.37771
    endloop
  endfacet
  facet normal 0.381979 -0.82887 -0.408738
    outer loop
      vertex -5.52128 8.01499 4.48876
      vertex -5.91404 7.9222 4.30988
      vertex -5.91404 8.04273 4.06546
    endloop
  endfacet
  facet normal -0.60794 -0.0519314 0.792283
    outer loop
      vertex -2.33373 5.66871 0.327425
      vertex -2.671 5.70249 0.0708429
      vertex -2.671 5.34978 0.047724
    endloop
  endfacet
  facet normal -0.923587 -0.123237 0.363043
    outer loop
      vertex -1.39908 5.62016 1.74092
      vertex -1.56177 5.89986 1.42198
      vertex -1.56177 5.72181 1.36154
    endloop
  endfacet
  facet normal -0.79272 -0.269607 0.546724
    outer loop
      vertex -1.77433 6.04075 1.08184
      vertex -1.77433 6.25258 1.1863
      vertex -2.03313 6.16982 0.770243
    endloop
  endfacet
  facet normal -0.706356 0.0462951 0.706342
    outer loop
      vertex -2.33373 5.03084 0.327425
      vertex -2.03313 5.07008 0.625459
      vertex -2.33373 5.34978 0.306521
    endloop
  endfacet
  facet normal -0.381975 -0.297051 0.875132
    outer loop
      vertex -3.03917 6.46524 0.0570423
      vertex -3.11927 6.40019 1.90735e-07
      vertex -3.03917 6.29719 1.90735e-07
    endloop
  endfacet
  facet normal -0.499186 -0.651456 0.57133
    outer loop
      vertex -2.671 7.49364 1.10496
      vertex -3.03917 7.66227 0.97556
      vertex -2.671 7.26057 0.839203
    endloop
  endfacet
  facet normal -0.965787 -0.215638 0.144069
    outer loop
      vertex -1.28905 5.89887 2.43298
      vertex -1.39908 6.25449 2.22766
      vertex -1.39908 6.17858 2.11404
    endloop
  endfacet
  facet normal -0.792717 -0.506851 0.338676
    outer loop
      vertex -1.77433 6.78226 1.65082
      vertex -2.03313 7.20556 1.67856
      vertex -2.03313 7.04983 1.4455
    endloop
  endfacet
  facet normal -0.792717 -0.401924 0.45832
    outer loop
      vertex -1.77433 6.44896 1.31752
      vertex -1.77433 6.62653 1.47324
      vertex -2.03313 6.86502 1.23476
    endloop
  endfacet
  facet normal -0.706352 -0.634857 0.313088
    outer loop
      vertex -2.03313 7.20556 1.67856
      vertex -2.33373 7.60726 1.81492
      vertex -2.33373 7.46589 1.52826
    endloop
  endfacet
  facet normal -0.607934 -0.712112 0.351159
    outer loop
      vertex -2.33373 7.60726 1.81492
      vertex -2.671 7.84635 1.71588
      vertex -2.671 7.69002 1.39886
    endloop
  endfacet
  facet normal -0.86556 -0.449152 0.221512
    outer loop
      vertex -1.56177 6.6778 2.19992
      vertex -1.77433 7.01794 2.05903
      vertex -1.77433 6.91347 1.8472
    endloop
  endfacet
  facet normal -0.86556 -0.474233 0.160963
    outer loop
      vertex -1.56177 6.73823 2.37796
      vertex -1.77433 7.09385 2.28268
      vertex -1.56177 6.6778 2.19992
    endloop
  endfacet
  facet normal -0.792725 -0.546708 0.269624
    outer loop
      vertex -1.77433 6.91347 1.8472
      vertex -1.77433 7.01794 2.05903
      vertex -2.03313 7.20556 1.67856
    endloop
  endfacet
  facet normal -0.792722 -0.577231 0.195948
    outer loop
      vertex -1.77433 7.09385 2.28268
      vertex -2.03313 7.41963 2.19538
      vertex -2.03313 7.32953 1.92996
    endloop
  endfacet
  facet normal -0.706364 -0.634857 0.31306
    outer loop
      vertex -2.03313 7.32953 1.92996
      vertex -2.33373 7.60726 1.81492
      vertex -2.03313 7.20556 1.67856
    endloop
  endfacet
  facet normal -0.2583 -0.803254 0.536716
    outer loop
      vertex -3.43193 7.79134 0.876523
      vertex -3.43193 8.01499 1.21124
      vertex -3.84256 7.87863 0.809542
    endloop
  endfacet
  facet normal -0.792715 -0.269621 0.546724
    outer loop
      vertex -1.77433 6.25258 1.1863
      vertex -2.03313 6.42121 0.894218
      vertex -2.03313 6.16982 0.770243
    endloop
  endfacet
  facet normal -0.706354 -0.46672 0.5322
    outer loop
      vertex -2.03313 6.65427 1.04994
      vertex -2.03313 6.86502 1.23476
      vertex -2.33373 6.83727 0.811458
    endloop
  endfacet
  facet normal -0.607938 -0.596941 0.52352
    outer loop
      vertex -2.33373 7.28832 1.2625
      vertex -2.671 7.49364 1.10496
      vertex -2.671 7.26057 0.839203
    endloop
  endfacet
  facet normal -0.381974 -0.513434 0.768428
    outer loop
      vertex -3.03917 7.12422 0.437505
      vertex -3.43193 7.22325 0.308438
      vertex -3.03917 6.80719 0.225678
    endloop
  endfacet
  facet normal -0.607946 -0.5235 0.59695
    outer loop
      vertex -2.33373 6.83727 0.811458
      vertex -2.33373 7.07758 1.0222
      vertex -2.671 6.99482 0.60614
    endloop
  endfacet
  facet normal -0.499192 -0.481388 0.720467
    outer loop
      vertex -2.671 6.70091 0.409761
      vertex -2.671 6.99482 0.60614
      vertex -3.03917 6.80719 0.225678
    endloop
  endfacet
  facet normal -0.792714 -0.338678 0.506855
    outer loop
      vertex -1.77433 6.25258 1.1863
      vertex -1.77433 6.44896 1.31752
      vertex -2.03313 6.42121 0.894218
    endloop
  endfacet
  facet normal -0.607941 -0.0519295 0.792282
    outer loop
      vertex -2.33373 5.34978 0.306521
      vertex -2.33373 5.66871 0.327425
      vertex -2.671 5.34978 0.047724
    endloop
  endfacet
  facet normal -0.258302 -0.427283 0.866435
    outer loop
      vertex -3.43193 6.88854 0.0847876
      vertex -3.79731 6.93749 1.90735e-07
      vertex -3.43193 6.71661 1.90735e-07
    endloop
  endfacet
  facet normal 0.130245 -0.55084 0.824386
    outer loop
      vertex -4.68917 7.05893 1.90735e-07
      vertex -4.68917 7.32401 0.177122
      vertex -5.08706 6.96485 1.90735e-07
    endloop
  endfacet
  facet normal -0.499187 -0.720461 -0.481402
    outer loop
      vertex -2.671 7.49364 4.59504
      vertex -3.03917 7.8741 4.40742
      vertex -2.671 7.69002 4.30114
    endloop
  endfacet
  facet normal -0.499186 -0.65146 -0.571326
    outer loop
      vertex -2.671 7.26057 4.8608
      vertex -3.03917 7.66227 4.72444
      vertex -2.671 7.49364 4.59504
    endloop
  endfacet
  facet normal -0.499198 -0.651465 -0.57131
    outer loop
      vertex -2.671 7.26057 4.8608
      vertex -3.03917 7.41088 5.0111
      vertex -3.03917 7.66227 4.72444
    endloop
  endfacet
  facet normal -0.381978 -0.694834 -0.609343
    outer loop
      vertex -3.03917 7.41088 5.0111
      vertex -3.43193 7.52591 5.12614
      vertex -3.03917 7.66227 4.72444
    endloop
  endfacet
  facet normal -0.38199 -0.69482 -0.609351
    outer loop
      vertex -3.43193 7.52591 5.12614
      vertex -3.43193 7.79134 4.82348
      vertex -3.03917 7.66227 4.72444
    endloop
  endfacet
  facet normal -0.38199 -0.768419 -0.513435
    outer loop
      vertex -3.03917 7.66227 4.72444
      vertex -3.43193 7.79134 4.82348
      vertex -3.43193 8.01499 4.48876
    endloop
  endfacet
  facet normal -0.607948 -0.441113 -0.660166
    outer loop
      vertex -2.33373 6.57152 5.06611
      vertex -2.671 6.99482 5.09386
      vertex -2.33373 6.83727 4.88854
    endloop
  endfacet
  facet normal -0.607948 -0.0519534 -0.792275
    outer loop
      vertex -2.48738 5.52342 5.5
      vertex -2.50123 5.68549 5.5
      vertex -2.33373 5.66871 5.37257
    endloop
  endfacet
  facet normal -0.607949 -0.660173 -0.441101
    outer loop
      vertex -2.33373 7.28832 4.4375
      vertex -2.671 7.69002 4.30114
      vertex -2.33373 7.46589 4.17174
    endloop
  endfacet
  facet normal -0.607949 -0.71209 -0.351176
    outer loop
      vertex -2.33373 7.46589 4.17174
      vertex -2.671 7.69002 4.30114
      vertex -2.33373 7.60726 3.88508
    endloop
  endfacet
  facet normal -0.792725 -0.506855 -0.338652
    outer loop
      vertex -1.77433 6.78226 4.04918
      vertex -2.03313 7.20556 4.02144
      vertex -1.77433 6.91347 3.8528
    endloop
  endfacet
  facet normal -0.865562 -0.416409 -0.278221
    outer loop
      vertex -1.77433 6.78226 4.04918
      vertex -1.77433 6.91347 3.8528
      vertex -1.56177 6.49017 3.82506
    endloop
  endfacet
  facet normal -0.381993 0.297064 0.87512
    outer loop
      vertex -3.03917 4.23432 0.0570423
      vertex -3.03917 4.40236 1.90735e-07
      vertex -3.11927 4.29936 1.90735e-07
    endloop
  endfacet
  facet normal -0.923585 -0.252788 -0.288251
    outer loop
      vertex -1.39908 5.98574 3.7788
      vertex -1.56177 6.22483 4.0904
      vertex -1.39908 6.08848 3.6887
    endloop
  endfacet
  facet normal -0.965787 -0.144086 -0.215628
    outer loop
      vertex -1.28905 5.6668 3.4991
      vertex -1.39908 5.87212 3.85472
      vertex -1.28905 5.73576 3.45302
    endloop
  endfacet
  facet normal -0.965786 0.0505903 -0.254358
    outer loop
      vertex -1.39908 5.07939 3.95908
      vertex -1.28905 5.26702 3.57862
      vertex -1.28905 5.18567 3.56244
    endloop
  endfacet
  facet normal -0.965787 -0.114702 -0.232593
    outer loop
      vertex -1.39908 5.74956 3.91516
      vertex -1.39908 5.87212 3.85472
      vertex -1.28905 5.6668 3.4991
    endloop
  endfacet
  facet normal -0.70636 -0.0463095 -0.706336
    outer loop
      vertex -2.33373 5.34978 5.39348
      vertex -2.33373 5.66871 5.37257
      vertex -2.03313 5.34978 5.09287
    endloop
  endfacet
  facet normal -0.607939 -0.051922 -0.792284
    outer loop
      vertex -2.48738 5.52342 5.5
      vertex -2.33373 5.34978 5.39348
      vertex -2.47255 5.34978 5.5
    endloop
  endfacet
  facet normal -0.607954 -0.0519436 -0.792271
    outer loop
      vertex -2.33373 5.34978 5.39348
      vertex -2.48738 5.52342 5.5
      vertex -2.33373 5.66871 5.37257
    endloop
  endfacet
  facet normal -0.79272 -0.195942 -0.577236
    outer loop
      vertex -2.03313 5.90439 5.01986
      vertex -2.03313 6.16982 4.92976
      vertex -1.77433 5.8171 4.69408
    endloop
  endfacet
  facet normal -0.70635 -0.0462901 -0.706348
    outer loop
      vertex -2.03313 5.34978 5.09287
      vertex -2.33373 5.66871 5.37257
      vertex -2.03313 5.62948 5.07454
    endloop
  endfacet
  facet normal -0.792716 -0.11893 -0.597878
    outer loop
      vertex -1.77433 5.58545 4.74016
      vertex -2.03313 5.62948 5.07454
      vertex -1.77433 5.8171 4.69408
    endloop
  endfacet
  facet normal -0.865563 0.0327385 -0.499729
    outer loop
      vertex -1.77433 5.1141 4.74016
      vertex -1.77433 5.34978 4.7556
      vertex -1.56177 5.16215 4.37514
    endloop
  endfacet
  facet normal -0.706358 -0.393253 -0.588566
    outer loop
      vertex -2.03313 6.42121 4.80578
      vertex -2.33373 6.57152 5.06611
      vertex -2.03313 6.65427 4.65006
    endloop
  endfacet
  facet normal -0.792722 -0.195947 -0.577232
    outer loop
      vertex -1.77433 5.8171 4.69408
      vertex -2.03313 6.16982 4.92976
      vertex -1.77433 6.04075 4.61816
    endloop
  endfacet
  facet normal -0.965786 -0.0505944 -0.254358
    outer loop
      vertex -1.39908 5.48613 3.98574
      vertex -1.39908 5.62016 3.95908
      vertex -1.28905 5.43254 3.57862
    endloop
  endfacet
  facet normal -0.965786 0.144084 -0.215633
    outer loop
      vertex -1.39908 4.71382 3.7788
      vertex -1.39908 4.82744 3.85472
      vertex -1.28905 4.96379 3.45302
    endloop
  endfacet
  facet normal -0.792714 0.269631 -0.546721
    outer loop
      vertex -2.03313 4.27834 4.80578
      vertex -2.03313 4.52973 4.92976
      vertex -1.77433 4.44697 4.5137
    endloop
  endfacet
  facet normal -0.79272 0.195942 -0.577236
    outer loop
      vertex -2.03313 4.52973 4.92976
      vertex -2.03313 4.79516 5.01986
      vertex -1.77433 4.88245 4.69408
    endloop
  endfacet
  facet normal -0.923587 0.252788 -0.288245
    outer loop
      vertex -1.56177 4.33335 3.96642
      vertex -1.56177 4.47472 4.0904
      vertex -1.39908 4.61108 3.6887
    endloop
  endfacet
  facet normal -0.923587 0.252784 -0.288247
    outer loop
      vertex -1.56177 4.47472 4.0904
      vertex -1.39908 4.71382 3.7788
      vertex -1.39908 4.61108 3.6887
    endloop
  endfacet
  facet normal -0.865563 0.278234 -0.416397
    outer loop
      vertex -1.77433 4.25059 4.38248
      vertex -1.77433 4.44697 4.5137
      vertex -1.56177 4.63106 4.19486
    endloop
  endfacet
  facet normal -0.865563 0.221493 -0.449157
    outer loop
      vertex -1.77433 4.44697 4.5137
      vertex -1.77433 4.6588 4.61816
      vertex -1.56177 4.63106 4.19486
    endloop
  endfacet
  facet normal -0.86556 0.416408 -0.278227
    outer loop
      vertex -1.77433 3.78608 3.8528
      vertex -1.56177 4.20938 3.82506
      vertex -1.56177 4.10492 3.66872
    endloop
  endfacet
  facet normal -0.865561 0.376523 -0.330203
    outer loop
      vertex -1.77433 3.91729 4.04918
      vertex -1.56177 4.33335 3.96642
      vertex -1.56177 4.20938 3.82506
    endloop
  endfacet
  facet normal -0.707107 0.707107 0
    outer loop
      vertex -2.33373 2.9063 2.75
      vertex -2.03313 3.2069 2.95
      vertex -2.03313 3.2069 2.75
    endloop
  endfacet
  facet normal -0.707107 0.707107 0
    outer loop
      vertex -2.03313 3.2069 2.95
      vertex -2.33373 2.9063 2.75
      vertex -2.33373 2.9063 2.95
    endloop
  endfacet
  facet normal -0.706349 0.706349 -0.0462902
    outer loop
      vertex -2.03313 3.22523 3.2297
      vertex -2.03313 3.2069 2.95
      vertex -2.33373 2.9063 2.95
    endloop
  endfacet
  facet normal 0.130241 0.972428 0.193444
    outer loop
      vertex -5.11065 2.18949 2.33394
      vertex -4.68917 2.13448 2.3267
      vertex -5.11065 2.27084 1.925
    endloop
  endfacet
  facet normal 0.258308 0.947497 0.188485
    outer loop
      vertex -5.52128 2.29858 2.3483
      vertex -5.11065 2.18949 2.33394
      vertex -5.11065 2.27084 1.925
    endloop
  endfacet
  facet normal 0.130254 0.989358 0.0648459
    outer loop
      vertex -5.11065 2.16222 2.75
      vertex -4.68917 2.10673 2.75
      vertex -5.11065 2.18949 2.33394
    endloop
  endfacet
  facet normal -0.258308 0.947497 -0.188485
    outer loop
      vertex -3.84256 2.18949 3.36606
      vertex -3.84256 2.27084 3.775
      vertex -3.43193 2.29858 3.3517
    endloop
  endfacet
  facet normal -0.130252 0.97243 -0.19343
    outer loop
      vertex -4.26405 2.21724 3.78936
      vertex -3.84256 2.27084 3.775
      vertex -4.26405 2.13448 3.3733
    endloop
  endfacet
  facet normal 0.381979 0.768416 -0.513449
    outer loop
      vertex -5.91404 3.03728 4.72444
      vertex -5.52128 2.68456 4.48876
      vertex -5.91404 2.82545 4.40742
    endloop
  endfacet
  facet normal 0.381991 0.922187 -0.0604514
    outer loop
      vertex -5.91404 2.43494 2.95
      vertex -5.91404 2.45988 3.33046
      vertex -5.52128 2.27225 2.95
    endloop
  endfacet
  facet normal 0.381979 0.828869 -0.408739
    outer loop
      vertex -5.91404 2.82545 4.40742
      vertex -5.52128 2.68456 4.48876
      vertex -5.91404 2.65682 4.06546
    endloop
  endfacet
  facet normal 0.38198 0.875125 -0.297065
    outer loop
      vertex -5.91404 2.65682 4.06546
      vertex -5.52128 2.50652 4.12772
      vertex -5.52128 2.37712 3.74652
    endloop
  endfacet
  facet normal 0 0.896875 -0.442285
    outer loop
      vertex -4.26405 2.3536 4.19106
      vertex -4.68917 2.54122 4.57152
      vertex -4.26405 2.54122 4.57152
    endloop
  endfacet
  facet normal 0 0.896875 -0.442285
    outer loop
      vertex -4.68917 2.54122 4.57152
      vertex -4.26405 2.3536 4.19106
      vertex -4.68917 2.3536 4.19106
    endloop
  endfacet
  facet normal 0.130248 0.745429 -0.653736
    outer loop
      vertex -5.11065 3.09584 5.20394
      vertex -4.68917 2.7769 4.92424
      vertex -5.11065 2.82092 4.89046
    endloop
  endfacet
  facet normal 0.258299 0.72632 -0.636978
    outer loop
      vertex -5.11065 3.09584 5.20394
      vertex -5.11065 2.82092 4.89046
      vertex -5.52128 2.90821 4.82348
    endloop
  endfacet
  facet normal -0.381993 0.609337 -0.694831
    outer loop
      vertex -3.43193 3.17364 5.12614
      vertex -3.43193 3.4763 5.39156
      vertex -3.03917 3.28868 5.0111
    endloop
  endfacet
  facet normal -0.381993 0.694817 -0.609353
    outer loop
      vertex -3.43193 3.17364 5.12614
      vertex -3.03917 3.28868 5.0111
      vertex -3.03917 3.03728 4.72444
    endloop
  endfacet
  facet normal -0.381981 0.828868 -0.40874
    outer loop
      vertex -3.43193 2.50652 4.12772
      vertex -3.43193 2.68456 4.48876
      vertex -3.03917 2.65682 4.06546
    endloop
  endfacet
  facet normal -0.381979 0.768416 -0.513449
    outer loop
      vertex -3.43193 2.68456 4.48876
      vertex -3.03917 3.03728 4.72444
      vertex -3.03917 2.82545 4.40742
    endloop
  endfacet
  facet normal -0.130245 0.745429 -0.653737
    outer loop
      vertex -4.26405 2.7769 4.92424
      vertex -3.84256 3.09584 5.20394
      vertex -3.84256 2.82092 4.89046
    endloop
  endfacet
  facet normal 0 0.83147 -0.55557
    outer loop
      vertex -4.26405 2.54122 4.57152
      vertex -4.68917 2.7769 4.92424
      vertex -4.26405 2.7769 4.92424
    endloop
  endfacet
  facet normal 0 0.83147 -0.55557
    outer loop
      vertex -4.68917 2.7769 4.92424
      vertex -4.26405 2.54122 4.57152
      vertex -4.68917 2.54122 4.57152
    endloop
  endfacet
  facet normal -0.499189 0.82051 -0.27852
    outer loop
      vertex -3.03917 2.65682 4.06546
      vertex -2.671 2.8532 3.98412
      vertex -2.671 2.73958 3.6494
    endloop
  endfacet
  facet normal -0.499189 0.777131 -0.383246
    outer loop
      vertex -3.03917 2.65682 4.06546
      vertex -2.671 3.00954 4.30114
      vertex -2.671 2.8532 3.98412
    endloop
  endfacet
  facet normal -0.607937 0.523515 -0.596946
    outer loop
      vertex -2.671 3.43898 4.8608
      vertex -2.671 3.70473 5.09386
      vertex -2.33373 3.62197 4.6778
    endloop
  endfacet
  facet normal -0.499188 0.383246 -0.777132
    outer loop
      vertex -3.03917 3.89236 5.47432
      vertex -2.671 4.31566 5.44658
      vertex -2.671 3.99864 5.29024
    endloop
  endfacet
  facet normal -0.499188 0.481391 -0.720468
    outer loop
      vertex -3.03917 3.89236 5.47432
      vertex -2.671 3.99864 5.29024
      vertex -2.671 3.70473 5.09386
    endloop
  endfacet
  facet normal -0.499175 0.481408 -0.720465
    outer loop
      vertex -3.03917 3.57534 5.26249
      vertex -3.03917 3.89236 5.47432
      vertex -2.671 3.70473 5.09386
    endloop
  endfacet
  facet normal -0.607943 0.778724 0.1549
    outer loop
      vertex -2.671 2.67062 2.39728
      vertex -2.33373 2.98956 2.11758
      vertex -2.671 2.73958 2.0506
    endloop
  endfacet
  facet normal -0.706349 0.706349 0.0462902
    outer loop
      vertex -2.33373 2.9063 2.75
      vertex -2.03313 3.2069 2.75
      vertex -2.03313 3.22523 2.4703
    endloop
  endfacet
  facet normal -0.499189 0.82051 0.27852
    outer loop
      vertex -2.671 2.73958 2.0506
      vertex -2.671 2.8532 1.71588
      vertex -3.03917 2.65682 1.63454
    endloop
  endfacet
  facet normal -0.499199 0.820501 0.27853
    outer loop
      vertex -3.03917 2.53426 1.99558
      vertex -2.671 2.73958 2.0506
      vertex -3.03917 2.65682 1.63454
    endloop
  endfacet
  facet normal -0.381987 0.768418 0.513439
    outer loop
      vertex -3.43193 2.68456 1.21124
      vertex -3.03917 3.03728 0.97556
      vertex -3.43193 2.90821 0.876523
    endloop
  endfacet
  facet normal -0.381986 0.609345 0.694827
    outer loop
      vertex -3.43193 3.17364 0.573863
      vertex -3.03917 3.57534 0.437505
      vertex -3.43193 3.4763 0.308438
    endloop
  endfacet
  facet normal -0.499199 0.651453 0.571322
    outer loop
      vertex -3.03917 3.03728 0.97556
      vertex -2.671 3.20592 1.10496
      vertex -3.03917 3.28868 0.6889
    endloop
  endfacet
  facet normal -0.381989 0.694818 0.609354
    outer loop
      vertex -3.03917 3.03728 0.97556
      vertex -3.03917 3.28868 0.6889
      vertex -3.43193 3.17364 0.573863
    endloop
  endfacet
  facet normal -0.381991 0.922187 0.0604514
    outer loop
      vertex -3.43193 2.27225 2.75
      vertex -3.03917 2.43494 2.75
      vertex -3.03917 2.45988 2.36954
    endloop
  endfacet
  facet normal -0.608767 0.793349 0
    outer loop
      vertex -2.33373 2.9063 2.75
      vertex -2.671 2.6475 2.95
      vertex -2.33373 2.9063 2.95
    endloop
  endfacet
  facet normal -0.608767 0.793349 0
    outer loop
      vertex -2.671 2.6475 2.95
      vertex -2.33373 2.9063 2.75
      vertex -2.671 2.6475 2.75
    endloop
  endfacet
  facet normal -0.607945 0.792279 -0.0519321
    outer loop
      vertex -2.671 2.67062 3.30272
      vertex -2.33373 2.9063 2.95
      vertex -2.671 2.6475 2.95
    endloop
  endfacet
  facet normal -0.258306 0.947498 -0.188482
    outer loop
      vertex -3.84256 2.27084 3.775
      vertex -3.43193 2.37712 3.74652
      vertex -3.43193 2.29858 3.3517
    endloop
  endfacet
  facet normal -0.381995 0.922185 -0.060446
    outer loop
      vertex -3.43193 2.29858 3.3517
      vertex -3.03917 2.45988 3.33046
      vertex -3.43193 2.27225 2.95
    endloop
  endfacet
  facet normal -0.865558 0.491183 0.0977198
    outer loop
      vertex -1.77433 3.55962 2.51432
      vertex -1.56177 3.92463 2.56238
      vertex -1.56177 3.96132 2.37796
    endloop
  endfacet
  facet normal -0.923585 0.363045 0.123244
    outer loop
      vertex -1.56177 3.96132 2.37796
      vertex -1.39908 4.38462 2.35022
      vertex -1.56177 4.02176 2.19992
    endloop
  endfacet
  facet normal -0.991408 0.123856 0.0420696
    outer loop
      vertex -1.23356 5.14446 2.69498
      vertex -1.23356 5.1534 2.66866
      vertex -1.28905 4.73734 2.5859
    endloop
  endfacet
  facet normal -0.965787 0.232593 -0.114702
    outer loop
      vertex -1.39908 4.38462 3.34978
      vertex -1.39908 4.44506 3.47234
      vertex -1.28905 4.764 3.19264
    endloop
  endfacet
  facet normal -0.991408 0.117334 -0.0578203
    outer loop
      vertex -1.28905 4.80068 3.26702
      vertex -1.23356 5.16569 3.05628
      vertex -1.23356 5.1534 3.03134
    endloop
  endfacet
  facet normal -0.991408 0.108757 -0.072677
    outer loop
      vertex -1.28905 4.80068 3.26702
      vertex -1.23356 5.18114 3.0794
      vertex -1.23356 5.16569 3.05628
    endloop
  endfacet
  facet normal -0.923587 0.288248 -0.252785
    outer loop
      vertex -1.56177 4.33335 3.96642
      vertex -1.39908 4.61108 3.6887
      vertex -1.39908 4.52098 3.58596
    endloop
  endfacet
  facet normal -0.991409 0.0726407 0.108773
    outer loop
      vertex -1.23356 5.22038 2.58136
      vertex -1.23356 5.2435 2.56592
      vertex -1.28905 5.03275 2.2009
    endloop
  endfacet
  facet normal -0.991408 0.117334 0.0578203
    outer loop
      vertex -1.23356 5.1534 2.66866
      vertex -1.23356 5.16569 2.64372
      vertex -1.28905 4.80068 2.43298
    endloop
  endfacet
  facet normal -0.923586 0.123232 0.363047
    outer loop
      vertex -1.39908 4.95 1.78484
      vertex -1.39908 5.07939 1.74092
      vertex -1.56177 4.79969 1.42198
    endloop
  endfacet
  facet normal -0.923586 0.169571 0.343852
    outer loop
      vertex -1.56177 4.63106 1.50514
      vertex -1.39908 4.95 1.78484
      vertex -1.56177 4.79969 1.42198
    endloop
  endfacet
  facet normal -0.923587 -0.0747951 0.376023
    outer loop
      vertex -1.39908 5.48613 1.71426
      vertex -1.39908 5.62016 1.74092
      vertex -1.56177 5.5374 1.32486
    endloop
  endfacet
  facet normal -0.923586 -0.0250805 0.382569
    outer loop
      vertex -1.39908 5.48613 1.71426
      vertex -1.56177 5.5374 1.32486
      vertex -1.56177 5.34978 1.31256
    endloop
  endfacet
  facet normal -0.923586 0.0250792 0.382569
    outer loop
      vertex -1.56177 5.16215 1.32486
      vertex -1.39908 5.21342 1.71426
      vertex -1.56177 5.34978 1.31256
    endloop
  endfacet
  facet normal -0.923587 0.0747951 0.376023
    outer loop
      vertex -1.39908 5.07939 1.74092
      vertex -1.39908 5.21342 1.71426
      vertex -1.56177 5.16215 1.32486
    endloop
  endfacet
  facet normal -0.792717 0.195942 0.577241
    outer loop
      vertex -2.03313 4.52973 0.770243
      vertex -1.77433 4.88245 1.00592
      vertex -2.03313 4.79516 0.680144
    endloop
  endfacet
  facet normal -0.792717 0.118925 0.597877
    outer loop
      vertex -2.03313 4.79516 0.680144
      vertex -1.77433 4.88245 1.00592
      vertex -2.03313 5.07008 0.625459
    endloop
  endfacet
  facet normal -0.923586 0.212996 0.318781
    outer loop
      vertex -1.56177 4.47472 1.6096
      vertex -1.39908 4.82744 1.84528
      vertex -1.56177 4.63106 1.50514
    endloop
  endfacet
  facet normal -0.865563 0.376525 0.330196
    outer loop
      vertex -1.77433 3.91729 1.65082
      vertex -1.56177 4.33335 1.73358
      vertex -1.77433 4.07302 1.47324
    endloop
  endfacet
  facet normal -0.607927 0.596952 0.523519
    outer loop
      vertex -2.671 3.20592 1.10496
      vertex -2.33373 3.41123 1.2625
      vertex -2.33373 3.62197 1.0222
    endloop
  endfacet
  facet normal -0.607927 0.660178 0.441122
    outer loop
      vertex -2.671 3.00954 1.39886
      vertex -2.33373 3.41123 1.2625
      vertex -2.671 3.20592 1.10496
    endloop
  endfacet
  facet normal -0.792719 0.338663 0.506857
    outer loop
      vertex -2.03313 4.04528 1.04994
      vertex -1.77433 4.25059 1.31752
      vertex -2.03313 4.27834 0.894218
    endloop
  endfacet
  facet normal -0.706352 0.39326 0.588569
    outer loop
      vertex -2.03313 4.04528 1.04994
      vertex -2.03313 4.27834 0.894218
      vertex -2.33373 3.86228 0.811458
    endloop
  endfacet
  facet normal -0.70636 0.588563 0.393254
    outer loop
      vertex -2.33373 3.23366 1.52826
      vertex -2.03313 3.64972 1.4455
      vertex -2.33373 3.41123 1.2625
    endloop
  endfacet
  facet normal -0.706351 0.694258 0.138109
    outer loop
      vertex -2.33373 2.9272 2.43106
      vertex -2.03313 3.22523 2.4703
      vertex -2.03313 3.27992 2.19538
    endloop
  endfacet
  facet normal -0.86556 0.278227 0.416408
    outer loop
      vertex -1.56177 4.47472 1.6096
      vertex -1.56177 4.63106 1.50514
      vertex -1.77433 4.25059 1.31752
    endloop
  endfacet
  facet normal -0.792717 0.458307 0.401938
    outer loop
      vertex -2.03313 3.64972 1.4455
      vertex -1.77433 3.91729 1.65082
      vertex -2.03313 3.83454 1.23476
    endloop
  endfacet
  facet normal -0.965787 0.232593 0.114702
    outer loop
      vertex -1.39908 4.38462 2.35022
      vertex -1.28905 4.764 2.50736
      vertex -1.39908 4.44506 2.22766
    endloop
  endfacet
  facet normal -0.923584 0.376026 0.0748096
    outer loop
      vertex -1.56177 3.92463 2.56238
      vertex -1.39908 4.34069 2.47962
      vertex -1.56177 3.96132 2.37796
    endloop
  endfacet
  facet normal -0.923585 0.343856 0.169571
    outer loop
      vertex -1.39908 4.38462 2.35022
      vertex -1.39908 4.44506 2.22766
      vertex -1.56177 4.02176 2.19992
    endloop
  endfacet
  facet normal -0.965787 0.194992 0.170978
    outer loop
      vertex -1.28905 4.84676 2.36402
      vertex -1.28905 4.90144 2.30166
      vertex -1.39908 4.52098 2.11404
    endloop
  endfacet
  facet normal -0.965787 0.215627 0.144085
    outer loop
      vertex -1.28905 4.80068 2.43298
      vertex -1.28905 4.84676 2.36402
      vertex -1.39908 4.52098 2.11404
    endloop
  endfacet
  facet normal -0.923587 0.288246 0.252786
    outer loop
      vertex -1.56177 4.20938 1.87494
      vertex -1.39908 4.52098 2.11404
      vertex -1.56177 4.33335 1.73358
    endloop
  endfacet
  facet normal -0.965786 0.258784 -0.0169663
    outer loop
      vertex -1.39908 4.31404 3.08636
      vertex -1.28905 4.72116 3.03276
      vertex -1.39908 4.3051 2.95
    endloop
  endfacet
  facet normal -0.965785 0.258786 -0.0169793
    outer loop
      vertex -1.28905 4.72116 3.03276
      vertex -1.28905 4.71573 2.95
      vertex -1.39908 4.3051 2.95
    endloop
  endfacet
  facet normal -0.965786 -0.258786 0.0169475
    outer loop
      vertex -1.28905 5.98382 2.75
      vertex -1.39908 6.39445 2.75
      vertex -1.39908 6.38552 2.61364
    endloop
  endfacet
  facet normal -0.965786 -0.254356 0.0505961
    outer loop
      vertex -1.28905 5.9784 2.66724
      vertex -1.39908 6.38552 2.61364
      vertex -1.28905 5.96222 2.5859
    endloop
  endfacet
  facet normal -0.991445 -0.130529 0
    outer loop
      vertex -1.23356 5.56234 2.75
      vertex -1.28905 5.98382 2.95
      vertex -1.28905 5.98382 2.75
    endloop
  endfacet
  facet normal -0.991445 -0.130529 0
    outer loop
      vertex -1.28905 5.98382 2.95
      vertex -1.23356 5.56234 2.75
      vertex -1.23356 5.56234 2.95
    endloop
  endfacet
  facet normal -0.991408 -0.130523 -0.00854802
    outer loop
      vertex -1.23356 5.56052 2.97774
      vertex -1.28905 5.9784 3.03276
      vertex -1.28905 5.98382 2.95
    endloop
  endfacet
  facet normal -0.965787 -0.144082 -0.21563
    outer loop
      vertex -1.39908 5.87212 3.85472
      vertex -1.39908 5.98574 3.7788
      vertex -1.28905 5.73576 3.45302
    endloop
  endfacet
  facet normal -0.991409 -0.12828 -0.0255432
    outer loop
      vertex -1.23356 5.55509 3.00501
      vertex -1.28905 5.96222 3.1141
      vertex -1.23356 5.56052 2.97774
    endloop
  endfacet
  facet normal -0.965787 -0.23258 -0.114726
    outer loop
      vertex -1.28905 5.89887 3.26702
      vertex -1.39908 6.25449 3.47234
      vertex -1.28905 5.93556 3.19264
    endloop
  endfacet
  facet normal -0.991408 0.123861 0.042044
    outer loop
      vertex -1.28905 4.73734 2.5859
      vertex -1.23356 5.1534 2.66866
      vertex -1.28905 4.764 2.50736
    endloop
  endfacet
  facet normal -0.965786 0.0505942 0.254356
    outer loop
      vertex -1.39908 5.07939 1.74092
      vertex -1.28905 5.26702 2.12138
      vertex -1.39908 5.21342 1.71426
    endloop
  endfacet
  facet normal -0.965786 -0.0505944 0.254357
    outer loop
      vertex -1.28905 5.51388 2.13756
      vertex -1.39908 5.62016 1.74092
      vertex -1.39908 5.48613 1.71426
    endloop
  endfacet
  facet normal -0.991408 -0.123868 0.0420268
    outer loop
      vertex -1.23356 5.54616 2.66866
      vertex -1.23356 5.55509 2.69498
      vertex -1.28905 5.93556 2.50736
    endloop
  endfacet
  facet normal -0.991408 -0.130523 0.00854804
    outer loop
      vertex -1.23356 5.56052 2.72225
      vertex -1.28905 5.98382 2.75
      vertex -1.28905 5.9784 2.66724
    endloop
  endfacet
  facet normal -0.965786 -0.258786 -0.0169481
    outer loop
      vertex -1.28905 5.9784 3.03276
      vertex -1.39908 6.38552 3.08636
      vertex -1.28905 5.98382 2.95
    endloop
  endfacet
  facet normal -0.86556 -0.491181 -0.0977102
    outer loop
      vertex -1.56177 6.73823 3.32204
      vertex -1.77433 7.09385 3.41732
      vertex -1.77433 7.13993 3.18568
    endloop
  endfacet
  facet normal -0.865558 -0.491183 0.0977198
    outer loop
      vertex -1.56177 6.77492 2.56238
      vertex -1.77433 7.13993 2.51432
      vertex -1.56177 6.73823 2.37796
    endloop
  endfacet
  facet normal -0.965787 -0.19498 0.170992
    outer loop
      vertex -1.28905 5.79811 2.30166
      vertex -1.39908 6.17858 2.11404
      vertex -1.39908 6.08848 2.0113
    endloop
  endfacet
  facet normal -0.792722 0.597868 -0.118934
    outer loop
      vertex -2.03313 3.27992 3.50462
      vertex -1.77433 3.6057 3.41732
      vertex -1.77433 3.55962 3.18568
    endloop
  endfacet
  facet normal -0.865559 0.474228 -0.160981
    outer loop
      vertex -1.77433 3.6057 3.41732
      vertex -1.77433 3.68162 3.64097
      vertex -1.56177 3.96132 3.32204
    endloop
  endfacet
  facet normal -0.865558 0.03276 -0.499736
    outer loop
      vertex -1.77433 5.34978 4.7556
      vertex -1.56177 5.34978 4.38744
      vertex -1.56177 5.16215 4.37514
    endloop
  endfacet
  facet normal -0.865561 0.16098 -0.474225
    outer loop
      vertex -1.77433 4.6588 4.61816
      vertex -1.77433 4.88245 4.69408
      vertex -1.56177 4.97774 4.33846
    endloop
  endfacet
  facet normal -0.130284 -0.550994 -0.824276
    outer loop
      vertex -3.84256 7.25859 5.5
      vertex -4.04501 7.30646 5.5
      vertex -3.84256 7.29023 5.47885
    endloop
  endfacet
  facet normal -0.706351 -0.393269 -0.588564
    outer loop
      vertex -2.33373 6.57152 5.06611
      vertex -2.33373 6.83727 4.88854
      vertex -2.03313 6.65427 4.65006
    endloop
  endfacet
  facet normal -0.381978 -0.609341 -0.694835
    outer loop
      vertex -3.03917 7.12422 5.26249
      vertex -3.43193 7.22325 5.39156
      vertex -3.43193 7.52591 5.12614
    endloop
  endfacet
  facet normal -0.258368 -0.536862 -0.803135
    outer loop
      vertex -3.84256 7.29023 5.47885
      vertex -3.57154 7.12816 5.5
      vertex -3.84256 7.25859 5.5
    endloop
  endfacet
  facet normal -0.2583 -0.53676 -0.803225
    outer loop
      vertex -3.57154 7.12816 5.5
      vertex -3.84256 7.29023 5.47885
      vertex -3.43193 7.22325 5.39156
    endloop
  endfacet
  facet normal -0.130245 -0.824387 -0.550838
    outer loop
      vertex -3.84256 7.87863 4.89046
      vertex -4.26405 7.92265 4.92424
      vertex -4.26405 8.15833 4.57152
    endloop
  endfacet
  facet normal -0.130234 -0.889241 -0.438509
    outer loop
      vertex -3.84256 8.11028 4.54378
      vertex -4.26405 8.15833 4.57152
      vertex -3.84256 8.29469 4.16982
    endloop
  endfacet
  facet normal 0.258299 -0.726331 -0.636965
    outer loop
      vertex -5.11065 7.87863 4.89046
      vertex -5.11065 7.60372 5.20394
      vertex -5.52128 7.79134 4.82348
    endloop
  endfacet
  facet normal 0.130248 -0.745441 -0.653723
    outer loop
      vertex -4.68917 7.92265 4.92424
      vertex -5.11065 7.60372 5.20394
      vertex -5.11065 7.87863 4.89046
    endloop
  endfacet
  facet normal 0.258299 -0.636953 -0.726341
    outer loop
      vertex -5.11065 7.29023 5.47885
      vertex -5.52128 7.22325 5.39156
      vertex -5.11065 7.60372 5.20394
    endloop
  endfacet
  facet normal 0.130284 -0.550994 -0.824276
    outer loop
      vertex -4.9082 7.30646 5.5
      vertex -5.11065 7.25859 5.5
      vertex -5.11065 7.29023 5.47885
    endloop
  endfacet
  facet normal 0.130184 -0.653731 -0.745445
    outer loop
      vertex -4.7194 7.34408 5.5
      vertex -4.68917 7.64295 5.24318
      vertex -4.68917 7.3501 5.5
    endloop
  endfacet
  facet normal 0.130247 -0.653729 -0.745435
    outer loop
      vertex -4.68917 7.64295 5.24318
      vertex -4.7194 7.34408 5.5
      vertex -5.11065 7.60372 5.20394
    endloop
  endfacet
  facet normal 0.381958 0.408758 0.82887
    outer loop
      vertex -5.63613 4.09027 1.90735e-07
      vertex -5.52128 3.81102 0.0847876
      vertex -5.52128 3.98295 1.90735e-07
    endloop
  endfacet
  facet normal 0.381981 0.408763 0.828857
    outer loop
      vertex -5.52128 3.81102 0.0847876
      vertex -5.63613 4.09027 1.90735e-07
      vertex -5.91404 3.89236 0.225678
    endloop
  endfacet
  facet normal 0.258304 0.536712 0.803255
    outer loop
      vertex -5.52128 3.4763 0.308438
      vertex -5.11065 3.40932 0.221145
      vertex -5.52128 3.81102 0.0847876
    endloop
  endfacet
  facet normal 0.499173 -0.65147 0.571326
    outer loop
      vertex -5.91404 7.66227 0.97556
      vertex -6.01449 7.61626 1.01086
      vertex -6.01788 7.54898 0.937104
    endloop
  endfacet
  facet normal 0.130242 -0.65372 0.745444
    outer loop
      vertex -4.68917 7.64295 0.456824
      vertex -5.11065 7.60372 0.496061
      vertex -5.11065 7.29023 0.221145
    endloop
  endfacet
  facet normal -0.130233 -0.82438 0.55085
    outer loop
      vertex -3.84256 8.11028 1.15622
      vertex -4.26405 8.15833 1.12848
      vertex -3.84256 7.87863 0.809542
    endloop
  endfacet
  facet normal -0.130243 0.889235 0.438517
    outer loop
      vertex -4.26405 2.3536 1.50894
      vertex -3.84256 2.40486 1.53018
      vertex -4.26405 2.54122 1.12848
    endloop
  endfacet
  facet normal 0.130258 0.550839 0.824384
    outer loop
      vertex -5.08706 3.73471 1.90735e-07
      vertex -4.68917 3.37554 0.177122
      vertex -4.68917 3.64062 1.90735e-07
    endloop
  endfacet
  facet normal 0.130067 0.550858 0.824401
    outer loop
      vertex -5.11065 3.40932 0.221145
      vertex -5.08706 3.73471 1.90735e-07
      vertex -5.11065 3.74028 1.90735e-07
    endloop
  endfacet
  facet normal 0.130253 0.550835 0.824387
    outer loop
      vertex -5.08706 3.73471 1.90735e-07
      vertex -5.11065 3.40932 0.221145
      vertex -4.68917 3.37554 0.177122
    endloop
  endfacet
  facet normal 0.381975 0.906417 0.180285
    outer loop
      vertex -5.91404 2.53426 1.99558
      vertex -5.91404 2.45988 2.36954
      vertex -5.52128 2.37712 1.95348
    endloop
  endfacet
  facet normal 0.499175 0.849802 0.169296
    outer loop
      vertex -5.91404 2.45988 2.36954
      vertex -6.26394 2.66592 2.36699
      vertex -6.26319 2.65973 2.39585
    endloop
  endfacet
  facet normal 0.4992 0.84984 0.169032
    outer loop
      vertex -5.91404 2.45988 2.36954
      vertex -6.2611 2.72239 2.07469
      vertex -6.26394 2.66592 2.36699
    endloop
  endfacet
  facet normal 0.50001 0.849596 0.167861
    outer loop
      vertex -6.2611 2.72239 2.07469
      vertex -5.91404 2.45988 2.36954
      vertex -6.2608 2.72331 2.06914
    endloop
  endfacet
  facet normal 0.130248 0.745436 0.653728
    outer loop
      vertex -5.11065 2.82092 0.809542
      vertex -4.68917 2.7769 0.775762
      vertex -4.68917 3.0566 0.456824
    endloop
  endfacet
  facet normal 0.130256 0.824389 0.550832
    outer loop
      vertex -5.11065 2.58928 1.15622
      vertex -4.68917 2.54122 1.12848
      vertex -5.11065 2.82092 0.809542
    endloop
  endfacet
  facet normal 0.499203 0.65145 0.571322
    outer loop
      vertex -5.91404 3.03728 0.97556
      vertex -6.23621 3.21626 1.05298
      vertex -6.23776 3.18556 1.08934
    endloop
  endfacet
  facet normal 0.499203 0.651451 0.571321
    outer loop
      vertex -6.23621 3.21626 1.05298
      vertex -5.91404 3.03728 0.97556
      vertex -5.91404 3.28868 0.6889
    endloop
  endfacet
  facet normal 0.499189 0.383235 0.777137
    outer loop
      vertex -6.18636 4.20546 0.2462
      vertex -6.19801 3.97433 0.367662
      vertex -5.91404 3.89236 0.225678
    endloop
  endfacet
  facet normal 0.381981 -0.609349 -0.694826
    outer loop
      vertex -5.9035 7.32046 5.09619
      vertex -5.52128 7.52591 5.12614
      vertex -5.90025 7.13832 5.25771
    endloop
  endfacet
  facet normal 0.381992 -0.609373 -0.6948
    outer loop
      vertex -5.90235 7.35452 5.06695
      vertex -5.52128 7.52591 5.12614
      vertex -5.9035 7.32046 5.09619
    endloop
  endfacet
  facet normal 0.381977 -0.609321 -0.694853
    outer loop
      vertex -5.52128 7.52591 5.12614
      vertex -5.90235 7.35452 5.06695
      vertex -5.89721 7.41581 5.01603
    endloop
  endfacet
  facet normal 0.380661 -0.609705 -0.695239
    outer loop
      vertex -5.90235 7.35452 5.06695
      vertex -5.9035 7.32046 5.09619
      vertex -5.9038 7.33732 5.08124
    endloop
  endfacet
  facet normal 0.381978 -0.609243 -0.694922
    outer loop
      vertex -5.90025 7.13832 5.25771
      vertex -5.52128 7.22325 5.39156
      vertex -5.90006 7.12774 5.26709
    endloop
  endfacet
  facet normal 0.381971 -0.609343 -0.694838
    outer loop
      vertex -5.52128 7.22325 5.39156
      vertex -5.90025 7.13832 5.25771
      vertex -5.52128 7.52591 5.12614
    endloop
  endfacet
  facet normal -0.38198 0.875125 -0.297065
    outer loop
      vertex -3.43193 2.37712 3.74652
      vertex -3.03917 2.65682 4.06546
      vertex -3.03917 2.53426 3.70441
    endloop
  endfacet
  facet normal -0.38198 0.875125 -0.297065
    outer loop
      vertex -3.43193 2.50652 4.12772
      vertex -3.03917 2.65682 4.06546
      vertex -3.43193 2.37712 3.74652
    endloop
  endfacet
  facet normal 0.381996 0.906404 -0.180307
    outer loop
      vertex -5.52128 2.37712 3.74652
      vertex -5.52128 2.29858 3.3517
      vertex -5.91404 2.45988 3.33046
    endloop
  endfacet
  facet normal 0.499184 0.278515 0.820515
    outer loop
      vertex -6.17032 4.52393 0.11465
      vertex -5.91404 4.40236 1.90735e-07
      vertex -6.03152 4.61292 1.90735e-07
    endloop
  endfacet
  facet normal 0.499183 0.278547 0.820505
    outer loop
      vertex -6.16938 4.54241 0.107809
      vertex -6.03152 4.61292 1.90735e-07
      vertex -6.16483 4.63284 0.0743415
    endloop
  endfacet
  facet normal 0.49929 0.278342 0.820509
    outer loop
      vertex -6.17032 4.52393 0.11465
      vertex -6.03152 4.61292 1.90735e-07
      vertex -6.16938 4.54241 0.107809
    endloop
  endfacet
  facet normal 0.499187 0.278526 0.820509
    outer loop
      vertex -5.91404 4.40236 1.90735e-07
      vertex -6.17032 4.52393 0.11465
      vertex -5.91404 4.23432 0.0570423
    endloop
  endfacet
  facet normal 0.499201 0.278542 0.820495
    outer loop
      vertex -6.17461 4.43875 0.146177
      vertex -5.91404 4.23432 0.0570423
      vertex -6.17032 4.52393 0.11465
    endloop
  endfacet
  facet normal 0.499184 0.278511 0.820516
    outer loop
      vertex -5.91404 4.23432 0.0570423
      vertex -6.17461 4.43875 0.146177
      vertex -6.18193 4.2935 0.199933
    endloop
  endfacet
  facet normal 0.381989 0.694818 0.609354
    outer loop
      vertex -5.91404 3.28868 0.6889
      vertex -5.91404 3.03728 0.97556
      vertex -5.52128 3.17364 0.573863
    endloop
  endfacet
  facet normal 0.499217 -0.820604 0.278191
    outer loop
      vertex -5.98931 8.11596 1.98514
      vertex -5.91404 8.16529 1.99558
      vertex -5.98892 8.12353 2.00677
    endloop
  endfacet
  facet normal 0.499099 -0.820521 0.27865
    outer loop
      vertex -5.98966 8.10886 1.96486
      vertex -5.91404 8.16529 1.99558
      vertex -5.98931 8.11596 1.98514
    endloop
  endfacet
  facet normal 0.499125 -0.820524 0.278593
    outer loop
      vertex -5.99022 8.09778 1.93323
      vertex -5.91404 8.16529 1.99558
      vertex -5.98966 8.10886 1.96486
    endloop
  endfacet
  facet normal 0.499258 -0.820506 0.27841
    outer loop
      vertex -5.99046 8.09306 1.91975
      vertex -5.91404 8.16529 1.99558
      vertex -5.99022 8.09778 1.93323
    endloop
  endfacet
  facet normal 0.499347 -0.820488 0.278303
    outer loop
      vertex -5.99069 8.08848 1.90666
      vertex -5.91404 8.16529 1.99558
      vertex -5.99046 8.09306 1.91975
    endloop
  endfacet
  facet normal 0.499039 -0.820563 0.278634
    outer loop
      vertex -5.99155 8.07141 1.85793
      vertex -5.91404 8.16529 1.99558
      vertex -5.99069 8.08848 1.90666
    endloop
  endfacet
  facet normal 0.499226 -0.820499 0.278485
    outer loop
      vertex -5.99284 8.04576 1.78467
      vertex -5.91404 8.16529 1.99558
      vertex -5.99155 8.07141 1.85793
    endloop
  endfacet
  facet normal 0.499211 -0.820475 0.278584
    outer loop
      vertex -5.91404 8.04273 1.63454
      vertex -5.99284 8.04576 1.78467
      vertex -5.9939 8.02478 1.72478
    endloop
  endfacet
  facet normal 0.49913 -0.820538 0.278543
    outer loop
      vertex -5.99284 8.04576 1.78467
      vertex -5.91404 8.04273 1.63454
      vertex -5.91404 8.16529 1.99558
    endloop
  endfacet
  facet normal 0.499124 -0.820559 0.278491
    outer loop
      vertex -5.9939 8.02478 1.72478
      vertex -5.99518 7.99946 1.65247
      vertex -5.91404 8.04273 1.63454
    endloop
  endfacet
  facet normal 0.499219 0.383255 -0.777107
    outer loop
      vertex -6.05228 4.0513 5.4639
      vertex -5.91404 3.94443 5.5
      vertex -5.91404 3.89236 5.47432
    endloop
  endfacet
  facet normal 0.499227 0.38327 -0.777095
    outer loop
      vertex -5.91404 3.94443 5.5
      vertex -6.05228 4.0513 5.4639
      vertex -6.04635 4.11677 5.5
    endloop
  endfacet
  facet normal 0 0.659342 -0.751843
    outer loop
      vertex -4.68917 3.0566 5.24318
      vertex -4.26405 3.34945 5.5
      vertex -4.26405 3.0566 5.24318
    endloop
  endfacet
  facet normal 0 0.659342 -0.751843
    outer loop
      vertex -4.26405 3.34945 5.5
      vertex -4.68917 3.0566 5.24318
      vertex -4.68917 3.34945 5.5
    endloop
  endfacet
  facet normal -0.258306 -0.963995 0.0631835
    outer loop
      vertex -3.43193 8.4273 2.75
      vertex -3.84256 8.53733 2.75
      vertex -3.84256 8.51006 2.33394
    endloop
  endfacet
  facet normal -0.381999 -0.906402 -0.180311
    outer loop
      vertex -3.03917 8.16529 3.70441
      vertex -3.43193 8.32244 3.74652
      vertex -3.03917 8.23968 3.33046
    endloop
  endfacet
  facet normal -0.707119 -0.707095 0
    outer loop
      vertex -2.03313 7.49265 2.75
      vertex -2.33373 7.79326 2.95
      vertex -2.33373 7.79326 2.75
    endloop
  endfacet
  facet normal -0.707119 -0.707095 0
    outer loop
      vertex -2.33373 7.79326 2.95
      vertex -2.03313 7.49265 2.75
      vertex -2.03313 7.49265 2.95
    endloop
  endfacet
  facet normal -0.706351 -0.706345 -0.0463086
    outer loop
      vertex -2.03313 7.47432 3.2297
      vertex -2.33373 7.77235 3.26894
      vertex -2.33373 7.79326 2.95
    endloop
  endfacet
  facet normal -0.258284 -0.947503 -0.188486
    outer loop
      vertex -3.43193 8.32244 3.74652
      vertex -3.84256 8.42871 3.775
      vertex -3.84256 8.51006 3.36606
    endloop
  endfacet
  facet normal -0.258285 -0.914802 -0.310526
    outer loop
      vertex -3.84256 8.29469 4.16982
      vertex -3.84256 8.42871 3.775
      vertex -3.43193 8.32244 3.74652
    endloop
  endfacet
  facet normal -0.38269 -0.923877 0
    outer loop
      vertex -3.43193 8.4273 2.75
      vertex -3.03917 8.26461 2.95
      vertex -3.43193 8.4273 2.95
    endloop
  endfacet
  facet normal -0.38269 -0.923877 -0
    outer loop
      vertex -3.03917 8.26461 2.95
      vertex -3.43193 8.4273 2.75
      vertex -3.03917 8.26461 2.75
    endloop
  endfacet
  facet normal -0.499995 -0.866029 0
    outer loop
      vertex -3.03917 8.26461 2.75
      vertex -2.671 8.05205 2.95
      vertex -3.03917 8.26461 2.95
    endloop
  endfacet
  facet normal -0.499995 -0.866029 -0
    outer loop
      vertex -2.671 8.05205 2.95
      vertex -3.03917 8.26461 2.75
      vertex -2.671 8.05205 2.75
    endloop
  endfacet
  facet normal -0.258306 -0.963995 -0.0631835
    outer loop
      vertex -3.84256 8.51006 3.36606
      vertex -3.84256 8.53733 2.95
      vertex -3.43193 8.4273 2.95
    endloop
  endfacet
  facet normal -0.706362 -0.670283 -0.227536
    outer loop
      vertex -2.03313 7.32953 3.77004
      vertex -2.33373 7.71 3.58242
      vertex -2.03313 7.41963 3.50462
    endloop
  endfacet
  facet normal -0.706364 -0.634857 -0.31306
    outer loop
      vertex -2.03313 7.20556 4.02144
      vertex -2.33373 7.60726 3.88508
      vertex -2.03313 7.32953 3.77004
    endloop
  endfacet
  facet normal -0.865564 -0.499726 -0.0327595
    outer loop
      vertex -1.77433 7.13993 3.18568
      vertex -1.77433 7.15538 2.95
      vertex -1.56177 6.78721 2.95
    endloop
  endfacet
  facet normal -0.792718 -0.608283 0.039876
    outer loop
      vertex -1.77433 7.15538 2.75
      vertex -2.03313 7.49265 2.75
      vertex -1.77433 7.13993 2.51432
    endloop
  endfacet
  facet normal 0.130236 -0.82438 0.55085
    outer loop
      vertex -4.68917 8.15833 1.12848
      vertex -5.11065 8.11028 1.15622
      vertex -5.11065 7.87863 0.809542
    endloop
  endfacet
  facet normal 0.258313 -0.86644 0.427266
    outer loop
      vertex -5.11065 8.29469 1.53018
      vertex -5.52128 8.01499 1.21124
      vertex -5.11065 8.11028 1.15622
    endloop
  endfacet
  facet normal 0.130266 -0.938868 0.318682
    outer loop
      vertex -4.68917 8.48231 1.91064
      vertex -5.11065 8.29469 1.53018
      vertex -4.68917 8.34596 1.50894
    endloop
  endfacet
  facet normal 0.130248 -0.745436 0.653728
    outer loop
      vertex -4.68917 7.92265 0.775762
      vertex -5.11065 7.87863 0.809542
      vertex -4.68917 7.64295 0.456824
    endloop
  endfacet
  facet normal 0.130241 -0.972431 -0.19343
    outer loop
      vertex -4.68917 8.56507 3.3733
      vertex -4.68917 8.48231 3.78936
      vertex -5.11065 8.51006 3.36606
    endloop
  endfacet
  facet normal 0.130241 -0.989359 -0.064846
    outer loop
      vertex -4.68917 8.56507 3.3733
      vertex -5.11065 8.51006 3.36606
      vertex -5.11065 8.53733 2.95
    endloop
  endfacet
  facet normal 0.130267 -0.889223 -0.438535
    outer loop
      vertex -4.68917 8.34596 4.19106
      vertex -4.68917 8.15833 4.57152
      vertex -5.11065 8.29469 4.16982
    endloop
  endfacet
  facet normal 0.130266 -0.938868 -0.318682
    outer loop
      vertex -4.68917 8.34596 4.19106
      vertex -5.11065 8.29469 4.16982
      vertex -4.68917 8.48231 3.78936
    endloop
  endfacet
  facet normal 0 -1 0
    outer loop
      vertex -4.68917 8.59282 2.75
      vertex -4.26405 8.59282 2.95
      vertex -4.68917 8.59282 2.95
    endloop
  endfacet
  facet normal 0 -1 -0
    outer loop
      vertex -4.26405 8.59282 2.95
      vertex -4.68917 8.59282 2.75
      vertex -4.26405 8.59282 2.75
    endloop
  endfacet
  facet normal -0.130251 -0.989357 0.0648587
    outer loop
      vertex -3.84256 8.53733 2.75
      vertex -4.26405 8.59282 2.75
      vertex -4.26405 8.56507 2.3267
    endloop
  endfacet
  facet normal -0.130252 -0.972427 0.193444
    outer loop
      vertex -3.84256 8.42871 1.925
      vertex -3.84256 8.51006 2.33394
      vertex -4.26405 8.48231 1.91064
    endloop
  endfacet
  facet normal 0.130254 -0.989357 0.0648586
    outer loop
      vertex -4.68917 8.59282 2.75
      vertex -5.11065 8.53733 2.75
      vertex -4.68917 8.56507 2.3267
    endloop
  endfacet
  facet normal -0.258823 -0.965925 0
    outer loop
      vertex -3.84256 8.53733 2.75
      vertex -3.43193 8.4273 2.95
      vertex -3.84256 8.53733 2.95
    endloop
  endfacet
  facet normal -0.258823 -0.965925 -0
    outer loop
      vertex -3.43193 8.4273 2.95
      vertex -3.84256 8.53733 2.75
      vertex -3.43193 8.4273 2.75
    endloop
  endfacet
  facet normal -0.381991 -0.922188 0.0604273
    outer loop
      vertex -3.03917 8.26461 2.75
      vertex -3.43193 8.4273 2.75
      vertex -3.03917 8.23968 2.36954
    endloop
  endfacet
  facet normal 0.258309 -0.947502 0.188459
    outer loop
      vertex -5.11065 8.51006 2.33394
      vertex -5.52128 8.40097 2.3483
      vertex -5.52128 8.32244 1.95348
    endloop
  endfacet
  facet normal 0.381977 -0.906416 0.180287
    outer loop
      vertex -5.52128 8.40097 2.3483
      vertex -5.91404 8.23968 2.36954
      vertex -5.52128 8.32244 1.95348
    endloop
  endfacet
  facet normal -0.381986 -0.694821 0.609352
    outer loop
      vertex -3.03917 7.66227 0.97556
      vertex -3.43193 7.79134 0.876523
      vertex -3.43193 7.52591 0.573863
    endloop
  endfacet
  facet normal -0.258317 -0.726317 0.636974
    outer loop
      vertex -3.43193 7.52591 0.573863
      vertex -3.43193 7.79134 0.876523
      vertex -3.84256 7.60372 0.496061
    endloop
  endfacet
  facet normal 0.130254 -0.938865 0.318694
    outer loop
      vertex -4.68917 8.48231 1.91064
      vertex -5.11065 8.42871 1.925
      vertex -5.11065 8.29469 1.53018
    endloop
  endfacet
  facet normal -0.130264 -0.889237 0.438507
    outer loop
      vertex -3.84256 8.29469 1.53018
      vertex -4.26405 8.34596 1.50894
      vertex -3.84256 8.11028 1.15622
    endloop
  endfacet
  facet normal 0 -0.980785 0.195092
    outer loop
      vertex -4.68917 8.48231 1.91064
      vertex -4.26405 8.56507 2.3267
      vertex -4.68917 8.56507 2.3267
    endloop
  endfacet
  facet normal 0 -0.980785 0.195092
    outer loop
      vertex -4.26405 8.56507 2.3267
      vertex -4.68917 8.48231 1.91064
      vertex -4.26405 8.48231 1.91064
    endloop
  endfacet
  facet normal -0.130238 -0.972432 0.19343
    outer loop
      vertex -3.84256 8.51006 2.33394
      vertex -4.26405 8.56507 2.3267
      vertex -4.26405 8.48231 1.91064
    endloop
  endfacet
  facet normal -0.865561 -0.160978 0.474225
    outer loop
      vertex -1.56177 5.72181 1.36154
      vertex -1.56177 5.89986 1.42198
      vertex -1.77433 5.8171 1.00592
    endloop
  endfacet
  facet normal -0.86556 -0.0327615 0.499733
    outer loop
      vertex -1.56177 5.34978 1.31256
      vertex -1.56177 5.5374 1.32486
      vertex -1.77433 5.34978 0.944397
    endloop
  endfacet
  facet normal -0.706356 -0.138101 0.694254
    outer loop
      vertex -2.03313 5.62948 0.625459
      vertex -2.03313 5.90439 0.680144
      vertex -2.33373 5.98219 0.38978
    endloop
  endfacet
  facet normal -0.706355 -0.0462966 0.706342
    outer loop
      vertex -2.03313 5.62948 0.625459
      vertex -2.33373 5.66871 0.327425
      vertex -2.33373 5.34978 0.306521
    endloop
  endfacet
  facet normal -0.499192 -0.383248 0.777128
    outer loop
      vertex -2.671 6.70091 0.409761
      vertex -3.03917 6.80719 0.225678
      vertex -3.03917 6.46524 0.0570423
    endloop
  endfacet
  facet normal -0.607944 -0.255221 0.751842
    outer loop
      vertex -2.33373 5.98219 0.38978
      vertex -2.671 6.38389 0.253423
      vertex -2.671 6.04918 0.139802
    endloop
  endfacet
  facet normal -0.923584 -0.212999 0.318785
    outer loop
      vertex -1.39908 5.87212 1.84528
      vertex -1.56177 6.22483 1.6096
      vertex -1.56177 6.06849 1.50514
    endloop
  endfacet
  facet normal -0.965786 -0.0833528 0.24558
    outer loop
      vertex -1.28905 5.51388 2.13756
      vertex -1.39908 5.74956 1.78484
      vertex -1.39908 5.62016 1.74092
    endloop
  endfacet
  facet normal -0.965787 -0.114702 0.232593
    outer loop
      vertex -1.28905 5.6668 2.2009
      vertex -1.39908 5.87212 1.84528
      vertex -1.39908 5.74956 1.78484
    endloop
  endfacet
  facet normal -0.86556 -0.278227 0.416408
    outer loop
      vertex -1.56177 6.06849 1.50514
      vertex -1.56177 6.22483 1.6096
      vertex -1.77433 6.44896 1.31752
    endloop
  endfacet
  facet normal -0.923587 -0.318788 0.212984
    outer loop
      vertex -1.39908 6.17858 2.11404
      vertex -1.39908 6.25449 2.22766
      vertex -1.56177 6.59463 2.03128
    endloop
  endfacet
  facet normal -0.923588 -0.363035 0.123247
    outer loop
      vertex -1.39908 6.31493 2.35022
      vertex -1.39908 6.35886 2.47962
      vertex -1.56177 6.6778 2.19992
    endloop
  endfacet
  facet normal -0.381999 -0.875117 0.297062
    outer loop
      vertex -3.03917 8.04273 1.63454
      vertex -3.43193 8.32244 1.95348
      vertex -3.43193 8.19304 1.57228
    endloop
  endfacet
  facet normal -0.381979 -0.768416 0.513449
    outer loop
      vertex -3.03917 7.8741 1.29258
      vertex -3.43193 8.01499 1.21124
      vertex -3.03917 7.66227 0.97556
    endloop
  endfacet
  facet normal -0.792725 -0.506855 0.338652
    outer loop
      vertex -1.77433 6.91347 1.8472
      vertex -2.03313 7.20556 1.67856
      vertex -1.77433 6.78226 1.65082
    endloop
  endfacet
  facet normal -0.865562 -0.416409 0.278221
    outer loop
      vertex -1.56177 6.49017 1.87494
      vertex -1.77433 6.91347 1.8472
      vertex -1.77433 6.78226 1.65082
    endloop
  endfacet
  facet normal -0.381999 -0.828852 0.408756
    outer loop
      vertex -3.03917 8.04273 1.63454
      vertex -3.43193 8.19304 1.57228
      vertex -3.43193 8.01499 1.21124
    endloop
  endfacet
  facet normal -0.706352 -0.58857 0.393259
    outer loop
      vertex -2.03313 7.20556 1.67856
      vertex -2.33373 7.46589 1.52826
      vertex -2.33373 7.28832 1.2625
    endloop
  endfacet
  facet normal -0.499192 -0.481388 0.720467
    outer loop
      vertex -2.671 6.99482 0.60614
      vertex -3.03917 7.12422 0.437505
      vertex -3.03917 6.80719 0.225678
    endloop
  endfacet
  facet normal -0.607933 -0.596949 0.523516
    outer loop
      vertex -2.33373 7.07758 1.0222
      vertex -2.33373 7.28832 1.2625
      vertex -2.671 7.26057 0.839203
    endloop
  endfacet
  facet normal -0.792719 -0.338663 0.506857
    outer loop
      vertex -1.77433 6.44896 1.31752
      vertex -2.03313 6.65427 1.04994
      vertex -2.03313 6.42121 0.894218
    endloop
  endfacet
  facet normal -0.70636 -0.393255 0.588562
    outer loop
      vertex -2.03313 6.42121 0.894218
      vertex -2.03313 6.65427 1.04994
      vertex -2.33373 6.57152 0.633886
    endloop
  endfacet
  facet normal -0.130238 -0.745443 0.653723
    outer loop
      vertex -3.84256 7.60372 0.496061
      vertex -3.84256 7.87863 0.809542
      vertex -4.26405 7.64295 0.456824
    endloop
  endfacet
  facet normal -0.258301 -0.536721 0.803251
    outer loop
      vertex -3.84256 7.29023 0.221145
      vertex -3.79731 6.93749 1.90735e-07
      vertex -3.43193 6.88854 0.0847876
    endloop
  endfacet
  facet normal -0.258337 -0.536719 0.80324
    outer loop
      vertex -3.79731 6.93749 1.90735e-07
      vertex -3.84256 7.29023 0.221145
      vertex -3.84256 6.95927 1.90735e-07
    endloop
  endfacet
  facet normal -0.382041 -0.408847 -0.828788
    outer loop
      vertex -3.07079 6.78468 5.5
      vertex -3.11075 6.82202 5.5
      vertex -3.03917 6.80719 5.47432
    endloop
  endfacet
  facet normal -0.38206 -0.408823 -0.828791
    outer loop
      vertex -3.03917 6.75513 5.5
      vertex -3.07079 6.78468 5.5
      vertex -3.03917 6.80719 5.47432
    endloop
  endfacet
  facet normal -0.865561 -0.33021 -0.376519
    outer loop
      vertex -1.77433 6.44896 4.38248
      vertex -1.77433 6.62653 4.22675
      vertex -1.56177 6.22483 4.0904
    endloop
  endfacet
  facet normal -0.607941 -0.441106 -0.660177
    outer loop
      vertex -2.671 6.70091 5.29024
      vertex -2.671 6.99482 5.09386
      vertex -2.33373 6.57152 5.06611
    endloop
  endfacet
  facet normal -0.792717 -0.458307 -0.401938
    outer loop
      vertex -1.77433 6.62653 4.22675
      vertex -2.03313 7.04983 4.2545
      vertex -1.77433 6.78226 4.04918
    endloop
  endfacet
  facet normal -0.792717 -0.506851 -0.338676
    outer loop
      vertex -1.77433 6.78226 4.04918
      vertex -2.03313 7.04983 4.2545
      vertex -2.03313 7.20556 4.02144
    endloop
  endfacet
  facet normal -0.499185 -0.72046 -0.481405
    outer loop
      vertex -2.671 7.49364 4.59504
      vertex -3.03917 7.66227 4.72444
      vertex -3.03917 7.8741 4.40742
    endloop
  endfacet
  facet normal -0.706352 -0.58857 -0.393259
    outer loop
      vertex -2.33373 7.28832 4.4375
      vertex -2.33373 7.46589 4.17174
      vertex -2.03313 7.20556 4.02144
    endloop
  endfacet
  facet normal -0.792723 -0.401922 -0.458311
    outer loop
      vertex -2.03313 6.65427 4.65006
      vertex -2.03313 6.86502 4.46524
      vertex -1.77433 6.62653 4.22675
    endloop
  endfacet
  facet normal -0.865563 -0.278224 -0.416403
    outer loop
      vertex -1.56177 6.06849 4.19486
      vertex -1.77433 6.25258 4.5137
      vertex -1.56177 6.22483 4.0904
    endloop
  endfacet
  facet normal -0.923585 -0.252792 -0.288249
    outer loop
      vertex -1.56177 6.22483 4.0904
      vertex -1.56177 6.3662 3.96642
      vertex -1.39908 6.08848 3.6887
    endloop
  endfacet
  facet normal -0.923585 -0.288252 -0.252789
    outer loop
      vertex -1.39908 6.08848 3.6887
      vertex -1.56177 6.3662 3.96642
      vertex -1.39908 6.17858 3.58596
    endloop
  endfacet
  facet normal -0.923586 -0.343848 -0.169579
    outer loop
      vertex -1.56177 6.59463 3.66872
      vertex -1.56177 6.6778 3.50008
      vertex -1.39908 6.25449 3.47234
    endloop
  endfacet
  facet normal -0.792725 -0.546708 -0.269624
    outer loop
      vertex -1.77433 6.91347 3.8528
      vertex -2.03313 7.20556 4.02144
      vertex -1.77433 7.01794 3.64097
    endloop
  endfacet
  facet normal -0.381984 0.297075 0.87512
    outer loop
      vertex -3.03917 4.23432 0.0570423
      vertex -3.11927 4.29936 1.90735e-07
      vertex -3.18823 4.21069 1.90735e-07
    endloop
  endfacet
  facet normal -0.923586 -0.213004 -0.318777
    outer loop
      vertex -1.39908 5.87212 3.85472
      vertex -1.56177 6.22483 4.0904
      vertex -1.39908 5.98574 3.7788
    endloop
  endfacet
  facet normal -0.991408 -0.0726725 -0.108756
    outer loop
      vertex -1.28905 5.6668 3.4991
      vertex -1.28905 5.73576 3.45302
      vertex -1.23356 5.45606 3.13408
    endloop
  endfacet
  facet normal -0.991409 -0.072695 -0.108737
    outer loop
      vertex -1.23356 5.45606 3.13408
      vertex -1.28905 5.73576 3.45302
      vertex -1.23356 5.47917 3.11863
    endloop
  endfacet
  facet normal -0.965786 -0.0833528 -0.24558
    outer loop
      vertex -1.39908 5.62016 3.95908
      vertex -1.39908 5.74956 3.91516
      vertex -1.28905 5.51388 3.56244
    endloop
  endfacet
  facet normal -0.923587 -0.0747949 -0.376023
    outer loop
      vertex -1.39908 5.48613 3.98574
      vertex -1.56177 5.72181 4.33846
      vertex -1.39908 5.62016 3.95908
    endloop
  endfacet
  facet normal -0.607943 -0.351174 -0.712097
    outer loop
      vertex -2.671 6.38389 5.44658
      vertex -2.671 6.70091 5.29024
      vertex -2.33373 6.57152 5.06611
    endloop
  endfacet
  facet normal -0.706349 -0.13809 -0.694263
    outer loop
      vertex -2.03313 5.62948 5.07454
      vertex -2.33373 5.66871 5.37257
      vertex -2.03313 5.90439 5.01986
    endloop
  endfacet
  facet normal -0.792714 -0.0398523 -0.608289
    outer loop
      vertex -1.77433 5.34978 4.7556
      vertex -2.03313 5.62948 5.07454
      vertex -1.77433 5.58545 4.74016
    endloop
  endfacet
  facet normal -0.792719 -0.0398635 -0.608283
    outer loop
      vertex -2.03313 5.34978 5.09287
      vertex -2.03313 5.62948 5.07454
      vertex -1.77433 5.34978 4.7556
    endloop
  endfacet
  facet normal -0.865561 -0.160978 -0.474225
    outer loop
      vertex -1.56177 5.72181 4.33846
      vertex -1.77433 5.8171 4.69408
      vertex -1.56177 5.89986 4.27802
    endloop
  endfacet
  facet normal -0.923585 -0.123238 -0.363047
    outer loop
      vertex -1.56177 5.72181 4.33846
      vertex -1.56177 5.89986 4.27802
      vertex -1.39908 5.74956 3.91516
    endloop
  endfacet
  facet normal -0.991408 0.108758 -0.0726738
    outer loop
      vertex -1.28905 4.80068 3.26702
      vertex -1.28905 4.84676 3.33598
      vertex -1.23356 5.18114 3.0794
    endloop
  endfacet
  facet normal -0.965786 0.144088 -0.215631
    outer loop
      vertex -1.39908 4.82744 3.85472
      vertex -1.28905 5.03275 3.4991
      vertex -1.28905 4.96379 3.45302
    endloop
  endfacet
  facet normal -0.923586 -0.0250838 -0.38257
    outer loop
      vertex -1.39908 5.34978 3.99468
      vertex -1.56177 5.34978 4.38744
      vertex -1.39908 5.48613 3.98574
    endloop
  endfacet
  facet normal -0.923587 0.123231 -0.363045
    outer loop
      vertex -1.56177 4.97774 4.33846
      vertex -1.39908 5.07939 3.95908
      vertex -1.39908 4.95 3.91516
    endloop
  endfacet
  facet normal -0.965786 0.0505942 -0.254356
    outer loop
      vertex -1.39908 5.07939 3.95908
      vertex -1.39908 5.21342 3.98574
      vertex -1.28905 5.26702 3.57862
    endloop
  endfacet
  facet normal -0.923586 0.212996 -0.318781
    outer loop
      vertex -1.56177 4.47472 4.0904
      vertex -1.56177 4.63106 4.19486
      vertex -1.39908 4.82744 3.85472
    endloop
  endfacet
  facet normal -0.923588 0.213002 -0.318773
    outer loop
      vertex -1.56177 4.47472 4.0904
      vertex -1.39908 4.82744 3.85472
      vertex -1.39908 4.71382 3.7788
    endloop
  endfacet
  facet normal -0.706349 0.227537 -0.670297
    outer loop
      vertex -2.33373 4.4147 5.20748
      vertex -2.33373 4.71736 5.31022
      vertex -2.03313 4.52973 4.92976
    endloop
  endfacet
  facet normal -0.706348 0.313089 -0.63486
    outer loop
      vertex -2.33373 4.12804 5.06611
      vertex -2.33373 4.4147 5.20748
      vertex -2.03313 4.52973 4.92976
    endloop
  endfacet
  facet normal -0.865562 0.416409 -0.278221
    outer loop
      vertex -1.77433 3.78608 3.8528
      vertex -1.77433 3.91729 4.04918
      vertex -1.56177 4.20938 3.82506
    endloop
  endfacet
  facet normal -0.792725 0.506855 -0.338652
    outer loop
      vertex -2.03313 3.49399 4.02144
      vertex -1.77433 3.91729 4.04918
      vertex -1.77433 3.78608 3.8528
    endloop
  endfacet
  facet normal 0.130254 0.989358 -0.0648459
    outer loop
      vertex -5.11065 2.16222 2.95
      vertex -5.11065 2.18949 3.36606
      vertex -4.68917 2.10673 2.95
    endloop
  endfacet
  facet normal 0.258306 0.963995 -0.0631835
    outer loop
      vertex -5.52128 2.27225 2.95
      vertex -5.11065 2.18949 3.36606
      vertex -5.11065 2.16222 2.95
    endloop
  endfacet
  facet normal 0.381995 0.922185 0.060446
    outer loop
      vertex -5.91404 2.45988 2.36954
      vertex -5.52128 2.27225 2.75
      vertex -5.52128 2.29858 2.3483
    endloop
  endfacet
  facet normal 0.381996 0.906404 0.180307
    outer loop
      vertex -5.91404 2.45988 2.36954
      vertex -5.52128 2.29858 2.3483
      vertex -5.52128 2.37712 1.95348
    endloop
  endfacet
  facet normal 0.130246 0.889235 0.438517
    outer loop
      vertex -5.11065 2.40486 1.53018
      vertex -4.68917 2.3536 1.50894
      vertex -4.68917 2.54122 1.12848
    endloop
  endfacet
  facet normal 0.130255 0.972429 0.193429
    outer loop
      vertex -5.11065 2.27084 1.925
      vertex -4.68917 2.13448 2.3267
      vertex -4.68917 2.21724 1.91064
    endloop
  endfacet
  facet normal -0.130251 0.989358 -0.0648459
    outer loop
      vertex -3.84256 2.18949 3.36606
      vertex -3.84256 2.16222 2.95
      vertex -4.26405 2.10673 2.95
    endloop
  endfacet
  facet normal -0.258306 0.963995 -0.0631835
    outer loop
      vertex -3.84256 2.18949 3.36606
      vertex -3.43193 2.27225 2.95
      vertex -3.84256 2.16222 2.95
    endloop
  endfacet
  facet normal 0.38198 0.875125 -0.297065
    outer loop
      vertex -5.91404 2.65682 4.06546
      vertex -5.52128 2.37712 3.74652
      vertex -5.91404 2.53426 3.70441
    endloop
  endfacet
  facet normal 0.499183 0.820512 -0.278526
    outer loop
      vertex -5.91404 2.53426 3.70441
      vertex -6.21203 2.7238 3.72871
      vertex -5.91404 2.65682 4.06546
    endloop
  endfacet
  facet normal 0.499188 0.820516 -0.278506
    outer loop
      vertex -6.21203 2.7238 3.72871
      vertex -5.91404 2.53426 3.70441
      vertex -6.21463 2.70189 3.6595
    endloop
  endfacet
  facet normal 0.258313 0.914792 -0.31053
    outer loop
      vertex -5.52128 2.50652 4.12772
      vertex -5.11065 2.40486 4.16982
      vertex -5.52128 2.37712 3.74652
    endloop
  endfacet
  facet normal 0.381981 0.828868 -0.40874
    outer loop
      vertex -5.52128 2.68456 4.48876
      vertex -5.52128 2.50652 4.12772
      vertex -5.91404 2.65682 4.06546
    endloop
  endfacet
  facet normal 0.130256 0.82439 -0.55083
    outer loop
      vertex -5.11065 2.82092 4.89046
      vertex -4.68917 2.54122 4.57152
      vertex -5.11065 2.58928 4.54378
    endloop
  endfacet
  facet normal 0.258299 0.803257 -0.536712
    outer loop
      vertex -5.52128 2.90821 4.82348
      vertex -5.11065 2.82092 4.89046
      vertex -5.52128 2.68456 4.48876
    endloop
  endfacet
  facet normal 0 0.751843 -0.659342
    outer loop
      vertex -4.26405 2.7769 4.92424
      vertex -4.68917 3.0566 5.24318
      vertex -4.26405 3.0566 5.24318
    endloop
  endfacet
  facet normal 0 0.751843 -0.659342
    outer loop
      vertex -4.68917 3.0566 5.24318
      vertex -4.26405 2.7769 4.92424
      vertex -4.68917 2.7769 4.92424
    endloop
  endfacet
  facet normal -0.382009 0.408769 -0.82884
    outer loop
      vertex -3.07079 3.91488 5.5
      vertex -3.03917 3.94443 5.5
      vertex -3.03917 3.89236 5.47432
    endloop
  endfacet
  facet normal -0.499166 0.383226 -0.777156
    outer loop
      vertex -3.03917 3.89236 5.47432
      vertex -2.77116 4.29353 5.5
      vertex -2.671 4.31566 5.44658
    endloop
  endfacet
  facet normal -0.499216 0.383256 -0.777109
    outer loop
      vertex -2.77116 4.29353 5.5
      vertex -3.03917 3.89236 5.47432
      vertex -3.03917 3.94443 5.5
    endloop
  endfacet
  facet normal -0.706352 0.694257 0.138107
    outer loop
      vertex -2.33373 2.9272 2.43106
      vertex -2.03313 3.27992 2.19538
      vertex -2.33373 2.98956 2.11758
    endloop
  endfacet
  facet normal -0.706351 0.706347 0.0462866
    outer loop
      vertex -2.33373 2.9063 2.75
      vertex -2.03313 3.22523 2.4703
      vertex -2.33373 2.9272 2.43106
    endloop
  endfacet
  facet normal -0.499203 0.777132 0.383226
    outer loop
      vertex -3.03917 2.65682 1.63454
      vertex -2.671 3.00954 1.39886
      vertex -3.03917 2.82545 1.29258
    endloop
  endfacet
  facet normal -0.381979 0.828869 0.408739
    outer loop
      vertex -3.03917 2.65682 1.63454
      vertex -3.03917 2.82545 1.29258
      vertex -3.43193 2.68456 1.21124
    endloop
  endfacet
  facet normal -0.381988 0.609347 0.694824
    outer loop
      vertex -3.43193 3.17364 0.573863
      vertex -3.03917 3.28868 0.6889
      vertex -3.03917 3.57534 0.437505
    endloop
  endfacet
  facet normal -0.499181 0.571323 0.651466
    outer loop
      vertex -3.03917 3.28868 0.6889
      vertex -2.671 3.70473 0.60614
      vertex -3.03917 3.57534 0.437505
    endloop
  endfacet
  facet normal -0.923585 0.363043 -0.123249
    outer loop
      vertex -1.56177 4.02176 3.50008
      vertex -1.39908 4.38462 3.34978
      vertex -1.39908 4.34069 3.22038
    endloop
  endfacet
  facet normal -0.923585 0.343856 -0.169571
    outer loop
      vertex -1.56177 4.02176 3.50008
      vertex -1.39908 4.44506 3.47234
      vertex -1.39908 4.38462 3.34978
    endloop
  endfacet
  facet normal -0.991408 0.0578463 0.117317
    outer loop
      vertex -1.28905 5.03275 2.2009
      vertex -1.23356 5.26843 2.55362
      vertex -1.28905 5.10714 2.16422
    endloop
  endfacet
  facet normal -0.965787 0.114689 0.232599
    outer loop
      vertex -1.28905 5.03275 2.2009
      vertex -1.28905 5.10714 2.16422
      vertex -1.39908 4.95 1.78484
    endloop
  endfacet
  facet normal -0.965786 0.114704 0.232596
    outer loop
      vertex -1.39908 4.82744 1.84528
      vertex -1.28905 5.03275 2.2009
      vertex -1.39908 4.95 1.78484
    endloop
  endfacet
  facet normal -0.965786 0.144088 0.215631
    outer loop
      vertex -1.28905 4.96379 2.24698
      vertex -1.28905 5.03275 2.2009
      vertex -1.39908 4.82744 1.84528
    endloop
  endfacet
  facet normal -0.865561 0.160979 0.474226
    outer loop
      vertex -1.56177 4.79969 1.42198
      vertex -1.56177 4.97774 1.36154
      vertex -1.77433 4.6588 1.08184
    endloop
  endfacet
  facet normal -0.923587 0.123237 0.363043
    outer loop
      vertex -1.56177 4.79969 1.42198
      vertex -1.39908 5.07939 1.74092
      vertex -1.56177 4.97774 1.36154
    endloop
  endfacet
  facet normal -0.865561 -0.0976983 0.491182
    outer loop
      vertex -1.56177 5.5374 1.32486
      vertex -1.56177 5.72181 1.36154
      vertex -1.77433 5.8171 1.00592
    endloop
  endfacet
  facet normal -0.923587 -0.0747927 0.376023
    outer loop
      vertex -1.39908 5.62016 1.74092
      vertex -1.56177 5.72181 1.36154
      vertex -1.56177 5.5374 1.32486
    endloop
  endfacet
  facet normal -0.865561 0.0327557 0.499732
    outer loop
      vertex -1.77433 5.1141 0.959845
      vertex -1.56177 5.16215 1.32486
      vertex -1.77433 5.34978 0.944397
    endloop
  endfacet
  facet normal -0.86556 0.0327598 0.499733
    outer loop
      vertex -1.56177 5.16215 1.32486
      vertex -1.56177 5.34978 1.31256
      vertex -1.77433 5.34978 0.944397
    endloop
  endfacet
  facet normal -0.923587 0.252784 0.288247
    outer loop
      vertex -1.39908 4.61108 2.0113
      vertex -1.39908 4.71382 1.9212
      vertex -1.56177 4.47472 1.6096
    endloop
  endfacet
  facet normal -0.923587 0.252788 0.288245
    outer loop
      vertex -1.56177 4.33335 1.73358
      vertex -1.39908 4.61108 2.0113
      vertex -1.56177 4.47472 1.6096
    endloop
  endfacet
  facet normal -0.865561 0.44916 0.221495
    outer loop
      vertex -1.77433 3.68162 2.05903
      vertex -1.56177 4.02176 2.19992
      vertex -1.77433 3.78608 1.8472
    endloop
  endfacet
  facet normal -0.792717 0.506851 0.338676
    outer loop
      vertex -2.03313 3.49399 1.67856
      vertex -1.77433 3.91729 1.65082
      vertex -2.03313 3.64972 1.4455
    endloop
  endfacet
  facet normal -0.499188 0.651468 0.571315
    outer loop
      vertex -2.671 3.20592 1.10496
      vertex -2.671 3.43898 0.839203
      vertex -3.03917 3.28868 0.6889
    endloop
  endfacet
  facet normal -0.607933 0.596955 0.52351
    outer loop
      vertex -2.671 3.20592 1.10496
      vertex -2.33373 3.62197 1.0222
      vertex -2.671 3.43898 0.839203
    endloop
  endfacet
  facet normal -0.706354 0.634866 0.313064
    outer loop
      vertex -2.33373 3.0923 1.81492
      vertex -2.03313 3.37002 1.92996
      vertex -2.03313 3.49399 1.67856
    endloop
  endfacet
  facet normal -0.792725 0.506855 0.338652
    outer loop
      vertex -2.03313 3.49399 1.67856
      vertex -1.77433 3.78608 1.8472
      vertex -1.77433 3.91729 1.65082
    endloop
  endfacet
  facet normal -0.965787 0.21563 0.144083
    outer loop
      vertex -1.39908 4.44506 2.22766
      vertex -1.28905 4.80068 2.43298
      vertex -1.39908 4.52098 2.11404
    endloop
  endfacet
  facet normal -0.923586 0.318781 0.212996
    outer loop
      vertex -1.56177 4.10492 2.03128
      vertex -1.39908 4.44506 2.22766
      vertex -1.56177 4.20938 1.87494
    endloop
  endfacet
  facet normal -0.792722 0.597868 0.118934
    outer loop
      vertex -2.03313 3.22523 2.4703
      vertex -1.77433 3.55962 2.51432
      vertex -2.03313 3.27992 2.19538
    endloop
  endfacet
  facet normal -0.965787 0.254355 0.0505788
    outer loop
      vertex -1.39908 4.31404 2.61364
      vertex -1.28905 4.73734 2.5859
      vertex -1.39908 4.34069 2.47962
    endloop
  endfacet
  facet normal -0.792725 0.546719 0.269604
    outer loop
      vertex -1.77433 3.68162 2.05903
      vertex -1.77433 3.78608 1.8472
      vertex -2.03313 3.49399 1.67856
    endloop
  endfacet
  facet normal -0.792711 0.458324 0.401931
    outer loop
      vertex -1.77433 3.91729 1.65082
      vertex -1.77433 4.07302 1.47324
      vertex -2.03313 3.83454 1.23476
    endloop
  endfacet
  facet normal -0.923584 0.363045 0.12325
    outer loop
      vertex -1.56177 3.96132 2.37796
      vertex -1.39908 4.34069 2.47962
      vertex -1.39908 4.38462 2.35022
    endloop
  endfacet
  facet normal -0.965787 0.245571 0.0833691
    outer loop
      vertex -1.39908 4.34069 2.47962
      vertex -1.28905 4.764 2.50736
      vertex -1.39908 4.38462 2.35022
    endloop
  endfacet
  facet normal -0.923588 0.318773 0.213002
    outer loop
      vertex -1.39908 4.44506 2.22766
      vertex -1.39908 4.52098 2.11404
      vertex -1.56177 4.20938 1.87494
    endloop
  endfacet
  facet normal -0.965787 0.232593 0.114702
    outer loop
      vertex -1.28905 4.764 2.50736
      vertex -1.28905 4.80068 2.43298
      vertex -1.39908 4.44506 2.22766
    endloop
  endfacet
  facet normal -0.991409 0.130521 -0.00856366
    outer loop
      vertex -1.28905 4.72116 3.03276
      vertex -1.23356 5.13722 2.95
      vertex -1.28905 4.71573 2.95
    endloop
  endfacet
  facet normal -0.991408 -0.130524 0.00856049
    outer loop
      vertex -1.23356 5.56234 2.75
      vertex -1.28905 5.98382 2.75
      vertex -1.23356 5.56052 2.72225
    endloop
  endfacet
  facet normal -0.991409 -0.128289 -0.0255189
    outer loop
      vertex -1.28905 5.96222 3.1141
      vertex -1.28905 5.9784 3.03276
      vertex -1.23356 5.56052 2.97774
    endloop
  endfacet
  facet normal -0.991408 -0.108757 -0.072677
    outer loop
      vertex -1.23356 5.51841 3.0794
      vertex -1.28905 5.89887 3.26702
      vertex -1.23356 5.53386 3.05628
    endloop
  endfacet
  facet normal -0.865561 -0.449151 -0.221513
    outer loop
      vertex -1.56177 6.59463 3.66872
      vertex -1.77433 6.91347 3.8528
      vertex -1.56177 6.6778 3.50008
    endloop
  endfacet
  facet normal -0.923587 -0.318788 -0.212984
    outer loop
      vertex -1.39908 6.17858 3.58596
      vertex -1.56177 6.59463 3.66872
      vertex -1.39908 6.25449 3.47234
    endloop
  endfacet
  facet normal -0.965786 -0.254357 -0.0505962
    outer loop
      vertex -1.28905 5.96222 3.1141
      vertex -1.39908 6.35886 3.22038
      vertex -1.28905 5.9784 3.03276
    endloop
  endfacet
  facet normal -0.965786 -0.245578 -0.0833601
    outer loop
      vertex -1.28905 5.93556 3.19264
      vertex -1.39908 6.35886 3.22038
      vertex -1.28905 5.96222 3.1141
    endloop
  endfacet
  facet normal -0.991408 0.108758 0.0726738
    outer loop
      vertex -1.28905 4.80068 2.43298
      vertex -1.23356 5.18114 2.6206
      vertex -1.28905 4.84676 2.36402
    endloop
  endfacet
  facet normal -0.991408 0.0983502 0.0862378
    outer loop
      vertex -1.28905 4.84676 2.36402
      vertex -1.23356 5.18114 2.6206
      vertex -1.28905 4.90144 2.30166
    endloop
  endfacet
  facet normal -0.991409 0.130521 0.00856366
    outer loop
      vertex -1.28905 4.71573 2.75
      vertex -1.23356 5.13722 2.75
      vertex -1.28905 4.72116 2.66724
    endloop
  endfacet
  facet normal -0.965787 0.0169661 0.25878
    outer loop
      vertex -1.39908 5.21342 1.71426
      vertex -1.28905 5.34978 2.11596
      vertex -1.39908 5.34978 1.70532
    endloop
  endfacet
  facet normal -0.965787 -0.0169673 0.25878
    outer loop
      vertex -1.28905 5.34978 2.11596
      vertex -1.39908 5.48613 1.71426
      vertex -1.39908 5.34978 1.70532
    endloop
  endfacet
  facet normal -0.991408 -0.117308 0.0578652
    outer loop
      vertex -1.23356 5.54616 2.66866
      vertex -1.28905 5.93556 2.50736
      vertex -1.28905 5.89887 2.43298
    endloop
  endfacet
  facet normal -0.991409 -0.12386 0.0420437
    outer loop
      vertex -1.23356 5.55509 2.69498
      vertex -1.28905 5.96222 2.5859
      vertex -1.28905 5.93556 2.50736
    endloop
  endfacet
  facet normal -0.991409 -0.0254983 0.128291
    outer loop
      vertex -1.23356 5.37752 2.53926
      vertex -1.23356 5.40479 2.54468
      vertex -1.28905 5.43254 2.12138
    endloop
  endfacet
  facet normal -0.991408 -0.0255192 0.12829
    outer loop
      vertex -1.23356 5.40479 2.54468
      vertex -1.28905 5.51388 2.13756
      vertex -1.28905 5.43254 2.12138
    endloop
  endfacet
  facet normal -0.965786 -0.258786 -0.0169475
    outer loop
      vertex -1.39908 6.38552 3.08636
      vertex -1.39908 6.39445 2.95
      vertex -1.28905 5.98382 2.95
    endloop
  endfacet
  facet normal -0.86556 -0.416408 0.278227
    outer loop
      vertex -1.56177 6.49017 1.87494
      vertex -1.56177 6.59463 2.03128
      vertex -1.77433 6.91347 1.8472
    endloop
  endfacet
  facet normal -0.865561 -0.449151 0.221513
    outer loop
      vertex -1.56177 6.59463 2.03128
      vertex -1.56177 6.6778 2.19992
      vertex -1.77433 6.91347 1.8472
    endloop
  endfacet
  facet normal -0.923584 -0.376026 0.0748096
    outer loop
      vertex -1.39908 6.35886 2.47962
      vertex -1.56177 6.77492 2.56238
      vertex -1.56177 6.73823 2.37796
    endloop
  endfacet
  facet normal -0.923585 -0.363051 0.123226
    outer loop
      vertex -1.39908 6.35886 2.47962
      vertex -1.56177 6.73823 2.37796
      vertex -1.56177 6.6778 2.19992
    endloop
  endfacet
  facet normal -0.865563 0.0977053 -0.491177
    outer loop
      vertex -1.77433 4.88245 4.69408
      vertex -1.77433 5.1141 4.74016
      vertex -1.56177 5.16215 4.37514
    endloop
  endfacet
  facet normal -0.865561 0.0976983 -0.491182
    outer loop
      vertex -1.77433 4.88245 4.69408
      vertex -1.56177 5.16215 4.37514
      vertex -1.56177 4.97774 4.33846
    endloop
  endfacet
  facet normal -0.130245 -0.745441 -0.653723
    outer loop
      vertex -3.84256 7.60372 5.20394
      vertex -4.26405 7.92265 4.92424
      vertex -3.84256 7.87863 4.89046
    endloop
  endfacet
  facet normal -0.130242 -0.745439 -0.653726
    outer loop
      vertex -3.84256 7.60372 5.20394
      vertex -4.26405 7.64295 5.24318
      vertex -4.26405 7.92265 4.92424
    endloop
  endfacet
  facet normal 0 -0.896865 -0.442304
    outer loop
      vertex -4.68917 8.34596 4.19106
      vertex -4.26405 8.15833 4.57152
      vertex -4.68917 8.15833 4.57152
    endloop
  endfacet
  facet normal 0 -0.896865 -0.442304
    outer loop
      vertex -4.26405 8.15833 4.57152
      vertex -4.68917 8.34596 4.19106
      vertex -4.26405 8.34596 4.19106
    endloop
  endfacet
  facet normal -0.130264 -0.889223 -0.438535
    outer loop
      vertex -4.26405 8.15833 4.57152
      vertex -4.26405 8.34596 4.19106
      vertex -3.84256 8.29469 4.16982
    endloop
  endfacet
  facet normal 0.130236 -0.824382 -0.550848
    outer loop
      vertex -4.68917 8.15833 4.57152
      vertex -5.11065 7.87863 4.89046
      vertex -5.11065 8.11028 4.54378
    endloop
  endfacet
  facet normal 0.130248 -0.824387 -0.550838
    outer loop
      vertex -4.68917 7.92265 4.92424
      vertex -5.11065 7.87863 4.89046
      vertex -4.68917 8.15833 4.57152
    endloop
  endfacet
  facet normal -0.258314 -0.803244 -0.536724
    outer loop
      vertex -3.84256 7.87863 4.89046
      vertex -3.84256 8.11028 4.54378
      vertex -3.43193 8.01499 4.48876
    endloop
  endfacet
  facet normal -0.258313 -0.86644 -0.427266
    outer loop
      vertex -3.43193 8.01499 4.48876
      vertex -3.84256 8.11028 4.54378
      vertex -3.84256 8.29469 4.16982
    endloop
  endfacet
  facet normal 0.258305 -0.536723 0.803248
    outer loop
      vertex -5.11065 7.29023 0.221145
      vertex -5.52128 7.22325 0.308438
      vertex -5.52128 6.88854 0.0847876
    endloop
  endfacet
  facet normal 0.381991 -0.513446 0.768412
    outer loop
      vertex -5.52128 7.22325 0.308438
      vertex -5.91404 6.80719 0.225678
      vertex -5.52128 6.88854 0.0847876
    endloop
  endfacet
  facet normal -0.130297 -0.550842 0.824376
    outer loop
      vertex -3.84256 7.29023 0.221145
      vertex -3.86615 6.96485 1.90735e-07
      vertex -3.84256 6.95927 1.90735e-07
    endloop
  endfacet
  facet normal -0.130251 -0.550847 0.82438
    outer loop
      vertex -3.86615 6.96485 1.90735e-07
      vertex -3.84256 7.29023 0.221145
      vertex -4.26405 7.32401 0.177122
    endloop
  endfacet
  facet normal -0.130241 0.938864 0.318704
    outer loop
      vertex -4.26405 2.21724 1.91064
      vertex -3.84256 2.40486 1.53018
      vertex -4.26405 2.3536 1.50894
    endloop
  endfacet
  facet normal 0.258313 0.427282 0.866432
    outer loop
      vertex -5.52128 3.98295 1.90735e-07
      vertex -5.52128 3.81102 0.0847876
      vertex -5.1559 3.76206 1.90735e-07
    endloop
  endfacet
  facet normal 0.258297 0.803257 0.536713
    outer loop
      vertex -5.52128 2.68456 1.21124
      vertex -5.11065 2.58928 1.15622
      vertex -5.11065 2.82092 0.809542
    endloop
  endfacet
  facet normal 0.499191 0.864636 0.0566788
    outer loop
      vertex -5.91404 2.45988 2.36954
      vertex -6.26429 2.65915 2.41445
      vertex -5.91404 2.43494 2.75
    endloop
  endfacet
  facet normal 0.499177 0.864657 0.0564837
    outer loop
      vertex -6.26319 2.65973 2.39585
      vertex -6.26429 2.65915 2.41445
      vertex -5.91404 2.45988 2.36954
    endloop
  endfacet
  facet normal 0.47585 0.877773 0.0555131
    outer loop
      vertex -6.26429 2.65915 2.41445
      vertex -6.26319 2.65973 2.39585
      vertex -6.26428 2.65934 2.41136
    endloop
  endfacet
  facet normal 0.381974 0.875125 0.297073
    outer loop
      vertex -5.91404 2.53426 1.99558
      vertex -5.52128 2.37712 1.95348
      vertex -5.91404 2.65682 1.63454
    endloop
  endfacet
  facet normal 0.512376 0.813436 0.275305
    outer loop
      vertex -6.25962 2.72698 2.04722
      vertex -6.26048 2.73469 2.02604
      vertex -6.26051 2.73412 2.02778
    endloop
  endfacet
  facet normal 0.499196 0.820538 0.278425
    outer loop
      vertex -5.91404 2.53426 1.99558
      vertex -6.26048 2.73469 2.02604
      vertex -6.25962 2.72698 2.04722
    endloop
  endfacet
  facet normal 0.499187 0.820507 0.278532
    outer loop
      vertex -6.26048 2.73469 2.02604
      vertex -5.91404 2.53426 1.99558
      vertex -5.91404 2.65682 1.63454
    endloop
  endfacet
  facet normal 0.258368 -0.536862 -0.803135
    outer loop
      vertex -5.38167 7.12816 5.5
      vertex -5.11065 7.29023 5.47885
      vertex -5.11065 7.25859 5.5
    endloop
  endfacet
  facet normal 0.2583 -0.53676 -0.803225
    outer loop
      vertex -5.11065 7.29023 5.47885
      vertex -5.38167 7.12816 5.5
      vertex -5.52128 7.22325 5.39156
    endloop
  endfacet
  facet normal 0.499185 0.481401 0.720463
    outer loop
      vertex -6.20974 3.74167 0.531247
      vertex -5.91404 3.57534 0.437505
      vertex -5.91404 3.89236 0.225678
    endloop
  endfacet
  facet normal 0.499183 0.481394 0.720469
    outer loop
      vertex -5.91404 3.57534 0.437505
      vertex -6.20974 3.74167 0.531247
      vertex -6.21283 3.68035 0.57436
    endloop
  endfacet
  facet normal 0.381985 0.513442 0.768417
    outer loop
      vertex -5.91404 3.57534 0.437505
      vertex -5.52128 3.4763 0.308438
      vertex -5.91404 3.89236 0.225678
    endloop
  endfacet
  facet normal 0.499185 0.481476 0.720413
    outer loop
      vertex -6.20002 3.93439 0.395748
      vertex -5.91404 3.89236 0.225678
      vertex -6.19801 3.97433 0.367662
    endloop
  endfacet
  facet normal 0.499217 0.4813 0.720509
    outer loop
      vertex -6.20175 3.90015 0.419819
      vertex -5.91404 3.89236 0.225678
      vertex -6.20002 3.93439 0.395748
    endloop
  endfacet
  facet normal 0.499114 0.481655 0.720342
    outer loop
      vertex -6.2022 3.89113 0.426162
      vertex -5.91404 3.89236 0.225678
      vertex -6.20175 3.90015 0.419819
    endloop
  endfacet
  facet normal 0.499324 0.480991 0.720641
    outer loop
      vertex -6.20281 3.87919 0.434554
      vertex -5.91404 3.89236 0.225678
      vertex -6.2022 3.89113 0.426162
    endloop
  endfacet
  facet normal 0.499175 0.481415 0.720461
    outer loop
      vertex -6.20593 3.81721 0.478131
      vertex -5.91404 3.89236 0.225678
      vertex -6.20281 3.87919 0.434554
    endloop
  endfacet
  facet normal 0.499175 0.481416 0.720461
    outer loop
      vertex -5.91404 3.89236 0.225678
      vertex -6.20593 3.81721 0.478131
      vertex -6.20974 3.74167 0.531247
    endloop
  endfacet
  facet normal -0.130284 0.550994 -0.824276
    outer loop
      vertex -4.04501 3.39309 5.5
      vertex -3.84256 3.44096 5.5
      vertex -3.84256 3.40932 5.47885
    endloop
  endfacet
  facet normal 0.499168 0.651514 -0.57128
    outer loop
      vertex -5.91404 3.28868 5.0111
      vertex -6.1231 3.31809 4.86197
      vertex -6.11114 3.36914 4.93064
    endloop
  endfacet
  facet normal 0.499189 0.651463 -0.571319
    outer loop
      vertex -6.1231 3.31809 4.86197
      vertex -5.91404 3.28868 5.0111
      vertex -6.13058 3.24 4.76639
    endloop
  endfacet
  facet normal -0.499194 -0.84984 -0.169046
    outer loop
      vertex -2.671 7.95997 3.6494
      vertex -3.03917 8.16529 3.70441
      vertex -2.671 8.02893 3.30272
    endloop
  endfacet
  facet normal -0.499193 -0.820506 -0.278524
    outer loop
      vertex -3.03917 8.04273 4.06546
      vertex -3.03917 8.16529 3.70441
      vertex -2.671 7.95997 3.6494
    endloop
  endfacet
  facet normal -0.706352 -0.694262 -0.138086
    outer loop
      vertex -2.33373 7.71 3.58242
      vertex -2.33373 7.77235 3.26894
      vertex -2.03313 7.47432 3.2297
    endloop
  endfacet
  facet normal -0.607937 -0.778731 -0.154887
    outer loop
      vertex -2.33373 7.71 3.58242
      vertex -2.671 8.02893 3.30272
      vertex -2.33373 7.77235 3.26894
    endloop
  endfacet
  facet normal -0.499191 -0.864637 -0.056675
    outer loop
      vertex -2.671 8.02893 3.30272
      vertex -3.03917 8.26461 2.95
      vertex -2.671 8.05205 2.95
    endloop
  endfacet
  facet normal -0.86556 -0.491181 0.0977102
    outer loop
      vertex -1.56177 6.73823 2.37796
      vertex -1.77433 7.13993 2.51432
      vertex -1.77433 7.09385 2.28268
    endloop
  endfacet
  facet normal -0.706361 -0.706337 -0.0462894
    outer loop
      vertex -2.03313 7.47432 3.2297
      vertex -2.33373 7.79326 2.95
      vertex -2.03313 7.49265 2.95
    endloop
  endfacet
  facet normal -0.86556 -0.474233 -0.160961
    outer loop
      vertex -1.56177 6.6778 3.50008
      vertex -1.77433 7.01794 3.64097
      vertex -1.77433 7.09385 3.41732
    endloop
  endfacet
  facet normal -0.923586 -0.376024 -0.0748008
    outer loop
      vertex -1.39908 6.35886 3.22038
      vertex -1.56177 6.77492 3.13762
      vertex -1.39908 6.38552 3.08636
    endloop
  endfacet
  facet normal -0.706361 -0.706337 0.0462894
    outer loop
      vertex -2.03313 7.49265 2.75
      vertex -2.33373 7.79326 2.75
      vertex -2.03313 7.47432 2.4703
    endloop
  endfacet
  facet normal -0.865557 -0.499739 -0.0327353
    outer loop
      vertex -1.56177 6.77492 3.13762
      vertex -1.77433 7.13993 3.18568
      vertex -1.56177 6.78721 2.95
    endloop
  endfacet
  facet normal -0.258309 -0.947502 0.188459
    outer loop
      vertex -3.43193 8.40097 2.3483
      vertex -3.84256 8.51006 2.33394
      vertex -3.43193 8.32244 1.95348
    endloop
  endfacet
  facet normal -0.258284 -0.947503 0.188486
    outer loop
      vertex -3.43193 8.32244 1.95348
      vertex -3.84256 8.51006 2.33394
      vertex -3.84256 8.42871 1.925
    endloop
  endfacet
  facet normal -0.381975 -0.922194 0.0604465
    outer loop
      vertex -3.03917 8.23968 2.36954
      vertex -3.43193 8.4273 2.75
      vertex -3.43193 8.40097 2.3483
    endloop
  endfacet
  facet normal -0.258309 -0.963994 0.0631863
    outer loop
      vertex -3.43193 8.40097 2.3483
      vertex -3.43193 8.4273 2.75
      vertex -3.84256 8.51006 2.33394
    endloop
  endfacet
  facet normal -0.381975 -0.609351 0.694829
    outer loop
      vertex -3.03917 7.41088 0.6889
      vertex -3.43193 7.52591 0.573863
      vertex -3.03917 7.12422 0.437505
    endloop
  endfacet
  facet normal -0.381973 -0.609349 0.694831
    outer loop
      vertex -3.03917 7.12422 0.437505
      vertex -3.43193 7.52591 0.573863
      vertex -3.43193 7.22325 0.308438
    endloop
  endfacet
  facet normal -0.258313 -0.86644 0.427266
    outer loop
      vertex -3.43193 8.01499 1.21124
      vertex -3.84256 8.29469 1.53018
      vertex -3.84256 8.11028 1.15622
    endloop
  endfacet
  facet normal -0.258314 -0.803243 0.536726
    outer loop
      vertex -3.43193 8.01499 1.21124
      vertex -3.84256 8.11028 1.15622
      vertex -3.84256 7.87863 0.809542
    endloop
  endfacet
  facet normal 0.130237 -0.889227 0.438536
    outer loop
      vertex -4.68917 8.34596 1.50894
      vertex -5.11065 8.11028 1.15622
      vertex -4.68917 8.15833 1.12848
    endloop
  endfacet
  facet normal 0.130267 -0.889237 0.438507
    outer loop
      vertex -4.68917 8.34596 1.50894
      vertex -5.11065 8.29469 1.53018
      vertex -5.11065 8.11028 1.15622
    endloop
  endfacet
  facet normal -0.79272 -0.0398723 0.60828
    outer loop
      vertex -1.77433 5.34978 0.944397
      vertex -1.77433 5.58545 0.959845
      vertex -2.03313 5.62948 0.625459
    endloop
  endfacet
  facet normal -0.706354 -0.0462974 0.706343
    outer loop
      vertex -2.03313 5.34978 0.607126
      vertex -2.03313 5.62948 0.625459
      vertex -2.33373 5.34978 0.306521
    endloop
  endfacet
  facet normal -0.499196 -0.0566928 0.864632
    outer loop
      vertex -2.671 5.34978 0.047724
      vertex -2.76465 5.44655 1.90735e-07
      vertex -2.75366 5.34978 1.90735e-07
    endloop
  endfacet
  facet normal -0.499198 -0.38324 0.777129
    outer loop
      vertex -2.671 6.38389 0.253423
      vertex -2.671 6.70091 0.409761
      vertex -3.03917 6.46524 0.0570423
    endloop
  endfacet
  facet normal -0.607942 -0.255219 0.751844
    outer loop
      vertex -2.33373 5.98219 0.38978
      vertex -2.33373 6.28485 0.49252
      vertex -2.671 6.38389 0.253423
    endloop
  endfacet
  facet normal -0.499182 -0.278513 0.820517
    outer loop
      vertex -3.03917 6.29719 1.90735e-07
      vertex -2.671 6.04918 0.139802
      vertex -3.03917 6.46524 0.0570423
    endloop
  endfacet
  facet normal -0.49919 -0.278532 0.820506
    outer loop
      vertex -2.671 6.04918 0.139802
      vertex -3.03917 6.29719 1.90735e-07
      vertex -2.92169 6.08664 1.90735e-07
    endloop
  endfacet
  facet normal -0.965787 -0.170992 0.194981
    outer loop
      vertex -1.28905 5.73576 2.24698
      vertex -1.39908 6.08848 2.0113
      vertex -1.39908 5.98574 1.9212
    endloop
  endfacet
  facet normal -0.965788 -0.114688 0.232596
    outer loop
      vertex -1.28905 5.59241 2.16422
      vertex -1.28905 5.6668 2.2009
      vertex -1.39908 5.74956 1.78484
    endloop
  endfacet
  facet normal -0.923585 -0.169571 0.343856
    outer loop
      vertex -1.39908 5.74956 1.78484
      vertex -1.39908 5.87212 1.84528
      vertex -1.56177 6.06849 1.50514
    endloop
  endfacet
  facet normal -0.923585 -0.169572 0.343855
    outer loop
      vertex -1.39908 5.74956 1.78484
      vertex -1.56177 6.06849 1.50514
      vertex -1.56177 5.89986 1.42198
    endloop
  endfacet
  facet normal -0.923585 -0.252788 0.288251
    outer loop
      vertex -1.39908 5.98574 1.9212
      vertex -1.39908 6.08848 2.0113
      vertex -1.56177 6.22483 1.6096
    endloop
  endfacet
  facet normal -0.865564 -0.330202 0.376518
    outer loop
      vertex -1.56177 6.22483 1.6096
      vertex -1.56177 6.3662 1.73358
      vertex -1.77433 6.62653 1.47324
    endloop
  endfacet
  facet normal -0.965785 -0.245577 0.0833709
    outer loop
      vertex -1.28905 5.93556 2.50736
      vertex -1.39908 6.35886 2.47962
      vertex -1.39908 6.31493 2.35022
    endloop
  endfacet
  facet normal -0.965785 -0.232587 0.11473
    outer loop
      vertex -1.28905 5.89887 2.43298
      vertex -1.28905 5.93556 2.50736
      vertex -1.39908 6.31493 2.35022
    endloop
  endfacet
  facet normal -0.499198 -0.849838 0.169046
    outer loop
      vertex -2.671 7.95997 2.0506
      vertex -2.671 8.02893 2.39728
      vertex -3.03917 8.16529 1.99558
    endloop
  endfacet
  facet normal -0.706364 -0.670283 0.227532
    outer loop
      vertex -2.03313 7.32953 1.92996
      vertex -2.33373 7.71 2.11758
      vertex -2.33373 7.60726 1.81492
    endloop
  endfacet
  facet normal -0.792713 -0.577251 0.195927
    outer loop
      vertex -1.77433 7.01794 2.05903
      vertex -1.77433 7.09385 2.28268
      vertex -2.03313 7.32953 1.92996
    endloop
  endfacet
  facet normal -0.86556 -0.474233 0.160961
    outer loop
      vertex -1.56177 6.6778 2.19992
      vertex -1.77433 7.09385 2.28268
      vertex -1.77433 7.01794 2.05903
    endloop
  endfacet
  facet normal -0.923585 -0.28825 0.25279
    outer loop
      vertex -1.39908 6.17858 2.11404
      vertex -1.56177 6.49017 1.87494
      vertex -1.56177 6.3662 1.73358
    endloop
  endfacet
  facet normal -0.923585 -0.288252 0.252789
    outer loop
      vertex -1.39908 6.08848 2.0113
      vertex -1.39908 6.17858 2.11404
      vertex -1.56177 6.3662 1.73358
    endloop
  endfacet
  facet normal -0.706361 -0.532196 0.466713
    outer loop
      vertex -2.03313 7.04983 1.4455
      vertex -2.33373 7.28832 1.2625
      vertex -2.03313 6.86502 1.23476
    endloop
  endfacet
  facet normal -0.706361 -0.588552 0.393269
    outer loop
      vertex -2.03313 7.04983 1.4455
      vertex -2.03313 7.20556 1.67856
      vertex -2.33373 7.28832 1.2625
    endloop
  endfacet
  facet normal -0.607934 -0.523521 0.596944
    outer loop
      vertex -2.33373 7.07758 1.0222
      vertex -2.671 7.26057 0.839203
      vertex -2.671 6.99482 0.60614
    endloop
  endfacet
  facet normal -0.381974 -0.694835 0.609344
    outer loop
      vertex -3.03917 7.41088 0.6889
      vertex -3.03917 7.66227 0.97556
      vertex -3.43193 7.52591 0.573863
    endloop
  endfacet
  facet normal -0.4992 -0.571316 0.651458
    outer loop
      vertex -2.671 7.26057 0.839203
      vertex -3.03917 7.41088 0.6889
      vertex -3.03917 7.12422 0.437505
    endloop
  endfacet
  facet normal -0.499201 -0.651463 0.571309
    outer loop
      vertex -2.671 7.26057 0.839203
      vertex -3.03917 7.66227 0.97556
      vertex -3.03917 7.41088 0.6889
    endloop
  endfacet
  facet normal -0.706359 -0.313082 0.634852
    outer loop
      vertex -2.03313 6.16982 0.770243
      vertex -2.03313 6.42121 0.894218
      vertex -2.33373 6.57152 0.633886
    endloop
  endfacet
  facet normal -0.607935 -0.441107 0.660182
    outer loop
      vertex -2.33373 6.57152 0.633886
      vertex -2.671 6.99482 0.60614
      vertex -2.671 6.70091 0.409761
    endloop
  endfacet
  facet normal -0.130239 -0.65372 0.745445
    outer loop
      vertex -3.84256 7.60372 0.496061
      vertex -4.26405 7.64295 0.456824
      vertex -3.84256 7.29023 0.221145
    endloop
  endfacet
  facet normal -0.258304 -0.63696 0.726334
    outer loop
      vertex -3.43193 7.22325 0.308438
      vertex -3.84256 7.60372 0.496061
      vertex -3.84256 7.29023 0.221145
    endloop
  endfacet
  facet normal 0 -0.555572 0.831468
    outer loop
      vertex -4.68917 7.32401 0.177122
      vertex -4.26405 7.05893 1.90735e-07
      vertex -4.26405 7.32401 0.177122
    endloop
  endfacet
  facet normal 0 -0.555572 0.831468
    outer loop
      vertex -4.26405 7.05893 1.90735e-07
      vertex -4.68917 7.32401 0.177122
      vertex -4.68917 7.05893 1.90735e-07
    endloop
  endfacet
  facet normal -0.381979 -0.513437 -0.768423
    outer loop
      vertex -3.03917 6.80719 5.47432
      vertex -3.43193 7.22325 5.39156
      vertex -3.03917 7.12422 5.26249
    endloop
  endfacet
  facet normal -0.382003 -0.513462 -0.768394
    outer loop
      vertex -3.43193 7.22325 5.39156
      vertex -3.11075 6.82202 5.5
      vertex -3.43193 7.06097 5.5
    endloop
  endfacet
  facet normal -0.382041 -0.513484 -0.768362
    outer loop
      vertex -3.11075 6.82202 5.5
      vertex -3.43193 7.22325 5.39156
      vertex -3.03917 6.80719 5.47432
    endloop
  endfacet
  facet normal -0.499186 -0.571314 -0.65147
    outer loop
      vertex -2.671 6.99482 5.09386
      vertex -3.03917 7.12422 5.26249
      vertex -3.03917 7.41088 5.0111
    endloop
  endfacet
  facet normal -0.499185 -0.481395 -0.720467
    outer loop
      vertex -3.03917 6.80719 5.47432
      vertex -3.03917 7.12422 5.26249
      vertex -2.671 6.99482 5.09386
    endloop
  endfacet
  facet normal -0.706357 -0.313093 -0.634848
    outer loop
      vertex -2.03313 6.16982 4.92976
      vertex -2.33373 6.57152 5.06611
      vertex -2.03313 6.42121 4.80578
    endloop
  endfacet
  facet normal -0.792713 -0.338664 -0.506865
    outer loop
      vertex -2.03313 6.42121 4.80578
      vertex -2.03313 6.65427 4.65006
      vertex -1.77433 6.25258 4.5137
    endloop
  endfacet
  facet normal -0.607934 -0.712112 -0.351159
    outer loop
      vertex -2.671 7.69002 4.30114
      vertex -2.671 7.84635 3.98412
      vertex -2.33373 7.60726 3.88508
    endloop
  endfacet
  facet normal -0.499189 -0.777141 -0.383226
    outer loop
      vertex -2.671 7.69002 4.30114
      vertex -3.03917 8.04273 4.06546
      vertex -2.671 7.84635 3.98412
    endloop
  endfacet
  facet normal -0.792714 -0.269631 -0.546721
    outer loop
      vertex -2.03313 6.16982 4.92976
      vertex -2.03313 6.42121 4.80578
      vertex -1.77433 6.25258 4.5137
    endloop
  endfacet
  facet normal -0.792722 -0.269606 -0.546722
    outer loop
      vertex -1.77433 6.04075 4.61816
      vertex -2.03313 6.16982 4.92976
      vertex -1.77433 6.25258 4.5137
    endloop
  endfacet
  facet normal -0.865561 -0.376523 -0.330203
    outer loop
      vertex -1.56177 6.3662 3.96642
      vertex -1.77433 6.78226 4.04918
      vertex -1.56177 6.49017 3.82506
    endloop
  endfacet
  facet normal -0.923585 -0.28825 -0.25279
    outer loop
      vertex -1.56177 6.3662 3.96642
      vertex -1.56177 6.49017 3.82506
      vertex -1.39908 6.17858 3.58596
    endloop
  endfacet
  facet normal -0.965787 -0.194978 -0.170996
    outer loop
      vertex -1.28905 5.79811 3.39834
      vertex -1.39908 6.17858 3.58596
      vertex -1.28905 5.8528 3.33598
    endloop
  endfacet
  facet normal -0.991408 -0.0983412 -0.0862457
    outer loop
      vertex -1.28905 5.79811 3.39834
      vertex -1.28905 5.8528 3.33598
      vertex -1.23356 5.51841 3.0794
    endloop
  endfacet
  facet normal -0.965786 0.0833698 -0.245575
    outer loop
      vertex -1.39908 5.07939 3.95908
      vertex -1.28905 5.18567 3.56244
      vertex -1.28905 5.10714 3.53578
    endloop
  endfacet
  facet normal -0.991408 0.0420547 -0.123859
    outer loop
      vertex -1.28905 5.18567 3.56244
      vertex -1.23356 5.29476 3.15532
      vertex -1.23356 5.26843 3.14638
    endloop
  endfacet
  facet normal -0.965786 -0.0169676 -0.258784
    outer loop
      vertex -1.39908 5.34978 3.99468
      vertex -1.39908 5.48613 3.98574
      vertex -1.28905 5.43254 3.57862
    endloop
  endfacet
  facet normal -0.965787 -0.0169477 -0.25878
    outer loop
      vertex -1.28905 5.34978 3.58404
      vertex -1.39908 5.34978 3.99468
      vertex -1.28905 5.43254 3.57862
    endloop
  endfacet
  facet normal -0.865561 -0.0976983 -0.491182
    outer loop
      vertex -1.56177 5.5374 4.37514
      vertex -1.77433 5.8171 4.69408
      vertex -1.56177 5.72181 4.33846
    endloop
  endfacet
  facet normal -0.865563 -0.0977053 -0.491177
    outer loop
      vertex -1.77433 5.58545 4.74016
      vertex -1.77433 5.8171 4.69408
      vertex -1.56177 5.5374 4.37514
    endloop
  endfacet
  facet normal -0.923586 0.025082 -0.38257
    outer loop
      vertex -1.56177 5.34978 4.38744
      vertex -1.39908 5.34978 3.99468
      vertex -1.39908 5.21342 3.98574
    endloop
  endfacet
  facet normal -0.965786 0.0169663 -0.258784
    outer loop
      vertex -1.39908 5.21342 3.98574
      vertex -1.39908 5.34978 3.99468
      vertex -1.28905 5.26702 3.57862
    endloop
  endfacet
  facet normal -0.865563 -0.2215 -0.449153
    outer loop
      vertex -1.56177 5.89986 4.27802
      vertex -1.77433 6.25258 4.5137
      vertex -1.56177 6.06849 4.19486
    endloop
  endfacet
  facet normal -0.923585 -0.169572 -0.343855
    outer loop
      vertex -1.56177 5.89986 4.27802
      vertex -1.56177 6.06849 4.19486
      vertex -1.39908 5.74956 3.91516
    endloop
  endfacet
  facet normal -0.965786 0.170996 -0.194982
    outer loop
      vertex -1.39908 4.61108 3.6887
      vertex -1.28905 4.96379 3.45302
      vertex -1.28905 4.90144 3.39834
    endloop
  endfacet
  facet normal -0.965786 0.194983 -0.170995
    outer loop
      vertex -1.39908 4.52098 3.58596
      vertex -1.39908 4.61108 3.6887
      vertex -1.28905 4.90144 3.39834
    endloop
  endfacet
  facet normal 0.130241 0.972428 -0.193444
    outer loop
      vertex -5.11065 2.27084 3.775
      vertex -4.68917 2.13448 3.3733
      vertex -5.11065 2.18949 3.36606
    endloop
  endfacet
  facet normal 0.258308 0.947497 -0.188485
    outer loop
      vertex -5.11065 2.27084 3.775
      vertex -5.11065 2.18949 3.36606
      vertex -5.52128 2.29858 3.3517
    endloop
  endfacet
  facet normal 0.258823 0.965925 -0
    outer loop
      vertex -5.11065 2.16222 2.75
      vertex -5.52128 2.27225 2.95
      vertex -5.11065 2.16222 2.95
    endloop
  endfacet
  facet normal 0.258823 0.965925 0
    outer loop
      vertex -5.52128 2.27225 2.95
      vertex -5.11065 2.16222 2.75
      vertex -5.52128 2.27225 2.75
    endloop
  endfacet
  facet normal 0.258306 0.963995 0.0631835
    outer loop
      vertex -5.52128 2.27225 2.75
      vertex -5.11065 2.16222 2.75
      vertex -5.11065 2.18949 2.33394
    endloop
  endfacet
  facet normal 0.381979 0.906415 -0.180289
    outer loop
      vertex -5.91404 2.53426 3.70441
      vertex -5.52128 2.37712 3.74652
      vertex -5.91404 2.45988 3.33046
    endloop
  endfacet
  facet normal 0.499189 0.849841 -0.169058
    outer loop
      vertex -5.91404 2.53426 3.70441
      vertex -6.22272 2.69438 3.59786
      vertex -6.21463 2.70189 3.6595
    endloop
  endfacet
  facet normal 0.499185 0.849847 -0.169038
    outer loop
      vertex -6.22272 2.69438 3.59786
      vertex -5.91404 2.53426 3.70441
      vertex -5.91404 2.45988 3.33046
    endloop
  endfacet
  facet normal 0.258294 0.866436 -0.427286
    outer loop
      vertex -5.52128 2.68456 4.48876
      vertex -5.11065 2.58928 4.54378
      vertex -5.11065 2.40486 4.16982
    endloop
  endfacet
  facet normal 0.130258 0.889228 -0.438527
    outer loop
      vertex -5.11065 2.58928 4.54378
      vertex -4.68917 2.54122 4.57152
      vertex -5.11065 2.40486 4.16982
    endloop
  endfacet
  facet normal -0.792722 0.597868 0.118934
    outer loop
      vertex -1.77433 3.55962 2.51432
      vertex -1.77433 3.6057 2.28268
      vertex -2.03313 3.27992 2.19538
    endloop
  endfacet
  facet normal -0.86556 0.491181 0.0977102
    outer loop
      vertex -1.77433 3.55962 2.51432
      vertex -1.56177 3.96132 2.37796
      vertex -1.77433 3.6057 2.28268
    endloop
  endfacet
  facet normal -0.86556 0.491181 -0.0977102
    outer loop
      vertex -1.77433 3.6057 3.41732
      vertex -1.56177 3.96132 3.32204
      vertex -1.77433 3.55962 3.18568
    endloop
  endfacet
  facet normal -0.865558 0.491183 -0.0977198
    outer loop
      vertex -1.77433 3.55962 3.18568
      vertex -1.56177 3.96132 3.32204
      vertex -1.56177 3.92463 3.13762
    endloop
  endfacet
  facet normal -0.499202 0.720452 0.4814
    outer loop
      vertex -3.03917 2.82545 1.29258
      vertex -2.671 3.00954 1.39886
      vertex -3.03917 3.03728 0.97556
    endloop
  endfacet
  facet normal -0.381979 0.768416 0.513449
    outer loop
      vertex -3.43193 2.68456 1.21124
      vertex -3.03917 2.82545 1.29258
      vertex -3.03917 3.03728 0.97556
    endloop
  endfacet
  facet normal -0.865561 0.376523 0.330203
    outer loop
      vertex -1.56177 4.20938 1.87494
      vertex -1.56177 4.33335 1.73358
      vertex -1.77433 3.91729 1.65082
    endloop
  endfacet
  facet normal -0.792722 0.546724 0.2696
    outer loop
      vertex -2.03313 3.37002 1.92996
      vertex -1.77433 3.68162 2.05903
      vertex -2.03313 3.49399 1.67856
    endloop
  endfacet
  facet normal -0.865561 0.474223 0.160987
    outer loop
      vertex -1.56177 3.96132 2.37796
      vertex -1.56177 4.02176 2.19992
      vertex -1.77433 3.68162 2.05903
    endloop
  endfacet
  facet normal -0.706353 0.670292 0.227539
    outer loop
      vertex -2.03313 3.27992 2.19538
      vertex -2.03313 3.37002 1.92996
      vertex -2.33373 3.0923 1.81492
    endloop
  endfacet
  facet normal -0.923877 0.38269 0
    outer loop
      vertex -1.56177 3.91234 2.75
      vertex -1.39908 4.3051 2.95
      vertex -1.39908 4.3051 2.75
    endloop
  endfacet
  facet normal -0.923877 0.38269 0
    outer loop
      vertex -1.39908 4.3051 2.95
      vertex -1.56177 3.91234 2.75
      vertex -1.56177 3.91234 2.95
    endloop
  endfacet
  facet normal -0.923586 0.38257 -0.0250602
    outer loop
      vertex -1.56177 3.92463 3.13762
      vertex -1.39908 4.3051 2.95
      vertex -1.56177 3.91234 2.95
    endloop
  endfacet
  facet normal -0.792718 0.608283 0.039876
    outer loop
      vertex -2.03313 3.2069 2.75
      vertex -1.77433 3.54417 2.75
      vertex -1.77433 3.55962 2.51432
    endloop
  endfacet
  facet normal -0.865558 0.499736 0.0327602
    outer loop
      vertex -1.77433 3.54417 2.75
      vertex -1.56177 3.92463 2.56238
      vertex -1.77433 3.55962 2.51432
    endloop
  endfacet
  facet normal -0.965786 0.254356 0.0505961
    outer loop
      vertex -1.39908 4.31404 2.61364
      vertex -1.28905 4.72116 2.66724
      vertex -1.28905 4.73734 2.5859
    endloop
  endfacet
  facet normal -0.965786 0.258784 0.0169663
    outer loop
      vertex -1.39908 4.3051 2.75
      vertex -1.28905 4.72116 2.66724
      vertex -1.39908 4.31404 2.61364
    endloop
  endfacet
  facet normal -0.923587 0.288248 0.252785
    outer loop
      vertex -1.39908 4.52098 2.11404
      vertex -1.39908 4.61108 2.0113
      vertex -1.56177 4.33335 1.73358
    endloop
  endfacet
  facet normal -0.965786 0.194983 0.170995
    outer loop
      vertex -1.39908 4.52098 2.11404
      vertex -1.28905 4.90144 2.30166
      vertex -1.39908 4.61108 2.0113
    endloop
  endfacet
  facet normal -0.965788 0.254351 -0.050595
    outer loop
      vertex -1.39908 4.34069 3.22038
      vertex -1.28905 4.73734 3.1141
      vertex -1.28905 4.72116 3.03276
    endloop
  endfacet
  facet normal -0.965786 0.254358 -0.0505794
    outer loop
      vertex -1.39908 4.31404 3.08636
      vertex -1.39908 4.34069 3.22038
      vertex -1.28905 4.72116 3.03276
    endloop
  endfacet
  facet normal -0.991409 0.128283 -0.0255438
    outer loop
      vertex -1.28905 4.73734 3.1141
      vertex -1.23356 5.14446 3.00501
      vertex -1.23356 5.13903 2.97774
    endloop
  endfacet
  facet normal -0.991408 -0.130524 -0.00856358
    outer loop
      vertex -1.23356 5.56052 2.97774
      vertex -1.28905 5.98382 2.95
      vertex -1.23356 5.56234 2.95
    endloop
  endfacet
  facet normal -0.991408 -0.123874 -0.0420128
    outer loop
      vertex -1.23356 5.54616 3.03134
      vertex -1.28905 5.93556 3.19264
      vertex -1.23356 5.55509 3.00501
    endloop
  endfacet
  facet normal -0.991408 -0.117308 -0.0578652
    outer loop
      vertex -1.28905 5.89887 3.26702
      vertex -1.28905 5.93556 3.19264
      vertex -1.23356 5.54616 3.03134
    endloop
  endfacet
  facet normal -0.923588 -0.343849 -0.169568
    outer loop
      vertex -1.39908 6.25449 3.47234
      vertex -1.56177 6.6778 3.50008
      vertex -1.39908 6.31493 3.34978
    endloop
  endfacet
  facet normal -0.965785 -0.232598 -0.114705
    outer loop
      vertex -1.39908 6.25449 3.47234
      vertex -1.39908 6.31493 3.34978
      vertex -1.28905 5.93556 3.19264
    endloop
  endfacet
  facet normal -0.991408 0.0983396 0.0862471
    outer loop
      vertex -1.23356 5.18114 2.6206
      vertex -1.23356 5.19947 2.5997
      vertex -1.28905 4.90144 2.30166
    endloop
  endfacet
  facet normal -0.991408 0.108757 0.072677
    outer loop
      vertex -1.23356 5.16569 2.64372
      vertex -1.23356 5.18114 2.6206
      vertex -1.28905 4.80068 2.43298
    endloop
  endfacet
  facet normal -0.991408 0.130531 0.00851389
    outer loop
      vertex -1.23356 5.13722 2.75
      vertex -1.23356 5.13903 2.72225
      vertex -1.28905 4.72116 2.66724
    endloop
  endfacet
  facet normal -0.991408 0.128292 0.0255196
    outer loop
      vertex -1.28905 4.72116 2.66724
      vertex -1.23356 5.13903 2.72225
      vertex -1.28905 4.73734 2.5859
    endloop
  endfacet
  facet normal -0.965786 -0.0169481 0.258787
    outer loop
      vertex -1.28905 5.34978 2.11596
      vertex -1.28905 5.43254 2.12138
      vertex -1.39908 5.48613 1.71426
    endloop
  endfacet
  facet normal -0.991408 0.0255162 0.128291
    outer loop
      vertex -1.28905 5.18567 2.13756
      vertex -1.23356 5.29476 2.54468
      vertex -1.28905 5.26702 2.12138
    endloop
  endfacet
  facet normal -0.965786 0.0505903 0.254358
    outer loop
      vertex -1.28905 5.18567 2.13756
      vertex -1.28905 5.26702 2.12138
      vertex -1.39908 5.07939 1.74092
    endloop
  endfacet
  facet normal -0.991409 -0.128281 0.0255433
    outer loop
      vertex -1.23356 5.55509 2.69498
      vertex -1.23356 5.56052 2.72225
      vertex -1.28905 5.96222 2.5859
    endloop
  endfacet
  facet normal -0.991408 -0.117313 0.0578569
    outer loop
      vertex -1.23356 5.53386 2.64372
      vertex -1.23356 5.54616 2.66866
      vertex -1.28905 5.89887 2.43298
    endloop
  endfacet
  facet normal -0.991408 0.00854809 0.130524
    outer loop
      vertex -1.28905 5.26702 2.12138
      vertex -1.23356 5.34978 2.53744
      vertex -1.28905 5.34978 2.11596
    endloop
  endfacet
  facet normal -0.991408 -0.00854809 0.130524
    outer loop
      vertex -1.23356 5.34978 2.53744
      vertex -1.28905 5.43254 2.12138
      vertex -1.28905 5.34978 2.11596
    endloop
  endfacet
  facet normal -0.258299 -0.636953 -0.726341
    outer loop
      vertex -3.43193 7.22325 5.39156
      vertex -3.84256 7.29023 5.47885
      vertex -3.84256 7.60372 5.20394
    endloop
  endfacet
  facet normal -0.130284 -0.653708 -0.745447
    outer loop
      vertex -4.04501 7.30646 5.5
      vertex -3.84256 7.60372 5.20394
      vertex -3.84256 7.29023 5.47885
    endloop
  endfacet
  facet normal -0.130259 -0.653719 -0.745442
    outer loop
      vertex -3.84256 7.60372 5.20394
      vertex -4.04501 7.30646 5.5
      vertex -4.23381 7.34408 5.5
    endloop
  endfacet
  facet normal 0.381986 -0.694821 0.609352
    outer loop
      vertex -5.52128 7.79134 0.876523
      vertex -5.91404 7.66227 0.97556
      vertex -5.52128 7.52591 0.573863
    endloop
  endfacet
  facet normal 0.381987 -0.768418 0.513439
    outer loop
      vertex -5.52128 8.01499 1.21124
      vertex -5.91404 7.66227 0.97556
      vertex -5.52128 7.79134 0.876523
    endloop
  endfacet
  facet normal 0 -0.831468 0.555572
    outer loop
      vertex -4.68917 7.92265 0.775762
      vertex -4.26405 8.15833 1.12848
      vertex -4.68917 8.15833 1.12848
    endloop
  endfacet
  facet normal 0 -0.831468 0.555572
    outer loop
      vertex -4.26405 8.15833 1.12848
      vertex -4.68917 7.92265 0.775762
      vertex -4.26405 7.92265 0.775762
    endloop
  endfacet
  facet normal -0.130245 -0.824386 0.55084
    outer loop
      vertex -3.84256 7.87863 0.809542
      vertex -4.26405 8.15833 1.12848
      vertex -4.26405 7.92265 0.775762
    endloop
  endfacet
  facet normal 0.258301 0.636973 0.726324
    outer loop
      vertex -5.52128 3.17364 0.573863
      vertex -5.11065 3.09584 0.496061
      vertex -5.11065 3.40932 0.221145
    endloop
  endfacet
  facet normal 0.258304 0.636969 0.726326
    outer loop
      vertex -5.52128 3.4763 0.308438
      vertex -5.52128 3.17364 0.573863
      vertex -5.11065 3.40932 0.221145
    endloop
  endfacet
  facet normal -0.130255 0.550839 0.824384
    outer loop
      vertex -4.26405 3.37554 0.177122
      vertex -3.86615 3.73471 1.90735e-07
      vertex -4.26405 3.64062 1.90735e-07
    endloop
  endfacet
  facet normal -0.130067 0.550858 0.824401
    outer loop
      vertex -3.86615 3.73471 1.90735e-07
      vertex -3.84256 3.40932 0.221145
      vertex -3.84256 3.74028 1.90735e-07
    endloop
  endfacet
  facet normal -0.13025 0.550836 0.824388
    outer loop
      vertex -3.84256 3.40932 0.221145
      vertex -3.86615 3.73471 1.90735e-07
      vertex -4.26405 3.37554 0.177122
    endloop
  endfacet
  facet normal 0 0.896875 0.442285
    outer loop
      vertex -4.26405 2.54122 1.12848
      vertex -4.68917 2.3536 1.50894
      vertex -4.26405 2.3536 1.50894
    endloop
  endfacet
  facet normal 0 0.896875 0.442285
    outer loop
      vertex -4.68917 2.3536 1.50894
      vertex -4.26405 2.54122 1.12848
      vertex -4.68917 2.54122 1.12848
    endloop
  endfacet
  facet normal 0.381981 0.828868 0.40874
    outer loop
      vertex -5.91404 2.65682 1.63454
      vertex -5.52128 2.50652 1.57228
      vertex -5.52128 2.68456 1.21124
    endloop
  endfacet
  facet normal 0.499178 0.864622 0.0569989
    outer loop
      vertex -5.91404 2.43494 2.75
      vertex -6.26535 2.63808 2.74521
      vertex -6.26536 2.63777 2.75
    endloop
  endfacet
  facet normal 0.49918 0.864624 0.0569589
    outer loop
      vertex -5.91404 2.43494 2.75
      vertex -6.26533 2.63844 2.73957
      vertex -6.26535 2.63808 2.74521
    endloop
  endfacet
  facet normal 0.499177 0.864622 0.0570244
    outer loop
      vertex -5.91404 2.43494 2.75
      vertex -6.26531 2.63884 2.73333
      vertex -6.26533 2.63844 2.73957
    endloop
  endfacet
  facet normal 0.4992 0.864632 0.0566582
    outer loop
      vertex -5.91404 2.43494 2.75
      vertex -6.26435 2.65781 2.43538
      vertex -6.26531 2.63884 2.73333
    endloop
  endfacet
  facet normal 0.49911 0.864676 0.0567899
    outer loop
      vertex -6.26435 2.65781 2.43538
      vertex -5.91404 2.43494 2.75
      vertex -6.26429 2.65915 2.41445
    endloop
  endfacet
  facet normal 0.499999 0.866026 -2.02574e-05
    outer loop
      vertex -5.91404 2.43494 2.95
      vertex -6.26536 2.63777 2.77869
      vertex -6.25865 2.6339 2.95
    endloop
  endfacet
  facet normal 0.499991 0.86603 -0
    outer loop
      vertex -5.91404 2.43494 2.75
      vertex -6.26536 2.63777 2.77869
      vertex -5.91404 2.43494 2.95
    endloop
  endfacet
  facet normal 0.499991 0.86603 0
    outer loop
      vertex -6.26536 2.63777 2.77869
      vertex -5.91404 2.43494 2.75
      vertex -6.26536 2.63777 2.7595
    endloop
  endfacet
  facet normal 0.499991 0.86603 0
    outer loop
      vertex -6.26536 2.63777 2.7595
      vertex -5.91404 2.43494 2.75
      vertex -6.26536 2.63777 2.75708
    endloop
  endfacet
  facet normal 0.499991 0.86603 0
    outer loop
      vertex -6.26536 2.63777 2.75708
      vertex -5.91404 2.43494 2.75
      vertex -6.26536 2.63777 2.75394
    endloop
  endfacet
  facet normal 0.499991 0.86603 0
    outer loop
      vertex -6.26536 2.63777 2.75394
      vertex -5.91404 2.43494 2.75
      vertex -6.26536 2.63777 2.75
    endloop
  endfacet
  facet normal 0.381987 0.768418 0.513439
    outer loop
      vertex -5.91404 3.03728 0.97556
      vertex -5.52128 2.68456 1.21124
      vertex -5.52128 2.90821 0.876523
    endloop
  endfacet
  facet normal 0.38198 0.875125 0.297065
    outer loop
      vertex -5.91404 2.65682 1.63454
      vertex -5.52128 2.37712 1.95348
      vertex -5.52128 2.50652 1.57228
    endloop
  endfacet
  facet normal 0.499157 0.571295 0.651509
    outer loop
      vertex -6.21894 3.55899 0.685471
      vertex -5.91404 3.28868 0.6889
      vertex -6.2154 3.62924 0.621158
    endloop
  endfacet
  facet normal 0.499191 0.571333 0.65145
    outer loop
      vertex -5.91404 3.28868 0.6889
      vertex -6.21894 3.55899 0.685471
      vertex -6.22614 3.41609 0.816314
    endloop
  endfacet
  facet normal 0.382003 -0.513462 -0.768394
    outer loop
      vertex -5.84246 6.82202 5.5
      vertex -5.52128 7.22325 5.39156
      vertex -5.52128 7.06097 5.5
    endloop
  endfacet
  facet normal 0.381969 -0.513592 -0.768325
    outer loop
      vertex -5.90402 6.81781 5.47221
      vertex -5.84246 6.82202 5.5
      vertex -5.90342 6.8094 5.47813
    endloop
  endfacet
  facet normal 0.381994 -0.513457 -0.768402
    outer loop
      vertex -5.84246 6.82202 5.5
      vertex -5.90402 6.81781 5.47221
      vertex -5.52128 7.22325 5.39156
    endloop
  endfacet
  facet normal 0.381983 -0.408786 -0.828844
    outer loop
      vertex -5.88242 6.78468 5.5
      vertex -5.90342 6.8094 5.47813
      vertex -5.84246 6.82202 5.5
    endloop
  endfacet
  facet normal 0.381551 -0.409164 -0.828857
    outer loop
      vertex -5.90342 6.8094 5.47813
      vertex -5.88242 6.78468 5.5
      vertex -5.90392 6.79998 5.48255
    endloop
  endfacet
  facet normal 0.381979 0.828869 0.408739
    outer loop
      vertex -5.91404 2.82545 1.29258
      vertex -5.91404 2.65682 1.63454
      vertex -5.52128 2.68456 1.21124
    endloop
  endfacet
  facet normal 0.499344 0.820349 0.278718
    outer loop
      vertex -5.91404 2.65682 1.63454
      vertex -6.25966 2.75092 1.97678
      vertex -6.25992 2.74588 1.99208
    endloop
  endfacet
  facet normal 0.499192 0.820508 0.27852
    outer loop
      vertex -6.25966 2.75092 1.97678
      vertex -5.91404 2.65682 1.63454
      vertex -6.25523 2.83881 1.70992
    endloop
  endfacet
  facet normal 0.499231 0.820464 0.27858
    outer loop
      vertex -5.91404 2.65682 1.63454
      vertex -6.25992 2.74588 1.99208
      vertex -6.26048 2.73469 2.02604
    endloop
  endfacet
  facet normal -0.607928 -0.751856 -0.255216
    outer loop
      vertex -2.671 7.84635 3.98412
      vertex -2.671 7.95997 3.6494
      vertex -2.33373 7.71 3.58242
    endloop
  endfacet
  facet normal -0.607928 -0.778735 -0.154902
    outer loop
      vertex -2.33373 7.71 3.58242
      vertex -2.671 7.95997 3.6494
      vertex -2.671 8.02893 3.30272
    endloop
  endfacet
  facet normal -0.381991 -0.922188 -0.0604273
    outer loop
      vertex -3.03917 8.23968 3.33046
      vertex -3.43193 8.4273 2.95
      vertex -3.03917 8.26461 2.95
    endloop
  endfacet
  facet normal -0.499205 -0.86463 -0.0566557
    outer loop
      vertex -2.671 8.02893 3.30272
      vertex -3.03917 8.23968 3.33046
      vertex -3.03917 8.26461 2.95
    endloop
  endfacet
  facet normal -0.792723 -0.608277 0.0398632
    outer loop
      vertex -1.77433 7.13993 2.51432
      vertex -2.03313 7.49265 2.75
      vertex -2.03313 7.47432 2.4703
    endloop
  endfacet
  facet normal -0.792722 -0.597868 0.118934
    outer loop
      vertex -1.77433 7.13993 2.51432
      vertex -2.03313 7.47432 2.4703
      vertex -1.77433 7.09385 2.28268
    endloop
  endfacet
  facet normal -0.923587 -0.38257 -0.0250539
    outer loop
      vertex -1.39908 6.38552 3.08636
      vertex -1.56177 6.78721 2.95
      vertex -1.39908 6.39445 2.95
    endloop
  endfacet
  facet normal -0.923877 -0.38269 0
    outer loop
      vertex -1.39908 6.39445 2.75
      vertex -1.56177 6.78721 2.95
      vertex -1.56177 6.78721 2.75
    endloop
  endfacet
  facet normal -0.923877 -0.38269 0
    outer loop
      vertex -1.56177 6.78721 2.95
      vertex -1.39908 6.39445 2.75
      vertex -1.39908 6.39445 2.95
    endloop
  endfacet
  facet normal -0.923588 -0.363035 -0.123247
    outer loop
      vertex -1.39908 6.31493 3.34978
      vertex -1.56177 6.6778 3.50008
      vertex -1.39908 6.35886 3.22038
    endloop
  endfacet
  facet normal -0.86556 -0.474233 -0.160963
    outer loop
      vertex -1.56177 6.6778 3.50008
      vertex -1.77433 7.09385 3.41732
      vertex -1.56177 6.73823 3.32204
    endloop
  endfacet
  facet normal -0.793349 -0.608767 0
    outer loop
      vertex -1.77433 7.15538 2.75
      vertex -2.03313 7.49265 2.95
      vertex -2.03313 7.49265 2.75
    endloop
  endfacet
  facet normal -0.793349 -0.608767 0
    outer loop
      vertex -2.03313 7.49265 2.95
      vertex -1.77433 7.15538 2.75
      vertex -1.77433 7.15538 2.95
    endloop
  endfacet
  facet normal -0.865558 -0.491183 -0.0977198
    outer loop
      vertex -1.56177 6.73823 3.32204
      vertex -1.77433 7.13993 3.18568
      vertex -1.56177 6.77492 3.13762
    endloop
  endfacet
  facet normal -0.706351 -0.706345 0.0463086
    outer loop
      vertex -2.03313 7.47432 2.4703
      vertex -2.33373 7.79326 2.75
      vertex -2.33373 7.77235 2.43106
    endloop
  endfacet
  facet normal -0.706363 -0.694246 0.138107
    outer loop
      vertex -2.03313 7.41963 2.19538
      vertex -2.03313 7.47432 2.4703
      vertex -2.33373 7.71 2.11758
    endloop
  endfacet
  facet normal -0.792719 -0.03987 0.608282
    outer loop
      vertex -1.77433 5.34978 0.944397
      vertex -2.03313 5.62948 0.625459
      vertex -2.03313 5.34978 0.607126
    endloop
  endfacet
  facet normal -0.792719 0.03987 0.608282
    outer loop
      vertex -2.03313 5.07008 0.625459
      vertex -1.77433 5.34978 0.944397
      vertex -2.03313 5.34978 0.607126
    endloop
  endfacet
  facet normal -0.792717 -0.118929 0.597876
    outer loop
      vertex -1.77433 5.8171 1.00592
      vertex -2.03313 5.90439 0.680144
      vertex -2.03313 5.62948 0.625459
    endloop
  endfacet
  facet normal -0.706356 -0.227528 0.670293
    outer loop
      vertex -2.03313 5.90439 0.680144
      vertex -2.03313 6.16982 0.770243
      vertex -2.33373 5.98219 0.38978
    endloop
  endfacet
  facet normal -0.607942 -0.154898 0.778725
    outer loop
      vertex -2.33373 5.66871 0.327425
      vertex -2.33373 5.98219 0.38978
      vertex -2.671 6.04918 0.139802
    endloop
  endfacet
  facet normal -0.60794 -0.154894 0.778728
    outer loop
      vertex -2.33373 5.66871 0.327425
      vertex -2.671 6.04918 0.139802
      vertex -2.671 5.70249 0.0708429
    endloop
  endfacet
  facet normal -0.49919 -0.169042 0.849844
    outer loop
      vertex -2.671 6.04918 0.139802
      vertex -2.92169 6.08664 1.90735e-07
      vertex -2.85502 5.88976 1.90735e-07
    endloop
  endfacet
  facet normal -0.499192 -0.16904 0.849843
    outer loop
      vertex -2.85502 5.88976 1.90735e-07
      vertex -2.671 5.70249 0.0708429
      vertex -2.671 6.04918 0.139802
    endloop
  endfacet
  facet normal -0.499205 -0.169058 0.849831
    outer loop
      vertex -2.671 5.70249 0.0708429
      vertex -2.85502 5.88976 1.90735e-07
      vertex -2.79476 5.71182 1.90735e-07
    endloop
  endfacet
  facet normal -0.607935 -0.351163 0.712109
    outer loop
      vertex -2.33373 6.28485 0.49252
      vertex -2.33373 6.57152 0.633886
      vertex -2.671 6.70091 0.409761
    endloop
  endfacet
  facet normal -0.607942 -0.351171 0.712099
    outer loop
      vertex -2.33373 6.28485 0.49252
      vertex -2.671 6.70091 0.409761
      vertex -2.671 6.38389 0.253423
    endloop
  endfacet
  facet normal -0.991408 -0.0420492 0.123861
    outer loop
      vertex -1.23356 5.40479 2.54468
      vertex -1.28905 5.59241 2.16422
      vertex -1.28905 5.51388 2.13756
    endloop
  endfacet
  facet normal -0.965787 -0.170994 0.194979
    outer loop
      vertex -1.28905 5.73576 2.24698
      vertex -1.28905 5.79811 2.30166
      vertex -1.39908 6.08848 2.0113
    endloop
  endfacet
  facet normal -0.991408 -0.0726653 0.108763
    outer loop
      vertex -1.23356 5.45606 2.56592
      vertex -1.23356 5.47917 2.58136
      vertex -1.28905 5.73576 2.24698
    endloop
  endfacet
  facet normal -0.965787 -0.144082 0.21563
    outer loop
      vertex -1.28905 5.73576 2.24698
      vertex -1.39908 5.98574 1.9212
      vertex -1.39908 5.87212 1.84528
    endloop
  endfacet
  facet normal -0.965787 -0.144086 0.215628
    outer loop
      vertex -1.28905 5.6668 2.2009
      vertex -1.28905 5.73576 2.24698
      vertex -1.39908 5.87212 1.84528
    endloop
  endfacet
  facet normal -0.923588 -0.343849 0.169568
    outer loop
      vertex -1.39908 6.25449 2.22766
      vertex -1.39908 6.31493 2.35022
      vertex -1.56177 6.6778 2.19992
    endloop
  endfacet
  facet normal -0.965787 -0.232593 0.114702
    outer loop
      vertex -1.28905 5.89887 2.43298
      vertex -1.39908 6.31493 2.35022
      vertex -1.39908 6.25449 2.22766
    endloop
  endfacet
  facet normal -0.607928 -0.751856 0.255216
    outer loop
      vertex -2.33373 7.71 2.11758
      vertex -2.671 7.95997 2.0506
      vertex -2.671 7.84635 1.71588
    endloop
  endfacet
  facet normal -0.499187 -0.720459 0.481405
    outer loop
      vertex -2.671 7.69002 1.39886
      vertex -3.03917 7.8741 1.29258
      vertex -3.03917 7.66227 0.97556
    endloop
  endfacet
  facet normal -0.381995 -0.906405 0.180307
    outer loop
      vertex -3.03917 8.16529 1.99558
      vertex -3.03917 8.23968 2.36954
      vertex -3.43193 8.32244 1.95348
    endloop
  endfacet
  facet normal -0.499204 -0.849833 0.169053
    outer loop
      vertex -2.671 8.02893 2.39728
      vertex -3.03917 8.23968 2.36954
      vertex -3.03917 8.16529 1.99558
    endloop
  endfacet
  facet normal -0.865561 -0.376527 0.330198
    outer loop
      vertex -1.56177 6.49017 1.87494
      vertex -1.77433 6.78226 1.65082
      vertex -1.77433 6.62653 1.47324
    endloop
  endfacet
  facet normal -0.792718 -0.458318 0.401925
    outer loop
      vertex -1.77433 6.62653 1.47324
      vertex -1.77433 6.78226 1.65082
      vertex -2.03313 7.04983 1.4455
    endloop
  endfacet
  facet normal -0.130241 -0.55084 0.824386
    outer loop
      vertex -4.26405 7.32401 0.177122
      vertex -4.26405 7.05893 1.90735e-07
      vertex -3.86615 6.96485 1.90735e-07
    endloop
  endfacet
  facet normal -0.607949 -0.154893 -0.778721
    outer loop
      vertex -2.50123 5.68549 5.5
      vertex -2.56279 5.92711 5.5
      vertex -2.33373 5.66871 5.37257
    endloop
  endfacet
  facet normal -0.706355 -0.466719 -0.532199
    outer loop
      vertex -2.03313 6.65427 4.65006
      vertex -2.33373 7.07758 4.6778
      vertex -2.03313 6.86502 4.46524
    endloop
  endfacet
  facet normal -0.70636 -0.532189 -0.466723
    outer loop
      vertex -2.33373 7.07758 4.6778
      vertex -2.33373 7.28832 4.4375
      vertex -2.03313 7.04983 4.2545
    endloop
  endfacet
  facet normal -0.607938 -0.596946 -0.523514
    outer loop
      vertex -2.33373 7.07758 4.6778
      vertex -2.671 7.49364 4.59504
      vertex -2.33373 7.28832 4.4375
    endloop
  endfacet
  facet normal -0.60794 -0.660171 -0.441117
    outer loop
      vertex -2.33373 7.28832 4.4375
      vertex -2.671 7.49364 4.59504
      vertex -2.671 7.69002 4.30114
    endloop
  endfacet
  facet normal -0.792718 -0.401937 -0.458306
    outer loop
      vertex -1.77433 6.44896 4.38248
      vertex -2.03313 6.65427 4.65006
      vertex -1.77433 6.62653 4.22675
    endloop
  endfacet
  facet normal -0.792719 -0.338674 -0.506849
    outer loop
      vertex -1.77433 6.25258 4.5137
      vertex -2.03313 6.65427 4.65006
      vertex -1.77433 6.44896 4.38248
    endloop
  endfacet
  facet normal -0.991408 -0.0983396 -0.0862471
    outer loop
      vertex -1.23356 5.50008 3.1003
      vertex -1.28905 5.79811 3.39834
      vertex -1.23356 5.51841 3.0794
    endloop
  endfacet
  facet normal -0.965787 -0.170994 -0.194979
    outer loop
      vertex -1.28905 5.73576 3.45302
      vertex -1.39908 6.08848 3.6887
      vertex -1.28905 5.79811 3.39834
    endloop
  endfacet
  facet normal -0.991408 -0.0862444 -0.098342
    outer loop
      vertex -1.28905 5.73576 3.45302
      vertex -1.28905 5.79811 3.39834
      vertex -1.23356 5.50008 3.1003
    endloop
  endfacet
  facet normal -0.991409 -0.0862215 -0.0983574
    outer loop
      vertex -1.23356 5.47917 3.11863
      vertex -1.28905 5.73576 3.45302
      vertex -1.23356 5.50008 3.1003
    endloop
  endfacet
  facet normal -0.991408 -0.108764 -0.0726619
    outer loop
      vertex -1.28905 5.8528 3.33598
      vertex -1.28905 5.89887 3.26702
      vertex -1.23356 5.51841 3.0794
    endloop
  endfacet
  facet normal -0.965786 -0.215643 -0.144064
    outer loop
      vertex -1.28905 5.8528 3.33598
      vertex -1.39908 6.17858 3.58596
      vertex -1.28905 5.89887 3.26702
    endloop
  endfacet
  facet normal -0.965787 0.083358 -0.245576
    outer loop
      vertex -1.39908 4.95 3.91516
      vertex -1.39908 5.07939 3.95908
      vertex -1.28905 5.10714 3.53578
    endloop
  endfacet
  facet normal -0.965787 0.114689 -0.232599
    outer loop
      vertex -1.39908 4.95 3.91516
      vertex -1.28905 5.10714 3.53578
      vertex -1.28905 5.03275 3.4991
    endloop
  endfacet
  facet normal -0.991408 -0.0420547 -0.123859
    outer loop
      vertex -1.23356 5.40479 3.15532
      vertex -1.28905 5.51388 3.56244
      vertex -1.23356 5.43112 3.14638
    endloop
  endfacet
  facet normal -0.965786 -0.0505962 -0.254357
    outer loop
      vertex -1.28905 5.43254 3.57862
      vertex -1.39908 5.62016 3.95908
      vertex -1.28905 5.51388 3.56244
    endloop
  endfacet
  facet normal -0.991408 -0.0578567 -0.117313
    outer loop
      vertex -1.23356 5.43112 3.14638
      vertex -1.28905 5.59241 3.53578
      vertex -1.23356 5.45606 3.13408
    endloop
  endfacet
  facet normal -0.965787 0.194992 -0.170978
    outer loop
      vertex -1.39908 4.52098 3.58596
      vertex -1.28905 4.90144 3.39834
      vertex -1.28905 4.84676 3.33598
    endloop
  endfacet
  facet normal -0.991408 0.0862444 -0.098342
    outer loop
      vertex -1.28905 4.90144 3.39834
      vertex -1.28905 4.96379 3.45302
      vertex -1.23356 5.19947 3.1003
    endloop
  endfacet
  facet normal -0.258307 0.53672 -0.803249
    outer loop
      vertex -3.57154 3.5714 5.5
      vertex -3.43193 3.63859 5.5
      vertex -3.43193 3.4763 5.39156
    endloop
  endfacet
  facet normal -0.382041 0.513484 -0.768362
    outer loop
      vertex -3.43193 3.4763 5.39156
      vertex -3.11075 3.87753 5.5
      vertex -3.03917 3.89236 5.47432
    endloop
  endfacet
  facet normal -0.381976 0.513447 -0.768418
    outer loop
      vertex -3.11075 3.87753 5.5
      vertex -3.43193 3.4763 5.39156
      vertex -3.43193 3.63859 5.5
    endloop
  endfacet
  facet normal -0.865562 0.416409 0.278221
    outer loop
      vertex -1.77433 3.78608 1.8472
      vertex -1.56177 4.20938 1.87494
      vertex -1.77433 3.91729 1.65082
    endloop
  endfacet
  facet normal -0.86556 0.416408 0.278227
    outer loop
      vertex -1.56177 4.10492 2.03128
      vertex -1.56177 4.20938 1.87494
      vertex -1.77433 3.78608 1.8472
    endloop
  endfacet
  facet normal -0.92359 0.37602 0.074772
    outer loop
      vertex -1.56177 3.92463 2.56238
      vertex -1.39908 4.31404 2.61364
      vertex -1.39908 4.34069 2.47962
    endloop
  endfacet
  facet normal -0.92359 0.382561 0.0250814
    outer loop
      vertex -1.39908 4.3051 2.75
      vertex -1.39908 4.31404 2.61364
      vertex -1.56177 3.92463 2.56238
    endloop
  endfacet
  facet normal -0.866029 0.499995 0
    outer loop
      vertex -1.77433 3.54417 2.75
      vertex -1.56177 3.91234 2.95
      vertex -1.56177 3.91234 2.75
    endloop
  endfacet
  facet normal -0.866029 0.499995 0
    outer loop
      vertex -1.56177 3.91234 2.95
      vertex -1.77433 3.54417 2.75
      vertex -1.77433 3.54417 2.95
    endloop
  endfacet
  facet normal -0.793349 0.608767 0
    outer loop
      vertex -2.03313 3.2069 2.75
      vertex -1.77433 3.54417 2.95
      vertex -1.77433 3.54417 2.75
    endloop
  endfacet
  facet normal -0.793349 0.608767 0
    outer loop
      vertex -1.77433 3.54417 2.95
      vertex -2.03313 3.2069 2.75
      vertex -2.03313 3.2069 2.95
    endloop
  endfacet
  facet normal -0.991408 0.117313 -0.0578522
    outer loop
      vertex -1.28905 4.764 3.19264
      vertex -1.28905 4.80068 3.26702
      vertex -1.23356 5.1534 3.03134
    endloop
  endfacet
  facet normal -0.965787 0.232593 -0.114702
    outer loop
      vertex -1.39908 4.44506 3.47234
      vertex -1.28905 4.80068 3.26702
      vertex -1.28905 4.764 3.19264
    endloop
  endfacet
  facet normal -0.991408 0.128291 -0.0255195
    outer loop
      vertex -1.28905 4.72116 3.03276
      vertex -1.28905 4.73734 3.1141
      vertex -1.23356 5.13903 2.97774
    endloop
  endfacet
  facet normal -0.991408 0.13053 -0.00851692
    outer loop
      vertex -1.28905 4.72116 3.03276
      vertex -1.23356 5.13903 2.97774
      vertex -1.23356 5.13722 2.95
    endloop
  endfacet
  facet normal -0.991408 -0.117313 -0.0578569
    outer loop
      vertex -1.23356 5.53386 3.05628
      vertex -1.28905 5.89887 3.26702
      vertex -1.23356 5.54616 3.03134
    endloop
  endfacet
  facet normal -0.991408 0.0862511 0.0983375
    outer loop
      vertex -1.23356 5.19947 2.5997
      vertex -1.23356 5.22038 2.58136
      vertex -1.28905 4.96379 2.24698
    endloop
  endfacet
  facet normal -0.991408 0.128284 0.0255439
    outer loop
      vertex -1.23356 5.13903 2.72225
      vertex -1.23356 5.14446 2.69498
      vertex -1.28905 4.73734 2.5859
    endloop
  endfacet
  facet normal -0.991408 -0.108757 0.072677
    outer loop
      vertex -1.23356 5.51841 2.6206
      vertex -1.23356 5.53386 2.64372
      vertex -1.28905 5.89887 2.43298
    endloop
  endfacet
  facet normal -0.991409 -0.00856338 0.130521
    outer loop
      vertex -1.23356 5.34978 2.53744
      vertex -1.23356 5.37752 2.53926
      vertex -1.28905 5.43254 2.12138
    endloop
  endfacet
  facet normal -1 0 0
    outer loop
      vertex -1.23356 5.13722 2.75
      vertex -1.23356 5.56234 2.75
      vertex -1.23356 5.56052 2.72225
    endloop
  endfacet
  facet normal -1 0 0
    outer loop
      vertex -1.23356 5.56234 2.75
      vertex -1.23356 5.13722 2.75
      vertex -1.23356 5.56234 2.95
    endloop
  endfacet
  facet normal -1 0 0
    outer loop
      vertex -1.23356 5.13722 2.75
      vertex -1.23356 5.56052 2.72225
      vertex -1.23356 5.55509 2.69498
    endloop
  endfacet
  facet normal -1 0 0
    outer loop
      vertex -1.23356 5.13722 2.95
      vertex -1.23356 5.56234 2.95
      vertex -1.23356 5.13722 2.75
    endloop
  endfacet
  facet normal -1 0 0
    outer loop
      vertex -1.23356 5.13722 2.75
      vertex -1.23356 5.55509 2.69498
      vertex -1.23356 5.54616 2.66866
    endloop
  endfacet
  facet normal -1 0 0
    outer loop
      vertex -1.23356 5.56234 2.95
      vertex -1.23356 5.13722 2.95
      vertex -1.23356 5.56052 2.97774
    endloop
  endfacet
  facet normal -1 0 0
    outer loop
      vertex -1.23356 5.13722 2.75
      vertex -1.23356 5.54616 2.66866
      vertex -1.23356 5.53386 2.64372
    endloop
  endfacet
  facet normal -1 -0 0
    outer loop
      vertex -1.23356 5.56052 2.97774
      vertex -1.23356 5.13722 2.95
      vertex -1.23356 5.55509 3.00501
    endloop
  endfacet
  facet normal -1 0 0
    outer loop
      vertex -1.23356 5.13722 2.75
      vertex -1.23356 5.53386 2.64372
      vertex -1.23356 5.51841 2.6206
    endloop
  endfacet
  facet normal -1 -0 0
    outer loop
      vertex -1.23356 5.55509 3.00501
      vertex -1.23356 5.13722 2.95
      vertex -1.23356 5.54616 3.03134
    endloop
  endfacet
  facet normal -1 0 0
    outer loop
      vertex -1.23356 5.13722 2.75
      vertex -1.23356 5.51841 2.6206
      vertex -1.23356 5.50008 2.5997
    endloop
  endfacet
  facet normal -1 -0 0
    outer loop
      vertex -1.23356 5.54616 3.03134
      vertex -1.23356 5.13722 2.95
      vertex -1.23356 5.53386 3.05628
    endloop
  endfacet
  facet normal -1 0 0
    outer loop
      vertex -1.23356 5.13722 2.75
      vertex -1.23356 5.50008 2.5997
      vertex -1.23356 5.47917 2.58136
    endloop
  endfacet
  facet normal -1 -0 0
    outer loop
      vertex -1.23356 5.53386 3.05628
      vertex -1.23356 5.13722 2.95
      vertex -1.23356 5.51841 3.0794
    endloop
  endfacet
  facet normal -1 0 0
    outer loop
      vertex -1.23356 5.13722 2.75
      vertex -1.23356 5.47917 2.58136
      vertex -1.23356 5.45606 2.56592
    endloop
  endfacet
  facet normal -1 -0 0
    outer loop
      vertex -1.23356 5.51841 3.0794
      vertex -1.23356 5.13722 2.95
      vertex -1.23356 5.50008 3.1003
    endloop
  endfacet
  facet normal -1 0 0
    outer loop
      vertex -1.23356 5.13722 2.75
      vertex -1.23356 5.45606 2.56592
      vertex -1.23356 5.43112 2.55362
    endloop
  endfacet
  facet normal -1 -0 0
    outer loop
      vertex -1.23356 5.50008 3.1003
      vertex -1.23356 5.13722 2.95
      vertex -1.23356 5.47917 3.11863
    endloop
  endfacet
  facet normal -1 0 0
    outer loop
      vertex -1.23356 5.13722 2.75
      vertex -1.23356 5.43112 2.55362
      vertex -1.23356 5.40479 2.54468
    endloop
  endfacet
  facet normal -1 -0 0
    outer loop
      vertex -1.23356 5.47917 3.11863
      vertex -1.23356 5.13722 2.95
      vertex -1.23356 5.45606 3.13408
    endloop
  endfacet
  facet normal -1 0 0
    outer loop
      vertex -1.23356 5.13722 2.75
      vertex -1.23356 5.40479 2.54468
      vertex -1.23356 5.37752 2.53926
    endloop
  endfacet
  facet normal -1 -0 0
    outer loop
      vertex -1.23356 5.45606 3.13408
      vertex -1.23356 5.13722 2.95
      vertex -1.23356 5.43112 3.14638
    endloop
  endfacet
  facet normal -1 0 0
    outer loop
      vertex -1.23356 5.13722 2.75
      vertex -1.23356 5.37752 2.53926
      vertex -1.23356 5.34978 2.53744
    endloop
  endfacet
  facet normal -1 -0 0
    outer loop
      vertex -1.23356 5.43112 3.14638
      vertex -1.23356 5.13722 2.95
      vertex -1.23356 5.40479 3.15532
    endloop
  endfacet
  facet normal -1 0 0
    outer loop
      vertex -1.23356 5.13722 2.75
      vertex -1.23356 5.34978 2.53744
      vertex -1.23356 5.32203 2.53926
    endloop
  endfacet
  facet normal -1 -0 0
    outer loop
      vertex -1.23356 5.40479 3.15532
      vertex -1.23356 5.13722 2.95
      vertex -1.23356 5.37752 3.16074
    endloop
  endfacet
  facet normal -1 0 0
    outer loop
      vertex -1.23356 5.13722 2.75
      vertex -1.23356 5.32203 2.53926
      vertex -1.23356 5.29476 2.54468
    endloop
  endfacet
  facet normal -1 -0 0
    outer loop
      vertex -1.23356 5.37752 3.16074
      vertex -1.23356 5.13722 2.95
      vertex -1.23356 5.34978 3.16256
    endloop
  endfacet
  facet normal -1 0 0
    outer loop
      vertex -1.23356 5.13722 2.75
      vertex -1.23356 5.29476 2.54468
      vertex -1.23356 5.26843 2.55362
    endloop
  endfacet
  facet normal -1 0 0
    outer loop
      vertex -1.23356 5.34978 3.16256
      vertex -1.23356 5.13722 2.95
      vertex -1.23356 5.32203 3.16074
    endloop
  endfacet
  facet normal -1 0 0
    outer loop
      vertex -1.23356 5.13722 2.75
      vertex -1.23356 5.26843 2.55362
      vertex -1.23356 5.2435 2.56592
    endloop
  endfacet
  facet normal -1 0 0
    outer loop
      vertex -1.23356 5.32203 3.16074
      vertex -1.23356 5.13722 2.95
      vertex -1.23356 5.29476 3.15532
    endloop
  endfacet
  facet normal -1 0 0
    outer loop
      vertex -1.23356 5.13722 2.75
      vertex -1.23356 5.2435 2.56592
      vertex -1.23356 5.22038 2.58136
    endloop
  endfacet
  facet normal -1 0 0
    outer loop
      vertex -1.23356 5.29476 3.15532
      vertex -1.23356 5.13722 2.95
      vertex -1.23356 5.26843 3.14638
    endloop
  endfacet
  facet normal -1 0 0
    outer loop
      vertex -1.23356 5.13722 2.75
      vertex -1.23356 5.22038 2.58136
      vertex -1.23356 5.19947 2.5997
    endloop
  endfacet
  facet normal -1 0 0
    outer loop
      vertex -1.23356 5.26843 3.14638
      vertex -1.23356 5.13722 2.95
      vertex -1.23356 5.2435 3.13408
    endloop
  endfacet
  facet normal -1 0 0
    outer loop
      vertex -1.23356 5.13722 2.75
      vertex -1.23356 5.19947 2.5997
      vertex -1.23356 5.18114 2.6206
    endloop
  endfacet
  facet normal -1 0 0
    outer loop
      vertex -1.23356 5.2435 3.13408
      vertex -1.23356 5.13722 2.95
      vertex -1.23356 5.22038 3.11863
    endloop
  endfacet
  facet normal -1 0 0
    outer loop
      vertex -1.23356 5.13722 2.75
      vertex -1.23356 5.18114 2.6206
      vertex -1.23356 5.16569 2.64372
    endloop
  endfacet
  facet normal -1 0 0
    outer loop
      vertex -1.23356 5.22038 3.11863
      vertex -1.23356 5.13722 2.95
      vertex -1.23356 5.19947 3.1003
    endloop
  endfacet
  facet normal -1 0 0
    outer loop
      vertex -1.23356 5.13722 2.75
      vertex -1.23356 5.16569 2.64372
      vertex -1.23356 5.1534 2.66866
    endloop
  endfacet
  facet normal -1 0 0
    outer loop
      vertex -1.23356 5.19947 3.1003
      vertex -1.23356 5.13722 2.95
      vertex -1.23356 5.18114 3.0794
    endloop
  endfacet
  facet normal -1 0 0
    outer loop
      vertex -1.23356 5.13722 2.75
      vertex -1.23356 5.1534 2.66866
      vertex -1.23356 5.14446 2.69498
    endloop
  endfacet
  facet normal -1 0 0
    outer loop
      vertex -1.23356 5.18114 3.0794
      vertex -1.23356 5.13722 2.95
      vertex -1.23356 5.16569 3.05628
    endloop
  endfacet
  facet normal -1 0 0
    outer loop
      vertex -1.23356 5.13722 2.75
      vertex -1.23356 5.14446 2.69498
      vertex -1.23356 5.13903 2.72225
    endloop
  endfacet
  facet normal -1 0 0
    outer loop
      vertex -1.23356 5.16569 3.05628
      vertex -1.23356 5.13722 2.95
      vertex -1.23356 5.1534 3.03134
    endloop
  endfacet
  facet normal -1 0 0
    outer loop
      vertex -1.23356 5.1534 3.03134
      vertex -1.23356 5.13722 2.95
      vertex -1.23356 5.14446 3.00501
    endloop
  endfacet
  facet normal -1 0 0
    outer loop
      vertex -1.23356 5.14446 3.00501
      vertex -1.23356 5.13722 2.95
      vertex -1.23356 5.13903 2.97774
    endloop
  endfacet
  facet normal -0.991409 0.0254984 0.128292
    outer loop
      vertex -1.23356 5.29476 2.54468
      vertex -1.23356 5.32203 2.53926
      vertex -1.28905 5.26702 2.12138
    endloop
  endfacet
  facet normal 0.499162 -0.651465 0.571341
    outer loop
      vertex -6.02264 7.45438 0.833396
      vertex -5.91404 7.66227 0.97556
      vertex -6.01788 7.54898 0.937104
    endloop
  endfacet
  facet normal 0.499191 -0.651474 0.571305
    outer loop
      vertex -5.91404 7.41088 0.6889
      vertex -6.02264 7.45438 0.833396
      vertex -6.02716 7.3647 0.735081
    endloop
  endfacet
  facet normal 0.499201 -0.651464 0.571309
    outer loop
      vertex -6.02264 7.45438 0.833396
      vertex -5.91404 7.41088 0.6889
      vertex -5.91404 7.66227 0.97556
    endloop
  endfacet
  facet normal 0.381974 -0.694835 0.609344
    outer loop
      vertex -5.91404 7.66227 0.97556
      vertex -5.91404 7.41088 0.6889
      vertex -5.52128 7.52591 0.573863
    endloop
  endfacet
  facet normal 0 -0.896865 0.442304
    outer loop
      vertex -4.68917 8.15833 1.12848
      vertex -4.26405 8.34596 1.50894
      vertex -4.68917 8.34596 1.50894
    endloop
  endfacet
  facet normal 0 -0.896865 0.442304
    outer loop
      vertex -4.26405 8.34596 1.50894
      vertex -4.68917 8.15833 1.12848
      vertex -4.26405 8.15833 1.12848
    endloop
  endfacet
  facet normal -0.130234 -0.889227 0.438537
    outer loop
      vertex -3.84256 8.11028 1.15622
      vertex -4.26405 8.34596 1.50894
      vertex -4.26405 8.15833 1.12848
    endloop
  endfacet
  facet normal 0.2583 0.803254 0.536716
    outer loop
      vertex -5.52128 2.90821 0.876523
      vertex -5.52128 2.68456 1.21124
      vertex -5.11065 2.82092 0.809542
    endloop
  endfacet
  facet normal 0.2583 0.726321 0.636977
    outer loop
      vertex -5.52128 2.90821 0.876523
      vertex -5.11065 2.82092 0.809542
      vertex -5.11065 3.09584 0.496061
    endloop
  endfacet
  facet normal 0.130254 0.938865 0.318694
    outer loop
      vertex -5.11065 2.27084 1.925
      vertex -4.68917 2.21724 1.91064
      vertex -5.11065 2.40486 1.53018
    endloop
  endfacet
  facet normal 0.258311 0.866439 0.427268
    outer loop
      vertex -5.52128 2.50652 1.57228
      vertex -5.11065 2.40486 1.53018
      vertex -5.52128 2.68456 1.21124
    endloop
  endfacet
  facet normal 0.258313 0.914795 0.310523
    outer loop
      vertex -5.52128 2.50652 1.57228
      vertex -5.11065 2.27084 1.925
      vertex -5.11065 2.40486 1.53018
    endloop
  endfacet
  facet normal 0.258306 0.914794 0.310531
    outer loop
      vertex -5.52128 2.37712 1.95348
      vertex -5.11065 2.27084 1.925
      vertex -5.52128 2.50652 1.57228
    endloop
  endfacet
  facet normal 0.499132 0.651544 0.571276
    outer loop
      vertex -5.91404 3.28868 0.6889
      vertex -6.23574 3.22565 1.04186
      vertex -6.23621 3.21626 1.05298
    endloop
  endfacet
  facet normal 0.499248 0.651377 0.571367
    outer loop
      vertex -5.91404 3.28868 0.6889
      vertex -6.23389 3.26228 0.998475
      vertex -6.23493 3.24174 1.0228
    endloop
  endfacet
  facet normal 0.499106 0.65158 0.571259
    outer loop
      vertex -6.23574 3.22565 1.04186
      vertex -5.91404 3.28868 0.6889
      vertex -6.23493 3.24174 1.0228
    endloop
  endfacet
  facet normal 0.498941 0.651855 0.57109
    outer loop
      vertex -6.23389 3.26228 0.998475
      vertex -5.91404 3.28868 0.6889
      vertex -6.23345 3.27113 0.987989
    endloop
  endfacet
  facet normal 0.499202 0.651432 0.571344
    outer loop
      vertex -6.23345 3.27113 0.987989
      vertex -5.91404 3.28868 0.6889
      vertex -6.23085 3.32276 0.92685
    endloop
  endfacet
  facet normal 0.499181 0.651478 0.57131
    outer loop
      vertex -6.23085 3.32276 0.92685
      vertex -5.91404 3.28868 0.6889
      vertex -6.22951 3.3492 0.895529
    endloop
  endfacet
  facet normal 0.49919 0.651453 0.571331
    outer loop
      vertex -6.22951 3.3492 0.895529
      vertex -5.91404 3.28868 0.6889
      vertex -6.22614 3.41609 0.816314
    endloop
  endfacet
  facet normal 0.499189 0.720359 0.481552
    outer loop
      vertex -5.91404 2.82545 1.29258
      vertex -6.24649 3.01223 1.3578
      vertex -6.2475 2.99218 1.38884
    endloop
  endfacet
  facet normal 0.499209 0.720449 0.481398
    outer loop
      vertex -6.24649 3.01223 1.3578
      vertex -5.91404 2.82545 1.29258
      vertex -5.91404 3.03728 0.97556
    endloop
  endfacet
  facet normal 0.499181 0.571367 0.651427
    outer loop
      vertex -6.2154 3.62924 0.621158
      vertex -5.91404 3.57534 0.437505
      vertex -6.21283 3.68035 0.57436
    endloop
  endfacet
  facet normal 0.499193 0.571318 0.651461
    outer loop
      vertex -5.91404 3.57534 0.437505
      vertex -6.2154 3.62924 0.621158
      vertex -5.91404 3.28868 0.6889
    endloop
  endfacet
  facet normal 0.381988 0.609347 0.694824
    outer loop
      vertex -5.91404 3.28868 0.6889
      vertex -5.52128 3.17364 0.573863
      vertex -5.91404 3.57534 0.437505
    endloop
  endfacet
  facet normal 0.499203 0.720456 0.481393
    outer loop
      vertex -6.23776 3.18556 1.08934
      vertex -6.24649 3.01223 1.3578
      vertex -5.91404 3.03728 0.97556
    endloop
  endfacet
  facet normal 0.381979 0.768416 0.513449
    outer loop
      vertex -5.91404 2.82545 1.29258
      vertex -5.52128 2.68456 1.21124
      vertex -5.91404 3.03728 0.97556
    endloop
  endfacet
  facet normal -0.866029 -0.499995 0
    outer loop
      vertex -1.56177 6.78721 2.75
      vertex -1.77433 7.15538 2.95
      vertex -1.77433 7.15538 2.75
    endloop
  endfacet
  facet normal -0.866029 -0.499995 0
    outer loop
      vertex -1.77433 7.15538 2.95
      vertex -1.56177 6.78721 2.75
      vertex -1.56177 6.78721 2.95
    endloop
  endfacet
  facet normal -0.923585 -0.363051 -0.123226
    outer loop
      vertex -1.56177 6.6778 3.50008
      vertex -1.56177 6.73823 3.32204
      vertex -1.39908 6.35886 3.22038
    endloop
  endfacet
  facet normal -0.923584 -0.376026 -0.0748096
    outer loop
      vertex -1.39908 6.35886 3.22038
      vertex -1.56177 6.73823 3.32204
      vertex -1.56177 6.77492 3.13762
    endloop
  endfacet
  facet normal -0.792718 -0.608283 -0.039876
    outer loop
      vertex -1.77433 7.13993 3.18568
      vertex -2.03313 7.49265 2.95
      vertex -1.77433 7.15538 2.95
    endloop
  endfacet
  facet normal -0.792723 -0.608277 -0.0398632
    outer loop
      vertex -1.77433 7.13993 3.18568
      vertex -2.03313 7.47432 3.2297
      vertex -2.03313 7.49265 2.95
    endloop
  endfacet
  facet normal -0.607937 -0.792284 0.0519429
    outer loop
      vertex -2.33373 7.77235 2.43106
      vertex -2.33373 7.79326 2.75
      vertex -2.671 8.02893 2.39728
    endloop
  endfacet
  facet normal -0.706352 -0.694262 0.138086
    outer loop
      vertex -2.03313 7.47432 2.4703
      vertex -2.33373 7.77235 2.43106
      vertex -2.33373 7.71 2.11758
    endloop
  endfacet
  facet normal -0.792717 -0.195942 0.577241
    outer loop
      vertex -1.77433 5.8171 1.00592
      vertex -2.03313 6.16982 0.770243
      vertex -2.03313 5.90439 0.680144
    endloop
  endfacet
  facet normal -0.865561 -0.221495 0.44916
    outer loop
      vertex -1.56177 5.89986 1.42198
      vertex -1.77433 6.25258 1.1863
      vertex -1.77433 6.04075 1.08184
    endloop
  endfacet
  facet normal -0.86556 -0.0976959 0.491183
    outer loop
      vertex -1.56177 5.5374 1.32486
      vertex -1.77433 5.8171 1.00592
      vertex -1.77433 5.58545 0.959845
    endloop
  endfacet
  facet normal -0.792721 -0.118916 0.597873
    outer loop
      vertex -1.77433 5.58545 0.959845
      vertex -1.77433 5.8171 1.00592
      vertex -2.03313 5.62948 0.625459
    endloop
  endfacet
  facet normal -0.991408 -0.0862511 0.0983375
    outer loop
      vertex -1.23356 5.47917 2.58136
      vertex -1.23356 5.50008 2.5997
      vertex -1.28905 5.73576 2.24698
    endloop
  endfacet
  facet normal -0.607949 -0.71209 0.351176
    outer loop
      vertex -2.33373 7.46589 1.52826
      vertex -2.33373 7.60726 1.81492
      vertex -2.671 7.69002 1.39886
    endloop
  endfacet
  facet normal -0.607949 -0.660173 0.441101
    outer loop
      vertex -2.33373 7.46589 1.52826
      vertex -2.671 7.69002 1.39886
      vertex -2.33373 7.28832 1.2625
    endloop
  endfacet
  facet normal -0.381993 -0.875118 0.297071
    outer loop
      vertex -3.03917 8.16529 1.99558
      vertex -3.43193 8.32244 1.95348
      vertex -3.03917 8.04273 1.63454
    endloop
  endfacet
  facet normal -0.499199 -0.820501 0.27853
    outer loop
      vertex -2.671 7.95997 2.0506
      vertex -3.03917 8.16529 1.99558
      vertex -3.03917 8.04273 1.63454
    endloop
  endfacet
  facet normal -0.49916 -0.278531 -0.820524
    outer loop
      vertex -2.671 6.22652 5.5
      vertex -2.73267 6.33704 5.5
      vertex -2.671 6.38389 5.44658
    endloop
  endfacet
  facet normal -0.706349 -0.227537 -0.670297
    outer loop
      vertex -2.33373 5.98219 5.31022
      vertex -2.33373 6.28485 5.20748
      vertex -2.03313 6.16982 4.92976
    endloop
  endfacet
  facet normal -0.607936 -0.596945 -0.523517
    outer loop
      vertex -2.33373 7.07758 4.6778
      vertex -2.671 7.26057 4.8608
      vertex -2.671 7.49364 4.59504
    endloop
  endfacet
  facet normal -0.607937 -0.523515 -0.596946
    outer loop
      vertex -2.671 6.99482 5.09386
      vertex -2.671 7.26057 4.8608
      vertex -2.33373 7.07758 4.6778
    endloop
  endfacet
  facet normal -0.991408 0.0420491 -0.12386
    outer loop
      vertex -1.28905 5.10714 3.53578
      vertex -1.28905 5.18567 3.56244
      vertex -1.23356 5.26843 3.14638
    endloop
  endfacet
  facet normal -0.991408 0.0578463 -0.117317
    outer loop
      vertex -1.28905 5.03275 3.4991
      vertex -1.28905 5.10714 3.53578
      vertex -1.23356 5.26843 3.14638
    endloop
  endfacet
  facet normal -0.991408 0.0255162 -0.128291
    outer loop
      vertex -1.28905 5.18567 3.56244
      vertex -1.28905 5.26702 3.57862
      vertex -1.23356 5.29476 3.15532
    endloop
  endfacet
  facet normal -0.965787 -0.083368 -0.24557
    outer loop
      vertex -1.28905 5.51388 3.56244
      vertex -1.39908 5.74956 3.91516
      vertex -1.28905 5.59241 3.53578
    endloop
  endfacet
  facet normal -0.991408 -0.0420491 -0.12386
    outer loop
      vertex -1.28905 5.51388 3.56244
      vertex -1.28905 5.59241 3.53578
      vertex -1.23356 5.43112 3.14638
    endloop
  endfacet
  facet normal -0.991409 0.0254984 -0.128292
    outer loop
      vertex -1.28905 5.26702 3.57862
      vertex -1.23356 5.32203 3.16074
      vertex -1.23356 5.29476 3.15532
    endloop
  endfacet
  facet normal -0.991409 0.00856033 -0.130522
    outer loop
      vertex -1.28905 5.26702 3.57862
      vertex -1.23356 5.34978 3.16256
      vertex -1.23356 5.32203 3.16074
    endloop
  endfacet
  facet normal -0.991408 -0.0255192 -0.12829
    outer loop
      vertex -1.28905 5.43254 3.57862
      vertex -1.28905 5.51388 3.56244
      vertex -1.23356 5.40479 3.15532
    endloop
  endfacet
  facet normal -0.991409 -0.00856338 -0.130521
    outer loop
      vertex -1.23356 5.34978 3.16256
      vertex -1.28905 5.43254 3.57862
      vertex -1.23356 5.37752 3.16074
    endloop
  endfacet
  facet normal -0.991408 0.0983396 -0.0862471
    outer loop
      vertex -1.28905 4.90144 3.39834
      vertex -1.23356 5.19947 3.1003
      vertex -1.23356 5.18114 3.0794
    endloop
  endfacet
  facet normal -0.991409 0.0726742 -0.108753
    outer loop
      vertex -1.28905 4.96379 3.45302
      vertex -1.23356 5.2435 3.13408
      vertex -1.23356 5.22038 3.11863
    endloop
  endfacet
  facet normal -0.991409 0.0862215 -0.0983574
    outer loop
      vertex -1.28905 4.96379 3.45302
      vertex -1.23356 5.22038 3.11863
      vertex -1.23356 5.19947 3.1003
    endloop
  endfacet
  facet normal -0.865559 0.474228 0.160981
    outer loop
      vertex -1.77433 3.6057 2.28268
      vertex -1.56177 3.96132 2.37796
      vertex -1.77433 3.68162 2.05903
    endloop
  endfacet
  facet normal -0.792722 0.577231 0.195946
    outer loop
      vertex -2.03313 3.27992 2.19538
      vertex -1.77433 3.6057 2.28268
      vertex -1.77433 3.68162 2.05903
    endloop
  endfacet
  facet normal -0.991408 0.123861 -0.042044
    outer loop
      vertex -1.28905 4.73734 3.1141
      vertex -1.28905 4.764 3.19264
      vertex -1.23356 5.1534 3.03134
    endloop
  endfacet
  facet normal -0.991408 0.123859 -0.0420547
    outer loop
      vertex -1.28905 4.73734 3.1141
      vertex -1.23356 5.1534 3.03134
      vertex -1.23356 5.14446 3.00501
    endloop
  endfacet
  facet normal -0.991408 0.0420543 0.123858
    outer loop
      vertex -1.23356 5.26843 2.55362
      vertex -1.23356 5.29476 2.54468
      vertex -1.28905 5.10714 2.16422
    endloop
  endfacet
  facet normal 0.381979 -0.828869 0.408739
    outer loop
      vertex -5.91404 8.04273 1.63454
      vertex -5.91404 7.8741 1.29258
      vertex -5.52128 8.01499 1.21124
    endloop
  endfacet
  facet normal 0.381979 -0.768416 0.513449
    outer loop
      vertex -5.52128 8.01499 1.21124
      vertex -5.91404 7.8741 1.29258
      vertex -5.91404 7.66227 0.97556
    endloop
  endfacet
  facet normal 0.258315 -0.636967 0.726324
    outer loop
      vertex -5.11065 7.60372 0.496061
      vertex -5.52128 7.52591 0.573863
      vertex -5.52128 7.22325 0.308438
    endloop
  endfacet
  facet normal 0.381973 -0.609349 0.694831
    outer loop
      vertex -5.52128 7.52591 0.573863
      vertex -5.91404 7.12422 0.437505
      vertex -5.52128 7.22325 0.308438
    endloop
  endfacet
  facet normal 0.130258 0.889228 0.438527
    outer loop
      vertex -5.11065 2.58928 1.15622
      vertex -5.11065 2.40486 1.53018
      vertex -4.68917 2.54122 1.12848
    endloop
  endfacet
  facet normal 0.258294 0.866436 0.427286
    outer loop
      vertex -5.52128 2.68456 1.21124
      vertex -5.11065 2.40486 1.53018
      vertex -5.11065 2.58928 1.15622
    endloop
  endfacet
  facet normal 0.499199 0.777135 0.383227
    outer loop
      vertex -5.91404 2.82545 1.29258
      vertex -6.24827 2.97702 1.42059
      vertex -5.91404 2.65682 1.63454
    endloop
  endfacet
  facet normal 0.499209 0.777086 0.383312
    outer loop
      vertex -6.24827 2.97702 1.42059
      vertex -5.91404 2.82545 1.29258
      vertex -6.24775 2.98738 1.39891
    endloop
  endfacet
  facet normal 0.499184 0.777302 0.382904
    outer loop
      vertex -6.24775 2.98738 1.39891
      vertex -5.91404 2.82545 1.29258
      vertex -6.2475 2.99218 1.38884
    endloop
  endfacet
  facet normal 0.499193 0.777156 0.383191
    outer loop
      vertex -5.91404 2.65682 1.63454
      vertex -6.25487 2.84596 1.69495
      vertex -6.25523 2.83881 1.70992
    endloop
  endfacet
  facet normal 0.499185 0.77711 0.383295
    outer loop
      vertex -6.25487 2.84596 1.69495
      vertex -5.91404 2.65682 1.63454
      vertex -6.25356 2.87197 1.64051
    endloop
  endfacet
  facet normal 0.4992 0.777135 0.383225
    outer loop
      vertex -6.25356 2.87197 1.64051
      vertex -5.91404 2.65682 1.63454
      vertex -6.24827 2.97702 1.42059
    endloop
  endfacet
  facet normal -0.865564 -0.499726 0.0327595
    outer loop
      vertex -1.56177 6.78721 2.75
      vertex -1.77433 7.15538 2.75
      vertex -1.77433 7.13993 2.51432
    endloop
  endfacet
  facet normal -0.607937 -0.778731 0.154887
    outer loop
      vertex -2.33373 7.77235 2.43106
      vertex -2.671 8.02893 2.39728
      vertex -2.33373 7.71 2.11758
    endloop
  endfacet
  facet normal -0.607928 -0.778735 0.154902
    outer loop
      vertex -2.33373 7.71 2.11758
      vertex -2.671 8.02893 2.39728
      vertex -2.671 7.95997 2.0506
    endloop
  endfacet
  facet normal -0.865561 -0.16098 0.474226
    outer loop
      vertex -1.56177 5.89986 1.42198
      vertex -1.77433 6.04075 1.08184
      vertex -1.77433 5.8171 1.00592
    endloop
  endfacet
  facet normal -0.792719 -0.195948 0.577235
    outer loop
      vertex -1.77433 5.8171 1.00592
      vertex -1.77433 6.04075 1.08184
      vertex -2.03313 6.16982 0.770243
    endloop
  endfacet
  facet normal -0.991408 -0.0578567 0.117313
    outer loop
      vertex -1.23356 5.43112 2.55362
      vertex -1.23356 5.45606 2.56592
      vertex -1.28905 5.59241 2.16422
    endloop
  endfacet
  facet normal -0.991408 -0.057846 0.117316
    outer loop
      vertex -1.23356 5.45606 2.56592
      vertex -1.28905 5.6668 2.2009
      vertex -1.28905 5.59241 2.16422
    endloop
  endfacet
  facet normal -0.991408 -0.0862444 0.098342
    outer loop
      vertex -1.23356 5.50008 2.5997
      vertex -1.28905 5.79811 2.30166
      vertex -1.28905 5.73576 2.24698
    endloop
  endfacet
  facet normal -0.991408 -0.0983396 0.0862471
    outer loop
      vertex -1.23356 5.50008 2.5997
      vertex -1.23356 5.51841 2.6206
      vertex -1.28905 5.79811 2.30166
    endloop
  endfacet
  facet normal -0.499187 -0.777141 0.38323
    outer loop
      vertex -2.671 7.69002 1.39886
      vertex -3.03917 8.04273 1.63454
      vertex -3.03917 7.8741 1.29258
    endloop
  endfacet
  facet normal -0.607932 -0.751852 0.255221
    outer loop
      vertex -2.33373 7.60726 1.81492
      vertex -2.33373 7.71 2.11758
      vertex -2.671 7.84635 1.71588
    endloop
  endfacet
  facet normal -0.607946 -0.255218 -0.751841
    outer loop
      vertex -2.33373 5.98219 5.31022
      vertex -2.671 6.38389 5.44658
      vertex -2.33373 6.28485 5.20748
    endloop
  endfacet
  facet normal -0.607947 -0.25522 -0.75184
    outer loop
      vertex -2.671 6.22652 5.5
      vertex -2.33373 5.98219 5.31022
      vertex -2.58978 6.03305 5.5
    endloop
  endfacet
  facet normal -0.607945 -0.255217 -0.751842
    outer loop
      vertex -2.33373 5.98219 5.31022
      vertex -2.671 6.22652 5.5
      vertex -2.671 6.38389 5.44658
    endloop
  endfacet
  facet normal -0.991408 -0.057846 -0.117316
    outer loop
      vertex -1.28905 5.59241 3.53578
      vertex -1.28905 5.6668 3.4991
      vertex -1.23356 5.45606 3.13408
    endloop
  endfacet
  facet normal -0.965788 -0.114688 -0.232596
    outer loop
      vertex -1.28905 5.59241 3.53578
      vertex -1.39908 5.74956 3.91516
      vertex -1.28905 5.6668 3.4991
    endloop
  endfacet
  facet normal -0.965787 0.0169477 -0.25878
    outer loop
      vertex -1.39908 5.34978 3.99468
      vertex -1.28905 5.34978 3.58404
      vertex -1.28905 5.26702 3.57862
    endloop
  endfacet
  facet normal -0.991408 0.00854809 -0.130524
    outer loop
      vertex -1.28905 5.26702 3.57862
      vertex -1.28905 5.34978 3.58404
      vertex -1.23356 5.34978 3.16256
    endloop
  endfacet
  facet normal -0.991409 -0.0254983 -0.128291
    outer loop
      vertex -1.23356 5.37752 3.16074
      vertex -1.28905 5.43254 3.57862
      vertex -1.23356 5.40479 3.15532
    endloop
  endfacet
  facet normal -0.991409 0.0578732 0.117299
    outer loop
      vertex -1.23356 5.2435 2.56592
      vertex -1.23356 5.26843 2.55362
      vertex -1.28905 5.03275 2.2009
    endloop
  endfacet
  facet normal 0.258314 -0.803243 0.536726
    outer loop
      vertex -5.11065 8.11028 1.15622
      vertex -5.52128 8.01499 1.21124
      vertex -5.11065 7.87863 0.809542
    endloop
  endfacet
  facet normal 0.2583 -0.803254 0.536716
    outer loop
      vertex -5.52128 8.01499 1.21124
      vertex -5.52128 7.79134 0.876523
      vertex -5.11065 7.87863 0.809542
    endloop
  endfacet
  facet normal 0.381975 -0.609351 0.694829
    outer loop
      vertex -5.52128 7.52591 0.573863
      vertex -5.91404 7.41088 0.6889
      vertex -5.91404 7.12422 0.437505
    endloop
  endfacet
  facet normal 0.499193 -0.571337 0.651444
    outer loop
      vertex -6.0298 7.31241 0.691244
      vertex -5.91404 7.41088 0.6889
      vertex -6.02716 7.3647 0.735081
    endloop
  endfacet
  facet normal 0.499124 -0.571253 0.651571
    outer loop
      vertex -6.03186 7.27141 0.656876
      vertex -5.91404 7.41088 0.6889
      vertex -6.0298 7.31241 0.691244
    endloop
  endfacet
  facet normal 0.499221 -0.571308 0.651449
    outer loop
      vertex -5.91404 7.41088 0.6889
      vertex -6.03186 7.27141 0.656876
      vertex -5.91404 7.12422 0.437505
    endloop
  endfacet
  facet normal 0.499203 -0.571323 0.651449
    outer loop
      vertex -6.0338 7.23291 0.624598
      vertex -5.91404 7.12422 0.437505
      vertex -6.03186 7.27141 0.656876
    endloop
  endfacet
  facet normal 0.499155 -0.571369 0.651446
    outer loop
      vertex -5.91404 7.12422 0.437505
      vertex -6.0338 7.23291 0.624598
      vertex -6.03699 7.16975 0.571646
    endloop
  endfacet
  facet normal -0.499191 -0.864637 0.056675
    outer loop
      vertex -2.671 8.05205 2.75
      vertex -3.03917 8.26461 2.75
      vertex -2.671 8.02893 2.39728
    endloop
  endfacet
  facet normal -0.607931 -0.79229 0.0519328
    outer loop
      vertex -2.33373 7.79326 2.75
      vertex -2.671 8.05205 2.75
      vertex -2.671 8.02893 2.39728
    endloop
  endfacet
  facet normal -0.991408 -0.0420543 0.123858
    outer loop
      vertex -1.23356 5.40479 2.54468
      vertex -1.23356 5.43112 2.55362
      vertex -1.28905 5.59241 2.16422
    endloop
  endfacet
  facet normal -0.499189 -0.777141 0.383226
    outer loop
      vertex -2.671 7.84635 1.71588
      vertex -3.03917 8.04273 1.63454
      vertex -2.671 7.69002 1.39886
    endloop
  endfacet
  facet normal -0.499189 -0.82051 0.27852
    outer loop
      vertex -2.671 7.84635 1.71588
      vertex -2.671 7.95997 2.0506
      vertex -3.03917 8.04273 1.63454
    endloop
  endfacet
  facet normal -0.499165 -0.383252 -0.777143
    outer loop
      vertex -2.77116 6.40602 5.5
      vertex -2.671 6.70091 5.29024
      vertex -2.671 6.38389 5.44658
    endloop
  endfacet
  facet normal -0.499206 -0.383228 -0.777129
    outer loop
      vertex -2.671 6.70091 5.29024
      vertex -2.77116 6.40602 5.5
      vertex -2.88995 6.56076 5.5
    endloop
  endfacet
  facet normal -0.499163 -0.278527 -0.820524
    outer loop
      vertex -2.73267 6.33704 5.5
      vertex -2.77116 6.40602 5.5
      vertex -2.671 6.38389 5.44658
    endloop
  endfacet
  facet normal 0 0 -1
    outer loop
      vertex -2.2 -0.4 3.4
      vertex 0 0.4 3.4
      vertex 0 -0.4 3.4
    endloop
  endfacet
  facet normal -0 0 -1
    outer loop
      vertex 0 0.4 3.4
      vertex -2.2 -0.4 3.4
      vertex -2.2 0.4 3.4
    endloop
  endfacet
  facet normal 0 1 -0
    outer loop
      vertex 0 -0.4 3.26109
      vertex -2.2 -0.4 3.4
      vertex 0 -0.4 3.4
    endloop
  endfacet
  facet normal 0 1 0
    outer loop
      vertex -2.2 -0.4 3.4
      vertex 0 -0.4 3.26109
      vertex -2.2 -0.4 3.26109
    endloop
  endfacet
  facet normal 0 1 0
    outer loop
      vertex 2.78384 -0.4 2.51862
      vertex 1.75 -0.4 2.64428
      vertex 1.75 -0.4 3.0304
    endloop
  endfacet
  facet normal 0 1 0
    outer loop
      vertex 3.01644 -0.4 1.90735e-07
      vertex 1.75 -0.4 2.64428
      vertex 2.78384 -0.4 2.51862
    endloop
  endfacet
  facet normal 0 1 -0
    outer loop
      vertex 3.01644 -0.4 1.90735e-07
      vertex 2.78384 -0.4 2.51862
      vertex 3.05 -0.4 2.38288
    endloop
  endfacet
  facet normal 0 1 0
    outer loop
      vertex 3.01644 -0.4 1.90735e-07
      vertex 3.05 -0.4 2.38288
      vertex 3.05 -0.4 0.0171158
    endloop
  endfacet
  facet normal 0 1 0
    outer loop
      vertex 1.75 -0.4 2.64428
      vertex 3.01644 -0.4 1.90735e-07
      vertex -2.2 -0.4 1.90735e-07
    endloop
  endfacet
  facet normal 0 1 0
    outer loop
      vertex 1.75 -0.4 2.64428
      vertex -2.2 -0.4 1.90735e-07
      vertex -2.2 -0.4 2.64428
    endloop
  endfacet
  facet normal 0 -1 0
    outer loop
      vertex -2.2 0.4 3.26109
      vertex 0 0.4 3.4
      vertex -2.2 0.4 3.4
    endloop
  endfacet
  facet normal 0 -1 -0
    outer loop
      vertex 0 0.4 3.4
      vertex -2.2 0.4 3.26109
      vertex 0 0.4 3.26109
    endloop
  endfacet
  facet normal 0 -1 0
    outer loop
      vertex -2.2 0.4 1.90735e-07
      vertex 1.75 0.4 2.64428
      vertex -2.2 0.4 2.64428
    endloop
  endfacet
  facet normal 0 -1 0
    outer loop
      vertex 3.01644 0.4 1.90735e-07
      vertex 1.75 0.4 2.64428
      vertex -2.2 0.4 1.90735e-07
    endloop
  endfacet
  facet normal 0 -1 0
    outer loop
      vertex 1.75 0.4 2.64428
      vertex 3.01644 0.4 1.90735e-07
      vertex 2.78384 0.4 2.51862
    endloop
  endfacet
  facet normal 0 -1 0
    outer loop
      vertex 2.78384 0.4 2.51862
      vertex 3.01644 0.4 1.90735e-07
      vertex 3.05 0.4 2.38288
    endloop
  endfacet
  facet normal 0 -1 -0
    outer loop
      vertex 3.05 0.4 2.38288
      vertex 3.01644 0.4 1.90735e-07
      vertex 3.05 0.4 0.0171158
    endloop
  endfacet
  facet normal 0 -1 0
    outer loop
      vertex 1.75 0.4 3.0304
      vertex 1.75 0.4 2.64428
      vertex 2.78384 0.4 2.51862
    endloop
  endfacet
  facet normal 0 0 -1
    outer loop
      vertex -2.86102e-06 -2.79999 1.90735e-07
      vertex 0 -1.72139 1.90735e-07
      vertex 0 -2.79999 1.90735e-07
    endloop
  endfacet
  facet normal 0 0 -1
    outer loop
      vertex -0.509999 -3.29999 1.90735e-07
      vertex -2.86102e-06 -2.79999 1.90735e-07
      vertex -0.5 -3.29999 1.90735e-07
    endloop
  endfacet
  facet normal -0 0 -1
    outer loop
      vertex -2.86102e-06 -2.79999 1.90735e-07
      vertex -0.509999 -3.29999 1.90735e-07
      vertex 0 -1.72139 1.90735e-07
    endloop
  endfacet
  facet normal 0 0 -1
    outer loop
      vertex -0.509999 -3.29999 1.90735e-07
      vertex -2.2 -1.72139 1.90735e-07
      vertex 0 -1.72139 1.90735e-07
    endloop
  endfacet
  facet normal 0 0 -1
    outer loop
      vertex -3.92955 -1.3253 1.90735e-07
      vertex -2.2 -0.897002 1.90735e-07
      vertex -2.2 -1.72139 1.90735e-07
    endloop
  endfacet
  facet normal -0 0 -1
    outer loop
      vertex -2.2 -0.897002 1.90735e-07
      vertex -3.92955 -1.3253 1.90735e-07
      vertex -2.2 -0.4 1.90735e-07
    endloop
  endfacet
  facet normal 0 0 -1
    outer loop
      vertex -4.2431 -0.643719 1.90735e-07
      vertex -2.2 -0.4 1.90735e-07
      vertex -3.92955 -1.3253 1.90735e-07
    endloop
  endfacet
  facet normal -0 0 -1
    outer loop
      vertex -2.2 -0.4 1.90735e-07
      vertex -4.2431 -0.643719 1.90735e-07
      vertex -2.2 0.4 1.90735e-07
    endloop
  endfacet
  facet normal -0 0 -1
    outer loop
      vertex -2.2 0.4 1.90735e-07
      vertex -4.63415 0.206301 1.90735e-07
      vertex -2.2 0.897002 1.90735e-07
    endloop
  endfacet
  facet normal 0 0 -1
    outer loop
      vertex -2.2 1.72139 1.90735e-07
      vertex -2.75366 5.34978 1.90735e-07
      vertex -2.34864 7.90451 1.90735e-07
    endloop
  endfacet
  facet normal 0 0 -1
    outer loop
      vertex -2.2 1.72139 1.90735e-07
      vertex -2.76465 5.253 1.90735e-07
      vertex -2.75366 5.34978 1.90735e-07
    endloop
  endfacet
  facet normal 0 0 -1
    outer loop
      vertex -2.2 1.72139 1.90735e-07
      vertex -2.79476 4.98773 1.90735e-07
      vertex -2.76465 5.253 1.90735e-07
    endloop
  endfacet
  facet normal 0 0 -1
    outer loop
      vertex -2.2 1.72139 1.90735e-07
      vertex -2.85502 4.80979 1.90735e-07
      vertex -2.79476 4.98773 1.90735e-07
    endloop
  endfacet
  facet normal 0 0 -1
    outer loop
      vertex -2.2 1.72139 1.90735e-07
      vertex -2.92169 4.61292 1.90735e-07
      vertex -2.85502 4.80979 1.90735e-07
    endloop
  endfacet
  facet normal 0 0 -1
    outer loop
      vertex -2.2 1.72139 1.90735e-07
      vertex -3.03917 4.40236 1.90735e-07
      vertex -2.92169 4.61292 1.90735e-07
    endloop
  endfacet
  facet normal 0 0 -1
    outer loop
      vertex -2.2 1.72139 1.90735e-07
      vertex -3.11927 4.29936 1.90735e-07
      vertex -3.03917 4.40236 1.90735e-07
    endloop
  endfacet
  facet normal 0 0 -1
    outer loop
      vertex -3.16249 -2.92107 1.90735e-07
      vertex -2.2 -1.72139 1.90735e-07
      vertex -0.509999 -3.29999 1.90735e-07
    endloop
  endfacet
  facet normal 0 0 -1
    outer loop
      vertex -3.92955 -1.3253 1.90735e-07
      vertex -2.2 -1.72139 1.90735e-07
      vertex -3.16249 -2.92107 1.90735e-07
    endloop
  endfacet
  facet normal 0 0 -1
    outer loop
      vertex -4.63415 0.206301 1.90735e-07
      vertex -2.2 0.4 1.90735e-07
      vertex -4.2431 -0.643719 1.90735e-07
    endloop
  endfacet
  facet normal 0 0 -1
    outer loop
      vertex -2.2 1.72139 1.90735e-07
      vertex -3.18823 4.21069 1.90735e-07
      vertex -3.11927 4.29936 1.90735e-07
    endloop
  endfacet
  facet normal 0 0 -1
    outer loop
      vertex -4.88304 0.779055 1.90735e-07
      vertex -2.2 0.897002 1.90735e-07
      vertex -4.63415 0.206301 1.90735e-07
    endloop
  endfacet
  facet normal 0 0 -1
    outer loop
      vertex -2.2 1.72139 1.90735e-07
      vertex -3.31708 4.09027 1.90735e-07
      vertex -3.18823 4.21069 1.90735e-07
    endloop
  endfacet
  facet normal 0 0 -1
    outer loop
      vertex -2.2 1.72139 1.90735e-07
      vertex -3.43193 3.98295 1.90735e-07
      vertex -3.31708 4.09027 1.90735e-07
    endloop
  endfacet
  facet normal -0 0 -1
    outer loop
      vertex -2.2 0.897002 1.90735e-07
      vertex -4.88304 0.779055 1.90735e-07
      vertex -2.2 1.72139 1.90735e-07
    endloop
  endfacet
  facet normal 0 0 -1
    outer loop
      vertex -2.2 1.72139 1.90735e-07
      vertex -3.79731 3.76206 1.90735e-07
      vertex -3.43193 3.98295 1.90735e-07
    endloop
  endfacet
  facet normal 0 0 -1
    outer loop
      vertex -5.09199 1.2599 1.90735e-07
      vertex -2.2 1.72139 1.90735e-07
      vertex -4.88304 0.779055 1.90735e-07
    endloop
  endfacet
  facet normal 0 0 -1
    outer loop
      vertex -2.2 1.72139 1.90735e-07
      vertex -3.84256 3.74028 1.90735e-07
      vertex -3.79731 3.76206 1.90735e-07
    endloop
  endfacet
  facet normal 0 0 -1
    outer loop
      vertex -5.28926 1.74765 1.90735e-07
      vertex -2.2 1.72139 1.90735e-07
      vertex -5.09199 1.2599 1.90735e-07
    endloop
  endfacet
  facet normal 0 0 -1
    outer loop
      vertex -2.2 1.72139 1.90735e-07
      vertex -3.86615 3.73471 1.90735e-07
      vertex -3.84256 3.74028 1.90735e-07
    endloop
  endfacet
  facet normal 0 0 -1
    outer loop
      vertex -2.2 1.72139 1.90735e-07
      vertex -4.26405 3.64062 1.90735e-07
      vertex -3.86615 3.73471 1.90735e-07
    endloop
  endfacet
  facet normal 0 0 -1
    outer loop
      vertex -2.2 1.72139 1.90735e-07
      vertex -5.28926 1.74765 1.90735e-07
      vertex -4.26405 3.64062 1.90735e-07
    endloop
  endfacet
  facet normal 0 0 -1
    outer loop
      vertex -5.40814 2.04158 1.90735e-07
      vertex -4.26405 3.64062 1.90735e-07
      vertex -5.28926 1.74765 1.90735e-07
    endloop
  endfacet
  facet normal 0 0 -1
    outer loop
      vertex -5.4923 2.26909 1.90735e-07
      vertex -4.26405 3.64062 1.90735e-07
      vertex -5.40814 2.04158 1.90735e-07
    endloop
  endfacet
  facet normal -0 0 -1
    outer loop
      vertex -4.26405 3.64062 1.90735e-07
      vertex -5.4923 2.26909 1.90735e-07
      vertex -4.68917 3.64062 1.90735e-07
    endloop
  endfacet
  facet normal 0 0 -1
    outer loop
      vertex -5.63493 2.65466 1.90735e-07
      vertex -4.68917 3.64062 1.90735e-07
      vertex -5.4923 2.26909 1.90735e-07
    endloop
  endfacet
  facet normal -0 0 -1
    outer loop
      vertex -4.68917 3.64062 1.90735e-07
      vertex -5.63493 2.65466 1.90735e-07
      vertex -5.08706 3.73471 1.90735e-07
    endloop
  endfacet
  facet normal 0 0 -1
    outer loop
      vertex -5.76378 3.04355 1.90735e-07
      vertex -5.08706 3.73471 1.90735e-07
      vertex -5.63493 2.65466 1.90735e-07
    endloop
  endfacet
  facet normal -0 0 -1
    outer loop
      vertex -5.08706 3.73471 1.90735e-07
      vertex -5.76378 3.04355 1.90735e-07
      vertex -5.11065 3.74028 1.90735e-07
    endloop
  endfacet
  facet normal 0 0 -1
    outer loop
      vertex -5.8013 3.1568 1.90735e-07
      vertex -5.11065 3.74028 1.90735e-07
      vertex -5.76378 3.04355 1.90735e-07
    endloop
  endfacet
  facet normal -0 0 -1
    outer loop
      vertex -5.11065 3.74028 1.90735e-07
      vertex -5.8013 3.1568 1.90735e-07
      vertex -5.1559 3.76206 1.90735e-07
    endloop
  endfacet
  facet normal 0 0 -1
    outer loop
      vertex -5.90443 3.51374 1.90735e-07
      vertex -5.1559 3.76206 1.90735e-07
      vertex -5.8013 3.1568 1.90735e-07
    endloop
  endfacet
  facet normal -0 0 -1
    outer loop
      vertex -5.1559 3.76206 1.90735e-07
      vertex -5.90443 3.51374 1.90735e-07
      vertex -5.52128 3.98295 1.90735e-07
    endloop
  endfacet
  facet normal 0 0 -1
    outer loop
      vertex -5.92442 3.58291 1.90735e-07
      vertex -5.52128 3.98295 1.90735e-07
      vertex -5.90443 3.51374 1.90735e-07
    endloop
  endfacet
  facet normal 0 0 -1
    outer loop
      vertex -5.93902 3.64297 1.90735e-07
      vertex -5.52128 3.98295 1.90735e-07
      vertex -5.92442 3.58291 1.90735e-07
    endloop
  endfacet
  facet normal -0 0 -1
    outer loop
      vertex -5.52128 3.98295 1.90735e-07
      vertex -5.93902 3.64297 1.90735e-07
      vertex -5.63613 4.09027 1.90735e-07
    endloop
  endfacet
  facet normal 0 0 -1
    outer loop
      vertex -6.01502 3.95553 1.90735e-07
      vertex -5.63613 4.09027 1.90735e-07
      vertex -5.93902 3.64297 1.90735e-07
    endloop
  endfacet
  facet normal 0 0 -1
    outer loop
      vertex -6.02199 3.99142 1.90735e-07
      vertex -5.63613 4.09027 1.90735e-07
      vertex -6.01502 3.95553 1.90735e-07
    endloop
  endfacet
  facet normal -0 0 -1
    outer loop
      vertex -5.63613 4.09027 1.90735e-07
      vertex -6.02199 3.99142 1.90735e-07
      vertex -5.76498 4.21069 1.90735e-07
    endloop
  endfacet
  facet normal -0 0 -1
    outer loop
      vertex -5.76498 4.21069 1.90735e-07
      vertex -6.02199 3.99142 1.90735e-07
      vertex -5.83394 4.29936 1.90735e-07
    endloop
  endfacet
  facet normal 0 0 -1
    outer loop
      vertex -6.08002 4.29004 1.90735e-07
      vertex -5.83394 4.29936 1.90735e-07
      vertex -6.02199 3.99142 1.90735e-07
    endloop
  endfacet
  facet normal -0 0 -1
    outer loop
      vertex -5.83394 4.29936 1.90735e-07
      vertex -6.08002 4.29004 1.90735e-07
      vertex -5.91404 4.40236 1.90735e-07
    endloop
  endfacet
  facet normal 0 0 -1
    outer loop
      vertex -6.12279 4.5892 1.90735e-07
      vertex -5.91404 4.40236 1.90735e-07
      vertex -6.08002 4.29004 1.90735e-07
    endloop
  endfacet
  facet normal 0 0 -1
    outer loop
      vertex -5.91404 4.40236 1.90735e-07
      vertex -6.12279 4.5892 1.90735e-07
      vertex -6.03152 4.61292 1.90735e-07
    endloop
  endfacet
  facet normal 0 0 -1
    outer loop
      vertex -6.12398 4.59753 1.90735e-07
      vertex -6.03152 4.61292 1.90735e-07
      vertex -6.12279 4.5892 1.90735e-07
    endloop
  endfacet
  facet normal 0 0 -1
    outer loop
      vertex -6.03152 4.61292 1.90735e-07
      vertex -6.12398 4.59753 1.90735e-07
      vertex -6.12468 4.60533 1.90735e-07
    endloop
  endfacet
  facet normal -0 0 -1
    outer loop
      vertex -6.03152 4.61292 1.90735e-07
      vertex -6.12468 4.60533 1.90735e-07
      vertex -6.09819 4.80979 1.90735e-07
    endloop
  endfacet
  facet normal 0 0 -1
    outer loop
      vertex -6.14981 4.88639 1.90735e-07
      vertex -6.09819 4.80979 1.90735e-07
      vertex -6.12468 4.60533 1.90735e-07
    endloop
  endfacet
  facet normal 0 0 -1
    outer loop
      vertex -6.14982 4.88679 1.90735e-07
      vertex -6.09819 4.80979 1.90735e-07
      vertex -6.14981 4.88639 1.90735e-07
    endloop
  endfacet
  facet normal 0 0 -1
    outer loop
      vertex -6.15072 4.91285 1.90735e-07
      vertex -6.09819 4.80979 1.90735e-07
      vertex -6.14982 4.88679 1.90735e-07
    endloop
  endfacet
  facet normal 0 0 -1
    outer loop
      vertex -6.09819 4.80979 1.90735e-07
      vertex -6.15072 4.91285 1.90735e-07
      vertex -6.14559 4.94978 1.90735e-07
    endloop
  endfacet
  facet normal -0 0 -1
    outer loop
      vertex -6.14559 4.94978 1.90735e-07
      vertex -6.15072 4.91285 1.90735e-07
      vertex -6.14886 4.94978 1.90735e-07
    endloop
  endfacet
  facet normal 0 0 -1
    outer loop
      vertex 2.84856 -0.609124 1.90735e-07
      vertex 2.9582 -0.483009 1.90735e-07
      vertex 2.94835 -0.497056 1.90735e-07
    endloop
  endfacet
  facet normal 0 0 -1
    outer loop
      vertex 1.75 -0.897002 1.90735e-07
      vertex 2.9582 -0.483009 1.90735e-07
      vertex 2.84856 -0.609124 1.90735e-07
    endloop
  endfacet
  facet normal 0 0 -1
    outer loop
      vertex 1.75 -0.897002 1.90735e-07
      vertex 2.84856 -0.609124 1.90735e-07
      vertex 2.81981 -0.641413 1.90735e-07
    endloop
  endfacet
  facet normal 0 0 -1
    outer loop
      vertex 1.75 -0.897002 1.90735e-07
      vertex 2.81981 -0.641413 1.90735e-07
      vertex 2.64808 -0.801815 1.90735e-07
    endloop
  endfacet
  facet normal 0 0 -1
    outer loop
      vertex 1.75 -0.897002 1.90735e-07
      vertex 2.64808 -0.801815 1.90735e-07
      vertex 2.54065 -0.888417 1.90735e-07
    endloop
  endfacet
  facet normal 0 0 -1
    outer loop
      vertex 1.75 -0.897002 1.90735e-07
      vertex 2.54065 -0.888417 1.90735e-07
      vertex 2.42106 -0.984814 1.90735e-07
    endloop
  endfacet
  facet normal 0 0 -1
    outer loop
      vertex 1.75 -0.897002 1.90735e-07
      vertex 2.42106 -0.984814 1.90735e-07
      vertex 2.32331 -1.05471 1.90735e-07
    endloop
  endfacet
  facet normal 0 0 -1
    outer loop
      vertex 1.75 -0.897002 1.90735e-07
      vertex 2.32331 -1.05471 1.90735e-07
      vertex 2.12012 -1.2 1.90735e-07
    endloop
  endfacet
  facet normal 0 0 -1
    outer loop
      vertex 1.75 -0.897002 1.90735e-07
      vertex 2.12012 -1.2 1.90735e-07
      vertex 1.75 -1.43987 1.90735e-07
    endloop
  endfacet
  facet normal -0 0 -1
    outer loop
      vertex 2.9582 -0.483009 1.90735e-07
      vertex 1.75 -0.897002 1.90735e-07
      vertex 3.01644 -0.4 1.90735e-07
    endloop
  endfacet
  facet normal 0 0 -1
    outer loop
      vertex -2.2 -0.4 1.90735e-07
      vertex 1.75 -0.897002 1.90735e-07
      vertex -2.2 -0.897002 1.90735e-07
    endloop
  endfacet
  facet normal 0 0 -1
    outer loop
      vertex 1.75 -0.897002 1.90735e-07
      vertex -2.2 -0.4 1.90735e-07
      vertex 3.01644 -0.4 1.90735e-07
    endloop
  endfacet
  facet normal 0 0 -1
    outer loop
      vertex 2.9582 0.483009 1.90735e-07
      vertex 2.84856 0.609124 1.90735e-07
      vertex 2.94835 0.497056 1.90735e-07
    endloop
  endfacet
  facet normal 0 0 -1
    outer loop
      vertex 1.75 0.897002 1.90735e-07
      vertex 2.9582 0.483009 1.90735e-07
      vertex 3.01644 0.4 1.90735e-07
    endloop
  endfacet
  facet normal 0 0 -1
    outer loop
      vertex 2.9582 0.483009 1.90735e-07
      vertex 1.75 0.897002 1.90735e-07
      vertex 2.84856 0.609124 1.90735e-07
    endloop
  endfacet
  facet normal 0 0 -1
    outer loop
      vertex 2.84856 0.609124 1.90735e-07
      vertex 1.75 0.897002 1.90735e-07
      vertex 2.81981 0.641413 1.90735e-07
    endloop
  endfacet
  facet normal 0 0 -1
    outer loop
      vertex 2.81981 0.641413 1.90735e-07
      vertex 1.75 0.897002 1.90735e-07
      vertex 2.64808 0.801815 1.90735e-07
    endloop
  endfacet
  facet normal 0 0 -1
    outer loop
      vertex 2.64808 0.801815 1.90735e-07
      vertex 1.75 0.897002 1.90735e-07
      vertex 2.54065 0.888417 1.90735e-07
    endloop
  endfacet
  facet normal 0 0 -1
    outer loop
      vertex 2.54065 0.888417 1.90735e-07
      vertex 1.75 0.897002 1.90735e-07
      vertex 2.42106 0.984814 1.90735e-07
    endloop
  endfacet
  facet normal -0 0 -1
    outer loop
      vertex 2.42106 0.984814 1.90735e-07
      vertex 1.75 0.897002 1.90735e-07
      vertex 2.32331 1.05471 1.90735e-07
    endloop
  endfacet
  facet normal -0 0 -1
    outer loop
      vertex 2.32331 1.05471 1.90735e-07
      vertex 1.75 0.897002 1.90735e-07
      vertex 2.12012 1.2 1.90735e-07
    endloop
  endfacet
  facet normal 0 0 -1
    outer loop
      vertex -2.2 0.4 1.90735e-07
      vertex 1.75 0.897002 1.90735e-07
      vertex 3.01644 0.4 1.90735e-07
    endloop
  endfacet
  facet normal -0 0 -1
    outer loop
      vertex 1.75 0.897002 1.90735e-07
      vertex -2.2 0.4 1.90735e-07
      vertex -2.2 0.897002 1.90735e-07
    endloop
  endfacet
  facet normal -0 0 -1
    outer loop
      vertex 2.12012 1.2 1.90735e-07
      vertex 1.75 0.897002 1.90735e-07
      vertex 1.75 1.43987 1.90735e-07
    endloop
  endfacet
  facet normal 0 0 -1
    outer loop
      vertex -2.2 1.72139 1.90735e-07
      vertex 0 6.34976 1.90735e-07
      vertex 0 1.72139 1.90735e-07
    endloop
  endfacet
  facet normal -0 0 -1
    outer loop
      vertex 0 6.34976 1.90735e-07
      vertex -2.2 1.72139 1.90735e-07
      vertex -0.0492729 6.40259 1.90735e-07
    endloop
  endfacet
  facet normal -0 0 -1
    outer loop
      vertex -0.0492729 6.40259 1.90735e-07
      vertex -2.2 1.72139 1.90735e-07
      vertex -0.666411 7.05485 1.90735e-07
    endloop
  endfacet
  facet normal 0 -0 -1
    outer loop
      vertex -1.30318 7.50461 1.90735e-07
      vertex -0.666411 7.05485 1.90735e-07
      vertex -2.2 1.72139 1.90735e-07
    endloop
  endfacet
  facet normal -0 -0 -1
    outer loop
      vertex -1.1642 7.43027 1.90735e-07
      vertex -0.666411 7.05485 1.90735e-07
      vertex -1.30318 7.50461 1.90735e-07
    endloop
  endfacet
  facet normal -0 -0 -1
    outer loop
      vertex -0.899292 7.26021 1.90735e-07
      vertex -0.685749 7.07469 1.90735e-07
      vertex -1.1642 7.43027 1.90735e-07
    endloop
  endfacet
  facet normal 0 0 -1
    outer loop
      vertex -0.685749 7.07469 1.90735e-07
      vertex -0.797921 7.18135 1.90735e-07
      vertex -0.764751 7.15377 1.90735e-07
    endloop
  endfacet
  facet normal 0 0 -1
    outer loop
      vertex -0.685749 7.07469 1.90735e-07
      vertex -0.899292 7.26021 1.90735e-07
      vertex -0.797921 7.18135 1.90735e-07
    endloop
  endfacet
  facet normal 0 0 -1
    outer loop
      vertex -0.899292 7.26021 1.90735e-07
      vertex -1.01128 7.33848 1.90735e-07
      vertex -0.966322 7.30913 1.90735e-07
    endloop
  endfacet
  facet normal 0 0 -1
    outer loop
      vertex -0.899292 7.26021 1.90735e-07
      vertex -1.1642 7.43027 1.90735e-07
      vertex -1.01128 7.33848 1.90735e-07
    endloop
  endfacet
  facet normal 0 0 -1
    outer loop
      vertex -0.666411 7.05485 1.90735e-07
      vertex -1.1642 7.43027 1.90735e-07
      vertex -0.685749 7.07469 1.90735e-07
    endloop
  endfacet
  facet normal -0 0 -1
    outer loop
      vertex -1.30318 7.50461 1.90735e-07
      vertex -2.2 1.72139 1.90735e-07
      vertex -1.36013 7.53405 1.90735e-07
    endloop
  endfacet
  facet normal -0 0 -1
    outer loop
      vertex -1.36013 7.53405 1.90735e-07
      vertex -2.2 1.72139 1.90735e-07
      vertex -1.59049 7.63765 1.90735e-07
    endloop
  endfacet
  facet normal -0 0 -1
    outer loop
      vertex -1.59049 7.63765 1.90735e-07
      vertex -2.2 1.72139 1.90735e-07
      vertex -1.65284 7.66319 1.90735e-07
    endloop
  endfacet
  facet normal -0 0 -1
    outer loop
      vertex -1.65284 7.66319 1.90735e-07
      vertex -2.2 1.72139 1.90735e-07
      vertex -1.94038 7.77604 1.90735e-07
    endloop
  endfacet
  facet normal -0 0 -1
    outer loop
      vertex -1.94038 7.77604 1.90735e-07
      vertex -2.2 1.72139 1.90735e-07
      vertex -1.99542 7.7937 1.90735e-07
    endloop
  endfacet
  facet normal -0 0 -1
    outer loop
      vertex -1.99542 7.7937 1.90735e-07
      vertex -2.2 1.72139 1.90735e-07
      vertex -2.34864 7.90451 1.90735e-07
    endloop
  endfacet
  facet normal 0 0 -1
    outer loop
      vertex -2.76465 5.44655 1.90735e-07
      vertex -2.34864 7.90451 1.90735e-07
      vertex -2.75366 5.34978 1.90735e-07
    endloop
  endfacet
  facet normal 0 0 -1
    outer loop
      vertex -2.79476 5.71182 1.90735e-07
      vertex -2.34864 7.90451 1.90735e-07
      vertex -2.76465 5.44655 1.90735e-07
    endloop
  endfacet
  facet normal 0 0 -1
    outer loop
      vertex -2.85502 5.88976 1.90735e-07
      vertex -2.34864 7.90451 1.90735e-07
      vertex -2.79476 5.71182 1.90735e-07
    endloop
  endfacet
  facet normal 0 0 -1
    outer loop
      vertex -2.92169 6.08664 1.90735e-07
      vertex -2.34864 7.90451 1.90735e-07
      vertex -2.85502 5.88976 1.90735e-07
    endloop
  endfacet
  facet normal 0 0 -1
    outer loop
      vertex -3.03917 6.29719 1.90735e-07
      vertex -2.34864 7.90451 1.90735e-07
      vertex -2.92169 6.08664 1.90735e-07
    endloop
  endfacet
  facet normal 0 0 -1
    outer loop
      vertex -3.11927 6.40019 1.90735e-07
      vertex -2.34864 7.90451 1.90735e-07
      vertex -3.03917 6.29719 1.90735e-07
    endloop
  endfacet
  facet normal 0 0 -1
    outer loop
      vertex -3.18823 6.48886 1.90735e-07
      vertex -2.34864 7.90451 1.90735e-07
      vertex -3.11927 6.40019 1.90735e-07
    endloop
  endfacet
  facet normal 0 0 -1
    outer loop
      vertex -3.31708 6.60928 1.90735e-07
      vertex -2.34864 7.90451 1.90735e-07
      vertex -3.18823 6.48886 1.90735e-07
    endloop
  endfacet
  facet normal 0 0 -1
    outer loop
      vertex -3.43193 6.71661 1.90735e-07
      vertex -2.34864 7.90451 1.90735e-07
      vertex -3.31708 6.60928 1.90735e-07
    endloop
  endfacet
  facet normal -0 0 -1
    outer loop
      vertex -2.34864 7.90451 1.90735e-07
      vertex -3.43193 6.71661 1.90735e-07
      vertex -2.92426 8.06579 1.90735e-07
    endloop
  endfacet
  facet normal -0 0 -1
    outer loop
      vertex -2.92426 8.06579 1.90735e-07
      vertex -3.43193 6.71661 1.90735e-07
      vertex -2.96524 8.07596 1.90735e-07
    endloop
  endfacet
  facet normal 0 0 -1
    outer loop
      vertex -3.79731 6.93749 1.90735e-07
      vertex -2.96524 8.07596 1.90735e-07
      vertex -3.43193 6.71661 1.90735e-07
    endloop
  endfacet
  facet normal -0 0 -1
    outer loop
      vertex -2.96524 8.07596 1.90735e-07
      vertex -3.79731 6.93749 1.90735e-07
      vertex -3.68649 8.21006 1.90735e-07
    endloop
  endfacet
  facet normal 0 0 -1
    outer loop
      vertex -3.84256 6.95927 1.90735e-07
      vertex -3.68649 8.21006 1.90735e-07
      vertex -3.79731 6.93749 1.90735e-07
    endloop
  endfacet
  facet normal 0 0 -1
    outer loop
      vertex -3.86615 6.96485 1.90735e-07
      vertex -3.68649 8.21006 1.90735e-07
      vertex -3.84256 6.95927 1.90735e-07
    endloop
  endfacet
  facet normal -0 0 -1
    outer loop
      vertex -3.68649 8.21006 1.90735e-07
      vertex -3.86615 6.96485 1.90735e-07
      vertex -3.77503 8.22553 1.90735e-07
    endloop
  endfacet
  facet normal 0 0 -1
    outer loop
      vertex -4.26405 7.05893 1.90735e-07
      vertex -3.77503 8.22553 1.90735e-07
      vertex -3.86615 6.96485 1.90735e-07
    endloop
  endfacet
  facet normal -0 0 -1
    outer loop
      vertex -3.77503 8.22553 1.90735e-07
      vertex -4.26405 7.05893 1.90735e-07
      vertex -4.21172 8.30183 1.90735e-07
    endloop
  endfacet
  facet normal 0 0 -1
    outer loop
      vertex -4.68917 7.05893 1.90735e-07
      vertex -4.21172 8.30183 1.90735e-07
      vertex -4.26405 7.05893 1.90735e-07
    endloop
  endfacet
  facet normal 0 0 -1
    outer loop
      vertex -4.68917 7.05893 1.90735e-07
      vertex -4.74149 8.30183 1.90735e-07
      vertex -4.21172 8.30183 1.90735e-07
    endloop
  endfacet
  facet normal 0 0 -1
    outer loop
      vertex -5.52541 7.77372 1.90735e-07
      vertex -4.68917 7.05893 1.90735e-07
      vertex -5.08706 6.96485 1.90735e-07
    endloop
  endfacet
  facet normal 0 0 -1
    outer loop
      vertex -5.61109 7.5728 1.90735e-07
      vertex -5.08706 6.96485 1.90735e-07
      vertex -5.11065 6.95927 1.90735e-07
    endloop
  endfacet
  facet normal 0 0 -1
    outer loop
      vertex -5.61109 7.5728 1.90735e-07
      vertex -5.11065 6.95927 1.90735e-07
      vertex -5.1559 6.93749 1.90735e-07
    endloop
  endfacet
  facet normal 0 -0 -1
    outer loop
      vertex -5.17818 8.22553 1.90735e-07
      vertex -4.68917 7.05893 1.90735e-07
      vertex -5.52541 7.77372 1.90735e-07
    endloop
  endfacet
  facet normal 0 0 -1
    outer loop
      vertex -4.68917 7.05893 1.90735e-07
      vertex -5.17818 8.22553 1.90735e-07
      vertex -4.74149 8.30183 1.90735e-07
    endloop
  endfacet
  facet normal 0 -0 -1
    outer loop
      vertex -5.35812 8.14769 1.90735e-07
      vertex -5.17818 8.22553 1.90735e-07
      vertex -5.52541 7.77372 1.90735e-07
    endloop
  endfacet
  facet normal 0 0 -1
    outer loop
      vertex -5.26672 8.21006 1.90735e-07
      vertex -5.35812 8.14769 1.90735e-07
      vertex -5.33014 8.18751 1.90735e-07
    endloop
  endfacet
  facet normal 0 0 -1
    outer loop
      vertex -5.33014 8.18751 1.90735e-07
      vertex -5.35812 8.14769 1.90735e-07
      vertex -5.34043 8.18385 1.90735e-07
    endloop
  endfacet
  facet normal 0 0 -1
    outer loop
      vertex -5.73946 7.25324 1.90735e-07
      vertex -5.1559 6.93749 1.90735e-07
      vertex -5.52128 6.71661 1.90735e-07
    endloop
  endfacet
  facet normal 0 0 -1
    outer loop
      vertex -5.17818 8.22553 1.90735e-07
      vertex -5.35812 8.14769 1.90735e-07
      vertex -5.26672 8.21006 1.90735e-07
    endloop
  endfacet
  facet normal 0 0 -1
    outer loop
      vertex -5.08706 6.96485 1.90735e-07
      vertex -5.57413 7.66481 1.90735e-07
      vertex -5.52541 7.77372 1.90735e-07
    endloop
  endfacet
  facet normal 0 0 -1
    outer loop
      vertex -5.08706 6.96485 1.90735e-07
      vertex -5.61109 7.5728 1.90735e-07
      vertex -5.57413 7.66481 1.90735e-07
    endloop
  endfacet
  facet normal 0 0 -1
    outer loop
      vertex -5.86706 6.89161 1.90735e-07
      vertex -5.52128 6.71661 1.90735e-07
      vertex -5.63613 6.60928 1.90735e-07
    endloop
  endfacet
  facet normal 0 0 -1
    outer loop
      vertex -5.1559 6.93749 1.90735e-07
      vertex -5.73946 7.25324 1.90735e-07
      vertex -5.61109 7.5728 1.90735e-07
    endloop
  endfacet
  facet normal 0 0 -1
    outer loop
      vertex -5.95921 6.58578 1.90735e-07
      vertex -5.63613 6.60928 1.90735e-07
      vertex -5.76498 6.48886 1.90735e-07
    endloop
  endfacet
  facet normal 0 0 -1
    outer loop
      vertex -5.97003 6.54652 1.90735e-07
      vertex -5.76498 6.48886 1.90735e-07
      vertex -5.83394 6.40019 1.90735e-07
    endloop
  endfacet
  facet normal 0 0 -1
    outer loop
      vertex -5.52128 6.71661 1.90735e-07
      vertex -5.85329 6.93063 1.90735e-07
      vertex -5.73946 7.25324 1.90735e-07
    endloop
  endfacet
  facet normal 0 0 -1
    outer loop
      vertex -5.52128 6.71661 1.90735e-07
      vertex -5.86706 6.89161 1.90735e-07
      vertex -5.85329 6.93063 1.90735e-07
    endloop
  endfacet
  facet normal 0 0 -1
    outer loop
      vertex -5.97003 6.54652 1.90735e-07
      vertex -5.83394 6.40019 1.90735e-07
      vertex -5.91404 6.29719 1.90735e-07
    endloop
  endfacet
  facet normal -0 0 -1
    outer loop
      vertex -5.63613 6.60928 1.90735e-07
      vertex -5.95921 6.58578 1.90735e-07
      vertex -5.86706 6.89161 1.90735e-07
    endloop
  endfacet
  facet normal 0 0 -1
    outer loop
      vertex -5.76498 6.48886 1.90735e-07
      vertex -5.96537 6.56533 1.90735e-07
      vertex -5.95921 6.58578 1.90735e-07
    endloop
  endfacet
  facet normal 0 0 -1
    outer loop
      vertex -5.76498 6.48886 1.90735e-07
      vertex -5.97003 6.54652 1.90735e-07
      vertex -5.96537 6.56533 1.90735e-07
    endloop
  endfacet
  facet normal 0 0 -1
    outer loop
      vertex -6.04149 6.25613 1.90735e-07
      vertex -5.91404 6.29719 1.90735e-07
      vertex -6.03152 6.08664 1.90735e-07
    endloop
  endfacet
  facet normal -0 0 -1
    outer loop
      vertex -5.91404 6.29719 1.90735e-07
      vertex -6.04001 6.26382 1.90735e-07
      vertex -5.97003 6.54652 1.90735e-07
    endloop
  endfacet
  facet normal 0 0 -1
    outer loop
      vertex -5.91404 6.29719 1.90735e-07
      vertex -6.04149 6.25613 1.90735e-07
      vertex -6.04001 6.26382 1.90735e-07
    endloop
  endfacet
  facet normal -0 0 -1
    outer loop
      vertex -6.03152 6.08664 1.90735e-07
      vertex -6.09475 5.97902 1.90735e-07
      vertex -6.04149 6.25613 1.90735e-07
    endloop
  endfacet
  facet normal 0 0 -1
    outer loop
      vertex -6.09896 5.93983 1.90735e-07
      vertex -6.03152 6.08664 1.90735e-07
      vertex -6.09819 5.88976 1.90735e-07
    endloop
  endfacet
  facet normal 0 -0 -1
    outer loop
      vertex -6.09831 5.95278 1.90735e-07
      vertex -6.03152 6.08664 1.90735e-07
      vertex -6.09896 5.93983 1.90735e-07
    endloop
  endfacet
  facet normal 0 0 -1
    outer loop
      vertex -6.03152 6.08664 1.90735e-07
      vertex -6.09831 5.95278 1.90735e-07
      vertex -6.09475 5.97902 1.90735e-07
    endloop
  endfacet
  facet normal 0 -0 -1
    outer loop
      vertex -6.09896 5.93983 1.90735e-07
      vertex -6.09819 5.88976 1.90735e-07
      vertex -6.10206 5.87832 1.90735e-07
    endloop
  endfacet
  facet normal 0 1 0
    outer loop
      vertex -6.14886 4.94978 1.90735e-07
      vertex -6.14886 4.94978 0.00191643
      vertex -6.14559 4.94978 1.90735e-07
    endloop
  endfacet
  facet normal 1 0 0
    outer loop
      vertex -0.299999 2.7 2.5
      vertex -0.299999 4.2 3.09999
      vertex -0.299999 4.2 4
    endloop
  endfacet
  facet normal 1 0 0
    outer loop
      vertex -0.299999 4.2 3.09999
      vertex -0.299999 2.7 2.5
      vertex -0.299999 4.2 1.90001
    endloop
  endfacet
  facet normal 1 0 0
    outer loop
      vertex -0.299999 4.2 1.90001
      vertex -0.299999 2.7 2.5
      vertex -0.299999 4.2 1
    endloop
  endfacet
  facet normal 1 -0 0
    outer loop
      vertex -0.299999 4.2 3.09999
      vertex -0.299999 5.94977 1.90001
      vertex -0.299999 5.94977 3.09999
    endloop
  endfacet
  facet normal 1 0 0
    outer loop
      vertex -0.299999 5.94977 1.90001
      vertex -0.299999 4.2 3.09999
      vertex -0.299999 4.2 1.90001
    endloop
  endfacet
  facet normal 0 -1 0
    outer loop
      vertex -0.299999 4.2 3.09999
      vertex 0 4.2 4
      vertex -0.299999 4.2 4
    endloop
  endfacet
  facet normal 0 -1 -0
    outer loop
      vertex 0 4.2 4
      vertex -0.299999 4.2 3.09999
      vertex 0 4.2 3.09999
    endloop
  endfacet
  facet normal 0 0 -1
    outer loop
      vertex -0.299999 4.2 3.09999
      vertex 0 5.94977 3.09999
      vertex 0 4.2 3.09999
    endloop
  endfacet
  facet normal -0 0 -1
    outer loop
      vertex 0 5.94977 3.09999
      vertex -0.299999 4.2 3.09999
      vertex -0.299999 5.94977 3.09999
    endloop
  endfacet
  facet normal 0 -1 0
    outer loop
      vertex -0.299999 5.94977 1.90001
      vertex 0 5.94977 3.09999
      vertex -0.299999 5.94977 3.09999
    endloop
  endfacet
  facet normal 0 -1 -0
    outer loop
      vertex 0 5.94977 3.09999
      vertex -0.299999 5.94977 1.90001
      vertex 0 5.94977 1.90001
    endloop
  endfacet
  facet normal -0 0 1
    outer loop
      vertex -0.299999 5.94977 1.90001
      vertex 0 4.2 1.90001
      vertex 0 5.94977 1.90001
    endloop
  endfacet
  facet normal 0 0 1
    outer loop
      vertex 0 4.2 1.90001
      vertex -0.299999 5.94977 1.90001
      vertex -0.299999 4.2 1.90001
    endloop
  endfacet
  facet normal 0 -1 0
    outer loop
      vertex -0.299999 4.2 1
      vertex 0 4.2 1.90001
      vertex -0.299999 4.2 1.90001
    endloop
  endfacet
  facet normal 0 -1 -0
    outer loop
      vertex 0 4.2 1.90001
      vertex -0.299999 4.2 1
      vertex 0 4.2 1
    endloop
  endfacet
  facet normal -0 0.707107 0.707107
    outer loop
      vertex -0.299999 4.2 1
      vertex 0 2.7 2.5
      vertex 0 4.2 1
    endloop
  endfacet
  facet normal 0 0.707107 0.707107
    outer loop
      vertex 0 2.7 2.5
      vertex -0.299999 4.2 1
      vertex -0.299999 2.7 2.5
    endloop
  endfacet
  facet normal 0 0.707107 -0.707107
    outer loop
      vertex 0 2.7 2.5
      vertex -0.299999 4.2 4
      vertex 0 4.2 4
    endloop
  endfacet
  facet normal 0 0.707107 -0.707107
    outer loop
      vertex -0.299999 4.2 4
      vertex 0 2.7 2.5
      vertex -0.299999 2.7 2.5
    endloop
  endfacet
endsolid OpenSCAD_Model
