solid OpenSCAD_Model
  facet normal 0 0 -1
    outer loop
      vertex -0.461899 -9.38556 0
      vertex 0.461899 -9.38556 0
      vertex 0.45282 -9.52405 0
    endloop
  endfacet
  facet normal 0 0 -1
    outer loop
      vertex 0.461899 -9.38556 0
      vertex -0.461899 -9.38556 0
      vertex 0.460815 -9.36366 0
    endloop
  endfacet
  facet normal 0 0 -1
    outer loop
      vertex -0.45282 -9.52405 0
      vertex 0.45282 -9.52405 0
      vertex 0.430252 -9.66312 0
    endloop
  endfacet
  facet normal 0 0 -1
    outer loop
      vertex -0.430252 -9.66312 0
      vertex 0.430252 -9.66312 0
      vertex 0.398529 -9.80247 0
    endloop
  endfacet
  facet normal 0 0 -1
    outer loop
      vertex 0.460815 -9.36366 0
      vertex -1.30091 -5.25177 0
      vertex 0.459611 -0.859873 0
    endloop
  endfacet
  facet normal 0 0 -1
    outer loop
      vertex -0.398529 -9.80247 0
      vertex 0.398529 -9.80247 0
      vertex 0.359146 -9.94197 0
    endloop
  endfacet
  facet normal 0 0 -1
    outer loop
      vertex -0.359146 -9.94197 0
      vertex 0.359146 -9.94197 0
      vertex 0.312897 -10.0815 0
    endloop
  endfacet
  facet normal 0 0 -1
    outer loop
      vertex -1.30364 -5.08497 0
      vertex 0.459611 -0.859873 0
      vertex -1.30091 -5.25177 0
    endloop
  endfacet
  facet normal 0 0 -1
    outer loop
      vertex -0.312897 -10.0815 0
      vertex 0.312897 -10.0815 0
      vertex 0.26033 -10.2209 0
    endloop
  endfacet
  facet normal 0 0 -1
    outer loop
      vertex -0.26033 -10.2209 0
      vertex 0.26033 -10.2209 0
      vertex 0.201828 -10.3601 0
    endloop
  endfacet
  facet normal 0 0 -1
    outer loop
      vertex -1.32271 -4.91923 0
      vertex 0.459611 -0.859873 0
      vertex -1.30364 -5.08497 0
    endloop
  endfacet
  facet normal 0 0 -1
    outer loop
      vertex -0.201828 -10.3601 0
      vertex 0.201828 -10.3601 0
      vertex 0.13765 -10.4991 0
    endloop
  endfacet
  facet normal 0 0 -1
    outer loop
      vertex 0.460815 -9.36366 0
      vertex -0.460815 -9.36366 0
      vertex -1.30091 -5.25177 0
    endloop
  endfacet
  facet normal 0 0 -1
    outer loop
      vertex -1.35793 -4.75616 0
      vertex 0.459611 -0.859873 0
      vertex -1.32271 -4.91923 0
    endloop
  endfacet
  facet normal 0 0 -1
    outer loop
      vertex 0.459611 -0.859873 0
      vertex -1.35793 -4.75616 0
      vertex 0.373116 -0.900782 0
    endloop
  endfacet
  facet normal 0 0 -1
    outer loop
      vertex -0.201828 -10.3601 0
      vertex 0.13765 -10.4991 0
      vertex -0.13765 -10.4991 0
    endloop
  endfacet
  facet normal 0 0 -1
    outer loop
      vertex -1.40896 -4.59733 0
      vertex 0.373116 -0.900782 0
      vertex -1.35793 -4.75616 0
    endloop
  endfacet
  facet normal 0 0 -1
    outer loop
      vertex 0.201828 -10.3601 0
      vertex -0.201828 -10.3601 0
      vertex -0.26033 -10.2209 0
    endloop
  endfacet
  facet normal 0 0 -1
    outer loop
      vertex 0.26033 -10.2209 0
      vertex -0.26033 -10.2209 0
      vertex -0.312897 -10.0815 0
    endloop
  endfacet
  facet normal 0 0 -1
    outer loop
      vertex 0.373116 -0.900782 0
      vertex -1.40896 -4.59733 0
      vertex 0.283027 -0.933017 0
    endloop
  endfacet
  facet normal 0 0 -1
    outer loop
      vertex 0.312897 -10.0815 0
      vertex -0.312897 -10.0815 0
      vertex -0.359146 -9.94197 0
    endloop
  endfacet
  facet normal 0 0 -1
    outer loop
      vertex 0.359146 -9.94197 0
      vertex -0.359146 -9.94197 0
      vertex -0.398529 -9.80247 0
    endloop
  endfacet
  facet normal 0 0 -1
    outer loop
      vertex -1.47532 -4.44426 0
      vertex 0.283027 -0.933017 0
      vertex -1.40896 -4.59733 0
    endloop
  endfacet
  facet normal 0 0 -1
    outer loop
      vertex 0.398529 -9.80247 0
      vertex -0.398529 -9.80247 0
      vertex -0.430252 -9.66312 0
    endloop
  endfacet
  facet normal 0 0 -1
    outer loop
      vertex 0.430252 -9.66312 0
      vertex -0.430252 -9.66312 0
      vertex -0.45282 -9.52405 0
    endloop
  endfacet
  facet normal 0 0 -1
    outer loop
      vertex 0.45282 -9.52405 0
      vertex -0.45282 -9.52405 0
      vertex -0.461899 -9.38556 0
    endloop
  endfacet
  facet normal 0 0 -1
    outer loop
      vertex 0.283027 -0.933017 0
      vertex -1.47532 -4.44426 0
      vertex 0.190212 -0.956265 0
    endloop
  endfacet
  facet normal 0 0 -1
    outer loop
      vertex -1.55636 -4.29844 0
      vertex 0.190212 -0.956265 0
      vertex -1.47532 -4.44426 0
    endloop
  endfacet
  facet normal -0 0 -1
    outer loop
      vertex 0.460815 -9.36366 0
      vertex -0.461899 -9.38556 0
      vertex -0.460815 -9.36366 0
    endloop
  endfacet
  facet normal 0 0 -1
    outer loop
      vertex 0.753685 0.618533 0
      vertex 1.30091 5.25177 0
      vertex 0.78 0.583051 0
    endloop
  endfacet
  facet normal 0 0 -1
    outer loop
      vertex 0.689428 0.689428 0
      vertex 1.30091 5.25177 0
      vertex 0.753685 0.618533 0
    endloop
  endfacet
  facet normal 0 0 -1
    outer loop
      vertex 0.618533 0.753685 0
      vertex 1.30091 5.25177 0
      vertex 0.689428 0.689428 0
    endloop
  endfacet
  facet normal 0 0 -1
    outer loop
      vertex 0.54168 0.810682 0
      vertex 1.30091 5.25177 0
      vertex 0.618533 0.753685 0
    endloop
  endfacet
  facet normal 0 0 -1
    outer loop
      vertex 0.459611 0.859873 0
      vertex 1.30091 5.25177 0
      vertex 0.54168 0.810682 0
    endloop
  endfacet
  facet normal 0 0 -1
    outer loop
      vertex -1.31454 5.41805 0
      vertex 1.30091 5.25177 0
      vertex -1.30091 5.25177 0
    endloop
  endfacet
  facet normal 0 0 -1
    outer loop
      vertex 0.373116 0.900782 0
      vertex 1.30091 5.25177 0
      vertex 0.459611 0.859873 0
    endloop
  endfacet
  facet normal 0 0 -1
    outer loop
      vertex 1.08669 -9.61145 0
      vertex 1.9366 -9.47684 0
      vertex 1.92706 -9.61945 0
    endloop
  endfacet
  facet normal -0 0 -1
    outer loop
      vertex 1.9366 -9.47684 0
      vertex 1.08669 -9.61145 0
      vertex 1.93713 -9.33595 0
    endloop
  endfacet
  facet normal 0 0 -1
    outer loop
      vertex 1.04263 -9.47763 0
      vertex 1.93713 -9.33595 0
      vertex 1.08669 -9.61145 0
    endloop
  endfacet
  facet normal 0 0 -1
    outer loop
      vertex 1.13982 -9.74413 0
      vertex 1.92706 -9.61945 0
      vertex 1.90999 -9.76338 0
    endloop
  endfacet
  facet normal 0 0 -1
    outer loop
      vertex 2.73067 -9.56636 0
      vertex 3.4138 -9.34439 0
      vertex 3.41293 -9.49136 0
    endloop
  endfacet
  facet normal 0 0 -1
    outer loop
      vertex 2.81775 -9.68475 0
      vertex 3.41293 -9.49136 0
      vertex 3.40604 -9.64021 0
    endloop
  endfacet
  facet normal 0 0 -1
    outer loop
      vertex 2.73067 -9.56636 0
      vertex 3.41293 -9.49136 0
      vertex 2.81775 -9.68475 0
    endloop
  endfacet
  facet normal 0 0 -1
    outer loop
      vertex 2.91083 -9.80112 0
      vertex 3.40604 -9.64021 0
      vertex 3.39342 -9.79071 0
    endloop
  endfacet
  facet normal 0 0 -1
    outer loop
      vertex 3.00949 -9.91545 0
      vertex 3.39342 -9.79071 0
      vertex 3.37532 -9.94269 0
    endloop
  endfacet
  facet normal 0 0 -1
    outer loop
      vertex 3.40604 -9.64021 0
      vertex 2.91083 -9.80112 0
      vertex 2.81775 -9.68475 0
    endloop
  endfacet
  facet normal -0 0 -1
    outer loop
      vertex 3.4138 -9.34439 0
      vertex 2.73067 -9.56636 0
      vertex 3.40816 -9.19955 0
    endloop
  endfacet
  facet normal -0 0 -1
    outer loop
      vertex 3.40816 -9.19955 0
      vertex 2.6501 -9.44586 0
      vertex 3.39525 -9.05721 0
    endloop
  endfacet
  facet normal 0 0 -1
    outer loop
      vertex 2.57687 -9.32312 0
      vertex 3.39525 -9.05721 0
      vertex 2.6501 -9.44586 0
    endloop
  endfacet
  facet normal 0 0 -1
    outer loop
      vertex 3.00949 -9.91545 0
      vertex 3.37532 -9.94269 0
      vertex 3.11346 -10.0278 0
    endloop
  endfacet
  facet normal 0 0 -1
    outer loop
      vertex 3.39342 -9.79071 0
      vertex 3.00949 -9.91545 0
      vertex 2.91083 -9.80112 0
    endloop
  endfacet
  facet normal 0 0 -1
    outer loop
      vertex 2.6501 -9.44586 0
      vertex 3.40816 -9.19955 0
      vertex 2.73067 -9.56636 0
    endloop
  endfacet
  facet normal -0 0 -1
    outer loop
      vertex 3.39525 -9.05721 0
      vertex 2.57687 -9.32312 0
      vertex 3.37375 -8.91797 0
    endloop
  endfacet
  facet normal 0 0 -1
    outer loop
      vertex 2.51242 -9.19783 0
      vertex 3.37375 -8.91797 0
      vertex 2.57687 -9.32312 0
    endloop
  endfacet
  facet normal -0 0 -1
    outer loop
      vertex 3.37375 -8.91797 0
      vertex 2.51242 -9.19783 0
      vertex 3.33958 -8.78346 0
    endloop
  endfacet
  facet normal 0 -0 -1
    outer loop
      vertex 2.72308 -6.87345 0
      vertex 3.33179 -8.76297 0
      vertex 2.45526 -9.04778 0
    endloop
  endfacet
  facet normal 0 0 -1
    outer loop
      vertex 3.33179 -8.76297 0
      vertex 3.05562 -6.89524 0
      vertex 3.22189 -6.88161 0
    endloop
  endfacet
  facet normal 0 0 -1
    outer loop
      vertex 3.33179 -8.76297 0
      vertex 2.88881 -6.89251 0
      vertex 3.05562 -6.89524 0
    endloop
  endfacet
  facet normal 0 0 -1
    outer loop
      vertex 2.461 -9.06894 0
      vertex 3.33958 -8.78346 0
      vertex 2.51242 -9.19783 0
    endloop
  endfacet
  facet normal 0 0 -1
    outer loop
      vertex 3.33179 -8.76297 0
      vertex 2.72308 -6.87345 0
      vertex 2.88881 -6.89251 0
    endloop
  endfacet
  facet normal -0 0 -1
    outer loop
      vertex 3.33958 -8.78346 0
      vertex 2.461 -9.06894 0
      vertex 3.33179 -8.76297 0
    endloop
  endfacet
  facet normal 0 0 -1
    outer loop
      vertex 3.33179 -8.76297 0
      vertex 2.461 -9.06894 0
      vertex 2.45526 -9.04778 0
    endloop
  endfacet
  facet normal -0 0 -1
    outer loop
      vertex 2.72308 -6.87345 0
      vertex 2.45526 -9.04778 0
      vertex 2.56001 -6.83823 0
    endloop
  endfacet
  facet normal 0 0 -1
    outer loop
      vertex 2.45526 -9.04778 0
      vertex 2.40117 -6.78719 0
      vertex 2.56001 -6.83823 0
    endloop
  endfacet
  facet normal 0 0 -1
    outer loop
      vertex 1.91994 -9.17628 0
      vertex 2.40117 -6.78719 0
      vertex 2.45526 -9.04778 0
    endloop
  endfacet
  facet normal -0 0 -1
    outer loop
      vertex 2.40117 -6.78719 0
      vertex 1.91994 -9.17628 0
      vertex 2.24811 -6.72084 0
    endloop
  endfacet
  facet normal -0 0 -1
    outer loop
      vertex 2.24811 -6.72084 0
      vertex 1.91994 -9.17628 0
      vertex 2.10228 -6.6398 0
    endloop
  endfacet
  facet normal 0 0 -1
    outer loop
      vertex 1.00964 -9.32047 0
      vertex 2.10228 -6.6398 0
      vertex 1.91994 -9.17628 0
    endloop
  endfacet
  facet normal 0 0 -1
    outer loop
      vertex 1.20053 -9.87575 0
      vertex 1.90999 -9.76338 0
      vertex 1.88614 -9.90842 0
    endloop
  endfacet
  facet normal -0 0 -1
    outer loop
      vertex 1.92706 -9.61945 0
      vertex 1.13982 -9.74413 0
      vertex 1.08669 -9.61145 0
    endloop
  endfacet
  facet normal 0 0 -1
    outer loop
      vertex 1.26804 -10.0063 0
      vertex 1.88614 -9.90842 0
      vertex 1.85603 -10.0544 0
    endloop
  endfacet
  facet normal -0 0 -1
    outer loop
      vertex 2.10228 -6.6398 0
      vertex 1.00964 -9.32047 0
      vertex 1.96511 -6.54485 0
    endloop
  endfacet
  facet normal 0 0 -1
    outer loop
      vertex 1.34175 -10.1358 0
      vertex 1.85603 -10.0544 0
      vertex 1.82002 -10.201 0
    endloop
  endfacet
  facet normal 0 0 -1
    outer loop
      vertex 1.42133 -10.2642 0
      vertex 1.82002 -10.201 0
      vertex 1.77838 -10.3483 0
    endloop
  endfacet
  facet normal -0 0 -1
    outer loop
      vertex 1.96511 -6.54485 0
      vertex 1.00964 -9.32047 0
      vertex 1.83789 -6.43692 0
    endloop
  endfacet
  facet normal 0 0 -1
    outer loop
      vertex 0.460815 -9.36366 0
      vertex 1.83789 -6.43692 0
      vertex 1.00964 -9.32047 0
    endloop
  endfacet
  facet normal -0 0 -1
    outer loop
      vertex 1.83789 -6.43692 0
      vertex 0.460815 -9.36366 0
      vertex 1.72187 -6.31704 0
    endloop
  endfacet
  facet normal 0 0 -1
    outer loop
      vertex 1.42133 -10.2642 0
      vertex 1.77838 -10.3483 0
      vertex 1.50644 -10.3914 0
    endloop
  endfacet
  facet normal -0 0 -1
    outer loop
      vertex 1.72187 -6.31704 0
      vertex 0.460815 -9.36366 0
      vertex 1.61816 -6.18636 0
    endloop
  endfacet
  facet normal -0 0 -1
    outer loop
      vertex 1.82002 -10.201 0
      vertex 1.42133 -10.2642 0
      vertex 1.34175 -10.1358 0
    endloop
  endfacet
  facet normal -0 0 -1
    outer loop
      vertex 1.61816 -6.18636 0
      vertex 0.460815 -9.36366 0
      vertex 1.52776 -6.04615 0
    endloop
  endfacet
  facet normal -0 0 -1
    outer loop
      vertex 1.52776 -6.04615 0
      vertex 0.460815 -9.36366 0
      vertex 1.45153 -5.89775 0
    endloop
  endfacet
  facet normal -0 0 -1
    outer loop
      vertex 1.85603 -10.0544 0
      vertex 1.34175 -10.1358 0
      vertex 1.26804 -10.0063 0
    endloop
  endfacet
  facet normal -0 0 -1
    outer loop
      vertex 1.45153 -5.89775 0
      vertex 0.460815 -9.36366 0
      vertex 1.39022 -5.7426 0
    endloop
  endfacet
  facet normal -0 0 -1
    outer loop
      vertex 1.39022 -5.7426 0
      vertex 0.460815 -9.36366 0
      vertex 1.34441 -5.58218 0
    endloop
  endfacet
  facet normal -0 0 -1
    outer loop
      vertex 1.34441 -5.58218 0
      vertex 0.460815 -9.36366 0
      vertex 1.31454 -5.41805 0
    endloop
  endfacet
  facet normal -0 0 -1
    outer loop
      vertex 1.88614 -9.90842 0
      vertex 1.26804 -10.0063 0
      vertex 1.20053 -9.87575 0
    endloop
  endfacet
  facet normal 0 0 -1
    outer loop
      vertex 4.52356 -9.32259 0
      vertex 4.88324 -9.13933 0
      vertex 4.88914 -9.29227 0
    endloop
  endfacet
  facet normal -0 0 -1
    outer loop
      vertex 4.88324 -9.13933 0
      vertex 4.52356 -9.32259 0
      vertex 4.87216 -8.98871 0
    endloop
  endfacet
  facet normal 0 0 -1
    outer loop
      vertex 4.40822 -9.22508 0
      vertex 4.87216 -8.98871 0
      vertex 4.52356 -9.32259 0
    endloop
  endfacet
  facet normal 0 0 -1
    outer loop
      vertex 4.2981 -9.12473 0
      vertex 4.8557 -8.84061 0
      vertex 4.40822 -9.22508 0
    endloop
  endfacet
  facet normal -0 0 -1
    outer loop
      vertex 4.8557 -8.84061 0
      vertex 4.2981 -9.12473 0
      vertex 4.83356 -8.69531 0
    endloop
  endfacet
  facet normal 0 0 -1
    outer loop
      vertex 4.19356 -9.02141 0
      vertex 4.83356 -8.69531 0
      vertex 4.2981 -9.12473 0
    endloop
  endfacet
  facet normal -0 0 -1
    outer loop
      vertex 4.83356 -8.69531 0
      vertex 4.19356 -9.02141 0
      vertex 4.80533 -8.55313 0
    endloop
  endfacet
  facet normal -0 0 -1
    outer loop
      vertex 4.80533 -8.55313 0
      vertex 4.09512 -8.91499 0
      vertex 4.77031 -8.41457 0
    endloop
  endfacet
  facet normal 0 0 -1
    outer loop
      vertex 4.52356 -9.32259 0
      vertex 4.88914 -9.29227 0
      vertex 4.64383 -9.41725 0
    endloop
  endfacet
  facet normal 0 0 -1
    outer loop
      vertex 5.92625 -8.50017 0
      vertex 6.25282 -8.26289 0
      vertex 6.28258 -8.41302 0
    endloop
  endfacet
  facet normal -0 0 -1
    outer loop
      vertex 6.25282 -8.26289 0
      vertex 5.92625 -8.50017 0
      vertex 6.21832 -8.11586 0
    endloop
  endfacet
  facet normal 0 0 -1
    outer loop
      vertex 5.79707 -8.42192 0
      vertex 6.21832 -8.11586 0
      vertex 5.92625 -8.50017 0
    endloop
  endfacet
  facet normal 0 0 -1
    outer loop
      vertex 5.67259 -8.34001 0
      vertex 6.17889 -7.97217 0
      vertex 5.79707 -8.42192 0
    endloop
  endfacet
  facet normal 0 0 -1
    outer loop
      vertex 5.92625 -8.50017 0
      vertex 6.28258 -8.41302 0
      vertex 6.05983 -8.57486 0
    endloop
  endfacet
  facet normal -0 0 -1
    outer loop
      vertex 6.21832 -8.11586 0
      vertex 5.79707 -8.42192 0
      vertex 6.17889 -7.97217 0
    endloop
  endfacet
  facet normal -0 0 -1
    outer loop
      vertex 6.17889 -7.97217 0
      vertex 5.67259 -8.34001 0
      vertex 6.13429 -7.83212 0
    endloop
  endfacet
  facet normal 0 0 -1
    outer loop
      vertex 5.55319 -8.25432 0
      vertex 6.13429 -7.83212 0
      vertex 5.67259 -8.34001 0
    endloop
  endfacet
  facet normal -0 0 -1
    outer loop
      vertex 6.13429 -7.83212 0
      vertex 5.55319 -8.25432 0
      vertex 6.08417 -7.69611 0
    endloop
  endfacet
  facet normal 0 0 -1
    outer loop
      vertex 5.43933 -8.16461 0
      vertex 6.08417 -7.69611 0
      vertex 5.55319 -8.25432 0
    endloop
  endfacet
  facet normal -0 0 -1
    outer loop
      vertex 6.08417 -7.69611 0
      vertex 5.43933 -8.16461 0
      vertex 6.02791 -7.56473 0
    endloop
  endfacet
  facet normal 0 0 -1
    outer loop
      vertex 5.33176 -8.07051 0
      vertex 6.02791 -7.56473 0
      vertex 5.43933 -8.16461 0
    endloop
  endfacet
  facet normal -0 0 -1
    outer loop
      vertex 6.02791 -7.56473 0
      vertex 5.33176 -8.07051 0
      vertex 5.96443 -7.43895 0
    endloop
  endfacet
  facet normal 0 0 -1
    outer loop
      vertex 4.68546 -4.97426 0
      vertex 5.87663 -7.30449 0
      vertex 4.69909 -5.14053 0
    endloop
  endfacet
  facet normal 0 0 -1
    outer loop
      vertex 5.23175 -7.97127 0
      vertex 5.96443 -7.43895 0
      vertex 5.33176 -8.07051 0
    endloop
  endfacet
  facet normal 0 0 -1
    outer loop
      vertex 5.87663 -7.30449 0
      vertex 4.68546 -4.97426 0
      vertex 5.83337 -1.69181 0
    endloop
  endfacet
  facet normal -0 0 -1
    outer loop
      vertex 5.96443 -7.43895 0
      vertex 5.23175 -7.97127 0
      vertex 5.89038 -7.32158 0
    endloop
  endfacet
  facet normal 0 0 -1
    outer loop
      vertex 4.65559 -4.81012 0
      vertex 5.83337 -1.69181 0
      vertex 4.68546 -4.97426 0
    endloop
  endfacet
  facet normal 0 0 -1
    outer loop
      vertex 5.14301 -7.86458 0
      vertex 5.89038 -7.32158 0
      vertex 5.23175 -7.97127 0
    endloop
  endfacet
  facet normal -0 0 -1
    outer loop
      vertex 5.89038 -7.32158 0
      vertex 5.14301 -7.86458 0
      vertex 5.87663 -7.30449 0
    endloop
  endfacet
  facet normal 0 0 -1
    outer loop
      vertex 4.60978 -4.6497 0
      vertex 5.83337 -1.69181 0
      vertex 4.65559 -4.81012 0
    endloop
  endfacet
  facet normal 0 0 -1
    outer loop
      vertex 5.87663 -7.30449 0
      vertex 5.14301 -7.86458 0
      vertex 5.131 -7.84622 0
    endloop
  endfacet
  facet normal 0 0 -1
    outer loop
      vertex 4.3487 -6.23105 0
      vertex 5.87663 -7.30449 0
      vertex 5.131 -7.84622 0
    endloop
  endfacet
  facet normal 0 0 -1
    outer loop
      vertex 4.54847 -4.49455 0
      vertex 5.83337 -1.69181 0
      vertex 4.60978 -4.6497 0
    endloop
  endfacet
  facet normal 0 0 -1
    outer loop
      vertex 4.47224 -4.34615 0
      vertex 5.83337 -1.69181 0
      vertex 4.54847 -4.49455 0
    endloop
  endfacet
  facet normal 0 0 -1
    outer loop
      vertex 4.38184 -4.20594 0
      vertex 5.83337 -1.69181 0
      vertex 4.47224 -4.34615 0
    endloop
  endfacet
  facet normal -0 0 -1
    outer loop
      vertex 5.83337 -1.69181 0
      vertex 4.38184 -4.20594 0
      vertex 5.66835 -1.66733 0
    endloop
  endfacet
  facet normal 0 0 -1
    outer loop
      vertex 5.87663 -7.30449 0
      vertex 4.69636 -5.30734 0
      vertex 4.69909 -5.14053 0
    endloop
  endfacet
  facet normal 0 0 -1
    outer loop
      vertex 5.87663 -7.30449 0
      vertex 4.67729 -5.47307 0
      vertex 4.69636 -5.30734 0
    endloop
  endfacet
  facet normal 0 0 -1
    outer loop
      vertex 3.99021 -6.57799 0
      vertex 5.131 -7.84622 0
      vertex 4.66161 -8.13387 0
    endloop
  endfacet
  facet normal -0 0 -1
    outer loop
      vertex 4.87216 -8.98871 0
      vertex 4.40822 -9.22508 0
      vertex 4.8557 -8.84061 0
    endloop
  endfacet
  facet normal 0 0 -1
    outer loop
      vertex 5.87663 -7.30449 0
      vertex 4.64207 -5.63614 0
      vertex 4.67729 -5.47307 0
    endloop
  endfacet
  facet normal 0 0 -1
    outer loop
      vertex 5.87663 -7.30449 0
      vertex 4.59104 -5.79498 0
      vertex 4.64207 -5.63614 0
    endloop
  endfacet
  facet normal 0 0 -1
    outer loop
      vertex 5.87663 -7.30449 0
      vertex 4.52468 -5.94804 0
      vertex 4.59104 -5.79498 0
    endloop
  endfacet
  facet normal 0 0 -1
    outer loop
      vertex 4.09512 -8.91499 0
      vertex 4.80533 -8.55313 0
      vertex 4.19356 -9.02141 0
    endloop
  endfacet
  facet normal 0 0 -1
    outer loop
      vertex 5.87663 -7.30449 0
      vertex 4.44364 -6.09387 0
      vertex 4.52468 -5.94804 0
    endloop
  endfacet
  facet normal 0 0 -1
    outer loop
      vertex 4.0036 -8.80522 0
      vertex 4.77031 -8.41457 0
      vertex 4.09512 -8.91499 0
    endloop
  endfacet
  facet normal 0 0 -1
    outer loop
      vertex 5.87663 -7.30449 0
      vertex 4.3487 -6.23105 0
      vertex 4.44364 -6.09387 0
    endloop
  endfacet
  facet normal -0 0 -1
    outer loop
      vertex 4.77031 -8.41457 0
      vertex 4.0036 -8.80522 0
      vertex 4.72729 -8.28041 0
    endloop
  endfacet
  facet normal 0 0 -1
    outer loop
      vertex 5.131 -7.84622 0
      vertex 4.24077 -6.35826 0
      vertex 4.3487 -6.23105 0
    endloop
  endfacet
  facet normal 0 0 -1
    outer loop
      vertex 3.92035 -8.69156 0
      vertex 4.72729 -8.28041 0
      vertex 4.0036 -8.80522 0
    endloop
  endfacet
  facet normal -0 0 -1
    outer loop
      vertex 4.72729 -8.28041 0
      vertex 3.92035 -8.69156 0
      vertex 4.6725 -8.15289 0
    endloop
  endfacet
  facet normal 0 0 -1
    outer loop
      vertex 5.131 -7.84622 0
      vertex 4.12089 -6.47428 0
      vertex 4.24077 -6.35826 0
    endloop
  endfacet
  facet normal 0 0 -1
    outer loop
      vertex 3.8494 -8.5723 0
      vertex 4.6725 -8.15289 0
      vertex 3.92035 -8.69156 0
    endloop
  endfacet
  facet normal 0 0 -1
    outer loop
      vertex 3.54645 -6.80593 0
      vertex 4.66161 -8.13387 0
      vertex 3.84041 -8.55229 0
    endloop
  endfacet
  facet normal -0 0 -1
    outer loop
      vertex 4.6725 -8.15289 0
      vertex 3.8494 -8.5723 0
      vertex 4.66161 -8.13387 0
    endloop
  endfacet
  facet normal 0 0 -1
    outer loop
      vertex 5.131 -7.84622 0
      vertex 3.99021 -6.57799 0
      vertex 4.12089 -6.47428 0
    endloop
  endfacet
  facet normal 0 0 -1
    outer loop
      vertex 4.66161 -8.13387 0
      vertex 3.8494 -8.5723 0
      vertex 3.84041 -8.55229 0
    endloop
  endfacet
  facet normal 0 0 -1
    outer loop
      vertex 4.66161 -8.13387 0
      vertex 3.85 -6.6684 0
      vertex 3.99021 -6.57799 0
    endloop
  endfacet
  facet normal 0 0 -1
    outer loop
      vertex 4.66161 -8.13387 0
      vertex 3.7016 -6.74462 0
      vertex 3.85 -6.6684 0
    endloop
  endfacet
  facet normal 0 0 -1
    outer loop
      vertex 4.66161 -8.13387 0
      vertex 3.54645 -6.80593 0
      vertex 3.7016 -6.74462 0
    endloop
  endfacet
  facet normal 0 0 -1
    outer loop
      vertex 3.84041 -8.55229 0
      vertex 3.38603 -6.85174 0
      vertex 3.54645 -6.80593 0
    endloop
  endfacet
  facet normal 0 0 -1
    outer loop
      vertex 3.22189 -6.88161 0
      vertex 3.84041 -8.55229 0
      vertex 3.33179 -8.76297 0
    endloop
  endfacet
  facet normal 0 0 -1
    outer loop
      vertex 3.84041 -8.55229 0
      vertex 3.22189 -6.88161 0
      vertex 3.38603 -6.85174 0
    endloop
  endfacet
  facet normal 0 0 -1
    outer loop
      vertex 7.183 -7.46844 0
      vertex 7.46844 -7.183 0
      vertex 7.52132 -7.32663 0
    endloop
  endfacet
  facet normal -0 0 -1
    outer loop
      vertex 7.46844 -7.183 0
      vertex 7.183 -7.46844 0
      vertex 7.41136 -7.04318 0
    endloop
  endfacet
  facet normal 0 0 -1
    outer loop
      vertex 7.183 -7.46844 0
      vertex 7.52132 -7.32663 0
      vertex 7.32663 -7.52132 0
    endloop
  endfacet
  facet normal 0 0 -1
    outer loop
      vertex 7.04318 -7.41136 0
      vertex 7.41136 -7.04318 0
      vertex 7.183 -7.46844 0
    endloop
  endfacet
  facet normal -0 0 -1
    outer loop
      vertex 7.41136 -7.04318 0
      vertex 7.04318 -7.41136 0
      vertex 7.34995 -6.90742 0
    endloop
  endfacet
  facet normal 0 0 -1
    outer loop
      vertex 6.90742 -7.34995 0
      vertex 7.34995 -6.90742 0
      vertex 7.04318 -7.41136 0
    endloop
  endfacet
  facet normal -0 0 -1
    outer loop
      vertex 7.34995 -6.90742 0
      vertex 6.90742 -7.34995 0
      vertex 7.28398 -6.77608 0
    endloop
  endfacet
  facet normal 0 0 -1
    outer loop
      vertex 6.77608 -7.28398 0
      vertex 7.28398 -6.77608 0
      vertex 6.90742 -7.34995 0
    endloop
  endfacet
  facet normal -0 0 -1
    outer loop
      vertex 7.28398 -6.77608 0
      vertex 6.77608 -7.28398 0
      vertex 7.2132 -6.64958 0
    endloop
  endfacet
  facet normal 0 0 -1
    outer loop
      vertex 6.64958 -7.2132 0
      vertex 7.2132 -6.64958 0
      vertex 6.77608 -7.28398 0
    endloop
  endfacet
  facet normal -0 0 -1
    outer loop
      vertex 7.2132 -6.64958 0
      vertex 6.64958 -7.2132 0
      vertex 7.13708 -6.52861 0
    endloop
  endfacet
  facet normal 0 0 -1
    outer loop
      vertex 6.52861 -7.13708 0
      vertex 7.13708 -6.52861 0
      vertex 6.64958 -7.2132 0
    endloop
  endfacet
  facet normal -0 0 -1
    outer loop
      vertex 7.13708 -6.52861 0
      vertex 6.52861 -7.13708 0
      vertex 7.0547 -6.41432 0
    endloop
  endfacet
  facet normal 0 0 -1
    outer loop
      vertex 6.94696 -6.29526 0
      vertex 6.80137 -1.49927 0
      vertex 6.94447 -1.4135 0
    endloop
  endfacet
  facet normal 0 0 -1
    outer loop
      vertex 6.41432 -7.0547 0
      vertex 7.0547 -6.41432 0
      vertex 6.52861 -7.13708 0
    endloop
  endfacet
  facet normal 0 0 -1
    outer loop
      vertex 5.83337 -1.69181 0
      vertex 6.94696 -6.29526 0
      vertex 6.29526 -6.94696 0
    endloop
  endfacet
  facet normal -0 0 -1
    outer loop
      vertex 7.0547 -6.41432 0
      vertex 6.41432 -7.0547 0
      vertex 6.96321 -6.30998 0
    endloop
  endfacet
  facet normal 0 0 -1
    outer loop
      vertex 6.30998 -6.96321 0
      vertex 6.96321 -6.30998 0
      vertex 6.41432 -7.0547 0
    endloop
  endfacet
  facet normal 0 0 -1
    outer loop
      vertex 6.94696 -6.29526 0
      vertex 6.65056 -1.57059 0
      vertex 6.80137 -1.49927 0
    endloop
  endfacet
  facet normal -0 0 -1
    outer loop
      vertex 6.96321 -6.30998 0
      vertex 6.30998 -6.96321 0
      vertex 6.94696 -6.29526 0
    endloop
  endfacet
  facet normal 0 0 -1
    outer loop
      vertex 6.94696 -6.29526 0
      vertex 6.49348 -1.6268 0
      vertex 6.65056 -1.57059 0
    endloop
  endfacet
  facet normal 0 0 -1
    outer loop
      vertex 6.94696 -6.29526 0
      vertex 6.30998 -6.96321 0
      vertex 6.29526 -6.94696 0
    endloop
  endfacet
  facet normal 0 0 -1
    outer loop
      vertex 6.94696 -6.29526 0
      vertex 6.33165 -1.66733 0
      vertex 6.49348 -1.6268 0
    endloop
  endfacet
  facet normal 0 0 -1
    outer loop
      vertex 6.94696 -6.29526 0
      vertex 6.16663 -1.69181 0
      vertex 6.33165 -1.66733 0
    endloop
  endfacet
  facet normal 0 0 -1
    outer loop
      vertex 6.94696 -6.29526 0
      vertex 6 -1.7 0
      vertex 6.16663 -1.69181 0
    endloop
  endfacet
  facet normal 0 0 -1
    outer loop
      vertex 5.83337 -1.69181 0
      vertex 6.29526 -6.94696 0
      vertex 5.87663 -7.30449 0
    endloop
  endfacet
  facet normal 0 0 -1
    outer loop
      vertex 6.94696 -6.29526 0
      vertex 5.83337 -1.69181 0
      vertex 6 -1.7 0
    endloop
  endfacet
  facet normal 0 0 -1
    outer loop
      vertex 8.16461 5.43933 0
      vertex 7.69611 6.08417 0
      vertex 7.83212 6.13429 0
    endloop
  endfacet
  facet normal 0 0 -1
    outer loop
      vertex 7.66733 0.331653 0
      vertex 7.84622 5.131 0
      vertex 7.69181 0.166629 0
    endloop
  endfacet
  facet normal 0 0 -1
    outer loop
      vertex 7.6268 0.493484 0
      vertex 7.84622 5.131 0
      vertex 7.66733 0.331653 0
    endloop
  endfacet
  facet normal 0 0 -1
    outer loop
      vertex 7.57059 0.650561 0
      vertex 7.84622 5.131 0
      vertex 7.6268 0.493484 0
    endloop
  endfacet
  facet normal 0 0 -1
    outer loop
      vertex 7.49927 0.801374 0
      vertex 7.84622 5.131 0
      vertex 7.57059 0.650561 0
    endloop
  endfacet
  facet normal 0 0 -1
    outer loop
      vertex 7.4135 0.944468 0
      vertex 7.84622 5.131 0
      vertex 7.49927 0.801374 0
    endloop
  endfacet
  facet normal 0 0 -1
    outer loop
      vertex 7.31412 1.07847 0
      vertex 7.84622 5.131 0
      vertex 7.4135 0.944468 0
    endloop
  endfacet
  facet normal 0 0 -1
    outer loop
      vertex 7.20208 1.20208 0
      vertex 7.84622 5.131 0
      vertex 7.31412 1.07847 0
    endloop
  endfacet
  facet normal 0 0 -1
    outer loop
      vertex 7.07847 1.31412 0
      vertex 7.84622 5.131 0
      vertex 7.20208 1.20208 0
    endloop
  endfacet
  facet normal 0 0 -1
    outer loop
      vertex 6.94447 1.4135 0
      vertex 7.84622 5.131 0
      vertex 7.07847 1.31412 0
    endloop
  endfacet
  facet normal 0 -0 -1
    outer loop
      vertex 7.32158 5.89038 0
      vertex 7.84622 5.131 0
      vertex 7.30449 5.87663 0
    endloop
  endfacet
  facet normal 0 0 -1
    outer loop
      vertex 7.84622 5.131 0
      vertex 7.56473 6.02791 0
      vertex 7.69611 6.08417 0
    endloop
  endfacet
  facet normal 0 0 -1
    outer loop
      vertex 7.84622 5.131 0
      vertex 7.32158 5.89038 0
      vertex 7.43895 5.96443 0
    endloop
  endfacet
  facet normal 0 0 -1
    outer loop
      vertex 7.84622 5.131 0
      vertex 7.43895 5.96443 0
      vertex 7.56473 6.02791 0
    endloop
  endfacet
  facet normal 0 0 -1
    outer loop
      vertex 6.80137 1.49927 0
      vertex 7.84622 5.131 0
      vertex 6.94447 1.4135 0
    endloop
  endfacet
  facet normal 0 0 -1
    outer loop
      vertex 6.65056 1.57059 0
      vertex 7.84622 5.131 0
      vertex 6.80137 1.49927 0
    endloop
  endfacet
  facet normal 0 0 -1
    outer loop
      vertex 8.26289 -6.25282 0
      vertex 8.50017 -5.92625 0
      vertex 8.57486 -6.05983 0
    endloop
  endfacet
  facet normal 0 0 -1
    outer loop
      vertex 8.26289 -6.25282 0
      vertex 8.57486 -6.05983 0
      vertex 8.41302 -6.28258 0
    endloop
  endfacet
  facet normal -0 0 -1
    outer loop
      vertex 8.50017 -5.92625 0
      vertex 8.26289 -6.25282 0
      vertex 8.42192 -5.79707 0
    endloop
  endfacet
  facet normal 0 0 -1
    outer loop
      vertex 8.11586 -6.21832 0
      vertex 8.42192 -5.79707 0
      vertex 8.26289 -6.25282 0
    endloop
  endfacet
  facet normal -0 0 -1
    outer loop
      vertex 8.42192 -5.79707 0
      vertex 8.11586 -6.21832 0
      vertex 8.34001 -5.67259 0
    endloop
  endfacet
  facet normal 0 0 -1
    outer loop
      vertex 7.97217 -6.17889 0
      vertex 8.34001 -5.67259 0
      vertex 8.11586 -6.21832 0
    endloop
  endfacet
  facet normal -0 0 -1
    outer loop
      vertex 8.34001 -5.67259 0
      vertex 7.97217 -6.17889 0
      vertex 8.25432 -5.55319 0
    endloop
  endfacet
  facet normal 0 0 -1
    outer loop
      vertex 7.83212 -6.13429 0
      vertex 8.25432 -5.55319 0
      vertex 7.97217 -6.17889 0
    endloop
  endfacet
  facet normal -0 0 -1
    outer loop
      vertex 8.25432 -5.55319 0
      vertex 7.83212 -6.13429 0
      vertex 8.16461 -5.43933 0
    endloop
  endfacet
  facet normal 0 0 -1
    outer loop
      vertex 7.69611 -6.08417 0
      vertex 8.16461 -5.43933 0
      vertex 7.83212 -6.13429 0
    endloop
  endfacet
  facet normal -0 0 -1
    outer loop
      vertex 8.16461 -5.43933 0
      vertex 7.69611 -6.08417 0
      vertex 8.07051 -5.33176 0
    endloop
  endfacet
  facet normal 0 0 -1
    outer loop
      vertex 7.56473 -6.02791 0
      vertex 8.07051 -5.33176 0
      vertex 7.69611 -6.08417 0
    endloop
  endfacet
  facet normal 0 0 -1
    outer loop
      vertex 7.43895 -5.96443 0
      vertex 7.97127 -5.23175 0
      vertex 7.56473 -6.02791 0
    endloop
  endfacet
  facet normal -0 0 -1
    outer loop
      vertex 8.07051 -5.33176 0
      vertex 7.56473 -6.02791 0
      vertex 7.97127 -5.23175 0
    endloop
  endfacet
  facet normal 0 0 -1
    outer loop
      vertex 9.29227 -4.88914 0
      vertex 9.32259 -4.52356 0
      vertex 9.41725 -4.64383 0
    endloop
  endfacet
  facet normal 0 0 -1
    outer loop
      vertex 9.13933 -4.88324 0
      vertex 9.32259 -4.52356 0
      vertex 9.29227 -4.88914 0
    endloop
  endfacet
  facet normal -0 0 -1
    outer loop
      vertex 9.32259 -4.52356 0
      vertex 9.13933 -4.88324 0
      vertex 9.22508 -4.40822 0
    endloop
  endfacet
  facet normal 0 0 -1
    outer loop
      vertex 8.98871 -4.87216 0
      vertex 9.22508 -4.40822 0
      vertex 9.13933 -4.88324 0
    endloop
  endfacet
  facet normal -0 0 -1
    outer loop
      vertex 9.22508 -4.40822 0
      vertex 8.98871 -4.87216 0
      vertex 9.12473 -4.2981 0
    endloop
  endfacet
  facet normal 0 0 -1
    outer loop
      vertex 8.84061 -4.8557 0
      vertex 9.12473 -4.2981 0
      vertex 8.98871 -4.87216 0
    endloop
  endfacet
  facet normal -0 0 -1
    outer loop
      vertex 9.12473 -4.2981 0
      vertex 8.84061 -4.8557 0
      vertex 9.02141 -4.19356 0
    endloop
  endfacet
  facet normal 0 0 -1
    outer loop
      vertex 8.69531 -4.83356 0
      vertex 9.02141 -4.19356 0
      vertex 8.84061 -4.8557 0
    endloop
  endfacet
  facet normal -0 0 -1
    outer loop
      vertex 9.02141 -4.19356 0
      vertex 8.69531 -4.83356 0
      vertex 8.91499 -4.09512 0
    endloop
  endfacet
  facet normal 0 0 -1
    outer loop
      vertex 8.55313 -4.80533 0
      vertex 8.91499 -4.09512 0
      vertex 8.69531 -4.83356 0
    endloop
  endfacet
  facet normal -0 0 -1
    outer loop
      vertex 8.91499 -4.09512 0
      vertex 8.55313 -4.80533 0
      vertex 8.80522 -4.0036 0
    endloop
  endfacet
  facet normal 0 0 -1
    outer loop
      vertex 8.41457 -4.77031 0
      vertex 8.80522 -4.0036 0
      vertex 8.55313 -4.80533 0
    endloop
  endfacet
  facet normal -0 0 -1
    outer loop
      vertex 8.80522 -4.0036 0
      vertex 8.41457 -4.77031 0
      vertex 8.69156 -3.92035 0
    endloop
  endfacet
  facet normal 0 0 -1
    outer loop
      vertex 8.28041 -4.72729 0
      vertex 8.69156 -3.92035 0
      vertex 8.41457 -4.77031 0
    endloop
  endfacet
  facet normal 0 0 -1
    outer loop
      vertex 8.15289 -4.6725 0
      vertex 8.5723 -3.8494 0
      vertex 8.28041 -4.72729 0
    endloop
  endfacet
  facet normal -0 0 -1
    outer loop
      vertex 8.69156 -3.92035 0
      vertex 8.28041 -4.72729 0
      vertex 8.5723 -3.8494 0
    endloop
  endfacet
  facet normal 0 0 -1
    outer loop
      vertex 9.94269 -3.37532 0
      vertex 9.91545 -3.00949 0
      vertex 10.0278 -3.11346 0
    endloop
  endfacet
  facet normal 0 0 -1
    outer loop
      vertex 9.79071 -3.39342 0
      vertex 9.91545 -3.00949 0
      vertex 9.94269 -3.37532 0
    endloop
  endfacet
  facet normal -0 0 -1
    outer loop
      vertex 9.91545 -3.00949 0
      vertex 9.79071 -3.39342 0
      vertex 9.80112 -2.91083 0
    endloop
  endfacet
  facet normal 0 0 -1
    outer loop
      vertex 9.64021 -3.40604 0
      vertex 9.80112 -2.91083 0
      vertex 9.79071 -3.39342 0
    endloop
  endfacet
  facet normal -0 0 -1
    outer loop
      vertex 9.80112 -2.91083 0
      vertex 9.64021 -3.40604 0
      vertex 9.68475 -2.81775 0
    endloop
  endfacet
  facet normal 0 0 -1
    outer loop
      vertex 9.49136 -3.41293 0
      vertex 9.68475 -2.81775 0
      vertex 9.64021 -3.40604 0
    endloop
  endfacet
  facet normal -0 0 -1
    outer loop
      vertex 9.68475 -2.81775 0
      vertex 9.49136 -3.41293 0
      vertex 9.56636 -2.73067 0
    endloop
  endfacet
  facet normal 0 0 -1
    outer loop
      vertex 9.34439 -3.4138 0
      vertex 9.56636 -2.73067 0
      vertex 9.49136 -3.41293 0
    endloop
  endfacet
  facet normal -0 0 -1
    outer loop
      vertex 9.56636 -2.73067 0
      vertex 9.34439 -3.4138 0
      vertex 9.44586 -2.6501 0
    endloop
  endfacet
  facet normal 0 0 -1
    outer loop
      vertex 9.19955 -3.40816 0
      vertex 9.44586 -2.6501 0
      vertex 9.34439 -3.4138 0
    endloop
  endfacet
  facet normal -0 0 -1
    outer loop
      vertex 9.44586 -2.6501 0
      vertex 9.19955 -3.40816 0
      vertex 9.32312 -2.57687 0
    endloop
  endfacet
  facet normal 0 0 -1
    outer loop
      vertex 9.05721 -3.39525 0
      vertex 9.32312 -2.57687 0
      vertex 9.19955 -3.40816 0
    endloop
  endfacet
  facet normal -0 0 -1
    outer loop
      vertex 9.32312 -2.57687 0
      vertex 9.05721 -3.39525 0
      vertex 9.19783 -2.51242 0
    endloop
  endfacet
  facet normal 0 0 -1
    outer loop
      vertex 8.91797 -3.37375 0
      vertex 9.19783 -2.51242 0
      vertex 9.05721 -3.39525 0
    endloop
  endfacet
  facet normal -0 0 -1
    outer loop
      vertex 9.19783 -2.51242 0
      vertex 8.91797 -3.37375 0
      vertex 9.06894 -2.461 0
    endloop
  endfacet
  facet normal -0 0 -1
    outer loop
      vertex 9.06894 -2.461 0
      vertex 8.78346 -3.33958 0
      vertex 9.04778 -2.45526 0
    endloop
  endfacet
  facet normal 0 0 -1
    outer loop
      vertex 8.78346 -3.33958 0
      vertex 9.06894 -2.461 0
      vertex 8.91797 -3.37375 0
    endloop
  endfacet
  facet normal 0 0 -1
    outer loop
      vertex 10.3483 -1.77838 0
      vertex 10.2642 -1.42133 0
      vertex 10.3914 -1.50644 0
    endloop
  endfacet
  facet normal 0 0 -1
    outer loop
      vertex 10.201 -1.82002 0
      vertex 10.2642 -1.42133 0
      vertex 10.3483 -1.77838 0
    endloop
  endfacet
  facet normal 0 0 -1
    outer loop
      vertex 10.201 -1.82002 0
      vertex 10.1358 -1.34175 0
      vertex 10.2642 -1.42133 0
    endloop
  endfacet
  facet normal 0 0 -1
    outer loop
      vertex 10.0544 -1.85603 0
      vertex 10.1358 -1.34175 0
      vertex 10.201 -1.82002 0
    endloop
  endfacet
  facet normal 0 0 -1
    outer loop
      vertex 10.0544 -1.85603 0
      vertex 10.0063 -1.26804 0
      vertex 10.1358 -1.34175 0
    endloop
  endfacet
  facet normal 0 0 -1
    outer loop
      vertex 9.90842 -1.88614 0
      vertex 10.0063 -1.26804 0
      vertex 10.0544 -1.85603 0
    endloop
  endfacet
  facet normal 0 0 -1
    outer loop
      vertex 9.90842 -1.88614 0
      vertex 9.87575 -1.20053 0
      vertex 10.0063 -1.26804 0
    endloop
  endfacet
  facet normal 0 0 -1
    outer loop
      vertex 9.76338 -1.90999 0
      vertex 9.87575 -1.20053 0
      vertex 9.90842 -1.88614 0
    endloop
  endfacet
  facet normal 0 0 -1
    outer loop
      vertex 9.76338 -1.90999 0
      vertex 9.74413 -1.13982 0
      vertex 9.87575 -1.20053 0
    endloop
  endfacet
  facet normal 0 0 -1
    outer loop
      vertex 9.61945 -1.92706 0
      vertex 9.74413 -1.13982 0
      vertex 9.76338 -1.90999 0
    endloop
  endfacet
  facet normal 0 0 -1
    outer loop
      vertex 9.61945 -1.92706 0
      vertex 9.61145 -1.08669 0
      vertex 9.74413 -1.13982 0
    endloop
  endfacet
  facet normal 0 0 -1
    outer loop
      vertex 9.47684 -1.9366 0
      vertex 9.61145 -1.08669 0
      vertex 9.61945 -1.92706 0
    endloop
  endfacet
  facet normal -0 0 -1
    outer loop
      vertex 9.61145 -1.08669 0
      vertex 9.47684 -1.9366 0
      vertex 9.47763 -1.04263 0
    endloop
  endfacet
  facet normal 0 0 -1
    outer loop
      vertex 9.33595 -1.93713 0
      vertex 9.47763 -1.04263 0
      vertex 9.47684 -1.9366 0
    endloop
  endfacet
  facet normal -0 0 -1
    outer loop
      vertex 9.47763 -1.04263 0
      vertex 9.33595 -1.93713 0
      vertex 9.34227 -1.01201 0
    endloop
  endfacet
  facet normal 0 0 -1
    outer loop
      vertex 9.19775 -1.92444 0
      vertex 9.34227 -1.01201 0
      vertex 9.33595 -1.93713 0
    endloop
  endfacet
  facet normal 0 0 -1
    outer loop
      vertex 9.17628 -1.91994 0
      vertex 9.32047 -1.00964 0
      vertex 9.19775 -1.92444 0
    endloop
  endfacet
  facet normal -0 0 -1
    outer loop
      vertex 9.34227 -1.01201 0
      vertex 9.19775 -1.92444 0
      vertex 9.32047 -1.00964 0
    endloop
  endfacet
  facet normal 0 0 -1
    outer loop
      vertex 10.3601 -0.201828 0
      vertex 10.4991 0.13765 0
      vertex 10.4991 -0.13765 0
    endloop
  endfacet
  facet normal 0 0 -1
    outer loop
      vertex 10.3601 -0.201828 0
      vertex 10.3601 0.201828 0
      vertex 10.4991 0.13765 0
    endloop
  endfacet
  facet normal 0 0 -1
    outer loop
      vertex 10.2209 -0.26033 0
      vertex 10.3601 0.201828 0
      vertex 10.3601 -0.201828 0
    endloop
  endfacet
  facet normal 0 0 -1
    outer loop
      vertex 10.2209 -0.26033 0
      vertex 10.2209 0.26033 0
      vertex 10.3601 0.201828 0
    endloop
  endfacet
  facet normal 0 0 -1
    outer loop
      vertex 10.0815 -0.312897 0
      vertex 10.2209 0.26033 0
      vertex 10.2209 -0.26033 0
    endloop
  endfacet
  facet normal 0 0 -1
    outer loop
      vertex 10.0815 -0.312897 0
      vertex 10.0815 0.312897 0
      vertex 10.2209 0.26033 0
    endloop
  endfacet
  facet normal 0 0 -1
    outer loop
      vertex 9.94197 -0.359146 0
      vertex 10.0815 0.312897 0
      vertex 10.0815 -0.312897 0
    endloop
  endfacet
  facet normal 0 0 -1
    outer loop
      vertex 9.94197 -0.359146 0
      vertex 9.94197 0.359146 0
      vertex 10.0815 0.312897 0
    endloop
  endfacet
  facet normal 0 0 -1
    outer loop
      vertex 9.80247 -0.398529 0
      vertex 9.94197 0.359146 0
      vertex 9.94197 -0.359146 0
    endloop
  endfacet
  facet normal 0 0 -1
    outer loop
      vertex 9.80247 -0.398529 0
      vertex 9.80247 0.398529 0
      vertex 9.94197 0.359146 0
    endloop
  endfacet
  facet normal 0 0 -1
    outer loop
      vertex 9.66312 -0.430252 0
      vertex 9.80247 0.398529 0
      vertex 9.80247 -0.398529 0
    endloop
  endfacet
  facet normal 0 0 -1
    outer loop
      vertex 9.66312 -0.430252 0
      vertex 9.66312 0.430252 0
      vertex 9.80247 0.398529 0
    endloop
  endfacet
  facet normal 0 0 -1
    outer loop
      vertex 9.52405 -0.45282 0
      vertex 9.66312 0.430252 0
      vertex 9.66312 -0.430252 0
    endloop
  endfacet
  facet normal 0 0 -1
    outer loop
      vertex 9.52405 -0.45282 0
      vertex 9.52405 0.45282 0
      vertex 9.66312 0.430252 0
    endloop
  endfacet
  facet normal 0 0 -1
    outer loop
      vertex 9.38556 -0.461899 0
      vertex 9.52405 0.45282 0
      vertex 9.52405 -0.45282 0
    endloop
  endfacet
  facet normal 0 0 -1
    outer loop
      vertex 9.38556 -0.461899 0
      vertex 9.38556 0.461899 0
      vertex 9.52405 0.45282 0
    endloop
  endfacet
  facet normal 0 0 -1
    outer loop
      vertex 9.36366 -0.460815 0
      vertex 9.38556 0.461899 0
      vertex 9.38556 -0.461899 0
    endloop
  endfacet
  facet normal 0 0 -1
    outer loop
      vertex 9.36366 -0.460815 0
      vertex 9.36366 0.460815 0
      vertex 9.38556 0.461899 0
    endloop
  endfacet
  facet normal 0 0 -1
    outer loop
      vertex 9.32047 -1.00964 0
      vertex 9.36366 0.460815 0
      vertex 9.36366 -0.460815 0
    endloop
  endfacet
  facet normal -0 0 -1
    outer loop
      vertex 9.36366 0.460815 0
      vertex 9.32047 -1.00964 0
      vertex 9.32047 1.00964 0
    endloop
  endfacet
  facet normal 0 0 -1
    outer loop
      vertex 10.2642 1.42133 0
      vertex 10.3483 1.77838 0
      vertex 10.3914 1.50644 0
    endloop
  endfacet
  facet normal 0 0 -1
    outer loop
      vertex 10.2642 1.42133 0
      vertex 10.201 1.82002 0
      vertex 10.3483 1.77838 0
    endloop
  endfacet
  facet normal 0 0 -1
    outer loop
      vertex 10.1358 1.34175 0
      vertex 10.201 1.82002 0
      vertex 10.2642 1.42133 0
    endloop
  endfacet
  facet normal 0 0 -1
    outer loop
      vertex 10.1358 1.34175 0
      vertex 10.0544 1.85603 0
      vertex 10.201 1.82002 0
    endloop
  endfacet
  facet normal 0 0 -1
    outer loop
      vertex 10.0063 1.26804 0
      vertex 10.0544 1.85603 0
      vertex 10.1358 1.34175 0
    endloop
  endfacet
  facet normal 0 0 -1
    outer loop
      vertex 10.0063 1.26804 0
      vertex 9.90842 1.88614 0
      vertex 10.0544 1.85603 0
    endloop
  endfacet
  facet normal 0 0 -1
    outer loop
      vertex 9.87575 1.20053 0
      vertex 9.90842 1.88614 0
      vertex 10.0063 1.26804 0
    endloop
  endfacet
  facet normal 0 0 -1
    outer loop
      vertex 9.87575 1.20053 0
      vertex 9.76338 1.90999 0
      vertex 9.90842 1.88614 0
    endloop
  endfacet
  facet normal 0 0 -1
    outer loop
      vertex 9.74413 1.13982 0
      vertex 9.76338 1.90999 0
      vertex 9.87575 1.20053 0
    endloop
  endfacet
  facet normal 0 0 -1
    outer loop
      vertex 9.74413 1.13982 0
      vertex 9.61945 1.92706 0
      vertex 9.76338 1.90999 0
    endloop
  endfacet
  facet normal 0 0 -1
    outer loop
      vertex 9.61145 1.08669 0
      vertex 9.61945 1.92706 0
      vertex 9.74413 1.13982 0
    endloop
  endfacet
  facet normal 0 0 -1
    outer loop
      vertex 9.47684 1.9366 0
      vertex 9.61145 1.08669 0
      vertex 9.47763 1.04263 0
    endloop
  endfacet
  facet normal 0 0 -1
    outer loop
      vertex 9.61145 1.08669 0
      vertex 9.47684 1.9366 0
      vertex 9.61945 1.92706 0
    endloop
  endfacet
  facet normal 0 0 -1
    outer loop
      vertex 9.33595 1.93713 0
      vertex 9.47763 1.04263 0
      vertex 9.34227 1.01201 0
    endloop
  endfacet
  facet normal 0 0 -1
    outer loop
      vertex 9.47763 1.04263 0
      vertex 9.33595 1.93713 0
      vertex 9.47684 1.9366 0
    endloop
  endfacet
  facet normal 0 0 -1
    outer loop
      vertex 9.19775 1.92444 0
      vertex 9.34227 1.01201 0
      vertex 9.32047 1.00964 0
    endloop
  endfacet
  facet normal -0 0 -1
    outer loop
      vertex 9.32047 -1.00964 0
      vertex 9.17628 -1.91994 0
      vertex 9.32047 1.00964 0
    endloop
  endfacet
  facet normal 0 0 -1
    outer loop
      vertex 9.17628 1.91994 0
      vertex 9.32047 1.00964 0
      vertex 9.17628 -1.91994 0
    endloop
  endfacet
  facet normal 0 -0 -1
    outer loop
      vertex 9.19775 1.92444 0
      vertex 9.32047 1.00964 0
      vertex 9.17628 1.91994 0
    endloop
  endfacet
  facet normal 0 0 -1
    outer loop
      vertex 9.34227 1.01201 0
      vertex 9.19775 1.92444 0
      vertex 9.33595 1.93713 0
    endloop
  endfacet
  facet normal 0 0 -1
    outer loop
      vertex 9.04778 -2.45526 0
      vertex 9.17628 1.91994 0
      vertex 9.17628 -1.91994 0
    endloop
  endfacet
  facet normal -0 0 -1
    outer loop
      vertex 9.17628 1.91994 0
      vertex 9.04778 -2.45526 0
      vertex 9.04778 2.45526 0
    endloop
  endfacet
  facet normal 0 0 -1
    outer loop
      vertex 9.91545 3.00949 0
      vertex 9.94269 3.37532 0
      vertex 10.0278 3.11346 0
    endloop
  endfacet
  facet normal 0 0 -1
    outer loop
      vertex 9.79071 3.39342 0
      vertex 9.91545 3.00949 0
      vertex 9.80112 2.91083 0
    endloop
  endfacet
  facet normal 0 0 -1
    outer loop
      vertex 9.91545 3.00949 0
      vertex 9.79071 3.39342 0
      vertex 9.94269 3.37532 0
    endloop
  endfacet
  facet normal 0 0 -1
    outer loop
      vertex 9.64021 3.40604 0
      vertex 9.80112 2.91083 0
      vertex 9.68475 2.81775 0
    endloop
  endfacet
  facet normal 0 0 -1
    outer loop
      vertex 9.80112 2.91083 0
      vertex 9.64021 3.40604 0
      vertex 9.79071 3.39342 0
    endloop
  endfacet
  facet normal 0 0 -1
    outer loop
      vertex 9.49136 3.41293 0
      vertex 9.68475 2.81775 0
      vertex 9.56636 2.73067 0
    endloop
  endfacet
  facet normal 0 0 -1
    outer loop
      vertex 9.68475 2.81775 0
      vertex 9.49136 3.41293 0
      vertex 9.64021 3.40604 0
    endloop
  endfacet
  facet normal 0 0 -1
    outer loop
      vertex 9.34439 3.4138 0
      vertex 9.56636 2.73067 0
      vertex 9.44586 2.6501 0
    endloop
  endfacet
  facet normal 0 0 -1
    outer loop
      vertex 9.56636 2.73067 0
      vertex 9.34439 3.4138 0
      vertex 9.49136 3.41293 0
    endloop
  endfacet
  facet normal 0 0 -1
    outer loop
      vertex 9.19955 3.40816 0
      vertex 9.44586 2.6501 0
      vertex 9.32312 2.57687 0
    endloop
  endfacet
  facet normal 0 0 -1
    outer loop
      vertex 9.44586 2.6501 0
      vertex 9.19955 3.40816 0
      vertex 9.34439 3.4138 0
    endloop
  endfacet
  facet normal 0 0 -1
    outer loop
      vertex 9.05721 3.39525 0
      vertex 9.32312 2.57687 0
      vertex 9.19783 2.51242 0
    endloop
  endfacet
  facet normal 0 0 -1
    outer loop
      vertex 8.91797 3.37375 0
      vertex 9.19783 2.51242 0
      vertex 9.06894 2.461 0
    endloop
  endfacet
  facet normal 0 0 -1
    outer loop
      vertex 9.32312 2.57687 0
      vertex 9.05721 3.39525 0
      vertex 9.19955 3.40816 0
    endloop
  endfacet
  facet normal 0 0 -1
    outer loop
      vertex 8.78346 3.33958 0
      vertex 9.06894 2.461 0
      vertex 9.04778 2.45526 0
    endloop
  endfacet
  facet normal -0 0 -1
    outer loop
      vertex 9.04778 -2.45526 0
      vertex 8.76297 -3.33179 0
      vertex 9.04778 2.45526 0
    endloop
  endfacet
  facet normal 0 0 -1
    outer loop
      vertex 8.76297 3.33179 0
      vertex 9.04778 2.45526 0
      vertex 8.76297 -3.33179 0
    endloop
  endfacet
  facet normal 0 0 -1
    outer loop
      vertex 9.04778 -2.45526 0
      vertex 8.78346 -3.33958 0
      vertex 8.76297 -3.33179 0
    endloop
  endfacet
  facet normal 0 -0 -1
    outer loop
      vertex 8.78346 3.33958 0
      vertex 9.04778 2.45526 0
      vertex 8.76297 3.33179 0
    endloop
  endfacet
  facet normal 0 0 -1
    outer loop
      vertex 9.19783 2.51242 0
      vertex 8.91797 3.37375 0
      vertex 9.05721 3.39525 0
    endloop
  endfacet
  facet normal 0 0 -1
    outer loop
      vertex 9.06894 2.461 0
      vertex 8.78346 3.33958 0
      vertex 8.91797 3.37375 0
    endloop
  endfacet
  facet normal 0 0 -1
    outer loop
      vertex 8.55229 -3.84041 0
      vertex 8.76297 3.33179 0
      vertex 8.76297 -3.33179 0
    endloop
  endfacet
  facet normal -0 0 -1
    outer loop
      vertex 8.76297 3.33179 0
      vertex 8.55229 -3.84041 0
      vertex 8.55229 3.84041 0
    endloop
  endfacet
  facet normal 0 0 -1
    outer loop
      vertex 9.32259 4.52356 0
      vertex 9.29227 4.88914 0
      vertex 9.41725 4.64383 0
    endloop
  endfacet
  facet normal 0 0 -1
    outer loop
      vertex 9.13933 4.88324 0
      vertex 9.32259 4.52356 0
      vertex 9.22508 4.40822 0
    endloop
  endfacet
  facet normal 0 0 -1
    outer loop
      vertex 9.32259 4.52356 0
      vertex 9.13933 4.88324 0
      vertex 9.29227 4.88914 0
    endloop
  endfacet
  facet normal 0 0 -1
    outer loop
      vertex 8.98871 4.87216 0
      vertex 9.22508 4.40822 0
      vertex 9.12473 4.2981 0
    endloop
  endfacet
  facet normal 0 0 -1
    outer loop
      vertex 8.84061 4.8557 0
      vertex 9.12473 4.2981 0
      vertex 9.02141 4.19356 0
    endloop
  endfacet
  facet normal 0 0 -1
    outer loop
      vertex 9.22508 4.40822 0
      vertex 8.98871 4.87216 0
      vertex 9.13933 4.88324 0
    endloop
  endfacet
  facet normal 0 0 -1
    outer loop
      vertex 8.69531 4.83356 0
      vertex 9.02141 4.19356 0
      vertex 8.91499 4.09512 0
    endloop
  endfacet
  facet normal 0 0 -1
    outer loop
      vertex 9.12473 4.2981 0
      vertex 8.84061 4.8557 0
      vertex 8.98871 4.87216 0
    endloop
  endfacet
  facet normal 0 0 -1
    outer loop
      vertex 8.55313 4.80533 0
      vertex 8.91499 4.09512 0
      vertex 8.80522 4.0036 0
    endloop
  endfacet
  facet normal 0 0 -1
    outer loop
      vertex 9.02141 4.19356 0
      vertex 8.69531 4.83356 0
      vertex 8.84061 4.8557 0
    endloop
  endfacet
  facet normal 0 0 -1
    outer loop
      vertex 8.41457 4.77031 0
      vertex 8.80522 4.0036 0
      vertex 8.69156 3.92035 0
    endloop
  endfacet
  facet normal 0 0 -1
    outer loop
      vertex 8.28041 4.72729 0
      vertex 8.69156 3.92035 0
      vertex 8.5723 3.8494 0
    endloop
  endfacet
  facet normal 0 0 -1
    outer loop
      vertex 8.91499 4.09512 0
      vertex 8.55313 4.80533 0
      vertex 8.69531 4.83356 0
    endloop
  endfacet
  facet normal 0 0 -1
    outer loop
      vertex 8.15289 4.6725 0
      vertex 8.5723 3.8494 0
      vertex 8.55229 3.84041 0
    endloop
  endfacet
  facet normal -0 0 -1
    outer loop
      vertex 8.55229 -3.84041 0
      vertex 8.13387 -4.66161 0
      vertex 8.55229 3.84041 0
    endloop
  endfacet
  facet normal 0 0 -1
    outer loop
      vertex 8.13387 4.66161 0
      vertex 8.55229 3.84041 0
      vertex 8.13387 -4.66161 0
    endloop
  endfacet
  facet normal -0 0 -1
    outer loop
      vertex 8.5723 -3.8494 0
      vertex 8.15289 -4.6725 0
      vertex 8.55229 -3.84041 0
    endloop
  endfacet
  facet normal 0 -0 -1
    outer loop
      vertex 8.15289 4.6725 0
      vertex 8.55229 3.84041 0
      vertex 8.13387 4.66161 0
    endloop
  endfacet
  facet normal 0 0 -1
    outer loop
      vertex 8.55229 -3.84041 0
      vertex 8.15289 -4.6725 0
      vertex 8.13387 -4.66161 0
    endloop
  endfacet
  facet normal 0 0 -1
    outer loop
      vertex 8.80522 4.0036 0
      vertex 8.41457 4.77031 0
      vertex 8.55313 4.80533 0
    endloop
  endfacet
  facet normal 0 0 -1
    outer loop
      vertex 8.69156 3.92035 0
      vertex 8.28041 4.72729 0
      vertex 8.41457 4.77031 0
    endloop
  endfacet
  facet normal 0 0 -1
    outer loop
      vertex 8.5723 3.8494 0
      vertex 8.15289 4.6725 0
      vertex 8.28041 4.72729 0
    endloop
  endfacet
  facet normal 0 0 -1
    outer loop
      vertex 7.84622 -5.131 0
      vertex 8.13387 4.66161 0
      vertex 8.13387 -4.66161 0
    endloop
  endfacet
  facet normal -0 0 -1
    outer loop
      vertex 8.13387 4.66161 0
      vertex 7.84622 -5.131 0
      vertex 7.84622 5.131 0
    endloop
  endfacet
  facet normal 0 0 -1
    outer loop
      vertex 8.26289 6.25282 0
      vertex 8.50017 5.92625 0
      vertex 8.42192 5.79707 0
    endloop
  endfacet
  facet normal 0 0 -1
    outer loop
      vertex 8.50017 5.92625 0
      vertex 8.26289 6.25282 0
      vertex 8.57486 6.05983 0
    endloop
  endfacet
  facet normal 0 0 -1
    outer loop
      vertex 8.11586 6.21832 0
      vertex 8.42192 5.79707 0
      vertex 8.34001 5.67259 0
    endloop
  endfacet
  facet normal 0 0 -1
    outer loop
      vertex 8.57486 6.05983 0
      vertex 8.26289 6.25282 0
      vertex 8.41302 6.28258 0
    endloop
  endfacet
  facet normal 0 0 -1
    outer loop
      vertex 7.97217 6.17889 0
      vertex 8.34001 5.67259 0
      vertex 8.25432 5.55319 0
    endloop
  endfacet
  facet normal 0 0 -1
    outer loop
      vertex 7.83212 6.13429 0
      vertex 8.25432 5.55319 0
      vertex 8.16461 5.43933 0
    endloop
  endfacet
  facet normal 0 0 -1
    outer loop
      vertex 8.42192 5.79707 0
      vertex 8.11586 6.21832 0
      vertex 8.26289 6.25282 0
    endloop
  endfacet
  facet normal 0 0 -1
    outer loop
      vertex 7.69611 6.08417 0
      vertex 8.16461 5.43933 0
      vertex 8.07051 5.33176 0
    endloop
  endfacet
  facet normal 0 0 -1
    outer loop
      vertex 8.34001 5.67259 0
      vertex 7.97217 6.17889 0
      vertex 8.11586 6.21832 0
    endloop
  endfacet
  facet normal 0 0 -1
    outer loop
      vertex 7.69611 6.08417 0
      vertex 8.07051 5.33176 0
      vertex 7.97127 5.23175 0
    endloop
  endfacet
  facet normal 0 0 -1
    outer loop
      vertex 7.69611 6.08417 0
      vertex 7.97127 5.23175 0
      vertex 7.86458 5.14301 0
    endloop
  endfacet
  facet normal 0 0 -1
    outer loop
      vertex 7.69611 6.08417 0
      vertex 7.86458 5.14301 0
      vertex 7.84622 5.131 0
    endloop
  endfacet
  facet normal 0 0 -1
    outer loop
      vertex 8.25432 5.55319 0
      vertex 7.83212 6.13429 0
      vertex 7.97217 6.17889 0
    endloop
  endfacet
  facet normal 0 0 -1
    outer loop
      vertex 7.84622 -5.131 0
      vertex 7.7 0 0
      vertex 7.84622 5.131 0
    endloop
  endfacet
  facet normal 0 0 -1
    outer loop
      vertex 7.69181 0.166629 0
      vertex 7.84622 5.131 0
      vertex 7.7 0 0
    endloop
  endfacet
  facet normal -0 0 -1
    outer loop
      vertex 7.97127 -5.23175 0
      vertex 7.43895 -5.96443 0
      vertex 7.86458 -5.14301 0
    endloop
  endfacet
  facet normal 0 0 -1
    outer loop
      vertex 7.84622 -5.131 0
      vertex 7.69181 -0.166629 0
      vertex 7.7 0 0
    endloop
  endfacet
  facet normal 0 0 -1
    outer loop
      vertex 7.84622 -5.131 0
      vertex 7.66733 -0.331653 0
      vertex 7.69181 -0.166629 0
    endloop
  endfacet
  facet normal 0 0 -1
    outer loop
      vertex 7.84622 -5.131 0
      vertex 7.6268 -0.493484 0
      vertex 7.66733 -0.331653 0
    endloop
  endfacet
  facet normal 0 0 -1
    outer loop
      vertex 7.84622 -5.131 0
      vertex 7.57059 -0.650561 0
      vertex 7.6268 -0.493484 0
    endloop
  endfacet
  facet normal 0 0 -1
    outer loop
      vertex 7.32158 -5.89038 0
      vertex 7.86458 -5.14301 0
      vertex 7.43895 -5.96443 0
    endloop
  endfacet
  facet normal 0 0 -1
    outer loop
      vertex 7.84622 -5.131 0
      vertex 7.49927 -0.801374 0
      vertex 7.57059 -0.650561 0
    endloop
  endfacet
  facet normal -0 0 -1
    outer loop
      vertex 7.86458 -5.14301 0
      vertex 7.32158 -5.89038 0
      vertex 7.84622 -5.131 0
    endloop
  endfacet
  facet normal 0 0 -1
    outer loop
      vertex 7.84622 -5.131 0
      vertex 7.4135 -0.944468 0
      vertex 7.49927 -0.801374 0
    endloop
  endfacet
  facet normal 0 0 -1
    outer loop
      vertex 7.84622 -5.131 0
      vertex 7.32158 -5.89038 0
      vertex 7.30449 -5.87663 0
    endloop
  endfacet
  facet normal 0 0 -1
    outer loop
      vertex 7.84622 -5.131 0
      vertex 7.31412 -1.07847 0
      vertex 7.4135 -0.944468 0
    endloop
  endfacet
  facet normal 0 0 -1
    outer loop
      vertex 6.94447 -1.4135 0
      vertex 7.84622 -5.131 0
      vertex 7.30449 -5.87663 0
    endloop
  endfacet
  facet normal 0 0 -1
    outer loop
      vertex 7.84622 -5.131 0
      vertex 7.20208 -1.20208 0
      vertex 7.31412 -1.07847 0
    endloop
  endfacet
  facet normal 0 0 -1
    outer loop
      vertex 7.84622 -5.131 0
      vertex 7.07847 -1.31412 0
      vertex 7.20208 -1.20208 0
    endloop
  endfacet
  facet normal 0 0 -1
    outer loop
      vertex 6.94447 -1.4135 0
      vertex 7.30449 -5.87663 0
      vertex 6.94696 -6.29526 0
    endloop
  endfacet
  facet normal 0 0 -1
    outer loop
      vertex 7.84622 -5.131 0
      vertex 6.94447 -1.4135 0
      vertex 7.07847 -1.31412 0
    endloop
  endfacet
  facet normal 0 0 -1
    outer loop
      vertex 7.183 7.46844 0
      vertex 7.46844 7.183 0
      vertex 7.41136 7.04318 0
    endloop
  endfacet
  facet normal 0 0 -1
    outer loop
      vertex 7.04318 7.41136 0
      vertex 7.41136 7.04318 0
      vertex 7.34995 6.90742 0
    endloop
  endfacet
  facet normal 0 0 -1
    outer loop
      vertex 7.46844 7.183 0
      vertex 7.183 7.46844 0
      vertex 7.52132 7.32663 0
    endloop
  endfacet
  facet normal 0 0 -1
    outer loop
      vertex 6.90742 7.34995 0
      vertex 7.34995 6.90742 0
      vertex 7.28398 6.77608 0
    endloop
  endfacet
  facet normal 0 0 -1
    outer loop
      vertex 6.77608 7.28398 0
      vertex 7.28398 6.77608 0
      vertex 7.2132 6.64958 0
    endloop
  endfacet
  facet normal 0 0 -1
    outer loop
      vertex 7.52132 7.32663 0
      vertex 7.183 7.46844 0
      vertex 7.32663 7.52132 0
    endloop
  endfacet
  facet normal 0 0 -1
    outer loop
      vertex 6.64958 7.2132 0
      vertex 7.2132 6.64958 0
      vertex 7.13708 6.52861 0
    endloop
  endfacet
  facet normal 0 0 -1
    outer loop
      vertex 6.52861 7.13708 0
      vertex 7.13708 6.52861 0
      vertex 7.0547 6.41432 0
    endloop
  endfacet
  facet normal 0 0 -1
    outer loop
      vertex 7.41136 7.04318 0
      vertex 7.04318 7.41136 0
      vertex 7.183 7.46844 0
    endloop
  endfacet
  facet normal 0 0 -1
    outer loop
      vertex 6.41432 7.0547 0
      vertex 7.0547 6.41432 0
      vertex 6.96321 6.30998 0
    endloop
  endfacet
  facet normal 0 0 -1
    outer loop
      vertex 6.30998 6.96321 0
      vertex 6.96321 6.30998 0
      vertex 6.94696 6.29526 0
    endloop
  endfacet
  facet normal 0 0 -1
    outer loop
      vertex 7.34995 6.90742 0
      vertex 6.90742 7.34995 0
      vertex 7.04318 7.41136 0
    endloop
  endfacet
  facet normal 0 0 -1
    outer loop
      vertex 6.49348 1.6268 0
      vertex 7.84622 5.131 0
      vertex 6.65056 1.57059 0
    endloop
  endfacet
  facet normal 0 0 -1
    outer loop
      vertex 6.33165 1.66733 0
      vertex 7.84622 5.131 0
      vertex 6.49348 1.6268 0
    endloop
  endfacet
  facet normal 0 -0 -1
    outer loop
      vertex 6.30998 6.96321 0
      vertex 6.94696 6.29526 0
      vertex 6.29526 6.94696 0
    endloop
  endfacet
  facet normal 0 0 -1
    outer loop
      vertex 6.16663 1.69181 0
      vertex 7.84622 5.131 0
      vertex 6.33165 1.66733 0
    endloop
  endfacet
  facet normal 0 0 -1
    outer loop
      vertex 7.28398 6.77608 0
      vertex 6.77608 7.28398 0
      vertex 6.90742 7.34995 0
    endloop
  endfacet
  facet normal 0 0 -1
    outer loop
      vertex 7.2132 6.64958 0
      vertex 6.64958 7.2132 0
      vertex 6.77608 7.28398 0
    endloop
  endfacet
  facet normal 0 -0 -1
    outer loop
      vertex 4.65559 4.81012 0
      vertex 7.84622 5.131 0
      vertex 4.60978 4.6497 0
    endloop
  endfacet
  facet normal 0 0 -1
    outer loop
      vertex 7.13708 6.52861 0
      vertex 6.52861 7.13708 0
      vertex 6.64958 7.2132 0
    endloop
  endfacet
  facet normal -0 0 -1
    outer loop
      vertex 7.84622 5.131 0
      vertex 4.65559 4.81012 0
      vertex 7.30449 5.87663 0
    endloop
  endfacet
  facet normal 0 0 -1
    outer loop
      vertex 7.0547 6.41432 0
      vertex 6.41432 7.0547 0
      vertex 6.52861 7.13708 0
    endloop
  endfacet
  facet normal 0 0 -1
    outer loop
      vertex 6.96321 6.30998 0
      vertex 6.30998 6.96321 0
      vertex 6.41432 7.0547 0
    endloop
  endfacet
  facet normal 0 0 -1
    outer loop
      vertex 4.54847 4.49455 0
      vertex 7.84622 5.131 0
      vertex 6.16663 1.69181 0
    endloop
  endfacet
  facet normal 0 0 -1
    outer loop
      vertex 4.54847 4.49455 0
      vertex 6.16663 1.69181 0
      vertex 6 1.7 0
    endloop
  endfacet
  facet normal 0 -0 -1
    outer loop
      vertex 4.69909 5.14053 0
      vertex 7.30449 5.87663 0
      vertex 4.68546 4.97426 0
    endloop
  endfacet
  facet normal 0 0 -1
    outer loop
      vertex 4.47224 4.34615 0
      vertex 6 1.7 0
      vertex 5.83337 1.69181 0
    endloop
  endfacet
  facet normal 0 0 -1
    outer loop
      vertex 5.92625 8.50017 0
      vertex 6.25282 8.26289 0
      vertex 6.21832 8.11586 0
    endloop
  endfacet
  facet normal 0 0 -1
    outer loop
      vertex 5.79707 8.42192 0
      vertex 6.21832 8.11586 0
      vertex 6.17889 7.97217 0
    endloop
  endfacet
  facet normal 0 0 -1
    outer loop
      vertex 5.67259 8.34001 0
      vertex 6.17889 7.97217 0
      vertex 6.13429 7.83212 0
    endloop
  endfacet
  facet normal 0 0 -1
    outer loop
      vertex 5.55319 8.25432 0
      vertex 6.13429 7.83212 0
      vertex 6.08417 7.69611 0
    endloop
  endfacet
  facet normal 0 0 -1
    outer loop
      vertex 6.21832 8.11586 0
      vertex 5.79707 8.42192 0
      vertex 5.92625 8.50017 0
    endloop
  endfacet
  facet normal 0 0 -1
    outer loop
      vertex 5.43933 8.16461 0
      vertex 6.08417 7.69611 0
      vertex 6.02791 7.56473 0
    endloop
  endfacet
  facet normal 0 0 -1
    outer loop
      vertex 5.33176 8.07051 0
      vertex 6.02791 7.56473 0
      vertex 5.96443 7.43895 0
    endloop
  endfacet
  facet normal 0 0 -1
    outer loop
      vertex 6.28258 8.41302 0
      vertex 5.92625 8.50017 0
      vertex 6.05983 8.57486 0
    endloop
  endfacet
  facet normal 0 0 -1
    outer loop
      vertex 5.23175 7.97127 0
      vertex 5.96443 7.43895 0
      vertex 5.89038 7.32158 0
    endloop
  endfacet
  facet normal 0 0 -1
    outer loop
      vertex 5.14301 7.86458 0
      vertex 5.89038 7.32158 0
      vertex 5.87663 7.30449 0
    endloop
  endfacet
  facet normal 0 0 -1
    outer loop
      vertex 6.25282 8.26289 0
      vertex 5.92625 8.50017 0
      vertex 6.28258 8.41302 0
    endloop
  endfacet
  facet normal 0 0 -1
    outer loop
      vertex 4.69636 5.30734 0
      vertex 6.94696 6.29526 0
      vertex 4.69909 5.14053 0
    endloop
  endfacet
  facet normal 0 0 -1
    outer loop
      vertex 4.64207 5.63614 0
      vertex 6.94696 6.29526 0
      vertex 4.67729 5.47307 0
    endloop
  endfacet
  facet normal 0 0 -1
    outer loop
      vertex 4.38184 4.20594 0
      vertex 5.83337 1.69181 0
      vertex 5.66835 1.66733 0
    endloop
  endfacet
  facet normal -0 0 -1
    outer loop
      vertex 6.94696 6.29526 0
      vertex 4.64207 5.63614 0
      vertex 6.29526 6.94696 0
    endloop
  endfacet
  facet normal 0 0 -1
    outer loop
      vertex 4.27813 4.07526 0
      vertex 5.66835 1.66733 0
      vertex 5.50652 1.6268 0
    endloop
  endfacet
  facet normal 0 0 -1
    outer loop
      vertex 4.59104 5.79498 0
      vertex 6.29526 6.94696 0
      vertex 4.64207 5.63614 0
    endloop
  endfacet
  facet normal 0 0 -1
    outer loop
      vertex 4.16211 3.95538 0
      vertex 5.50652 1.6268 0
      vertex 5.34944 1.57059 0
    endloop
  endfacet
  facet normal 0 0 -1
    outer loop
      vertex 4.52468 5.94804 0
      vertex 6.29526 6.94696 0
      vertex 4.59104 5.79498 0
    endloop
  endfacet
  facet normal 0 0 -1
    outer loop
      vertex 6.17889 7.97217 0
      vertex 5.67259 8.34001 0
      vertex 5.79707 8.42192 0
    endloop
  endfacet
  facet normal 0 0 -1
    outer loop
      vertex 4.03489 3.84745 0
      vertex 5.34944 1.57059 0
      vertex 5.19862 1.49927 0
    endloop
  endfacet
  facet normal 0 0 -1
    outer loop
      vertex 6.13429 7.83212 0
      vertex 5.55319 8.25432 0
      vertex 5.67259 8.34001 0
    endloop
  endfacet
  facet normal 0 -0 -1
    outer loop
      vertex 5.14301 7.86458 0
      vertex 5.87663 7.30449 0
      vertex 5.131 7.84622 0
    endloop
  endfacet
  facet normal 0 0 -1
    outer loop
      vertex 3.89771 3.75251 0
      vertex 5.19862 1.49927 0
      vertex 5.05553 1.4135 0
    endloop
  endfacet
  facet normal 0 0 -1
    outer loop
      vertex 3.75189 3.67147 0
      vertex 5.05553 1.4135 0
      vertex 4.92153 1.31412 0
    endloop
  endfacet
  facet normal 0 0 -1
    outer loop
      vertex 3.59882 3.60511 0
      vertex 4.92153 1.31412 0
      vertex 4.79792 1.20208 0
    endloop
  endfacet
  facet normal 0 0 -1
    outer loop
      vertex 6.08417 7.69611 0
      vertex 5.43933 8.16461 0
      vertex 5.55319 8.25432 0
    endloop
  endfacet
  facet normal 0 0 -1
    outer loop
      vertex 6.02791 7.56473 0
      vertex 5.33176 8.07051 0
      vertex 5.43933 8.16461 0
    endloop
  endfacet
  facet normal 0 0 -1
    outer loop
      vertex 5.89038 7.32158 0
      vertex 5.14301 7.86458 0
      vertex 5.23175 7.97127 0
    endloop
  endfacet
  facet normal 0 0 -1
    outer loop
      vertex 5.96443 7.43895 0
      vertex 5.23175 7.97127 0
      vertex 5.33176 8.07051 0
    endloop
  endfacet
  facet normal -0 0 -1
    outer loop
      vertex 6.29526 6.94696 0
      vertex 4.52468 5.94804 0
      vertex 5.87663 7.30449 0
    endloop
  endfacet
  facet normal 0 0 -1
    outer loop
      vertex 4.44364 6.09387 0
      vertex 5.87663 7.30449 0
      vertex 4.52468 5.94804 0
    endloop
  endfacet
  facet normal 0 0 -1
    outer loop
      vertex 4.3487 6.23105 0
      vertex 5.87663 7.30449 0
      vertex 4.44364 6.09387 0
    endloop
  endfacet
  facet normal -0 0 -1
    outer loop
      vertex 5.87663 7.30449 0
      vertex 4.3487 6.23105 0
      vertex 5.131 7.84622 0
    endloop
  endfacet
  facet normal 0 0 -1
    outer loop
      vertex 4.24077 6.35826 0
      vertex 5.131 7.84622 0
      vertex 4.3487 6.23105 0
    endloop
  endfacet
  facet normal 0 0 -1
    outer loop
      vertex 4.12089 6.47428 0
      vertex 5.131 7.84622 0
      vertex 4.24077 6.35826 0
    endloop
  endfacet
  facet normal 0 0 -1
    outer loop
      vertex 3.99021 6.57799 0
      vertex 5.131 7.84622 0
      vertex 4.12089 6.47428 0
    endloop
  endfacet
  facet normal 0 0 -1
    outer loop
      vertex 4.66161 8.13387 0
      vertex 4.52356 9.32259 0
      vertex 4.64383 9.41725 0
    endloop
  endfacet
  facet normal 0 0 -1
    outer loop
      vertex 4.66161 8.13387 0
      vertex 4.40822 9.22508 0
      vertex 4.52356 9.32259 0
    endloop
  endfacet
  facet normal 0 0 -1
    outer loop
      vertex 4.66161 8.13387 0
      vertex 4.2981 9.12473 0
      vertex 4.40822 9.22508 0
    endloop
  endfacet
  facet normal 0 0 -1
    outer loop
      vertex 4.66161 8.13387 0
      vertex 4.19356 9.02141 0
      vertex 4.2981 9.12473 0
    endloop
  endfacet
  facet normal -0 0 -1
    outer loop
      vertex 5.131 7.84622 0
      vertex 3.99021 6.57799 0
      vertex 4.66161 8.13387 0
    endloop
  endfacet
  facet normal 0 0 -1
    outer loop
      vertex 4.66161 8.13387 0
      vertex 4.09512 8.91499 0
      vertex 4.19356 9.02141 0
    endloop
  endfacet
  facet normal 0 0 -1
    outer loop
      vertex 4.66161 8.13387 0
      vertex 4.0036 8.80522 0
      vertex 4.09512 8.91499 0
    endloop
  endfacet
  facet normal 0 0 -1
    outer loop
      vertex 3.85 6.6684 0
      vertex 4.66161 8.13387 0
      vertex 3.99021 6.57799 0
    endloop
  endfacet
  facet normal 0 -0 -1
    outer loop
      vertex 3.8494 8.5723 0
      vertex 4.66161 8.13387 0
      vertex 3.84041 8.55229 0
    endloop
  endfacet
  facet normal 0 0 -1
    outer loop
      vertex 3.7016 6.74462 0
      vertex 4.66161 8.13387 0
      vertex 3.85 6.6684 0
    endloop
  endfacet
  facet normal 0 0 -1
    outer loop
      vertex 4.66161 8.13387 0
      vertex 3.92035 8.69156 0
      vertex 4.0036 8.80522 0
    endloop
  endfacet
  facet normal 0 0 -1
    outer loop
      vertex 4.66161 8.13387 0
      vertex 3.8494 8.5723 0
      vertex 3.92035 8.69156 0
    endloop
  endfacet
  facet normal 0 0 -1
    outer loop
      vertex 3.54645 6.80593 0
      vertex 4.66161 8.13387 0
      vertex 3.7016 6.74462 0
    endloop
  endfacet
  facet normal -0 0 -1
    outer loop
      vertex 4.66161 8.13387 0
      vertex 3.54645 6.80593 0
      vertex 3.84041 8.55229 0
    endloop
  endfacet
  facet normal 0 0 -1
    outer loop
      vertex 3.38603 6.85174 0
      vertex 3.84041 8.55229 0
      vertex 3.54645 6.80593 0
    endloop
  endfacet
  facet normal 0 0 -1
    outer loop
      vertex 3.22189 6.88161 0
      vertex 3.84041 8.55229 0
      vertex 3.38603 6.85174 0
    endloop
  endfacet
  facet normal -0 0 -1
    outer loop
      vertex 3.84041 8.55229 0
      vertex 3.22189 6.88161 0
      vertex 3.33179 8.76297 0
    endloop
  endfacet
  facet normal 0 0 -1
    outer loop
      vertex 3.43999 3.55408 0
      vertex 4.79792 1.20208 0
      vertex 4.68588 1.07847 0
    endloop
  endfacet
  facet normal 0 0 -1
    outer loop
      vertex 4.67729 5.47307 0
      vertex 6.94696 6.29526 0
      vertex 4.69636 5.30734 0
    endloop
  endfacet
  facet normal -0 0 -1
    outer loop
      vertex 7.30449 5.87663 0
      vertex 4.69909 5.14053 0
      vertex 6.94696 6.29526 0
    endloop
  endfacet
  facet normal 0 -0 -1
    outer loop
      vertex 4.68546 4.97426 0
      vertex 7.30449 5.87663 0
      vertex 4.65559 4.81012 0
    endloop
  endfacet
  facet normal 0 0 -1
    outer loop
      vertex 3.27692 3.51886 0
      vertex 4.68588 1.07847 0
      vertex 4.5865 0.944468 0
    endloop
  endfacet
  facet normal 0 0 -1
    outer loop
      vertex 7.84622 5.131 0
      vertex 4.54847 4.49455 0
      vertex 4.60978 4.6497 0
    endloop
  endfacet
  facet normal 0 0 -1
    outer loop
      vertex 3.11119 3.49979 0
      vertex 4.5865 0.944468 0
      vertex 4.50073 0.801374 0
    endloop
  endfacet
  facet normal 0 0 -1
    outer loop
      vertex 6 1.7 0
      vertex 4.47224 4.34615 0
      vertex 4.54847 4.49455 0
    endloop
  endfacet
  facet normal 0 0 -1
    outer loop
      vertex 2.94438 3.49706 0
      vertex 4.50073 0.801374 0
      vertex 4.4294 0.650561 0
    endloop
  endfacet
  facet normal 0 0 -1
    outer loop
      vertex 5.83337 1.69181 0
      vertex 4.38184 4.20594 0
      vertex 4.47224 4.34615 0
    endloop
  endfacet
  facet normal 0 0 -1
    outer loop
      vertex 2.7781 3.5107 0
      vertex 4.4294 0.650561 0
      vertex 4.3732 0.493484 0
    endloop
  endfacet
  facet normal 0 0 -1
    outer loop
      vertex 2.61397 3.54056 0
      vertex 4.3732 0.493484 0
      vertex 4.33266 0.331653 0
    endloop
  endfacet
  facet normal 0 0 -1
    outer loop
      vertex 2.45355 3.58637 0
      vertex 4.33266 0.331653 0
      vertex 4.30819 0.166629 0
    endloop
  endfacet
  facet normal 0 0 -1
    outer loop
      vertex 2.2984 3.64768 0
      vertex 4.30819 0.166629 0
      vertex 4.3 0 0
    endloop
  endfacet
  facet normal 0 0 -1
    outer loop
      vertex 5.66835 1.66733 0
      vertex 4.27813 4.07526 0
      vertex 4.38184 4.20594 0
    endloop
  endfacet
  facet normal -0 0 -1
    outer loop
      vertex 4.68588 -1.07847 0
      vertex 3.27692 -3.51886 0
      vertex 4.5865 -0.944468 0
    endloop
  endfacet
  facet normal 0 0 -1
    outer loop
      vertex 3.11119 -3.49979 0
      vertex 4.5865 -0.944468 0
      vertex 3.27692 -3.51886 0
    endloop
  endfacet
  facet normal 0 0 -1
    outer loop
      vertex 5.50652 1.6268 0
      vertex 4.16211 3.95538 0
      vertex 4.27813 4.07526 0
    endloop
  endfacet
  facet normal -0 0 -1
    outer loop
      vertex 4.5865 -0.944468 0
      vertex 3.11119 -3.49979 0
      vertex 4.50073 -0.801374 0
    endloop
  endfacet
  facet normal 0 0 -1
    outer loop
      vertex 5.34944 1.57059 0
      vertex 4.03489 3.84745 0
      vertex 4.16211 3.95538 0
    endloop
  endfacet
  facet normal 0 0 -1
    outer loop
      vertex 2.94438 -3.49706 0
      vertex 4.50073 -0.801374 0
      vertex 3.11119 -3.49979 0
    endloop
  endfacet
  facet normal 0 0 -1
    outer loop
      vertex 5.19862 1.49927 0
      vertex 3.89771 3.75251 0
      vertex 4.03489 3.84745 0
    endloop
  endfacet
  facet normal -0 0 -1
    outer loop
      vertex 4.50073 -0.801374 0
      vertex 2.94438 -3.49706 0
      vertex 4.4294 -0.650561 0
    endloop
  endfacet
  facet normal 0 0 -1
    outer loop
      vertex 5.05553 1.4135 0
      vertex 3.75189 3.67147 0
      vertex 3.89771 3.75251 0
    endloop
  endfacet
  facet normal 0 0 -1
    outer loop
      vertex 2.7781 -3.5107 0
      vertex 4.4294 -0.650561 0
      vertex 2.94438 -3.49706 0
    endloop
  endfacet
  facet normal 0 0 -1
    outer loop
      vertex 4.92153 1.31412 0
      vertex 3.59882 3.60511 0
      vertex 3.75189 3.67147 0
    endloop
  endfacet
  facet normal -0 0 -1
    outer loop
      vertex 4.4294 -0.650561 0
      vertex 2.7781 -3.5107 0
      vertex 4.3732 -0.493484 0
    endloop
  endfacet
  facet normal 0 0 -1
    outer loop
      vertex 4.79792 1.20208 0
      vertex 3.43999 3.55408 0
      vertex 3.59882 3.60511 0
    endloop
  endfacet
  facet normal 0 0 -1
    outer loop
      vertex 2.61397 -3.54056 0
      vertex 4.3732 -0.493484 0
      vertex 2.7781 -3.5107 0
    endloop
  endfacet
  facet normal 0 0 -1
    outer loop
      vertex 4.68588 1.07847 0
      vertex 3.27692 3.51886 0
      vertex 3.43999 3.55408 0
    endloop
  endfacet
  facet normal -0 0 -1
    outer loop
      vertex 4.3732 -0.493484 0
      vertex 2.61397 -3.54056 0
      vertex 4.33266 -0.331653 0
    endloop
  endfacet
  facet normal 0 0 -1
    outer loop
      vertex 4.5865 0.944468 0
      vertex 3.11119 3.49979 0
      vertex 3.27692 3.51886 0
    endloop
  endfacet
  facet normal 0 0 -1
    outer loop
      vertex 2.45355 -3.58637 0
      vertex 4.33266 -0.331653 0
      vertex 2.61397 -3.54056 0
    endloop
  endfacet
  facet normal 0 0 -1
    outer loop
      vertex 4.50073 0.801374 0
      vertex 2.94438 3.49706 0
      vertex 3.11119 3.49979 0
    endloop
  endfacet
  facet normal -0 0 -1
    outer loop
      vertex 4.33266 -0.331653 0
      vertex 2.45355 -3.58637 0
      vertex 4.30819 -0.166629 0
    endloop
  endfacet
  facet normal 0 0 -1
    outer loop
      vertex 4.4294 0.650561 0
      vertex 2.7781 3.5107 0
      vertex 2.94438 3.49706 0
    endloop
  endfacet
  facet normal 0 0 -1
    outer loop
      vertex 2.2984 -3.64768 0
      vertex 4.30819 -0.166629 0
      vertex 2.45355 -3.58637 0
    endloop
  endfacet
  facet normal 0 0 -1
    outer loop
      vertex 4.3732 0.493484 0
      vertex 2.61397 3.54056 0
      vertex 2.7781 3.5107 0
    endloop
  endfacet
  facet normal -0 0 -1
    outer loop
      vertex 4.30819 -0.166629 0
      vertex 2.2984 -3.64768 0
      vertex 4.3 0 0
    endloop
  endfacet
  facet normal 0 0 -1
    outer loop
      vertex 4.33266 0.331653 0
      vertex 2.45355 3.58637 0
      vertex 2.61397 3.54056 0
    endloop
  endfacet
  facet normal 0 0 -1
    outer loop
      vertex 2.15 -3.72391 0
      vertex 4.3 0 0
      vertex 2.2984 -3.64768 0
    endloop
  endfacet
  facet normal 0 0 -1
    outer loop
      vertex 4.30819 0.166629 0
      vertex 2.2984 3.64768 0
      vertex 2.45355 3.58637 0
    endloop
  endfacet
  facet normal 0 0 -1
    outer loop
      vertex 2.15 3.72391 0
      vertex 4.3 0 0
      vertex 2.15 -3.72391 0
    endloop
  endfacet
  facet normal 0 0 -1
    outer loop
      vertex 4.3 0 0
      vertex 2.15 3.72391 0
      vertex 2.2984 3.64768 0
    endloop
  endfacet
  facet normal 0 0 -1
    outer loop
      vertex 2.00979 -3.81431 0
      vertex 2.15 3.72391 0
      vertex 2.15 -3.72391 0
    endloop
  endfacet
  facet normal 0 0 -1
    outer loop
      vertex 2.00979 -3.81431 0
      vertex 2.00979 3.81431 0
      vertex 2.15 3.72391 0
    endloop
  endfacet
  facet normal 0 0 -1
    outer loop
      vertex 1.87911 -3.91802 0
      vertex 2.00979 3.81431 0
      vertex 2.00979 -3.81431 0
    endloop
  endfacet
  facet normal 0 0 -1
    outer loop
      vertex 1.87911 -3.91802 0
      vertex 1.87911 3.91802 0
      vertex 2.00979 3.81431 0
    endloop
  endfacet
  facet normal 0 0 -1
    outer loop
      vertex 1.75923 -4.03405 0
      vertex 1.87911 3.91802 0
      vertex 1.87911 -3.91802 0
    endloop
  endfacet
  facet normal 0 0 -1
    outer loop
      vertex 1.75923 -4.03405 0
      vertex 1.75923 4.03405 0
      vertex 1.87911 3.91802 0
    endloop
  endfacet
  facet normal 0 0 -1
    outer loop
      vertex 1.6513 -4.16126 0
      vertex 1.75923 4.03405 0
      vertex 1.75923 -4.03405 0
    endloop
  endfacet
  facet normal 0 0 -1
    outer loop
      vertex 1.6513 -4.16126 0
      vertex 1.6513 4.16126 0
      vertex 1.75923 4.03405 0
    endloop
  endfacet
  facet normal 0 0 -1
    outer loop
      vertex 1.55636 -4.29844 0
      vertex 1.6513 4.16126 0
      vertex 1.6513 -4.16126 0
    endloop
  endfacet
  facet normal 0 0 -1
    outer loop
      vertex 1.55636 -4.29844 0
      vertex 1.55636 4.29844 0
      vertex 1.6513 4.16126 0
    endloop
  endfacet
  facet normal 0 0 -1
    outer loop
      vertex 1.47532 -4.44426 0
      vertex 1.55636 4.29844 0
      vertex 1.55636 -4.29844 0
    endloop
  endfacet
  facet normal 0 0 -1
    outer loop
      vertex 1.47532 -4.44426 0
      vertex 1.47532 4.44426 0
      vertex 1.55636 4.29844 0
    endloop
  endfacet
  facet normal 0 0 -1
    outer loop
      vertex 1.40896 -4.59733 0
      vertex 1.47532 4.44426 0
      vertex 1.47532 -4.44426 0
    endloop
  endfacet
  facet normal 0 0 -1
    outer loop
      vertex 1.40896 -4.59733 0
      vertex 1.40896 4.59733 0
      vertex 1.47532 4.44426 0
    endloop
  endfacet
  facet normal 0 0 -1
    outer loop
      vertex 1.35793 -4.75616 0
      vertex 1.40896 4.59733 0
      vertex 1.40896 -4.59733 0
    endloop
  endfacet
  facet normal 0 0 -1
    outer loop
      vertex 1.35793 -4.75616 0
      vertex 1.35793 4.75616 0
      vertex 1.40896 4.59733 0
    endloop
  endfacet
  facet normal 0 0 -1
    outer loop
      vertex 1.32271 -4.91923 0
      vertex 1.35793 4.75616 0
      vertex 1.35793 -4.75616 0
    endloop
  endfacet
  facet normal 0 0 -1
    outer loop
      vertex 1.32271 -4.91923 0
      vertex 1.32271 4.91923 0
      vertex 1.35793 4.75616 0
    endloop
  endfacet
  facet normal 0 0 -1
    outer loop
      vertex 1.30364 -5.08497 0
      vertex 1.32271 4.91923 0
      vertex 1.32271 -4.91923 0
    endloop
  endfacet
  facet normal 0 0 -1
    outer loop
      vertex 1.30364 -5.08497 0
      vertex 1.30364 5.08497 0
      vertex 1.32271 4.91923 0
    endloop
  endfacet
  facet normal 0 0 -1
    outer loop
      vertex 1.30091 -5.25177 0
      vertex 1.30364 5.08497 0
      vertex 1.30364 -5.08497 0
    endloop
  endfacet
  facet normal -0 0 -1
    outer loop
      vertex 1.30364 5.08497 0
      vertex 1.30091 -5.25177 0
      vertex 1.30091 5.25177 0
    endloop
  endfacet
  facet normal 0 0 -1
    outer loop
      vertex 4.27813 -4.07526 0
      vertex 5.66835 -1.66733 0
      vertex 4.38184 -4.20594 0
    endloop
  endfacet
  facet normal -0 0 -1
    outer loop
      vertex 5.66835 -1.66733 0
      vertex 4.27813 -4.07526 0
      vertex 5.50652 -1.6268 0
    endloop
  endfacet
  facet normal 0 0 -1
    outer loop
      vertex 4.16211 -3.95538 0
      vertex 5.50652 -1.6268 0
      vertex 4.27813 -4.07526 0
    endloop
  endfacet
  facet normal -0 0 -1
    outer loop
      vertex 5.50652 -1.6268 0
      vertex 4.16211 -3.95538 0
      vertex 5.34944 -1.57059 0
    endloop
  endfacet
  facet normal 0 0 -1
    outer loop
      vertex 4.03489 -3.84745 0
      vertex 5.34944 -1.57059 0
      vertex 4.16211 -3.95538 0
    endloop
  endfacet
  facet normal -0 0 -1
    outer loop
      vertex 5.34944 -1.57059 0
      vertex 4.03489 -3.84745 0
      vertex 5.19862 -1.49927 0
    endloop
  endfacet
  facet normal 0 0 -1
    outer loop
      vertex 3.89771 -3.75251 0
      vertex 5.19862 -1.49927 0
      vertex 4.03489 -3.84745 0
    endloop
  endfacet
  facet normal -0 0 -1
    outer loop
      vertex 5.19862 -1.49927 0
      vertex 3.89771 -3.75251 0
      vertex 5.05553 -1.4135 0
    endloop
  endfacet
  facet normal 0 0 -1
    outer loop
      vertex 3.75189 -3.67147 0
      vertex 5.05553 -1.4135 0
      vertex 3.89771 -3.75251 0
    endloop
  endfacet
  facet normal -0 0 -1
    outer loop
      vertex 5.05553 -1.4135 0
      vertex 3.75189 -3.67147 0
      vertex 4.92153 -1.31412 0
    endloop
  endfacet
  facet normal 0 0 -1
    outer loop
      vertex 3.59882 -3.60511 0
      vertex 4.92153 -1.31412 0
      vertex 3.75189 -3.67147 0
    endloop
  endfacet
  facet normal -0 0 -1
    outer loop
      vertex 4.92153 -1.31412 0
      vertex 3.59882 -3.60511 0
      vertex 4.79792 -1.20208 0
    endloop
  endfacet
  facet normal 0 0 -1
    outer loop
      vertex 3.43999 -3.55408 0
      vertex 4.79792 -1.20208 0
      vertex 3.59882 -3.60511 0
    endloop
  endfacet
  facet normal -0 0 -1
    outer loop
      vertex 4.79792 -1.20208 0
      vertex 3.43999 -3.55408 0
      vertex 4.68588 -1.07847 0
    endloop
  endfacet
  facet normal 0 0 -1
    outer loop
      vertex 3.27692 -3.51886 0
      vertex 4.68588 -1.07847 0
      vertex 3.43999 -3.55408 0
    endloop
  endfacet
  facet normal 0 0 -1
    outer loop
      vertex 2.73067 9.56636 0
      vertex 3.4138 9.34439 0
      vertex 3.40816 9.19955 0
    endloop
  endfacet
  facet normal 0 0 -1
    outer loop
      vertex 3.4138 9.34439 0
      vertex 2.73067 9.56636 0
      vertex 3.41293 9.49136 0
    endloop
  endfacet
  facet normal 0 0 -1
    outer loop
      vertex 2.6501 9.44586 0
      vertex 3.40816 9.19955 0
      vertex 3.39525 9.05721 0
    endloop
  endfacet
  facet normal 0 0 -1
    outer loop
      vertex 3.41293 9.49136 0
      vertex 2.73067 9.56636 0
      vertex 2.81775 9.68475 0
    endloop
  endfacet
  facet normal 0 -0 -1
    outer loop
      vertex 2.91083 9.80112 0
      vertex 3.40604 9.64021 0
      vertex 2.81775 9.68475 0
    endloop
  endfacet
  facet normal 0 0 -1
    outer loop
      vertex 2.57687 9.32312 0
      vertex 3.39525 9.05721 0
      vertex 3.37375 8.91797 0
    endloop
  endfacet
  facet normal 0 0 -1
    outer loop
      vertex 2.51242 9.19783 0
      vertex 3.37375 8.91797 0
      vertex 3.33958 8.78346 0
    endloop
  endfacet
  facet normal 0 0 -1
    outer loop
      vertex 2.461 9.06894 0
      vertex 3.33958 8.78346 0
      vertex 3.33179 8.76297 0
    endloop
  endfacet
  facet normal 0 0 -1
    outer loop
      vertex 3.05562 6.89524 0
      vertex 3.33179 8.76297 0
      vertex 3.22189 6.88161 0
    endloop
  endfacet
  facet normal 0 -0 -1
    outer loop
      vertex 2.461 9.06894 0
      vertex 3.33179 8.76297 0
      vertex 2.45526 9.04778 0
    endloop
  endfacet
  facet normal 0 0 -1
    outer loop
      vertex 2.88881 6.89251 0
      vertex 3.33179 8.76297 0
      vertex 3.05562 6.89524 0
    endloop
  endfacet
  facet normal -0 0 -1
    outer loop
      vertex 3.37532 9.94269 0
      vertex 3.00949 9.91545 0
      vertex 3.11346 10.0278 0
    endloop
  endfacet
  facet normal 0 0 -1
    outer loop
      vertex 3.39342 9.79071 0
      vertex 3.00949 9.91545 0
      vertex 3.37532 9.94269 0
    endloop
  endfacet
  facet normal 0 0 -1
    outer loop
      vertex 2.72308 6.87345 0
      vertex 3.33179 8.76297 0
      vertex 2.88881 6.89251 0
    endloop
  endfacet
  facet normal 0 -0 -1
    outer loop
      vertex 3.00949 9.91545 0
      vertex 3.39342 9.79071 0
      vertex 2.91083 9.80112 0
    endloop
  endfacet
  facet normal 0 0 -1
    outer loop
      vertex 3.40604 9.64021 0
      vertex 2.91083 9.80112 0
      vertex 3.39342 9.79071 0
    endloop
  endfacet
  facet normal -0 0 -1
    outer loop
      vertex 3.33179 8.76297 0
      vertex 2.72308 6.87345 0
      vertex 2.45526 9.04778 0
    endloop
  endfacet
  facet normal 0 0 -1
    outer loop
      vertex 3.41293 9.49136 0
      vertex 2.81775 9.68475 0
      vertex 3.40604 9.64021 0
    endloop
  endfacet
  facet normal 0 0 -1
    outer loop
      vertex 3.39525 9.05721 0
      vertex 2.57687 9.32312 0
      vertex 2.6501 9.44586 0
    endloop
  endfacet
  facet normal 0 0 -1
    outer loop
      vertex 2.45526 9.04778 0
      vertex 2.72308 6.87345 0
      vertex 2.56001 6.83823 0
    endloop
  endfacet
  facet normal 0 0 -1
    outer loop
      vertex 3.40816 9.19955 0
      vertex 2.6501 9.44586 0
      vertex 2.73067 9.56636 0
    endloop
  endfacet
  facet normal 0 0 -1
    outer loop
      vertex 3.37375 8.91797 0
      vertex 2.51242 9.19783 0
      vertex 2.57687 9.32312 0
    endloop
  endfacet
  facet normal 0 0 -1
    outer loop
      vertex 3.33958 8.78346 0
      vertex 2.461 9.06894 0
      vertex 2.51242 9.19783 0
    endloop
  endfacet
  facet normal 0 0 -1
    outer loop
      vertex 2.40117 6.78719 0
      vertex 2.45526 9.04778 0
      vertex 2.56001 6.83823 0
    endloop
  endfacet
  facet normal 0 0 -1
    outer loop
      vertex 1.91994 9.17628 0
      vertex 2.40117 6.78719 0
      vertex 2.24811 6.72084 0
    endloop
  endfacet
  facet normal 0 0 -1
    outer loop
      vertex 1.91994 9.17628 0
      vertex 2.24811 6.72084 0
      vertex 2.10228 6.6398 0
    endloop
  endfacet
  facet normal 0 0 -1
    outer loop
      vertex 1.00964 9.32047 0
      vertex 2.10228 6.6398 0
      vertex 1.96511 6.54485 0
    endloop
  endfacet
  facet normal 0 0 -1
    outer loop
      vertex 2.40117 6.78719 0
      vertex 1.91994 9.17628 0
      vertex 2.45526 9.04778 0
    endloop
  endfacet
  facet normal 0 -0 -1
    outer loop
      vertex 1.13982 9.74413 0
      vertex 1.92706 9.61945 0
      vertex 1.08669 9.61145 0
    endloop
  endfacet
  facet normal 0 0 -1
    outer loop
      vertex 2.10228 6.6398 0
      vertex 1.00964 9.32047 0
      vertex 1.91994 9.17628 0
    endloop
  endfacet
  facet normal 0 -0 -1
    outer loop
      vertex 1.01201 9.34227 0
      vertex 1.91994 9.17628 0
      vertex 1.00964 9.32047 0
    endloop
  endfacet
  facet normal 0 0 -1
    outer loop
      vertex 1.00964 9.32047 0
      vertex 1.96511 6.54485 0
      vertex 1.83789 6.43692 0
    endloop
  endfacet
  facet normal 0 -0 -1
    outer loop
      vertex 1.08669 9.61145 0
      vertex 1.91994 9.17628 0
      vertex 1.04263 9.47763 0
    endloop
  endfacet
  facet normal 0 0 -1
    outer loop
      vertex 1.92706 9.61945 0
      vertex 1.13982 9.74413 0
      vertex 1.90999 9.76338 0
    endloop
  endfacet
  facet normal 0 0 -1
    outer loop
      vertex 1.00964 9.32047 0
      vertex 1.83789 6.43692 0
      vertex 1.72187 6.31704 0
    endloop
  endfacet
  facet normal 0 0 -1
    outer loop
      vertex 1.00964 9.32047 0
      vertex 1.72187 6.31704 0
      vertex 1.61816 6.18636 0
    endloop
  endfacet
  facet normal 0 0 -1
    outer loop
      vertex 1.00964 9.32047 0
      vertex 1.61816 6.18636 0
      vertex 1.52776 6.04615 0
    endloop
  endfacet
  facet normal 0 -0 -1
    outer loop
      vertex 1.20053 9.87575 0
      vertex 1.90999 9.76338 0
      vertex 1.13982 9.74413 0
    endloop
  endfacet
  facet normal 0 0 -1
    outer loop
      vertex 1.00964 9.32047 0
      vertex 1.52776 6.04615 0
      vertex 1.45153 5.89775 0
    endloop
  endfacet
  facet normal 0 -0 -1
    outer loop
      vertex 1.26804 10.0063 0
      vertex 1.88614 9.90842 0
      vertex 1.20053 9.87575 0
    endloop
  endfacet
  facet normal 0 0 -1
    outer loop
      vertex 1.00964 9.32047 0
      vertex 1.45153 5.89775 0
      vertex 1.39022 5.7426 0
    endloop
  endfacet
  facet normal 0 0 -1
    outer loop
      vertex 1.00964 9.32047 0
      vertex 1.39022 5.7426 0
      vertex 1.34441 5.58218 0
    endloop
  endfacet
  facet normal -0 0 -1
    outer loop
      vertex 1.77838 10.3483 0
      vertex 1.42133 10.2642 0
      vertex 1.50644 10.3914 0
    endloop
  endfacet
  facet normal 0 0 -1
    outer loop
      vertex 1.00964 9.32047 0
      vertex 1.34441 5.58218 0
      vertex 1.31454 5.41805 0
    endloop
  endfacet
  facet normal 0 0 -1
    outer loop
      vertex 1.00964 9.32047 0
      vertex 1.31454 5.41805 0
      vertex 1.30091 5.25177 0
    endloop
  endfacet
  facet normal 0 0 -1
    outer loop
      vertex 1.82002 10.201 0
      vertex 1.42133 10.2642 0
      vertex 1.77838 10.3483 0
    endloop
  endfacet
  facet normal 0 0 -1
    outer loop
      vertex 1.30091 -5.25177 0
      vertex 0.78 -0.583051 0
      vertex 1.30091 5.25177 0
    endloop
  endfacet
  facet normal -0 0 -1
    outer loop
      vertex 1.90999 -9.76338 0
      vertex 1.20053 -9.87575 0
      vertex 1.13982 -9.74413 0
    endloop
  endfacet
  facet normal 0 0 -1
    outer loop
      vertex 0.78 0.583051 0
      vertex 1.30091 5.25177 0
      vertex 0.78 -0.583051 0
    endloop
  endfacet
  facet normal -0 0 -1
    outer loop
      vertex 1.93713 -9.33595 0
      vertex 1.04263 -9.47763 0
      vertex 1.92444 -9.19775 0
    endloop
  endfacet
  facet normal 0 -0 -1
    outer loop
      vertex 1.42133 10.2642 0
      vertex 1.82002 10.201 0
      vertex 1.34175 10.1358 0
    endloop
  endfacet
  facet normal 0 0 -1
    outer loop
      vertex 1.01201 -9.34227 0
      vertex 1.92444 -9.19775 0
      vertex 1.04263 -9.47763 0
    endloop
  endfacet
  facet normal 0 0 -1
    outer loop
      vertex 1.85603 10.0544 0
      vertex 1.34175 10.1358 0
      vertex 1.82002 10.201 0
    endloop
  endfacet
  facet normal -0 0 -1
    outer loop
      vertex 1.92444 -9.19775 0
      vertex 1.01201 -9.34227 0
      vertex 1.91994 -9.17628 0
    endloop
  endfacet
  facet normal 0 -0 -1
    outer loop
      vertex 1.34175 10.1358 0
      vertex 1.85603 10.0544 0
      vertex 1.26804 10.0063 0
    endloop
  endfacet
  facet normal 0 0 -1
    outer loop
      vertex 1.91994 -9.17628 0
      vertex 1.01201 -9.34227 0
      vertex 1.00964 -9.32047 0
    endloop
  endfacet
  facet normal 0 0 -1
    outer loop
      vertex 1.88614 9.90842 0
      vertex 1.26804 10.0063 0
      vertex 1.85603 10.0544 0
    endloop
  endfacet
  facet normal -0 0 -1
    outer loop
      vertex 1.31454 -5.41805 0
      vertex 0.460815 -9.36366 0
      vertex 1.30091 -5.25177 0
    endloop
  endfacet
  facet normal 0 0 -1
    outer loop
      vertex 1.90999 9.76338 0
      vertex 1.20053 9.87575 0
      vertex 1.88614 9.90842 0
    endloop
  endfacet
  facet normal 0 0 -1
    outer loop
      vertex 1.91994 9.17628 0
      vertex 1.01201 9.34227 0
      vertex 1.04263 9.47763 0
    endloop
  endfacet
  facet normal 0 0 -1
    outer loop
      vertex 1.30091 -5.25177 0
      vertex 0.753685 -0.618533 0
      vertex 0.78 -0.583051 0
    endloop
  endfacet
  facet normal 0 0 -1
    outer loop
      vertex 1.30091 -5.25177 0
      vertex 0.689428 -0.689428 0
      vertex 0.753685 -0.618533 0
    endloop
  endfacet
  facet normal 0 0 -1
    outer loop
      vertex 1.30091 -5.25177 0
      vertex 0.618533 -0.753685 0
      vertex 0.689428 -0.689428 0
    endloop
  endfacet
  facet normal 0 0 -1
    outer loop
      vertex 1.30091 -5.25177 0
      vertex 0.54168 -0.810682 0
      vertex 0.618533 -0.753685 0
    endloop
  endfacet
  facet normal -0 0 -1
    outer loop
      vertex 1.30091 -5.25177 0
      vertex 0.460815 -9.36366 0
      vertex 0.459611 -0.859873 0
    endloop
  endfacet
  facet normal 0 0 -1
    outer loop
      vertex 1.30091 -5.25177 0
      vertex 0.459611 -0.859873 0
      vertex 0.54168 -0.810682 0
    endloop
  endfacet
  facet normal 0 0 -1
    outer loop
      vertex -0.461899 9.38556 0
      vertex 0.461899 9.38556 0
      vertex 0.460815 9.36366 0
    endloop
  endfacet
  facet normal 0 0 -1
    outer loop
      vertex -1.34441 5.58218 0
      vertex 1.30091 5.25177 0
      vertex -1.31454 5.41805 0
    endloop
  endfacet
  facet normal 0 0 -1
    outer loop
      vertex -1.39022 5.7426 0
      vertex 1.30091 5.25177 0
      vertex -1.34441 5.58218 0
    endloop
  endfacet
  facet normal 0 0 -1
    outer loop
      vertex -1.45153 5.89775 0
      vertex 1.30091 5.25177 0
      vertex -1.39022 5.7426 0
    endloop
  endfacet
  facet normal 0 0 -1
    outer loop
      vertex 0.283027 0.933017 0
      vertex 1.30091 5.25177 0
      vertex 0.373116 0.900782 0
    endloop
  endfacet
  facet normal 0 0 -1
    outer loop
      vertex -1.52776 6.04615 0
      vertex 1.30091 5.25177 0
      vertex -1.45153 5.89775 0
    endloop
  endfacet
  facet normal 0 -0 -1
    outer loop
      vertex 0.460815 9.36366 0
      vertex 1.30091 5.25177 0
      vertex -1.52776 6.04615 0
    endloop
  endfacet
  facet normal 0 0 -1
    outer loop
      vertex 0.190212 0.956265 0
      vertex 1.30091 5.25177 0
      vertex 0.283027 0.933017 0
    endloop
  endfacet
  facet normal 0 0 -1
    outer loop
      vertex 1.30091 5.25177 0
      vertex 0.460815 9.36366 0
      vertex 1.00964 9.32047 0
    endloop
  endfacet
  facet normal 0 0 -1
    outer loop
      vertex -1.61816 6.18636 0
      vertex 0.460815 9.36366 0
      vertex -1.52776 6.04615 0
    endloop
  endfacet
  facet normal 0 0 -1
    outer loop
      vertex 0.0955658 0.970304 0
      vertex 1.30091 5.25177 0
      vertex 0.190212 0.956265 0
    endloop
  endfacet
  facet normal 0 0 -1
    outer loop
      vertex 0.461899 9.38556 0
      vertex -0.461899 9.38556 0
      vertex 0.45282 9.52405 0
    endloop
  endfacet
  facet normal 0 0 -1
    outer loop
      vertex 0 0.974999 0
      vertex 1.30091 5.25177 0
      vertex 0.0955658 0.970304 0
    endloop
  endfacet
  facet normal -0 0 -1
    outer loop
      vertex 1.30091 5.25177 0
      vertex 0 0.974999 0
      vertex -1.30091 5.25177 0
    endloop
  endfacet
  facet normal 0 0 -1
    outer loop
      vertex -1.30091 5.25177 0
      vertex 0 0.974999 0
      vertex -0.0955658 0.970304 0
    endloop
  endfacet
  facet normal 0 -0 -1
    outer loop
      vertex -0.359146 9.94197 0
      vertex 0.359146 9.94197 0
      vertex -0.398529 9.80247 0
    endloop
  endfacet
  facet normal 0 0 -1
    outer loop
      vertex -1.30091 5.25177 0
      vertex -0.0955658 0.970304 0
      vertex -0.190212 0.956265 0
    endloop
  endfacet
  facet normal 0 -0 -1
    outer loop
      vertex -0.312897 10.0815 0
      vertex 0.312897 10.0815 0
      vertex -0.359146 9.94197 0
    endloop
  endfacet
  facet normal -0 0 -1
    outer loop
      vertex 0.13765 10.4991 0
      vertex -0.201828 10.3601 0
      vertex -0.13765 10.4991 0
    endloop
  endfacet
  facet normal 0 0 -1
    outer loop
      vertex -1.30091 5.25177 0
      vertex -0.190212 0.956265 0
      vertex -0.283027 0.933017 0
    endloop
  endfacet
  facet normal 0 0 -1
    outer loop
      vertex 0.201828 10.3601 0
      vertex -0.201828 10.3601 0
      vertex 0.13765 10.4991 0
    endloop
  endfacet
  facet normal 0 -0 -1
    outer loop
      vertex -0.201828 10.3601 0
      vertex 0.201828 10.3601 0
      vertex -0.26033 10.2209 0
    endloop
  endfacet
  facet normal 0 0 -1
    outer loop
      vertex -1.30091 5.25177 0
      vertex -0.283027 0.933017 0
      vertex -0.373116 0.900782 0
    endloop
  endfacet
  facet normal 0 0 -1
    outer loop
      vertex 0.26033 10.2209 0
      vertex -0.26033 10.2209 0
      vertex 0.201828 10.3601 0
    endloop
  endfacet
  facet normal 0 -0 -1
    outer loop
      vertex -0.26033 10.2209 0
      vertex 0.26033 10.2209 0
      vertex -0.312897 10.0815 0
    endloop
  endfacet
  facet normal 0 0 -1
    outer loop
      vertex 0.312897 10.0815 0
      vertex -0.312897 10.0815 0
      vertex 0.26033 10.2209 0
    endloop
  endfacet
  facet normal 0 0 -1
    outer loop
      vertex -1.30091 5.25177 0
      vertex -0.373116 0.900782 0
      vertex -0.459611 0.859873 0
    endloop
  endfacet
  facet normal 0 0 -1
    outer loop
      vertex 0.359146 9.94197 0
      vertex -0.359146 9.94197 0
      vertex 0.312897 10.0815 0
    endloop
  endfacet
  facet normal 0 0 -1
    outer loop
      vertex 0.430252 9.66312 0
      vertex -0.430252 9.66312 0
      vertex 0.398529 9.80247 0
    endloop
  endfacet
  facet normal 0 0 -1
    outer loop
      vertex -9.36366 0.460815 0
      vertex -7.7 0 0
      vertex -9.36366 -0.460815 0
    endloop
  endfacet
  facet normal 0 0 -1
    outer loop
      vertex -7.7 0 0
      vertex -9.36366 0.460815 0
      vertex -9.32047 1.00964 0
    endloop
  endfacet
  facet normal 0 0 -1
    outer loop
      vertex -9.38556 -0.461899 0
      vertex -9.36366 0.460815 0
      vertex -9.36366 -0.460815 0
    endloop
  endfacet
  facet normal 0 0 -1
    outer loop
      vertex -9.38556 -0.461899 0
      vertex -9.38556 0.461899 0
      vertex -9.36366 0.460815 0
    endloop
  endfacet
  facet normal 0 0 -1
    outer loop
      vertex -9.52405 -0.45282 0
      vertex -9.38556 0.461899 0
      vertex -9.38556 -0.461899 0
    endloop
  endfacet
  facet normal 0 0 -1
    outer loop
      vertex -9.52405 -0.45282 0
      vertex -9.52405 0.45282 0
      vertex -9.38556 0.461899 0
    endloop
  endfacet
  facet normal 0 0 -1
    outer loop
      vertex -9.66312 -0.430252 0
      vertex -9.52405 0.45282 0
      vertex -9.52405 -0.45282 0
    endloop
  endfacet
  facet normal 0 0 -1
    outer loop
      vertex -9.66312 -0.430252 0
      vertex -9.66312 0.430252 0
      vertex -9.52405 0.45282 0
    endloop
  endfacet
  facet normal 0 0 -1
    outer loop
      vertex -9.80247 -0.398529 0
      vertex -9.66312 0.430252 0
      vertex -9.66312 -0.430252 0
    endloop
  endfacet
  facet normal 0 0 -1
    outer loop
      vertex -9.80247 -0.398529 0
      vertex -9.80247 0.398529 0
      vertex -9.66312 0.430252 0
    endloop
  endfacet
  facet normal 0 0 -1
    outer loop
      vertex -9.94197 -0.359146 0
      vertex -9.80247 0.398529 0
      vertex -9.80247 -0.398529 0
    endloop
  endfacet
  facet normal 0 0 -1
    outer loop
      vertex -9.94197 -0.359146 0
      vertex -9.94197 0.359146 0
      vertex -9.80247 0.398529 0
    endloop
  endfacet
  facet normal 0 0 -1
    outer loop
      vertex -10.0815 -0.312897 0
      vertex -9.94197 0.359146 0
      vertex -9.94197 -0.359146 0
    endloop
  endfacet
  facet normal 0 0 -1
    outer loop
      vertex -10.0815 -0.312897 0
      vertex -10.0815 0.312897 0
      vertex -9.94197 0.359146 0
    endloop
  endfacet
  facet normal 0 0 -1
    outer loop
      vertex -10.2209 -0.26033 0
      vertex -10.0815 0.312897 0
      vertex -10.0815 -0.312897 0
    endloop
  endfacet
  facet normal 0 0 -1
    outer loop
      vertex -10.2209 -0.26033 0
      vertex -10.2209 0.26033 0
      vertex -10.0815 0.312897 0
    endloop
  endfacet
  facet normal 0 0 -1
    outer loop
      vertex -10.3601 -0.201828 0
      vertex -10.2209 0.26033 0
      vertex -10.2209 -0.26033 0
    endloop
  endfacet
  facet normal 0 0 -1
    outer loop
      vertex -10.3601 -0.201828 0
      vertex -10.3601 0.201828 0
      vertex -10.2209 0.26033 0
    endloop
  endfacet
  facet normal 0 0 -1
    outer loop
      vertex -10.4991 -0.13765 0
      vertex -10.3601 0.201828 0
      vertex -10.3601 -0.201828 0
    endloop
  endfacet
  facet normal 0 0 -1
    outer loop
      vertex -10.3601 0.201828 0
      vertex -10.4991 -0.13765 0
      vertex -10.4991 0.13765 0
    endloop
  endfacet
  facet normal -0 0 -1
    outer loop
      vertex -7.66733 -0.331653 0
      vertex -9.36366 -0.460815 0
      vertex -7.69181 -0.166629 0
    endloop
  endfacet
  facet normal 0 0 -1
    outer loop
      vertex -7.7 0 0
      vertex -9.17628 1.91994 0
      vertex -9.04778 2.45526 0
    endloop
  endfacet
  facet normal 0 0 -1
    outer loop
      vertex -9.32047 -1.00964 0
      vertex -9.17628 -1.91994 0
      vertex -9.19775 -1.92444 0
    endloop
  endfacet
  facet normal -0 0 -1
    outer loop
      vertex -7.69181 -0.166629 0
      vertex -9.36366 -0.460815 0
      vertex -7.7 0 0
    endloop
  endfacet
  facet normal 0 0 -1
    outer loop
      vertex -7.7 0 0
      vertex -9.32047 1.00964 0
      vertex -9.17628 1.91994 0
    endloop
  endfacet
  facet normal 0 0 -1
    outer loop
      vertex -9.34227 -1.01201 0
      vertex -9.19775 -1.92444 0
      vertex -9.33595 -1.93713 0
    endloop
  endfacet
  facet normal 0 0 -1
    outer loop
      vertex -9.19775 -1.92444 0
      vertex -9.34227 -1.01201 0
      vertex -9.32047 -1.00964 0
    endloop
  endfacet
  facet normal 0 0 -1
    outer loop
      vertex -9.47763 -1.04263 0
      vertex -9.33595 -1.93713 0
      vertex -9.47684 -1.9366 0
    endloop
  endfacet
  facet normal 0 0 -1
    outer loop
      vertex -9.33595 -1.93713 0
      vertex -9.47763 -1.04263 0
      vertex -9.34227 -1.01201 0
    endloop
  endfacet
  facet normal 0 0 -1
    outer loop
      vertex -9.47684 -1.9366 0
      vertex -9.61145 -1.08669 0
      vertex -9.47763 -1.04263 0
    endloop
  endfacet
  facet normal 0 0 -1
    outer loop
      vertex -9.61945 -1.92706 0
      vertex -9.61145 -1.08669 0
      vertex -9.47684 -1.9366 0
    endloop
  endfacet
  facet normal 0 0 -1
    outer loop
      vertex -9.61945 -1.92706 0
      vertex -9.74413 -1.13982 0
      vertex -9.61145 -1.08669 0
    endloop
  endfacet
  facet normal 0 0 -1
    outer loop
      vertex -9.76338 -1.90999 0
      vertex -9.74413 -1.13982 0
      vertex -9.61945 -1.92706 0
    endloop
  endfacet
  facet normal 0 0 -1
    outer loop
      vertex -9.76338 -1.90999 0
      vertex -9.87575 -1.20053 0
      vertex -9.74413 -1.13982 0
    endloop
  endfacet
  facet normal 0 0 -1
    outer loop
      vertex -9.90842 -1.88614 0
      vertex -9.87575 -1.20053 0
      vertex -9.76338 -1.90999 0
    endloop
  endfacet
  facet normal 0 0 -1
    outer loop
      vertex -9.90842 -1.88614 0
      vertex -10.0063 -1.26804 0
      vertex -9.87575 -1.20053 0
    endloop
  endfacet
  facet normal 0 0 -1
    outer loop
      vertex -10.0544 -1.85603 0
      vertex -10.0063 -1.26804 0
      vertex -9.90842 -1.88614 0
    endloop
  endfacet
  facet normal 0 0 -1
    outer loop
      vertex -10.0544 -1.85603 0
      vertex -10.1358 -1.34175 0
      vertex -10.0063 -1.26804 0
    endloop
  endfacet
  facet normal 0 0 -1
    outer loop
      vertex -10.201 -1.82002 0
      vertex -10.1358 -1.34175 0
      vertex -10.0544 -1.85603 0
    endloop
  endfacet
  facet normal 0 0 -1
    outer loop
      vertex -10.201 -1.82002 0
      vertex -10.2642 -1.42133 0
      vertex -10.1358 -1.34175 0
    endloop
  endfacet
  facet normal 0 0 -1
    outer loop
      vertex -10.3483 -1.77838 0
      vertex -10.2642 -1.42133 0
      vertex -10.201 -1.82002 0
    endloop
  endfacet
  facet normal 0 0 -1
    outer loop
      vertex -10.2642 -1.42133 0
      vertex -10.3483 -1.77838 0
      vertex -10.3914 -1.50644 0
    endloop
  endfacet
  facet normal 0 0 -1
    outer loop
      vertex -9.36366 -0.460815 0
      vertex -7.6268 -0.493484 0
      vertex -9.32047 -1.00964 0
    endloop
  endfacet
  facet normal 0 0 -1
    outer loop
      vertex -7.7 0 0
      vertex -8.76297 3.33179 0
      vertex -8.55229 3.84041 0
    endloop
  endfacet
  facet normal 0 0 -1
    outer loop
      vertex -9.04778 -2.45526 0
      vertex -8.76297 -3.33179 0
      vertex -8.78346 -3.33958 0
    endloop
  endfacet
  facet normal 0 0 -1
    outer loop
      vertex -7.6268 -0.493484 0
      vertex -9.36366 -0.460815 0
      vertex -7.66733 -0.331653 0
    endloop
  endfacet
  facet normal 0 0 -1
    outer loop
      vertex -9.06894 -2.461 0
      vertex -8.78346 -3.33958 0
      vertex -8.91797 -3.37375 0
    endloop
  endfacet
  facet normal 0 0 -1
    outer loop
      vertex -7.7 0 0
      vertex -9.04778 2.45526 0
      vertex -8.76297 3.33179 0
    endloop
  endfacet
  facet normal -0 0 -1
    outer loop
      vertex -8.76297 3.33179 0
      vertex -9.04778 2.45526 0
      vertex -8.78346 3.33958 0
    endloop
  endfacet
  facet normal 0 0 -1
    outer loop
      vertex -9.19783 -2.51242 0
      vertex -8.91797 -3.37375 0
      vertex -9.05721 -3.39525 0
    endloop
  endfacet
  facet normal 0 0 -1
    outer loop
      vertex -8.78346 -3.33958 0
      vertex -9.06894 -2.461 0
      vertex -9.04778 -2.45526 0
    endloop
  endfacet
  facet normal 0 0 -1
    outer loop
      vertex -8.91797 -3.37375 0
      vertex -9.19783 -2.51242 0
      vertex -9.06894 -2.461 0
    endloop
  endfacet
  facet normal 0 0 -1
    outer loop
      vertex -9.32312 -2.57687 0
      vertex -9.05721 -3.39525 0
      vertex -9.19955 -3.40816 0
    endloop
  endfacet
  facet normal 0 0 -1
    outer loop
      vertex -9.05721 -3.39525 0
      vertex -9.32312 -2.57687 0
      vertex -9.19783 -2.51242 0
    endloop
  endfacet
  facet normal 0 0 -1
    outer loop
      vertex -9.44586 -2.6501 0
      vertex -9.19955 -3.40816 0
      vertex -9.34439 -3.4138 0
    endloop
  endfacet
  facet normal 0 0 -1
    outer loop
      vertex -9.19955 -3.40816 0
      vertex -9.44586 -2.6501 0
      vertex -9.32312 -2.57687 0
    endloop
  endfacet
  facet normal 0 0 -1
    outer loop
      vertex -9.56636 -2.73067 0
      vertex -9.34439 -3.4138 0
      vertex -9.49136 -3.41293 0
    endloop
  endfacet
  facet normal 0 0 -1
    outer loop
      vertex -9.34439 -3.4138 0
      vertex -9.56636 -2.73067 0
      vertex -9.44586 -2.6501 0
    endloop
  endfacet
  facet normal 0 0 -1
    outer loop
      vertex -9.68475 -2.81775 0
      vertex -9.49136 -3.41293 0
      vertex -9.64021 -3.40604 0
    endloop
  endfacet
  facet normal 0 0 -1
    outer loop
      vertex -9.49136 -3.41293 0
      vertex -9.68475 -2.81775 0
      vertex -9.56636 -2.73067 0
    endloop
  endfacet
  facet normal 0 0 -1
    outer loop
      vertex -9.80112 -2.91083 0
      vertex -9.64021 -3.40604 0
      vertex -9.79071 -3.39342 0
    endloop
  endfacet
  facet normal 0 0 -1
    outer loop
      vertex -9.64021 -3.40604 0
      vertex -9.80112 -2.91083 0
      vertex -9.68475 -2.81775 0
    endloop
  endfacet
  facet normal 0 0 -1
    outer loop
      vertex -9.79071 -3.39342 0
      vertex -9.91545 -3.00949 0
      vertex -9.80112 -2.91083 0
    endloop
  endfacet
  facet normal 0 0 -1
    outer loop
      vertex -9.94269 -3.37532 0
      vertex -9.91545 -3.00949 0
      vertex -9.79071 -3.39342 0
    endloop
  endfacet
  facet normal 0 0 -1
    outer loop
      vertex -9.91545 -3.00949 0
      vertex -9.94269 -3.37532 0
      vertex -10.0278 -3.11346 0
    endloop
  endfacet
  facet normal -0 0 -1
    outer loop
      vertex -7.49927 -0.801374 0
      vertex -9.32047 -1.00964 0
      vertex -7.57059 -0.650561 0
    endloop
  endfacet
  facet normal 0 0 -1
    outer loop
      vertex -7.7 0 0
      vertex -8.13387 4.66161 0
      vertex -7.84622 5.131 0
    endloop
  endfacet
  facet normal 0 0 -1
    outer loop
      vertex -8.55229 -3.84041 0
      vertex -8.13387 -4.66161 0
      vertex -8.15289 -4.6725 0
    endloop
  endfacet
  facet normal -0 0 -1
    outer loop
      vertex -7.57059 -0.650561 0
      vertex -9.32047 -1.00964 0
      vertex -7.6268 -0.493484 0
    endloop
  endfacet
  facet normal 0 0 -1
    outer loop
      vertex -8.5723 -3.8494 0
      vertex -8.15289 -4.6725 0
      vertex -8.28041 -4.72729 0
    endloop
  endfacet
  facet normal 0 0 -1
    outer loop
      vertex -7.7 0 0
      vertex -8.55229 3.84041 0
      vertex -8.13387 4.66161 0
    endloop
  endfacet
  facet normal 0 0 -1
    outer loop
      vertex -8.69156 -3.92035 0
      vertex -8.28041 -4.72729 0
      vertex -8.41457 -4.77031 0
    endloop
  endfacet
  facet normal -0 0 -1
    outer loop
      vertex -8.13387 4.66161 0
      vertex -8.55229 3.84041 0
      vertex -8.15289 4.6725 0
    endloop
  endfacet
  facet normal 0 0 -1
    outer loop
      vertex -8.5723 3.8494 0
      vertex -8.15289 4.6725 0
      vertex -8.55229 3.84041 0
    endloop
  endfacet
  facet normal 0 0 -1
    outer loop
      vertex -8.80522 -4.0036 0
      vertex -8.41457 -4.77031 0
      vertex -8.55313 -4.80533 0
    endloop
  endfacet
  facet normal 0 0 -1
    outer loop
      vertex -8.15289 -4.6725 0
      vertex -8.5723 -3.8494 0
      vertex -8.55229 -3.84041 0
    endloop
  endfacet
  facet normal 0 0 -1
    outer loop
      vertex -8.28041 -4.72729 0
      vertex -8.69156 -3.92035 0
      vertex -8.5723 -3.8494 0
    endloop
  endfacet
  facet normal 0 0 -1
    outer loop
      vertex -8.91499 -4.09512 0
      vertex -8.55313 -4.80533 0
      vertex -8.69531 -4.83356 0
    endloop
  endfacet
  facet normal 0 0 -1
    outer loop
      vertex -8.41457 -4.77031 0
      vertex -8.80522 -4.0036 0
      vertex -8.69156 -3.92035 0
    endloop
  endfacet
  facet normal 0 0 -1
    outer loop
      vertex -9.02141 -4.19356 0
      vertex -8.69531 -4.83356 0
      vertex -8.84061 -4.8557 0
    endloop
  endfacet
  facet normal 0 0 -1
    outer loop
      vertex -8.55313 -4.80533 0
      vertex -8.91499 -4.09512 0
      vertex -8.80522 -4.0036 0
    endloop
  endfacet
  facet normal 0 0 -1
    outer loop
      vertex -9.12473 -4.2981 0
      vertex -8.84061 -4.8557 0
      vertex -8.98871 -4.87216 0
    endloop
  endfacet
  facet normal 0 0 -1
    outer loop
      vertex -8.69531 -4.83356 0
      vertex -9.02141 -4.19356 0
      vertex -8.91499 -4.09512 0
    endloop
  endfacet
  facet normal 0 0 -1
    outer loop
      vertex -8.84061 -4.8557 0
      vertex -9.12473 -4.2981 0
      vertex -9.02141 -4.19356 0
    endloop
  endfacet
  facet normal 0 0 -1
    outer loop
      vertex -9.22508 -4.40822 0
      vertex -8.98871 -4.87216 0
      vertex -9.13933 -4.88324 0
    endloop
  endfacet
  facet normal 0 0 -1
    outer loop
      vertex -8.98871 -4.87216 0
      vertex -9.22508 -4.40822 0
      vertex -9.12473 -4.2981 0
    endloop
  endfacet
  facet normal 0 0 -1
    outer loop
      vertex -9.32259 -4.52356 0
      vertex -9.13933 -4.88324 0
      vertex -9.29227 -4.88914 0
    endloop
  endfacet
  facet normal 0 0 -1
    outer loop
      vertex -9.13933 -4.88324 0
      vertex -9.32259 -4.52356 0
      vertex -9.22508 -4.40822 0
    endloop
  endfacet
  facet normal 0 -0 -1
    outer loop
      vertex -9.32259 -4.52356 0
      vertex -9.29227 -4.88914 0
      vertex -9.41725 -4.64383 0
    endloop
  endfacet
  facet normal -0 0 -1
    outer loop
      vertex -7.43895 5.96443 0
      vertex -7.97127 5.23175 0
      vertex -7.56473 6.02791 0
    endloop
  endfacet
  facet normal 0 0 -1
    outer loop
      vertex -8.07051 5.33176 0
      vertex -7.56473 6.02791 0
      vertex -7.97127 5.23175 0
    endloop
  endfacet
  facet normal -0 0 -1
    outer loop
      vertex -7.56473 6.02791 0
      vertex -8.07051 5.33176 0
      vertex -7.69611 6.08417 0
    endloop
  endfacet
  facet normal 0 0 -1
    outer loop
      vertex -8.16461 5.43933 0
      vertex -7.69611 6.08417 0
      vertex -8.07051 5.33176 0
    endloop
  endfacet
  facet normal -0 0 -1
    outer loop
      vertex -7.69611 6.08417 0
      vertex -8.16461 5.43933 0
      vertex -7.83212 6.13429 0
    endloop
  endfacet
  facet normal 0 0 -1
    outer loop
      vertex -8.25432 5.55319 0
      vertex -7.83212 6.13429 0
      vertex -8.16461 5.43933 0
    endloop
  endfacet
  facet normal -0 0 -1
    outer loop
      vertex -7.83212 6.13429 0
      vertex -8.25432 5.55319 0
      vertex -7.97217 6.17889 0
    endloop
  endfacet
  facet normal 0 0 -1
    outer loop
      vertex -8.34001 5.67259 0
      vertex -7.97217 6.17889 0
      vertex -8.25432 5.55319 0
    endloop
  endfacet
  facet normal -0 0 -1
    outer loop
      vertex -7.97217 6.17889 0
      vertex -8.34001 5.67259 0
      vertex -8.11586 6.21832 0
    endloop
  endfacet
  facet normal 0 0 -1
    outer loop
      vertex -8.42192 5.79707 0
      vertex -8.11586 6.21832 0
      vertex -8.34001 5.67259 0
    endloop
  endfacet
  facet normal -0 0 -1
    outer loop
      vertex -8.11586 6.21832 0
      vertex -8.42192 5.79707 0
      vertex -8.26289 6.25282 0
    endloop
  endfacet
  facet normal 0 0 -1
    outer loop
      vertex -8.50017 5.92625 0
      vertex -8.26289 6.25282 0
      vertex -8.42192 5.79707 0
    endloop
  endfacet
  facet normal -0 0 -1
    outer loop
      vertex -8.26289 6.25282 0
      vertex -8.50017 5.92625 0
      vertex -8.41302 6.28258 0
    endloop
  endfacet
  facet normal 0 0 -1
    outer loop
      vertex -8.41302 6.28258 0
      vertex -8.50017 5.92625 0
      vertex -8.57486 6.05983 0
    endloop
  endfacet
  facet normal -0 0 -1
    outer loop
      vertex -8.15289 4.6725 0
      vertex -8.5723 3.8494 0
      vertex -8.28041 4.72729 0
    endloop
  endfacet
  facet normal 0 0 -1
    outer loop
      vertex -8.69156 3.92035 0
      vertex -8.28041 4.72729 0
      vertex -8.5723 3.8494 0
    endloop
  endfacet
  facet normal -0 0 -1
    outer loop
      vertex -8.28041 4.72729 0
      vertex -8.69156 3.92035 0
      vertex -8.41457 4.77031 0
    endloop
  endfacet
  facet normal 0 0 -1
    outer loop
      vertex -8.80522 4.0036 0
      vertex -8.41457 4.77031 0
      vertex -8.69156 3.92035 0
    endloop
  endfacet
  facet normal -0 0 -1
    outer loop
      vertex -8.41457 4.77031 0
      vertex -8.80522 4.0036 0
      vertex -8.55313 4.80533 0
    endloop
  endfacet
  facet normal 0 0 -1
    outer loop
      vertex -8.91499 4.09512 0
      vertex -8.55313 4.80533 0
      vertex -8.80522 4.0036 0
    endloop
  endfacet
  facet normal -0 0 -1
    outer loop
      vertex -8.55313 4.80533 0
      vertex -8.91499 4.09512 0
      vertex -8.69531 4.83356 0
    endloop
  endfacet
  facet normal 0 0 -1
    outer loop
      vertex -9.02141 4.19356 0
      vertex -8.69531 4.83356 0
      vertex -8.91499 4.09512 0
    endloop
  endfacet
  facet normal -0 0 -1
    outer loop
      vertex -8.69531 4.83356 0
      vertex -9.02141 4.19356 0
      vertex -8.84061 4.8557 0
    endloop
  endfacet
  facet normal 0 0 -1
    outer loop
      vertex -9.12473 4.2981 0
      vertex -8.84061 4.8557 0
      vertex -9.02141 4.19356 0
    endloop
  endfacet
  facet normal -0 0 -1
    outer loop
      vertex -8.84061 4.8557 0
      vertex -9.12473 4.2981 0
      vertex -8.98871 4.87216 0
    endloop
  endfacet
  facet normal 0 0 -1
    outer loop
      vertex -9.22508 4.40822 0
      vertex -8.98871 4.87216 0
      vertex -9.12473 4.2981 0
    endloop
  endfacet
  facet normal -0 0 -1
    outer loop
      vertex -8.98871 4.87216 0
      vertex -9.22508 4.40822 0
      vertex -9.13933 4.88324 0
    endloop
  endfacet
  facet normal 0 0 -1
    outer loop
      vertex -9.32259 4.52356 0
      vertex -9.13933 4.88324 0
      vertex -9.22508 4.40822 0
    endloop
  endfacet
  facet normal -0 0 -1
    outer loop
      vertex -9.13933 4.88324 0
      vertex -9.32259 4.52356 0
      vertex -9.29227 4.88914 0
    endloop
  endfacet
  facet normal 0 0 -1
    outer loop
      vertex -9.29227 4.88914 0
      vertex -9.32259 4.52356 0
      vertex -9.41725 4.64383 0
    endloop
  endfacet
  facet normal 0 0 -1
    outer loop
      vertex -9.06894 2.461 0
      vertex -8.78346 3.33958 0
      vertex -9.04778 2.45526 0
    endloop
  endfacet
  facet normal -0 0 -1
    outer loop
      vertex -8.78346 3.33958 0
      vertex -9.06894 2.461 0
      vertex -8.91797 3.37375 0
    endloop
  endfacet
  facet normal 0 0 -1
    outer loop
      vertex -9.19783 2.51242 0
      vertex -8.91797 3.37375 0
      vertex -9.06894 2.461 0
    endloop
  endfacet
  facet normal -0 0 -1
    outer loop
      vertex -8.91797 3.37375 0
      vertex -9.19783 2.51242 0
      vertex -9.05721 3.39525 0
    endloop
  endfacet
  facet normal 0 0 -1
    outer loop
      vertex -9.32312 2.57687 0
      vertex -9.05721 3.39525 0
      vertex -9.19783 2.51242 0
    endloop
  endfacet
  facet normal -0 0 -1
    outer loop
      vertex -9.05721 3.39525 0
      vertex -9.32312 2.57687 0
      vertex -9.19955 3.40816 0
    endloop
  endfacet
  facet normal 0 0 -1
    outer loop
      vertex -9.44586 2.6501 0
      vertex -9.19955 3.40816 0
      vertex -9.32312 2.57687 0
    endloop
  endfacet
  facet normal -0 0 -1
    outer loop
      vertex -9.19955 3.40816 0
      vertex -9.44586 2.6501 0
      vertex -9.34439 3.4138 0
    endloop
  endfacet
  facet normal 0 0 -1
    outer loop
      vertex -9.56636 2.73067 0
      vertex -9.34439 3.4138 0
      vertex -9.44586 2.6501 0
    endloop
  endfacet
  facet normal 0 0 -1
    outer loop
      vertex -9.34439 3.4138 0
      vertex -9.56636 2.73067 0
      vertex -9.49136 3.41293 0
    endloop
  endfacet
  facet normal 0 0 -1
    outer loop
      vertex -9.68475 2.81775 0
      vertex -9.49136 3.41293 0
      vertex -9.56636 2.73067 0
    endloop
  endfacet
  facet normal 0 0 -1
    outer loop
      vertex -9.49136 3.41293 0
      vertex -9.68475 2.81775 0
      vertex -9.64021 3.40604 0
    endloop
  endfacet
  facet normal 0 0 -1
    outer loop
      vertex -9.80112 2.91083 0
      vertex -9.64021 3.40604 0
      vertex -9.68475 2.81775 0
    endloop
  endfacet
  facet normal 0 0 -1
    outer loop
      vertex -9.64021 3.40604 0
      vertex -9.80112 2.91083 0
      vertex -9.79071 3.39342 0
    endloop
  endfacet
  facet normal 0 0 -1
    outer loop
      vertex -9.91545 3.00949 0
      vertex -9.79071 3.39342 0
      vertex -9.80112 2.91083 0
    endloop
  endfacet
  facet normal 0 0 -1
    outer loop
      vertex -9.91545 3.00949 0
      vertex -9.94269 3.37532 0
      vertex -9.79071 3.39342 0
    endloop
  endfacet
  facet normal 0 -0 -1
    outer loop
      vertex -9.94269 3.37532 0
      vertex -9.91545 3.00949 0
      vertex -10.0278 3.11346 0
    endloop
  endfacet
  facet normal -0 0 -1
    outer loop
      vertex -9.17628 1.91994 0
      vertex -9.32047 1.00964 0
      vertex -9.19775 1.92444 0
    endloop
  endfacet
  facet normal 0 0 -1
    outer loop
      vertex -9.34227 1.01201 0
      vertex -9.19775 1.92444 0
      vertex -9.32047 1.00964 0
    endloop
  endfacet
  facet normal -0 0 -1
    outer loop
      vertex -9.19775 1.92444 0
      vertex -9.34227 1.01201 0
      vertex -9.33595 1.93713 0
    endloop
  endfacet
  facet normal 0 0 -1
    outer loop
      vertex -9.47763 1.04263 0
      vertex -9.33595 1.93713 0
      vertex -9.34227 1.01201 0
    endloop
  endfacet
  facet normal 0 0 -1
    outer loop
      vertex -9.33595 1.93713 0
      vertex -9.47763 1.04263 0
      vertex -9.47684 1.9366 0
    endloop
  endfacet
  facet normal 0 0 -1
    outer loop
      vertex -9.61145 1.08669 0
      vertex -9.47684 1.9366 0
      vertex -9.47763 1.04263 0
    endloop
  endfacet
  facet normal 0 0 -1
    outer loop
      vertex -9.61145 1.08669 0
      vertex -9.61945 1.92706 0
      vertex -9.47684 1.9366 0
    endloop
  endfacet
  facet normal 0 0 -1
    outer loop
      vertex -9.74413 1.13982 0
      vertex -9.61945 1.92706 0
      vertex -9.61145 1.08669 0
    endloop
  endfacet
  facet normal 0 0 -1
    outer loop
      vertex -9.74413 1.13982 0
      vertex -9.76338 1.90999 0
      vertex -9.61945 1.92706 0
    endloop
  endfacet
  facet normal 0 0 -1
    outer loop
      vertex -9.87575 1.20053 0
      vertex -9.76338 1.90999 0
      vertex -9.74413 1.13982 0
    endloop
  endfacet
  facet normal 0 0 -1
    outer loop
      vertex -9.87575 1.20053 0
      vertex -9.90842 1.88614 0
      vertex -9.76338 1.90999 0
    endloop
  endfacet
  facet normal 0 0 -1
    outer loop
      vertex -10.0063 1.26804 0
      vertex -9.90842 1.88614 0
      vertex -9.87575 1.20053 0
    endloop
  endfacet
  facet normal 0 0 -1
    outer loop
      vertex -10.0063 1.26804 0
      vertex -10.0544 1.85603 0
      vertex -9.90842 1.88614 0
    endloop
  endfacet
  facet normal 0 0 -1
    outer loop
      vertex -10.1358 1.34175 0
      vertex -10.0544 1.85603 0
      vertex -10.0063 1.26804 0
    endloop
  endfacet
  facet normal 0 0 -1
    outer loop
      vertex -10.1358 1.34175 0
      vertex -10.201 1.82002 0
      vertex -10.0544 1.85603 0
    endloop
  endfacet
  facet normal 0 0 -1
    outer loop
      vertex -10.2642 1.42133 0
      vertex -10.201 1.82002 0
      vertex -10.1358 1.34175 0
    endloop
  endfacet
  facet normal 0 0 -1
    outer loop
      vertex -10.2642 1.42133 0
      vertex -10.3483 1.77838 0
      vertex -10.201 1.82002 0
    endloop
  endfacet
  facet normal 0 -0 -1
    outer loop
      vertex -10.3483 1.77838 0
      vertex -10.2642 1.42133 0
      vertex -10.3914 1.50644 0
    endloop
  endfacet
  facet normal 0 0 -1
    outer loop
      vertex -7.84622 5.131 0
      vertex -6.94447 1.4135 0
      vertex -7.07847 1.31412 0
    endloop
  endfacet
  facet normal 0 0 -1
    outer loop
      vertex -7.84622 5.131 0
      vertex -7.07847 1.31412 0
      vertex -7.20208 1.20208 0
    endloop
  endfacet
  facet normal 0 0 -1
    outer loop
      vertex -6.94447 1.4135 0
      vertex -7.30449 5.87663 0
      vertex -6.94696 6.29526 0
    endloop
  endfacet
  facet normal 0 0 -1
    outer loop
      vertex -7.84622 5.131 0
      vertex -7.20208 1.20208 0
      vertex -7.31412 1.07847 0
    endloop
  endfacet
  facet normal 0 0 -1
    outer loop
      vertex -6.94447 1.4135 0
      vertex -7.84622 5.131 0
      vertex -7.30449 5.87663 0
    endloop
  endfacet
  facet normal 0 0 -1
    outer loop
      vertex -7.84622 5.131 0
      vertex -7.31412 1.07847 0
      vertex -7.4135 0.944468 0
    endloop
  endfacet
  facet normal 0 0 -1
    outer loop
      vertex -7.97127 5.23175 0
      vertex -7.43895 5.96443 0
      vertex -7.86458 5.14301 0
    endloop
  endfacet
  facet normal 0 0 -1
    outer loop
      vertex -7.84622 5.131 0
      vertex -7.4135 0.944468 0
      vertex -7.49927 0.801374 0
    endloop
  endfacet
  facet normal 0 0 -1
    outer loop
      vertex -7.86458 5.14301 0
      vertex -7.32158 5.89038 0
      vertex -7.84622 5.131 0
    endloop
  endfacet
  facet normal 0 0 -1
    outer loop
      vertex -7.84622 5.131 0
      vertex -7.49927 0.801374 0
      vertex -7.57059 0.650561 0
    endloop
  endfacet
  facet normal 0 0 -1
    outer loop
      vertex -7.84622 5.131 0
      vertex -7.57059 0.650561 0
      vertex -7.6268 0.493484 0
    endloop
  endfacet
  facet normal 0 0 -1
    outer loop
      vertex -7.84622 5.131 0
      vertex -7.6268 0.493484 0
      vertex -7.66733 0.331653 0
    endloop
  endfacet
  facet normal 0 0 -1
    outer loop
      vertex -7.84622 5.131 0
      vertex -7.66733 0.331653 0
      vertex -7.69181 0.166629 0
    endloop
  endfacet
  facet normal 0 0 -1
    outer loop
      vertex -7.84622 5.131 0
      vertex -7.32158 5.89038 0
      vertex -7.30449 5.87663 0
    endloop
  endfacet
  facet normal 0 0 -1
    outer loop
      vertex -7.84622 5.131 0
      vertex -7.69181 0.166629 0
      vertex -7.7 0 0
    endloop
  endfacet
  facet normal -0 0 -1
    outer loop
      vertex -7.4135 -0.944468 0
      vertex -9.17628 -1.91994 0
      vertex -7.49927 -0.801374 0
    endloop
  endfacet
  facet normal 0 0 -1
    outer loop
      vertex -9.32047 -1.00964 0
      vertex -7.49927 -0.801374 0
      vertex -9.17628 -1.91994 0
    endloop
  endfacet
  facet normal -0 0 -1
    outer loop
      vertex -7.32158 5.89038 0
      vertex -7.86458 5.14301 0
      vertex -7.43895 5.96443 0
    endloop
  endfacet
  facet normal 0 0 -1
    outer loop
      vertex -7.83212 -6.13429 0
      vertex -7.86458 -5.14301 0
      vertex -7.84622 -5.131 0
    endloop
  endfacet
  facet normal 0 0 -1
    outer loop
      vertex -7.83212 -6.13429 0
      vertex -7.97127 -5.23175 0
      vertex -7.86458 -5.14301 0
    endloop
  endfacet
  facet normal 0 0 -1
    outer loop
      vertex -8.25432 -5.55319 0
      vertex -7.83212 -6.13429 0
      vertex -7.97217 -6.17889 0
    endloop
  endfacet
  facet normal 0 0 -1
    outer loop
      vertex -7.83212 -6.13429 0
      vertex -8.07051 -5.33176 0
      vertex -7.97127 -5.23175 0
    endloop
  endfacet
  facet normal 0 0 -1
    outer loop
      vertex -8.34001 -5.67259 0
      vertex -7.97217 -6.17889 0
      vertex -8.11586 -6.21832 0
    endloop
  endfacet
  facet normal 0 0 -1
    outer loop
      vertex -7.83212 -6.13429 0
      vertex -8.16461 -5.43933 0
      vertex -8.07051 -5.33176 0
    endloop
  endfacet
  facet normal 0 0 -1
    outer loop
      vertex -7.83212 -6.13429 0
      vertex -8.25432 -5.55319 0
      vertex -8.16461 -5.43933 0
    endloop
  endfacet
  facet normal 0 0 -1
    outer loop
      vertex -8.42192 -5.79707 0
      vertex -8.11586 -6.21832 0
      vertex -8.26289 -6.25282 0
    endloop
  endfacet
  facet normal 0 0 -1
    outer loop
      vertex -7.97217 -6.17889 0
      vertex -8.34001 -5.67259 0
      vertex -8.25432 -5.55319 0
    endloop
  endfacet
  facet normal 0 0 -1
    outer loop
      vertex -8.50017 -5.92625 0
      vertex -8.26289 -6.25282 0
      vertex -8.41302 -6.28258 0
    endloop
  endfacet
  facet normal 0 0 -1
    outer loop
      vertex -8.11586 -6.21832 0
      vertex -8.42192 -5.79707 0
      vertex -8.34001 -5.67259 0
    endloop
  endfacet
  facet normal 0 0 -1
    outer loop
      vertex -8.26289 -6.25282 0
      vertex -8.50017 -5.92625 0
      vertex -8.42192 -5.79707 0
    endloop
  endfacet
  facet normal 0 -0 -1
    outer loop
      vertex -8.50017 -5.92625 0
      vertex -8.41302 -6.28258 0
      vertex -8.57486 -6.05983 0
    endloop
  endfacet
  facet normal 0 0 -1
    outer loop
      vertex -6.94696 6.29526 0
      vertex -4.60978 4.6497 0
      vertex -6.33165 1.66733 0
    endloop
  endfacet
  facet normal 0 0 -1
    outer loop
      vertex -4.60978 4.6497 0
      vertex -6.94696 6.29526 0
      vertex -4.65559 4.81012 0
    endloop
  endfacet
  facet normal 0 0 -1
    outer loop
      vertex -4.68546 4.97426 0
      vertex -6.29526 6.94696 0
      vertex -5.87663 7.30449 0
    endloop
  endfacet
  facet normal 0 0 -1
    outer loop
      vertex -4.68546 4.97426 0
      vertex -6.94696 6.29526 0
      vertex -6.29526 6.94696 0
    endloop
  endfacet
  facet normal 0 0 -1
    outer loop
      vertex -4.65559 4.81012 0
      vertex -6.94696 6.29526 0
      vertex -4.68546 4.97426 0
    endloop
  endfacet
  facet normal -0 0 -1
    outer loop
      vertex -6.29526 6.94696 0
      vertex -6.94696 6.29526 0
      vertex -6.30998 6.96321 0
    endloop
  endfacet
  facet normal 0 0 -1
    outer loop
      vertex -6.94696 6.29526 0
      vertex -6.33165 1.66733 0
      vertex -6.49348 1.6268 0
    endloop
  endfacet
  facet normal 0 0 -1
    outer loop
      vertex -6.96321 6.30998 0
      vertex -6.30998 6.96321 0
      vertex -6.94696 6.29526 0
    endloop
  endfacet
  facet normal -0 0 -1
    outer loop
      vertex -6.30998 6.96321 0
      vertex -6.96321 6.30998 0
      vertex -6.41432 7.0547 0
    endloop
  endfacet
  facet normal 0 0 -1
    outer loop
      vertex -6.94696 6.29526 0
      vertex -6.49348 1.6268 0
      vertex -6.65056 1.57059 0
    endloop
  endfacet
  facet normal 0 0 -1
    outer loop
      vertex -7.0547 6.41432 0
      vertex -6.41432 7.0547 0
      vertex -6.96321 6.30998 0
    endloop
  endfacet
  facet normal 0 0 -1
    outer loop
      vertex -6.94696 6.29526 0
      vertex -6.65056 1.57059 0
      vertex -6.80137 1.49927 0
    endloop
  endfacet
  facet normal -0 0 -1
    outer loop
      vertex -6.41432 7.0547 0
      vertex -7.0547 6.41432 0
      vertex -6.52861 7.13708 0
    endloop
  endfacet
  facet normal 0 0 -1
    outer loop
      vertex -6.94696 6.29526 0
      vertex -6.80137 1.49927 0
      vertex -6.94447 1.4135 0
    endloop
  endfacet
  facet normal 0 0 -1
    outer loop
      vertex -7.13708 6.52861 0
      vertex -6.52861 7.13708 0
      vertex -7.0547 6.41432 0
    endloop
  endfacet
  facet normal -0 0 -1
    outer loop
      vertex -6.52861 7.13708 0
      vertex -7.13708 6.52861 0
      vertex -6.64958 7.2132 0
    endloop
  endfacet
  facet normal 0 0 -1
    outer loop
      vertex -7.2132 6.64958 0
      vertex -6.64958 7.2132 0
      vertex -7.13708 6.52861 0
    endloop
  endfacet
  facet normal -0 0 -1
    outer loop
      vertex -6.64958 7.2132 0
      vertex -7.2132 6.64958 0
      vertex -6.77608 7.28398 0
    endloop
  endfacet
  facet normal 0 0 -1
    outer loop
      vertex -7.28398 6.77608 0
      vertex -6.77608 7.28398 0
      vertex -7.2132 6.64958 0
    endloop
  endfacet
  facet normal -0 0 -1
    outer loop
      vertex -6.77608 7.28398 0
      vertex -7.28398 6.77608 0
      vertex -6.90742 7.34995 0
    endloop
  endfacet
  facet normal 0 0 -1
    outer loop
      vertex -7.34995 6.90742 0
      vertex -6.90742 7.34995 0
      vertex -7.28398 6.77608 0
    endloop
  endfacet
  facet normal -0 0 -1
    outer loop
      vertex -6.90742 7.34995 0
      vertex -7.34995 6.90742 0
      vertex -7.04318 7.41136 0
    endloop
  endfacet
  facet normal 0 0 -1
    outer loop
      vertex -7.41136 7.04318 0
      vertex -7.04318 7.41136 0
      vertex -7.34995 6.90742 0
    endloop
  endfacet
  facet normal -0 0 -1
    outer loop
      vertex -7.04318 7.41136 0
      vertex -7.41136 7.04318 0
      vertex -7.183 7.46844 0
    endloop
  endfacet
  facet normal 0 0 -1
    outer loop
      vertex -7.46844 7.183 0
      vertex -7.183 7.46844 0
      vertex -7.41136 7.04318 0
    endloop
  endfacet
  facet normal -0 0 -1
    outer loop
      vertex -7.183 7.46844 0
      vertex -7.46844 7.183 0
      vertex -7.32663 7.52132 0
    endloop
  endfacet
  facet normal 0 0 -1
    outer loop
      vertex -7.32663 7.52132 0
      vertex -7.46844 7.183 0
      vertex -7.52132 7.32663 0
    endloop
  endfacet
  facet normal 0 0 -1
    outer loop
      vertex -4.47224 -4.34615 0
      vertex -6 -1.7 0
      vertex -5.83337 -1.69181 0
    endloop
  endfacet
  facet normal 0 0 -1
    outer loop
      vertex -7.30449 -5.87663 0
      vertex -4.69909 -5.14053 0
      vertex -6.94696 -6.29526 0
    endloop
  endfacet
  facet normal -0 0 -1
    outer loop
      vertex -4.69909 -5.14053 0
      vertex -7.30449 -5.87663 0
      vertex -4.68546 -4.97426 0
    endloop
  endfacet
  facet normal 0 0 -1
    outer loop
      vertex -6.94696 -6.29526 0
      vertex -6.29526 -6.94696 0
      vertex -6.30998 -6.96321 0
    endloop
  endfacet
  facet normal 0 0 -1
    outer loop
      vertex -7.84622 -5.131 0
      vertex -4.68546 -4.97426 0
      vertex -7.30449 -5.87663 0
    endloop
  endfacet
  facet normal 0 0 -1
    outer loop
      vertex -6.96321 -6.30998 0
      vertex -6.30998 -6.96321 0
      vertex -6.41432 -7.0547 0
    endloop
  endfacet
  facet normal 0 0 -1
    outer loop
      vertex -4.68546 -4.97426 0
      vertex -6.16663 -1.69181 0
      vertex -6 -1.7 0
    endloop
  endfacet
  facet normal 0 0 -1
    outer loop
      vertex -7.0547 -6.41432 0
      vertex -6.41432 -7.0547 0
      vertex -6.52861 -7.13708 0
    endloop
  endfacet
  facet normal 0 0 -1
    outer loop
      vertex -7.13708 -6.52861 0
      vertex -6.52861 -7.13708 0
      vertex -6.64958 -7.2132 0
    endloop
  endfacet
  facet normal 0 0 -1
    outer loop
      vertex -8.13387 -4.66161 0
      vertex -4.68546 -4.97426 0
      vertex -7.84622 -5.131 0
    endloop
  endfacet
  facet normal 0 0 -1
    outer loop
      vertex -7.2132 -6.64958 0
      vertex -6.64958 -7.2132 0
      vertex -6.77608 -7.28398 0
    endloop
  endfacet
  facet normal 0 0 -1
    outer loop
      vertex -4.68546 -4.97426 0
      vertex -8.13387 -4.66161 0
      vertex -6.16663 -1.69181 0
    endloop
  endfacet
  facet normal 0 0 -1
    outer loop
      vertex -7.28398 -6.77608 0
      vertex -6.77608 -7.28398 0
      vertex -6.90742 -7.34995 0
    endloop
  endfacet
  facet normal -0 0 -1
    outer loop
      vertex -6.16663 -1.69181 0
      vertex -8.13387 -4.66161 0
      vertex -6.33165 -1.66733 0
    endloop
  endfacet
  facet normal 0 0 -1
    outer loop
      vertex -8.55229 -3.84041 0
      vertex -6.33165 -1.66733 0
      vertex -8.13387 -4.66161 0
    endloop
  endfacet
  facet normal 0 0 -1
    outer loop
      vertex -6.30998 -6.96321 0
      vertex -6.96321 -6.30998 0
      vertex -6.94696 -6.29526 0
    endloop
  endfacet
  facet normal 0 0 -1
    outer loop
      vertex -7.34995 -6.90742 0
      vertex -6.90742 -7.34995 0
      vertex -7.04318 -7.41136 0
    endloop
  endfacet
  facet normal 0 0 -1
    outer loop
      vertex -6.41432 -7.0547 0
      vertex -7.0547 -6.41432 0
      vertex -6.96321 -6.30998 0
    endloop
  endfacet
  facet normal 0 0 -1
    outer loop
      vertex -6.52861 -7.13708 0
      vertex -7.13708 -6.52861 0
      vertex -7.0547 -6.41432 0
    endloop
  endfacet
  facet normal 0 0 -1
    outer loop
      vertex -7.41136 -7.04318 0
      vertex -7.04318 -7.41136 0
      vertex -7.183 -7.46844 0
    endloop
  endfacet
  facet normal 0 0 -1
    outer loop
      vertex -6.64958 -7.2132 0
      vertex -7.2132 -6.64958 0
      vertex -7.13708 -6.52861 0
    endloop
  endfacet
  facet normal 0 0 -1
    outer loop
      vertex -6.77608 -7.28398 0
      vertex -7.28398 -6.77608 0
      vertex -7.2132 -6.64958 0
    endloop
  endfacet
  facet normal 0 0 -1
    outer loop
      vertex -7.46844 -7.183 0
      vertex -7.183 -7.46844 0
      vertex -7.32663 -7.52132 0
    endloop
  endfacet
  facet normal 0 0 -1
    outer loop
      vertex -6.90742 -7.34995 0
      vertex -7.34995 -6.90742 0
      vertex -7.28398 -6.77608 0
    endloop
  endfacet
  facet normal 0 0 -1
    outer loop
      vertex -7.04318 -7.41136 0
      vertex -7.41136 -7.04318 0
      vertex -7.34995 -6.90742 0
    endloop
  endfacet
  facet normal 0 0 -1
    outer loop
      vertex -7.183 -7.46844 0
      vertex -7.46844 -7.183 0
      vertex -7.41136 -7.04318 0
    endloop
  endfacet
  facet normal 0 -0 -1
    outer loop
      vertex -7.46844 -7.183 0
      vertex -7.32663 -7.52132 0
      vertex -7.52132 -7.32663 0
    endloop
  endfacet
  facet normal -0 0 -1
    outer loop
      vertex -6.33165 -1.66733 0
      vertex -8.55229 -3.84041 0
      vertex -6.49348 -1.6268 0
    endloop
  endfacet
  facet normal -0 0 -1
    outer loop
      vertex -6.49348 -1.6268 0
      vertex -8.55229 -3.84041 0
      vertex -6.65056 -1.57059 0
    endloop
  endfacet
  facet normal 0 0 -1
    outer loop
      vertex -7.32158 -5.89038 0
      vertex -7.84622 -5.131 0
      vertex -7.30449 -5.87663 0
    endloop
  endfacet
  facet normal 0 0 -1
    outer loop
      vertex -8.76297 -3.33179 0
      vertex -6.65056 -1.57059 0
      vertex -8.55229 -3.84041 0
    endloop
  endfacet
  facet normal 0 0 -1
    outer loop
      vertex -7.84622 -5.131 0
      vertex -7.32158 -5.89038 0
      vertex -7.43895 -5.96443 0
    endloop
  endfacet
  facet normal -0 0 -1
    outer loop
      vertex -6.65056 -1.57059 0
      vertex -8.76297 -3.33179 0
      vertex -6.80137 -1.49927 0
    endloop
  endfacet
  facet normal 0 0 -1
    outer loop
      vertex -7.84622 -5.131 0
      vertex -7.43895 -5.96443 0
      vertex -7.56473 -6.02791 0
    endloop
  endfacet
  facet normal 0 0 -1
    outer loop
      vertex -7.84622 -5.131 0
      vertex -7.69611 -6.08417 0
      vertex -7.83212 -6.13429 0
    endloop
  endfacet
  facet normal 0 0 -1
    outer loop
      vertex -7.84622 -5.131 0
      vertex -7.56473 -6.02791 0
      vertex -7.69611 -6.08417 0
    endloop
  endfacet
  facet normal -0 0 -1
    outer loop
      vertex -6.80137 -1.49927 0
      vertex -8.76297 -3.33179 0
      vertex -6.94447 -1.4135 0
    endloop
  endfacet
  facet normal 0 0 -1
    outer loop
      vertex -9.04778 -2.45526 0
      vertex -6.94447 -1.4135 0
      vertex -8.76297 -3.33179 0
    endloop
  endfacet
  facet normal -0 0 -1
    outer loop
      vertex -6.94447 -1.4135 0
      vertex -9.04778 -2.45526 0
      vertex -7.07847 -1.31412 0
    endloop
  endfacet
  facet normal -0 0 -1
    outer loop
      vertex -7.07847 -1.31412 0
      vertex -9.04778 -2.45526 0
      vertex -7.20208 -1.20208 0
    endloop
  endfacet
  facet normal 0 0 -1
    outer loop
      vertex -9.17628 -1.91994 0
      vertex -7.20208 -1.20208 0
      vertex -9.04778 -2.45526 0
    endloop
  endfacet
  facet normal -0 0 -1
    outer loop
      vertex -7.20208 -1.20208 0
      vertex -9.17628 -1.91994 0
      vertex -7.31412 -1.07847 0
    endloop
  endfacet
  facet normal -0 0 -1
    outer loop
      vertex -7.31412 -1.07847 0
      vertex -9.17628 -1.91994 0
      vertex -7.4135 -0.944468 0
    endloop
  endfacet
  facet normal 0 0 -1
    outer loop
      vertex -3.8494 -8.5723 0
      vertex -4.6725 -8.15289 0
      vertex -4.66161 -8.13387 0
    endloop
  endfacet
  facet normal 0 0 -1
    outer loop
      vertex -4.52356 -9.32259 0
      vertex -4.72729 -8.28041 0
      vertex -4.6725 -8.15289 0
    endloop
  endfacet
  facet normal 0 0 -1
    outer loop
      vertex -4.52356 -9.32259 0
      vertex -4.77031 -8.41457 0
      vertex -4.72729 -8.28041 0
    endloop
  endfacet
  facet normal 0 0 -1
    outer loop
      vertex -4.52356 -9.32259 0
      vertex -4.80533 -8.55313 0
      vertex -4.77031 -8.41457 0
    endloop
  endfacet
  facet normal 0 0 -1
    outer loop
      vertex -4.52356 -9.32259 0
      vertex -4.83356 -8.69531 0
      vertex -4.80533 -8.55313 0
    endloop
  endfacet
  facet normal 0 0 -1
    outer loop
      vertex -4.52356 -9.32259 0
      vertex -4.8557 -8.84061 0
      vertex -4.83356 -8.69531 0
    endloop
  endfacet
  facet normal 0 0 -1
    outer loop
      vertex -4.52356 -9.32259 0
      vertex -4.87216 -8.98871 0
      vertex -4.8557 -8.84061 0
    endloop
  endfacet
  facet normal 0 0 -1
    outer loop
      vertex -4.52356 -9.32259 0
      vertex -4.88324 -9.13933 0
      vertex -4.87216 -8.98871 0
    endloop
  endfacet
  facet normal 0 -0 -1
    outer loop
      vertex -4.88324 -9.13933 0
      vertex -4.64383 -9.41725 0
      vertex -4.88914 -9.29227 0
    endloop
  endfacet
  facet normal 0 0 -1
    outer loop
      vertex -3.84041 8.55229 0
      vertex -3.22189 6.88161 0
      vertex -3.38603 6.85174 0
    endloop
  endfacet
  facet normal 0 0 -1
    outer loop
      vertex -3.84041 8.55229 0
      vertex -3.38603 6.85174 0
      vertex -3.54645 6.80593 0
    endloop
  endfacet
  facet normal 0 0 -1
    outer loop
      vertex -4.66161 8.13387 0
      vertex -3.54645 6.80593 0
      vertex -3.7016 6.74462 0
    endloop
  endfacet
  facet normal 0 0 -1
    outer loop
      vertex -3.22189 6.88161 0
      vertex -3.84041 8.55229 0
      vertex -3.33179 8.76297 0
    endloop
  endfacet
  facet normal 0 0 -1
    outer loop
      vertex -3.54645 6.80593 0
      vertex -4.66161 8.13387 0
      vertex -3.84041 8.55229 0
    endloop
  endfacet
  facet normal 0 0 -1
    outer loop
      vertex -4.66161 8.13387 0
      vertex -3.7016 6.74462 0
      vertex -3.85 6.6684 0
    endloop
  endfacet
  facet normal -0 0 -1
    outer loop
      vertex -3.84041 8.55229 0
      vertex -4.66161 8.13387 0
      vertex -3.8494 8.5723 0
    endloop
  endfacet
  facet normal 0 0 -1
    outer loop
      vertex -4.66161 8.13387 0
      vertex -3.85 6.6684 0
      vertex -3.99021 6.57799 0
    endloop
  endfacet
  facet normal 0 0 -1
    outer loop
      vertex -4.6725 8.15289 0
      vertex -3.8494 8.5723 0
      vertex -4.66161 8.13387 0
    endloop
  endfacet
  facet normal -0 0 -1
    outer loop
      vertex -3.8494 8.5723 0
      vertex -4.6725 8.15289 0
      vertex -3.92035 8.69156 0
    endloop
  endfacet
  facet normal 0 0 -1
    outer loop
      vertex -5.131 7.84622 0
      vertex -3.99021 6.57799 0
      vertex -4.12089 6.47428 0
    endloop
  endfacet
  facet normal 0 0 -1
    outer loop
      vertex -4.72729 8.28041 0
      vertex -3.92035 8.69156 0
      vertex -4.6725 8.15289 0
    endloop
  endfacet
  facet normal 0 0 -1
    outer loop
      vertex -5.131 7.84622 0
      vertex -4.12089 6.47428 0
      vertex -4.24077 6.35826 0
    endloop
  endfacet
  facet normal -0 0 -1
    outer loop
      vertex -3.92035 8.69156 0
      vertex -4.72729 8.28041 0
      vertex -4.0036 8.80522 0
    endloop
  endfacet
  facet normal 0 0 -1
    outer loop
      vertex -5.131 7.84622 0
      vertex -4.24077 6.35826 0
      vertex -4.3487 6.23105 0
    endloop
  endfacet
  facet normal 0 0 -1
    outer loop
      vertex -4.77031 8.41457 0
      vertex -4.0036 8.80522 0
      vertex -4.72729 8.28041 0
    endloop
  endfacet
  facet normal 0 0 -1
    outer loop
      vertex -5.87663 7.30449 0
      vertex -4.3487 6.23105 0
      vertex -4.44364 6.09387 0
    endloop
  endfacet
  facet normal 0 0 -1
    outer loop
      vertex -4.80533 8.55313 0
      vertex -4.09512 8.91499 0
      vertex -4.77031 8.41457 0
    endloop
  endfacet
  facet normal 0 0 -1
    outer loop
      vertex -5.87663 7.30449 0
      vertex -4.44364 6.09387 0
      vertex -4.52468 5.94804 0
    endloop
  endfacet
  facet normal 0 0 -1
    outer loop
      vertex -5.87663 7.30449 0
      vertex -4.52468 5.94804 0
      vertex -4.59104 5.79498 0
    endloop
  endfacet
  facet normal 0 0 -1
    outer loop
      vertex -5.87663 7.30449 0
      vertex -4.59104 5.79498 0
      vertex -4.64207 5.63614 0
    endloop
  endfacet
  facet normal -0 0 -1
    outer loop
      vertex -4.09512 8.91499 0
      vertex -4.80533 8.55313 0
      vertex -4.19356 9.02141 0
    endloop
  endfacet
  facet normal 0 0 -1
    outer loop
      vertex -4.83356 8.69531 0
      vertex -4.19356 9.02141 0
      vertex -4.80533 8.55313 0
    endloop
  endfacet
  facet normal 0 0 -1
    outer loop
      vertex -5.87663 7.30449 0
      vertex -4.64207 5.63614 0
      vertex -4.67729 5.47307 0
    endloop
  endfacet
  facet normal 0 0 -1
    outer loop
      vertex -5.87663 7.30449 0
      vertex -4.67729 5.47307 0
      vertex -4.69636 5.30734 0
    endloop
  endfacet
  facet normal 0 0 -1
    outer loop
      vertex -5.87663 7.30449 0
      vertex -4.69636 5.30734 0
      vertex -4.69909 5.14053 0
    endloop
  endfacet
  facet normal 0 0 -1
    outer loop
      vertex -5.83337 1.69181 0
      vertex -4.38184 4.20594 0
      vertex -5.66835 1.66733 0
    endloop
  endfacet
  facet normal -0 0 -1
    outer loop
      vertex -4.38184 4.20594 0
      vertex -5.83337 1.69181 0
      vertex -4.47224 4.34615 0
    endloop
  endfacet
  facet normal 0 0 -1
    outer loop
      vertex -6 1.7 0
      vertex -4.47224 4.34615 0
      vertex -5.83337 1.69181 0
    endloop
  endfacet
  facet normal 0 0 -1
    outer loop
      vertex -3.99021 6.57799 0
      vertex -5.131 7.84622 0
      vertex -4.66161 8.13387 0
    endloop
  endfacet
  facet normal -0 0 -1
    outer loop
      vertex -4.47224 4.34615 0
      vertex -6 1.7 0
      vertex -4.54847 4.49455 0
    endloop
  endfacet
  facet normal 0 0 -1
    outer loop
      vertex -4.3487 6.23105 0
      vertex -5.87663 7.30449 0
      vertex -5.131 7.84622 0
    endloop
  endfacet
  facet normal -0 0 -1
    outer loop
      vertex -5.131 7.84622 0
      vertex -5.87663 7.30449 0
      vertex -5.14301 7.86458 0
    endloop
  endfacet
  facet normal 0 0 -1
    outer loop
      vertex -5.89038 7.32158 0
      vertex -5.14301 7.86458 0
      vertex -5.87663 7.30449 0
    endloop
  endfacet
  facet normal 0 0 -1
    outer loop
      vertex -6.16663 1.69181 0
      vertex -4.54847 4.49455 0
      vertex -6 1.7 0
    endloop
  endfacet
  facet normal -0 0 -1
    outer loop
      vertex -5.14301 7.86458 0
      vertex -5.89038 7.32158 0
      vertex -5.23175 7.97127 0
    endloop
  endfacet
  facet normal -0 0 -1
    outer loop
      vertex -4.54847 4.49455 0
      vertex -6.16663 1.69181 0
      vertex -4.60978 4.6497 0
    endloop
  endfacet
  facet normal 0 0 -1
    outer loop
      vertex -5.96443 7.43895 0
      vertex -5.23175 7.97127 0
      vertex -5.89038 7.32158 0
    endloop
  endfacet
  facet normal 0 0 -1
    outer loop
      vertex -6.33165 1.66733 0
      vertex -4.60978 4.6497 0
      vertex -6.16663 1.69181 0
    endloop
  endfacet
  facet normal -0 0 -1
    outer loop
      vertex -5.23175 7.97127 0
      vertex -5.96443 7.43895 0
      vertex -5.33176 8.07051 0
    endloop
  endfacet
  facet normal 0 0 -1
    outer loop
      vertex -6.02791 7.56473 0
      vertex -5.33176 8.07051 0
      vertex -5.96443 7.43895 0
    endloop
  endfacet
  facet normal 0 0 -1
    outer loop
      vertex -4.68546 4.97426 0
      vertex -5.87663 7.30449 0
      vertex -4.69909 5.14053 0
    endloop
  endfacet
  facet normal 0 0 -1
    outer loop
      vertex -6.08417 7.69611 0
      vertex -5.43933 8.16461 0
      vertex -6.02791 7.56473 0
    endloop
  endfacet
  facet normal -0 0 -1
    outer loop
      vertex -5.33176 8.07051 0
      vertex -6.02791 7.56473 0
      vertex -5.43933 8.16461 0
    endloop
  endfacet
  facet normal -0 0 -1
    outer loop
      vertex -5.43933 8.16461 0
      vertex -6.08417 7.69611 0
      vertex -5.55319 8.25432 0
    endloop
  endfacet
  facet normal 0 0 -1
    outer loop
      vertex -6.13429 7.83212 0
      vertex -5.55319 8.25432 0
      vertex -6.08417 7.69611 0
    endloop
  endfacet
  facet normal -0 0 -1
    outer loop
      vertex -5.55319 8.25432 0
      vertex -6.13429 7.83212 0
      vertex -5.67259 8.34001 0
    endloop
  endfacet
  facet normal 0 0 -1
    outer loop
      vertex -6.17889 7.97217 0
      vertex -5.67259 8.34001 0
      vertex -6.13429 7.83212 0
    endloop
  endfacet
  facet normal -0 0 -1
    outer loop
      vertex -5.67259 8.34001 0
      vertex -6.17889 7.97217 0
      vertex -5.79707 8.42192 0
    endloop
  endfacet
  facet normal 0 0 -1
    outer loop
      vertex -6.21832 8.11586 0
      vertex -5.79707 8.42192 0
      vertex -6.17889 7.97217 0
    endloop
  endfacet
  facet normal -0 0 -1
    outer loop
      vertex -5.79707 8.42192 0
      vertex -6.21832 8.11586 0
      vertex -5.92625 8.50017 0
    endloop
  endfacet
  facet normal 0 0 -1
    outer loop
      vertex -6.25282 8.26289 0
      vertex -5.92625 8.50017 0
      vertex -6.21832 8.11586 0
    endloop
  endfacet
  facet normal -0 0 -1
    outer loop
      vertex -5.92625 8.50017 0
      vertex -6.25282 8.26289 0
      vertex -6.05983 8.57486 0
    endloop
  endfacet
  facet normal 0 0 -1
    outer loop
      vertex -6.05983 8.57486 0
      vertex -6.25282 8.26289 0
      vertex -6.28258 8.41302 0
    endloop
  endfacet
  facet normal 0 0 -1
    outer loop
      vertex -1.01201 -9.34227 0
      vertex -1.92444 -9.19775 0
      vertex -1.91994 -9.17628 0
    endloop
  endfacet
  facet normal 0 0 -1
    outer loop
      vertex -1.9366 -9.47684 0
      vertex -1.08669 -9.61145 0
      vertex -1.92706 -9.61945 0
    endloop
  endfacet
  facet normal 0 0 -1
    outer loop
      vertex -1.93713 -9.33595 0
      vertex -1.08669 -9.61145 0
      vertex -1.9366 -9.47684 0
    endloop
  endfacet
  facet normal 0 0 -1
    outer loop
      vertex -1.08669 -9.61145 0
      vertex -1.93713 -9.33595 0
      vertex -1.92444 -9.19775 0
    endloop
  endfacet
  facet normal 0 0 -1
    outer loop
      vertex -2.2984 -3.64768 0
      vertex -0.54168 -0.810682 0
      vertex -2.15 -3.72391 0
    endloop
  endfacet
  facet normal 0 0 -1
    outer loop
      vertex -0.974999 0 0
      vertex -1.30364 5.08497 0
      vertex -1.30091 5.25177 0
    endloop
  endfacet
  facet normal -0 0 -1
    outer loop
      vertex -0.54168 -0.810682 0
      vertex -2.2984 -3.64768 0
      vertex -0.618533 -0.753685 0
    endloop
  endfacet
  facet normal 0 0 -1
    outer loop
      vertex -0.974999 0 0
      vertex -1.32271 4.91923 0
      vertex -1.30364 5.08497 0
    endloop
  endfacet
  facet normal 0 0 -1
    outer loop
      vertex -2.45355 -3.58637 0
      vertex -0.618533 -0.753685 0
      vertex -2.2984 -3.64768 0
    endloop
  endfacet
  facet normal 0 0 -1
    outer loop
      vertex -0.974999 0 0
      vertex -1.35793 4.75616 0
      vertex -1.32271 4.91923 0
    endloop
  endfacet
  facet normal -0 0 -1
    outer loop
      vertex -0.618533 -0.753685 0
      vertex -2.45355 -3.58637 0
      vertex -0.689428 -0.689428 0
    endloop
  endfacet
  facet normal 0 0 -1
    outer loop
      vertex -0.974999 0 0
      vertex -1.40896 4.59733 0
      vertex -1.35793 4.75616 0
    endloop
  endfacet
  facet normal -0 0 -1
    outer loop
      vertex -0.689428 -0.689428 0
      vertex -2.45355 -3.58637 0
      vertex -0.753685 -0.618533 0
    endloop
  endfacet
  facet normal 0 0 -1
    outer loop
      vertex -0.974999 0 0
      vertex -1.47532 4.44426 0
      vertex -1.40896 4.59733 0
    endloop
  endfacet
  facet normal 0 0 -1
    outer loop
      vertex -2.61397 -3.54056 0
      vertex -0.753685 -0.618533 0
      vertex -2.45355 -3.58637 0
    endloop
  endfacet
  facet normal 0 0 -1
    outer loop
      vertex -0.974999 0 0
      vertex -1.55636 4.29844 0
      vertex -1.47532 4.44426 0
    endloop
  endfacet
  facet normal -0 0 -1
    outer loop
      vertex -0.753685 -0.618533 0
      vertex -2.61397 -3.54056 0
      vertex -0.810682 -0.54168 0
    endloop
  endfacet
  facet normal 0 0 -1
    outer loop
      vertex -0.974999 0 0
      vertex -1.6513 4.16126 0
      vertex -1.55636 4.29844 0
    endloop
  endfacet
  facet normal 0 0 -1
    outer loop
      vertex -2.7781 -3.5107 0
      vertex -0.810682 -0.54168 0
      vertex -2.61397 -3.54056 0
    endloop
  endfacet
  facet normal 0 0 -1
    outer loop
      vertex -0.974999 0 0
      vertex -1.75923 4.03405 0
      vertex -1.6513 4.16126 0
    endloop
  endfacet
  facet normal -0 0 -1
    outer loop
      vertex -0.810682 -0.54168 0
      vertex -2.7781 -3.5107 0
      vertex -0.859873 -0.459611 0
    endloop
  endfacet
  facet normal 0 0 -1
    outer loop
      vertex -0.974999 0 0
      vertex -1.87911 3.91802 0
      vertex -1.75923 4.03405 0
    endloop
  endfacet
  facet normal 0 0 -1
    outer loop
      vertex -4.4294 -0.650561 0
      vertex -0.859873 -0.459611 0
      vertex -2.7781 -3.5107 0
    endloop
  endfacet
  facet normal 0 0 -1
    outer loop
      vertex -0.974999 0 0
      vertex -2.00979 3.81431 0
      vertex -1.87911 3.91802 0
    endloop
  endfacet
  facet normal -0 0 -1
    outer loop
      vertex -0.859873 -0.459611 0
      vertex -4.4294 -0.650561 0
      vertex -0.900782 -0.373116 0
    endloop
  endfacet
  facet normal 0 0 -1
    outer loop
      vertex -0.974999 0 0
      vertex -2.15 3.72391 0
      vertex -2.00979 3.81431 0
    endloop
  endfacet
  facet normal 0 -0 -1
    outer loop
      vertex -4.3732 -0.493484 0
      vertex -0.900782 -0.373116 0
      vertex -4.4294 -0.650561 0
    endloop
  endfacet
  facet normal 0 0 -1
    outer loop
      vertex -4.30819 0.166629 0
      vertex -0.974999 0 0
      vertex -4.3 0 0
    endloop
  endfacet
  facet normal -0 0 -1
    outer loop
      vertex -0.900782 -0.373116 0
      vertex -4.3732 -0.493484 0
      vertex -0.933017 -0.283027 0
    endloop
  endfacet
  facet normal 0 0 -1
    outer loop
      vertex -0.974999 0 0
      vertex -2.2984 3.64768 0
      vertex -2.15 3.72391 0
    endloop
  endfacet
  facet normal 0 -0 -1
    outer loop
      vertex -4.33266 -0.331653 0
      vertex -0.933017 -0.283027 0
      vertex -4.3732 -0.493484 0
    endloop
  endfacet
  facet normal 0 0 -1
    outer loop
      vertex -4.33266 0.331653 0
      vertex -0.974999 0 0
      vertex -4.30819 0.166629 0
    endloop
  endfacet
  facet normal -0 0 -1
    outer loop
      vertex -0.933017 -0.283027 0
      vertex -4.33266 -0.331653 0
      vertex -0.956265 -0.190212 0
    endloop
  endfacet
  facet normal 0 0 -1
    outer loop
      vertex -0.974999 0 0
      vertex -2.45355 3.58637 0
      vertex -2.2984 3.64768 0
    endloop
  endfacet
  facet normal 0 0 -1
    outer loop
      vertex -4.4294 -0.650561 0
      vertex -2.7781 -3.5107 0
      vertex -2.94438 -3.49706 0
    endloop
  endfacet
  facet normal 0 0 -1
    outer loop
      vertex -4.3732 0.493484 0
      vertex -0.974999 0 0
      vertex -4.33266 0.331653 0
    endloop
  endfacet
  facet normal 0 0 -1
    outer loop
      vertex -4.50073 -0.801374 0
      vertex -2.94438 -3.49706 0
      vertex -3.11119 -3.49979 0
    endloop
  endfacet
  facet normal 0 0 -1
    outer loop
      vertex -0.974999 0 0
      vertex -2.61397 3.54056 0
      vertex -2.45355 3.58637 0
    endloop
  endfacet
  facet normal 0 0 -1
    outer loop
      vertex -4.5865 -0.944468 0
      vertex -3.11119 -3.49979 0
      vertex -3.27692 -3.51886 0
    endloop
  endfacet
  facet normal 0 0 -1
    outer loop
      vertex -4.4294 0.650561 0
      vertex -0.974999 0 0
      vertex -4.3732 0.493484 0
    endloop
  endfacet
  facet normal 0 0 -1
    outer loop
      vertex -4.68588 -1.07847 0
      vertex -3.27692 -3.51886 0
      vertex -3.43999 -3.55408 0
    endloop
  endfacet
  facet normal 0 0 -1
    outer loop
      vertex -0.974999 0 0
      vertex -2.7781 3.5107 0
      vertex -2.61397 3.54056 0
    endloop
  endfacet
  facet normal 0 0 -1
    outer loop
      vertex -4.79792 -1.20208 0
      vertex -3.43999 -3.55408 0
      vertex -3.59882 -3.60511 0
    endloop
  endfacet
  facet normal 0 0 -1
    outer loop
      vertex -0.974999 0 0
      vertex -4.4294 0.650561 0
      vertex -2.7781 3.5107 0
    endloop
  endfacet
  facet normal 0 0 -1
    outer loop
      vertex -4.92153 -1.31412 0
      vertex -3.59882 -3.60511 0
      vertex -3.75189 -3.67147 0
    endloop
  endfacet
  facet normal 0 0 -1
    outer loop
      vertex -2.7781 3.5107 0
      vertex -4.4294 0.650561 0
      vertex -2.94438 3.49706 0
    endloop
  endfacet
  facet normal 0 0 -1
    outer loop
      vertex -5.05553 -1.4135 0
      vertex -3.75189 -3.67147 0
      vertex -3.89771 -3.75251 0
    endloop
  endfacet
  facet normal 0 0 -1
    outer loop
      vertex -4.50073 0.801374 0
      vertex -2.94438 3.49706 0
      vertex -4.4294 0.650561 0
    endloop
  endfacet
  facet normal 0 0 -1
    outer loop
      vertex -5.19862 -1.49927 0
      vertex -3.89771 -3.75251 0
      vertex -4.03489 -3.84745 0
    endloop
  endfacet
  facet normal -0 0 -1
    outer loop
      vertex -2.94438 3.49706 0
      vertex -4.50073 0.801374 0
      vertex -3.11119 3.49979 0
    endloop
  endfacet
  facet normal 0 0 -1
    outer loop
      vertex -5.34944 -1.57059 0
      vertex -4.03489 -3.84745 0
      vertex -4.16211 -3.95538 0
    endloop
  endfacet
  facet normal 0 0 -1
    outer loop
      vertex -4.5865 0.944468 0
      vertex -3.11119 3.49979 0
      vertex -4.50073 0.801374 0
    endloop
  endfacet
  facet normal 0 0 -1
    outer loop
      vertex -5.50652 -1.6268 0
      vertex -4.16211 -3.95538 0
      vertex -4.27813 -4.07526 0
    endloop
  endfacet
  facet normal -0 0 -1
    outer loop
      vertex -3.11119 3.49979 0
      vertex -4.5865 0.944468 0
      vertex -3.27692 3.51886 0
    endloop
  endfacet
  facet normal 0 0 -1
    outer loop
      vertex -4.68588 1.07847 0
      vertex -3.27692 3.51886 0
      vertex -4.5865 0.944468 0
    endloop
  endfacet
  facet normal 0 0 -1
    outer loop
      vertex -0.970304 -0.0955658 0
      vertex -4.3 0 0
      vertex -0.974999 0 0
    endloop
  endfacet
  facet normal 0 -0 -1
    outer loop
      vertex -4.3 0 0
      vertex -0.970304 -0.0955658 0
      vertex -4.30819 -0.166629 0
    endloop
  endfacet
  facet normal 0 0 -1
    outer loop
      vertex -0.956265 -0.190212 0
      vertex -4.30819 -0.166629 0
      vertex -0.970304 -0.0955658 0
    endloop
  endfacet
  facet normal 0 0 -1
    outer loop
      vertex -5.66835 -1.66733 0
      vertex -4.27813 -4.07526 0
      vertex -4.38184 -4.20594 0
    endloop
  endfacet
  facet normal 0 -0 -1
    outer loop
      vertex -4.30819 -0.166629 0
      vertex -0.956265 -0.190212 0
      vertex -4.33266 -0.331653 0
    endloop
  endfacet
  facet normal 0 0 -1
    outer loop
      vertex -5.83337 -1.69181 0
      vertex -4.38184 -4.20594 0
      vertex -4.47224 -4.34615 0
    endloop
  endfacet
  facet normal 0 0 -1
    outer loop
      vertex -2.94438 -3.49706 0
      vertex -4.50073 -0.801374 0
      vertex -4.4294 -0.650561 0
    endloop
  endfacet
  facet normal 0 0 -1
    outer loop
      vertex -6 -1.7 0
      vertex -4.47224 -4.34615 0
      vertex -4.54847 -4.49455 0
    endloop
  endfacet
  facet normal 0 0 -1
    outer loop
      vertex -3.11119 -3.49979 0
      vertex -4.5865 -0.944468 0
      vertex -4.50073 -0.801374 0
    endloop
  endfacet
  facet normal 0 0 -1
    outer loop
      vertex -6 -1.7 0
      vertex -4.54847 -4.49455 0
      vertex -4.60978 -4.6497 0
    endloop
  endfacet
  facet normal 0 0 -1
    outer loop
      vertex -6 -1.7 0
      vertex -4.60978 -4.6497 0
      vertex -4.65559 -4.81012 0
    endloop
  endfacet
  facet normal 0 0 -1
    outer loop
      vertex -6 -1.7 0
      vertex -4.65559 -4.81012 0
      vertex -4.68546 -4.97426 0
    endloop
  endfacet
  facet normal 0 0 -1
    outer loop
      vertex -3.27692 -3.51886 0
      vertex -4.68588 -1.07847 0
      vertex -4.5865 -0.944468 0
    endloop
  endfacet
  facet normal -0 0 -1
    outer loop
      vertex -4.67729 -5.47307 0
      vertex -6.94696 -6.29526 0
      vertex -4.69636 -5.30734 0
    endloop
  endfacet
  facet normal 0 0 -1
    outer loop
      vertex -3.43999 -3.55408 0
      vertex -4.79792 -1.20208 0
      vertex -4.68588 -1.07847 0
    endloop
  endfacet
  facet normal 0 -0 -1
    outer loop
      vertex -0.430252 9.66312 0
      vertex 0.430252 9.66312 0
      vertex -0.45282 9.52405 0
    endloop
  endfacet
  facet normal 0 0 -1
    outer loop
      vertex 0.45282 9.52405 0
      vertex -0.45282 9.52405 0
      vertex 0.430252 9.66312 0
    endloop
  endfacet
  facet normal 0 -0 -1
    outer loop
      vertex -0.45282 9.52405 0
      vertex 0.45282 9.52405 0
      vertex -0.461899 9.38556 0
    endloop
  endfacet
  facet normal 0 0 -1
    outer loop
      vertex -0.461899 9.38556 0
      vertex 0.460815 9.36366 0
      vertex -0.460815 9.36366 0
    endloop
  endfacet
  facet normal -0 0 -1
    outer loop
      vertex 0.460815 9.36366 0
      vertex -1.61816 6.18636 0
      vertex -0.460815 9.36366 0
    endloop
  endfacet
  facet normal 0 0 -1
    outer loop
      vertex -1.72187 6.31704 0
      vertex -0.460815 9.36366 0
      vertex -1.61816 6.18636 0
    endloop
  endfacet
  facet normal 0 0 -1
    outer loop
      vertex -1.83789 6.43692 0
      vertex -0.460815 9.36366 0
      vertex -1.72187 6.31704 0
    endloop
  endfacet
  facet normal 0 0 -1
    outer loop
      vertex -1.92444 9.19775 0
      vertex -1.00964 9.32047 0
      vertex -1.91994 9.17628 0
    endloop
  endfacet
  facet normal 0 -0 -1
    outer loop
      vertex -1.92706 9.61945 0
      vertex -1.00964 9.32047 0
      vertex -1.9366 9.47684 0
    endloop
  endfacet
  facet normal 0 -0 -1
    outer loop
      vertex -1.9366 9.47684 0
      vertex -1.00964 9.32047 0
      vertex -1.93713 9.33595 0
    endloop
  endfacet
  facet normal 0 0 -1
    outer loop
      vertex -0.460815 9.36366 0
      vertex -1.83789 6.43692 0
      vertex -1.00964 9.32047 0
    endloop
  endfacet
  facet normal 0 0 -1
    outer loop
      vertex -1.00964 9.32047 0
      vertex -1.92706 9.61945 0
      vertex -1.26804 10.0063 0
    endloop
  endfacet
  facet normal 0 -0 -1
    outer loop
      vertex -1.88614 9.90842 0
      vertex -1.26804 10.0063 0
      vertex -1.90999 9.76338 0
    endloop
  endfacet
  facet normal 0 0 -1
    outer loop
      vertex -1.96511 6.54485 0
      vertex -1.00964 9.32047 0
      vertex -1.83789 6.43692 0
    endloop
  endfacet
  facet normal 0 0 -1
    outer loop
      vertex -1.50644 10.3914 0
      vertex -1.82002 10.201 0
      vertex -1.77838 10.3483 0
    endloop
  endfacet
  facet normal -0 0 -1
    outer loop
      vertex -1.42133 10.2642 0
      vertex -1.82002 10.201 0
      vertex -1.50644 10.3914 0
    endloop
  endfacet
  facet normal 0 -0 -1
    outer loop
      vertex -1.82002 10.201 0
      vertex -1.42133 10.2642 0
      vertex -1.85603 10.0544 0
    endloop
  endfacet
  facet normal -0 0 -1
    outer loop
      vertex -1.34175 10.1358 0
      vertex -1.85603 10.0544 0
      vertex -1.42133 10.2642 0
    endloop
  endfacet
  facet normal 0 0 -1
    outer loop
      vertex -2.10228 6.6398 0
      vertex -1.00964 9.32047 0
      vertex -1.96511 6.54485 0
    endloop
  endfacet
  facet normal 0 0 -1
    outer loop
      vertex -1.00964 9.32047 0
      vertex -2.10228 6.6398 0
      vertex -1.91994 9.17628 0
    endloop
  endfacet
  facet normal 0 0 -1
    outer loop
      vertex -2.24811 6.72084 0
      vertex -1.91994 9.17628 0
      vertex -2.10228 6.6398 0
    endloop
  endfacet
  facet normal 0 0 -1
    outer loop
      vertex -2.40117 6.78719 0
      vertex -1.91994 9.17628 0
      vertex -2.24811 6.72084 0
    endloop
  endfacet
  facet normal 0 0 -1
    outer loop
      vertex -2.40117 6.78719 0
      vertex -2.45526 9.04778 0
      vertex -1.91994 9.17628 0
    endloop
  endfacet
  facet normal 0 0 -1
    outer loop
      vertex -2.56001 6.83823 0
      vertex -2.45526 9.04778 0
      vertex -2.40117 6.78719 0
    endloop
  endfacet
  facet normal 0 0 -1
    outer loop
      vertex -2.72308 6.87345 0
      vertex -2.45526 9.04778 0
      vertex -2.56001 6.83823 0
    endloop
  endfacet
  facet normal 0 0 -1
    outer loop
      vertex -3.33179 8.76297 0
      vertex -2.45526 9.04778 0
      vertex -2.72308 6.87345 0
    endloop
  endfacet
  facet normal -0 0 -1
    outer loop
      vertex -2.45526 9.04778 0
      vertex -3.33179 8.76297 0
      vertex -2.461 9.06894 0
    endloop
  endfacet
  facet normal -0 0 -1
    outer loop
      vertex -2.461 9.06894 0
      vertex -3.33958 8.78346 0
      vertex -2.51242 9.19783 0
    endloop
  endfacet
  facet normal 0 0 -1
    outer loop
      vertex -3.33958 8.78346 0
      vertex -2.461 9.06894 0
      vertex -3.33179 8.76297 0
    endloop
  endfacet
  facet normal 0 0 -1
    outer loop
      vertex -3.37375 8.91797 0
      vertex -2.51242 9.19783 0
      vertex -3.33958 8.78346 0
    endloop
  endfacet
  facet normal -0 0 -1
    outer loop
      vertex -2.51242 9.19783 0
      vertex -3.37375 8.91797 0
      vertex -2.57687 9.32312 0
    endloop
  endfacet
  facet normal 0 0 -1
    outer loop
      vertex -3.33179 8.76297 0
      vertex -2.72308 6.87345 0
      vertex -2.88881 6.89251 0
    endloop
  endfacet
  facet normal 0 0 -1
    outer loop
      vertex -3.39525 9.05721 0
      vertex -2.57687 9.32312 0
      vertex -3.37375 8.91797 0
    endloop
  endfacet
  facet normal 0 0 -1
    outer loop
      vertex -3.40816 9.19955 0
      vertex -2.6501 9.44586 0
      vertex -3.39525 9.05721 0
    endloop
  endfacet
  facet normal 0 0 -1
    outer loop
      vertex -3.33179 8.76297 0
      vertex -2.88881 6.89251 0
      vertex -3.05562 6.89524 0
    endloop
  endfacet
  facet normal -0 0 -1
    outer loop
      vertex -2.6501 9.44586 0
      vertex -3.40816 9.19955 0
      vertex -2.73067 9.56636 0
    endloop
  endfacet
  facet normal 0 0 -1
    outer loop
      vertex -3.33179 8.76297 0
      vertex -3.05562 6.89524 0
      vertex -3.22189 6.88161 0
    endloop
  endfacet
  facet normal 0 0 -1
    outer loop
      vertex -3.4138 9.34439 0
      vertex -2.73067 9.56636 0
      vertex -3.40816 9.19955 0
    endloop
  endfacet
  facet normal -0 0 -1
    outer loop
      vertex -2.57687 9.32312 0
      vertex -3.39525 9.05721 0
      vertex -2.6501 9.44586 0
    endloop
  endfacet
  facet normal -0 0 -1
    outer loop
      vertex -2.73067 9.56636 0
      vertex -3.4138 9.34439 0
      vertex -2.81775 9.68475 0
    endloop
  endfacet
  facet normal 0 -0 -1
    outer loop
      vertex -3.41293 9.49136 0
      vertex -2.81775 9.68475 0
      vertex -3.4138 9.34439 0
    endloop
  endfacet
  facet normal 0 0 -1
    outer loop
      vertex -3.11346 10.0278 0
      vertex -3.39342 9.79071 0
      vertex -3.37532 9.94269 0
    endloop
  endfacet
  facet normal -0 0 -1
    outer loop
      vertex -2.81775 9.68475 0
      vertex -3.41293 9.49136 0
      vertex -2.91083 9.80112 0
    endloop
  endfacet
  facet normal -0 0 -1
    outer loop
      vertex -3.00949 9.91545 0
      vertex -3.39342 9.79071 0
      vertex -3.11346 10.0278 0
    endloop
  endfacet
  facet normal 0 -0 -1
    outer loop
      vertex -3.40604 9.64021 0
      vertex -2.91083 9.80112 0
      vertex -3.41293 9.49136 0
    endloop
  endfacet
  facet normal 0 -0 -1
    outer loop
      vertex -3.39342 9.79071 0
      vertex -3.00949 9.91545 0
      vertex -3.40604 9.64021 0
    endloop
  endfacet
  facet normal -0 0 -1
    outer loop
      vertex -2.91083 9.80112 0
      vertex -3.40604 9.64021 0
      vertex -3.00949 9.91545 0
    endloop
  endfacet
  facet normal -0 0 -1
    outer loop
      vertex -1.00964 9.32047 0
      vertex -1.92444 9.19775 0
      vertex -1.93713 9.33595 0
    endloop
  endfacet
  facet normal 0 -0 -1
    outer loop
      vertex -1.85603 10.0544 0
      vertex -1.34175 10.1358 0
      vertex -1.88614 9.90842 0
    endloop
  endfacet
  facet normal -0 0 -1
    outer loop
      vertex -1.26804 10.0063 0
      vertex -1.88614 9.90842 0
      vertex -1.34175 10.1358 0
    endloop
  endfacet
  facet normal 0 -0 -1
    outer loop
      vertex -1.90999 9.76338 0
      vertex -1.26804 10.0063 0
      vertex -1.92706 9.61945 0
    endloop
  endfacet
  facet normal 0 0 -1
    outer loop
      vertex -3.84041 -8.55229 0
      vertex -3.22189 -6.88161 0
      vertex -3.33179 -8.76297 0
    endloop
  endfacet
  facet normal -0 0 -1
    outer loop
      vertex -3.22189 -6.88161 0
      vertex -3.84041 -8.55229 0
      vertex -3.38603 -6.85174 0
    endloop
  endfacet
  facet normal -0 0 -1
    outer loop
      vertex -3.38603 -6.85174 0
      vertex -3.84041 -8.55229 0
      vertex -3.54645 -6.80593 0
    endloop
  endfacet
  facet normal 0 0 -1
    outer loop
      vertex -4.66161 -8.13387 0
      vertex -3.54645 -6.80593 0
      vertex -3.84041 -8.55229 0
    endloop
  endfacet
  facet normal 0 0 -1
    outer loop
      vertex -4.66161 -8.13387 0
      vertex -3.84041 -8.55229 0
      vertex -3.8494 -8.5723 0
    endloop
  endfacet
  facet normal -0 0 -1
    outer loop
      vertex -3.54645 -6.80593 0
      vertex -4.66161 -8.13387 0
      vertex -3.7016 -6.74462 0
    endloop
  endfacet
  facet normal 0 0 -1
    outer loop
      vertex -4.6725 -8.15289 0
      vertex -3.8494 -8.5723 0
      vertex -3.92035 -8.69156 0
    endloop
  endfacet
  facet normal -0 0 -1
    outer loop
      vertex -3.7016 -6.74462 0
      vertex -4.66161 -8.13387 0
      vertex -3.85 -6.6684 0
    endloop
  endfacet
  facet normal 0 0 -1
    outer loop
      vertex -4.6725 -8.15289 0
      vertex -3.92035 -8.69156 0
      vertex -4.0036 -8.80522 0
    endloop
  endfacet
  facet normal 0 0 -1
    outer loop
      vertex -4.6725 -8.15289 0
      vertex -4.0036 -8.80522 0
      vertex -4.09512 -8.91499 0
    endloop
  endfacet
  facet normal -0 0 -1
    outer loop
      vertex -3.85 -6.6684 0
      vertex -4.66161 -8.13387 0
      vertex -3.99021 -6.57799 0
    endloop
  endfacet
  facet normal 0 0 -1
    outer loop
      vertex -4.6725 -8.15289 0
      vertex -4.09512 -8.91499 0
      vertex -4.19356 -9.02141 0
    endloop
  endfacet
  facet normal 0 0 -1
    outer loop
      vertex -5.131 -7.84622 0
      vertex -3.99021 -6.57799 0
      vertex -4.66161 -8.13387 0
    endloop
  endfacet
  facet normal 0 0 -1
    outer loop
      vertex -4.6725 -8.15289 0
      vertex -4.19356 -9.02141 0
      vertex -4.2981 -9.12473 0
    endloop
  endfacet
  facet normal -0 0 -1
    outer loop
      vertex -3.99021 -6.57799 0
      vertex -5.131 -7.84622 0
      vertex -4.12089 -6.47428 0
    endloop
  endfacet
  facet normal 0 0 -1
    outer loop
      vertex -4.6725 -8.15289 0
      vertex -4.2981 -9.12473 0
      vertex -4.40822 -9.22508 0
    endloop
  endfacet
  facet normal -0 0 -1
    outer loop
      vertex -4.12089 -6.47428 0
      vertex -5.131 -7.84622 0
      vertex -4.24077 -6.35826 0
    endloop
  endfacet
  facet normal 0 0 -1
    outer loop
      vertex -4.6725 -8.15289 0
      vertex -4.40822 -9.22508 0
      vertex -4.52356 -9.32259 0
    endloop
  endfacet
  facet normal -0 0 -1
    outer loop
      vertex -4.24077 -6.35826 0
      vertex -5.131 -7.84622 0
      vertex -4.3487 -6.23105 0
    endloop
  endfacet
  facet normal 0 0 -1
    outer loop
      vertex -5.87663 -7.30449 0
      vertex -4.3487 -6.23105 0
      vertex -5.131 -7.84622 0
    endloop
  endfacet
  facet normal -0 0 -1
    outer loop
      vertex -4.3487 -6.23105 0
      vertex -5.87663 -7.30449 0
      vertex -4.44364 -6.09387 0
    endloop
  endfacet
  facet normal 0 0 -1
    outer loop
      vertex -4.88324 -9.13933 0
      vertex -4.52356 -9.32259 0
      vertex -4.64383 -9.41725 0
    endloop
  endfacet
  facet normal -0 0 -1
    outer loop
      vertex -4.44364 -6.09387 0
      vertex -5.87663 -7.30449 0
      vertex -4.52468 -5.94804 0
    endloop
  endfacet
  facet normal 0 0 -1
    outer loop
      vertex -6.29526 -6.94696 0
      vertex -4.52468 -5.94804 0
      vertex -5.87663 -7.30449 0
    endloop
  endfacet
  facet normal -0 0 -1
    outer loop
      vertex -4.52468 -5.94804 0
      vertex -6.29526 -6.94696 0
      vertex -4.59104 -5.79498 0
    endloop
  endfacet
  facet normal -0 0 -1
    outer loop
      vertex -4.59104 -5.79498 0
      vertex -6.29526 -6.94696 0
      vertex -4.64207 -5.63614 0
    endloop
  endfacet
  facet normal 0 0 -1
    outer loop
      vertex -6.94696 -6.29526 0
      vertex -4.64207 -5.63614 0
      vertex -6.29526 -6.94696 0
    endloop
  endfacet
  facet normal 0 0 -1
    outer loop
      vertex -3.59882 -3.60511 0
      vertex -4.92153 -1.31412 0
      vertex -4.79792 -1.20208 0
    endloop
  endfacet
  facet normal 0 0 -1
    outer loop
      vertex -3.75189 -3.67147 0
      vertex -5.05553 -1.4135 0
      vertex -4.92153 -1.31412 0
    endloop
  endfacet
  facet normal -0 0 -1
    outer loop
      vertex -4.64207 -5.63614 0
      vertex -6.94696 -6.29526 0
      vertex -4.67729 -5.47307 0
    endloop
  endfacet
  facet normal 0 0 -1
    outer loop
      vertex -5.87663 -7.30449 0
      vertex -5.131 -7.84622 0
      vertex -5.14301 -7.86458 0
    endloop
  endfacet
  facet normal 0 0 -1
    outer loop
      vertex -3.89771 -3.75251 0
      vertex -5.19862 -1.49927 0
      vertex -5.05553 -1.4135 0
    endloop
  endfacet
  facet normal 0 0 -1
    outer loop
      vertex -5.89038 -7.32158 0
      vertex -5.14301 -7.86458 0
      vertex -5.23175 -7.97127 0
    endloop
  endfacet
  facet normal 0 0 -1
    outer loop
      vertex -5.96443 -7.43895 0
      vertex -5.23175 -7.97127 0
      vertex -5.33176 -8.07051 0
    endloop
  endfacet
  facet normal -0 0 -1
    outer loop
      vertex -4.69636 -5.30734 0
      vertex -6.94696 -6.29526 0
      vertex -4.69909 -5.14053 0
    endloop
  endfacet
  facet normal 0 0 -1
    outer loop
      vertex -6.02791 -7.56473 0
      vertex -5.33176 -8.07051 0
      vertex -5.43933 -8.16461 0
    endloop
  endfacet
  facet normal 0 0 -1
    outer loop
      vertex -4.03489 -3.84745 0
      vertex -5.34944 -1.57059 0
      vertex -5.19862 -1.49927 0
    endloop
  endfacet
  facet normal 0 0 -1
    outer loop
      vertex -6.08417 -7.69611 0
      vertex -5.43933 -8.16461 0
      vertex -5.55319 -8.25432 0
    endloop
  endfacet
  facet normal 0 0 -1
    outer loop
      vertex -4.16211 -3.95538 0
      vertex -5.50652 -1.6268 0
      vertex -5.34944 -1.57059 0
    endloop
  endfacet
  facet normal 0 0 -1
    outer loop
      vertex -6.13429 -7.83212 0
      vertex -5.55319 -8.25432 0
      vertex -5.67259 -8.34001 0
    endloop
  endfacet
  facet normal 0 0 -1
    outer loop
      vertex -6.17889 -7.97217 0
      vertex -5.67259 -8.34001 0
      vertex -5.79707 -8.42192 0
    endloop
  endfacet
  facet normal 0 0 -1
    outer loop
      vertex -4.27813 -4.07526 0
      vertex -5.66835 -1.66733 0
      vertex -5.50652 -1.6268 0
    endloop
  endfacet
  facet normal 0 0 -1
    outer loop
      vertex -4.38184 -4.20594 0
      vertex -5.83337 -1.69181 0
      vertex -5.66835 -1.66733 0
    endloop
  endfacet
  facet normal 0 0 -1
    outer loop
      vertex -5.23175 -7.97127 0
      vertex -5.96443 -7.43895 0
      vertex -5.89038 -7.32158 0
    endloop
  endfacet
  facet normal 0 0 -1
    outer loop
      vertex -6.21832 -8.11586 0
      vertex -5.79707 -8.42192 0
      vertex -5.92625 -8.50017 0
    endloop
  endfacet
  facet normal 0 0 -1
    outer loop
      vertex -5.14301 -7.86458 0
      vertex -5.89038 -7.32158 0
      vertex -5.87663 -7.30449 0
    endloop
  endfacet
  facet normal 0 0 -1
    outer loop
      vertex -5.33176 -8.07051 0
      vertex -6.02791 -7.56473 0
      vertex -5.96443 -7.43895 0
    endloop
  endfacet
  facet normal 0 0 -1
    outer loop
      vertex -6.25282 -8.26289 0
      vertex -5.92625 -8.50017 0
      vertex -6.05983 -8.57486 0
    endloop
  endfacet
  facet normal 0 0 -1
    outer loop
      vertex -5.43933 -8.16461 0
      vertex -6.08417 -7.69611 0
      vertex -6.02791 -7.56473 0
    endloop
  endfacet
  facet normal 0 0 -1
    outer loop
      vertex -5.55319 -8.25432 0
      vertex -6.13429 -7.83212 0
      vertex -6.08417 -7.69611 0
    endloop
  endfacet
  facet normal 0 0 -1
    outer loop
      vertex -5.67259 -8.34001 0
      vertex -6.17889 -7.97217 0
      vertex -6.13429 -7.83212 0
    endloop
  endfacet
  facet normal 0 0 -1
    outer loop
      vertex -5.79707 -8.42192 0
      vertex -6.21832 -8.11586 0
      vertex -6.17889 -7.97217 0
    endloop
  endfacet
  facet normal 0 0 -1
    outer loop
      vertex -5.92625 -8.50017 0
      vertex -6.25282 -8.26289 0
      vertex -6.21832 -8.11586 0
    endloop
  endfacet
  facet normal 0 -0 -1
    outer loop
      vertex -6.25282 -8.26289 0
      vertex -6.05983 -8.57486 0
      vertex -6.28258 -8.41302 0
    endloop
  endfacet
  facet normal -0 0 -1
    outer loop
      vertex -3.27692 3.51886 0
      vertex -4.68588 1.07847 0
      vertex -3.43999 3.55408 0
    endloop
  endfacet
  facet normal 0 0 -1
    outer loop
      vertex -4.79792 1.20208 0
      vertex -3.43999 3.55408 0
      vertex -4.68588 1.07847 0
    endloop
  endfacet
  facet normal -0 0 -1
    outer loop
      vertex -3.43999 3.55408 0
      vertex -4.79792 1.20208 0
      vertex -3.59882 3.60511 0
    endloop
  endfacet
  facet normal 0 0 -1
    outer loop
      vertex -4.92153 1.31412 0
      vertex -3.59882 3.60511 0
      vertex -4.79792 1.20208 0
    endloop
  endfacet
  facet normal -0 0 -1
    outer loop
      vertex -3.59882 3.60511 0
      vertex -4.92153 1.31412 0
      vertex -3.75189 3.67147 0
    endloop
  endfacet
  facet normal 0 0 -1
    outer loop
      vertex -5.05553 1.4135 0
      vertex -3.75189 3.67147 0
      vertex -4.92153 1.31412 0
    endloop
  endfacet
  facet normal -0 0 -1
    outer loop
      vertex -3.75189 3.67147 0
      vertex -5.05553 1.4135 0
      vertex -3.89771 3.75251 0
    endloop
  endfacet
  facet normal 0 0 -1
    outer loop
      vertex -5.19862 1.49927 0
      vertex -3.89771 3.75251 0
      vertex -5.05553 1.4135 0
    endloop
  endfacet
  facet normal -0 0 -1
    outer loop
      vertex -3.89771 3.75251 0
      vertex -5.19862 1.49927 0
      vertex -4.03489 3.84745 0
    endloop
  endfacet
  facet normal 0 0 -1
    outer loop
      vertex -5.34944 1.57059 0
      vertex -4.03489 3.84745 0
      vertex -5.19862 1.49927 0
    endloop
  endfacet
  facet normal -0 0 -1
    outer loop
      vertex -4.03489 3.84745 0
      vertex -5.34944 1.57059 0
      vertex -4.16211 3.95538 0
    endloop
  endfacet
  facet normal 0 0 -1
    outer loop
      vertex -5.50652 1.6268 0
      vertex -4.16211 3.95538 0
      vertex -5.34944 1.57059 0
    endloop
  endfacet
  facet normal -0 0 -1
    outer loop
      vertex -4.16211 3.95538 0
      vertex -5.50652 1.6268 0
      vertex -4.27813 4.07526 0
    endloop
  endfacet
  facet normal 0 0 -1
    outer loop
      vertex -5.66835 1.66733 0
      vertex -4.27813 4.07526 0
      vertex -5.50652 1.6268 0
    endloop
  endfacet
  facet normal -0 0 -1
    outer loop
      vertex -4.27813 4.07526 0
      vertex -5.66835 1.66733 0
      vertex -4.38184 4.20594 0
    endloop
  endfacet
  facet normal -0 0 -1
    outer loop
      vertex -4.0036 8.80522 0
      vertex -4.77031 8.41457 0
      vertex -4.09512 8.91499 0
    endloop
  endfacet
  facet normal -0 0 -1
    outer loop
      vertex -4.19356 9.02141 0
      vertex -4.83356 8.69531 0
      vertex -4.2981 9.12473 0
    endloop
  endfacet
  facet normal 0 0 -1
    outer loop
      vertex -4.8557 8.84061 0
      vertex -4.2981 9.12473 0
      vertex -4.83356 8.69531 0
    endloop
  endfacet
  facet normal -0 0 -1
    outer loop
      vertex -4.2981 9.12473 0
      vertex -4.8557 8.84061 0
      vertex -4.40822 9.22508 0
    endloop
  endfacet
  facet normal 0 0 -1
    outer loop
      vertex -4.87216 8.98871 0
      vertex -4.40822 9.22508 0
      vertex -4.8557 8.84061 0
    endloop
  endfacet
  facet normal -0 0 -1
    outer loop
      vertex -4.40822 9.22508 0
      vertex -4.87216 8.98871 0
      vertex -4.52356 9.32259 0
    endloop
  endfacet
  facet normal 0 0 -1
    outer loop
      vertex -4.88324 9.13933 0
      vertex -4.52356 9.32259 0
      vertex -4.87216 8.98871 0
    endloop
  endfacet
  facet normal -0 0 -1
    outer loop
      vertex -4.52356 9.32259 0
      vertex -4.88324 9.13933 0
      vertex -4.64383 9.41725 0
    endloop
  endfacet
  facet normal 0 0 -1
    outer loop
      vertex -4.64383 9.41725 0
      vertex -4.88324 9.13933 0
      vertex -4.88914 9.29227 0
    endloop
  endfacet
  facet normal 0 0 -1
    outer loop
      vertex -1.30091 5.25177 0
      vertex -0.459611 0.859873 0
      vertex -0.54168 0.810682 0
    endloop
  endfacet
  facet normal 0 0 -1
    outer loop
      vertex -1.30091 5.25177 0
      vertex -0.54168 0.810682 0
      vertex -0.618533 0.753685 0
    endloop
  endfacet
  facet normal 0 0 -1
    outer loop
      vertex -1.30091 5.25177 0
      vertex -0.618533 0.753685 0
      vertex -0.689428 0.689428 0
    endloop
  endfacet
  facet normal 0 0 -1
    outer loop
      vertex -1.30091 5.25177 0
      vertex -0.689428 0.689428 0
      vertex -0.753685 0.618533 0
    endloop
  endfacet
  facet normal 0 0 -1
    outer loop
      vertex -1.30091 5.25177 0
      vertex -0.753685 0.618533 0
      vertex -0.810682 0.54168 0
    endloop
  endfacet
  facet normal 0 0 -1
    outer loop
      vertex -1.30091 5.25177 0
      vertex -0.810682 0.54168 0
      vertex -0.859873 0.459611 0
    endloop
  endfacet
  facet normal 0 0 -1
    outer loop
      vertex -1.30091 5.25177 0
      vertex -0.859873 0.459611 0
      vertex -0.900782 0.373116 0
    endloop
  endfacet
  facet normal 0 0 -1
    outer loop
      vertex -1.30091 5.25177 0
      vertex -0.900782 0.373116 0
      vertex -0.933017 0.283027 0
    endloop
  endfacet
  facet normal 0 0 -1
    outer loop
      vertex -1.30091 5.25177 0
      vertex -0.933017 0.283027 0
      vertex -0.956265 0.190212 0
    endloop
  endfacet
  facet normal 0 0 -1
    outer loop
      vertex -1.30091 5.25177 0
      vertex -0.956265 0.190212 0
      vertex -0.970304 0.0955658 0
    endloop
  endfacet
  facet normal 0 0 -1
    outer loop
      vertex 0.398529 9.80247 0
      vertex -0.398529 9.80247 0
      vertex 0.359146 9.94197 0
    endloop
  endfacet
  facet normal 0 0 -1
    outer loop
      vertex -1.30091 5.25177 0
      vertex -0.970304 0.0955658 0
      vertex -0.974999 0 0
    endloop
  endfacet
  facet normal 0 0 -1
    outer loop
      vertex -2.15 -3.72391 0
      vertex -0.459611 -0.859873 0
      vertex -2.00979 -3.81431 0
    endloop
  endfacet
  facet normal 0 0 -1
    outer loop
      vertex -1.91994 -9.17628 0
      vertex -1.00964 -9.32047 0
      vertex -1.01201 -9.34227 0
    endloop
  endfacet
  facet normal -0 0 -1
    outer loop
      vertex -0.459611 -0.859873 0
      vertex -2.15 -3.72391 0
      vertex -0.54168 -0.810682 0
    endloop
  endfacet
  facet normal 0 0 -1
    outer loop
      vertex -1.92444 -9.19775 0
      vertex -1.01201 -9.34227 0
      vertex -1.04263 -9.47763 0
    endloop
  endfacet
  facet normal 0 -0 -1
    outer loop
      vertex -0.398529 9.80247 0
      vertex 0.398529 9.80247 0
      vertex -0.430252 9.66312 0
    endloop
  endfacet
  facet normal 0 0 -1
    outer loop
      vertex -1.92444 -9.19775 0
      vertex -1.04263 -9.47763 0
      vertex -1.08669 -9.61145 0
    endloop
  endfacet
  facet normal -0 -0 -1
    outer loop
      vertex -1.20053 9.87575 0
      vertex -1.00964 9.32047 0
      vertex -1.26804 10.0063 0
    endloop
  endfacet
  facet normal 0 0 -1
    outer loop
      vertex -1.92706 -9.61945 0
      vertex -1.13982 -9.74413 0
      vertex -1.90999 -9.76338 0
    endloop
  endfacet
  facet normal -0 -0 -1
    outer loop
      vertex -1.13982 9.74413 0
      vertex -1.00964 9.32047 0
      vertex -1.20053 9.87575 0
    endloop
  endfacet
  facet normal 0 0 -1
    outer loop
      vertex -1.90999 -9.76338 0
      vertex -1.13982 -9.74413 0
      vertex -1.20053 -9.87575 0
    endloop
  endfacet
  facet normal -0 -0 -1
    outer loop
      vertex -1.04263 9.47763 0
      vertex -1.00964 9.32047 0
      vertex -1.08669 9.61145 0
    endloop
  endfacet
  facet normal 0 0 -1
    outer loop
      vertex -1.90999 -9.76338 0
      vertex -1.20053 -9.87575 0
      vertex -1.26804 -10.0063 0
    endloop
  endfacet
  facet normal 0 0 -1
    outer loop
      vertex -1.00964 9.32047 0
      vertex -1.04263 9.47763 0
      vertex -1.01201 9.34227 0
    endloop
  endfacet
  facet normal -0 -0 -1
    outer loop
      vertex -1.08669 9.61145 0
      vertex -1.00964 9.32047 0
      vertex -1.13982 9.74413 0
    endloop
  endfacet
  facet normal 0 0 -1
    outer loop
      vertex -1.00964 -9.32047 0
      vertex -1.31454 -5.41805 0
      vertex -1.30091 -5.25177 0
    endloop
  endfacet
  facet normal 0 0 -1
    outer loop
      vertex -1.88614 -9.90842 0
      vertex -1.26804 -10.0063 0
      vertex -1.34175 -10.1358 0
    endloop
  endfacet
  facet normal 0 0 -1
    outer loop
      vertex -1.00964 -9.32047 0
      vertex -1.34441 -5.58218 0
      vertex -1.31454 -5.41805 0
    endloop
  endfacet
  facet normal 0 0 -1
    outer loop
      vertex -1.00964 -9.32047 0
      vertex -1.39022 -5.7426 0
      vertex -1.34441 -5.58218 0
    endloop
  endfacet
  facet normal 0 0 -1
    outer loop
      vertex -1.85603 -10.0544 0
      vertex -1.34175 -10.1358 0
      vertex -1.42133 -10.2642 0
    endloop
  endfacet
  facet normal 0 0 -1
    outer loop
      vertex -1.00964 -9.32047 0
      vertex -1.45153 -5.89775 0
      vertex -1.39022 -5.7426 0
    endloop
  endfacet
  facet normal 0 0 -1
    outer loop
      vertex -1.82002 -10.201 0
      vertex -1.42133 -10.2642 0
      vertex -1.50644 -10.3914 0
    endloop
  endfacet
  facet normal 0 0 -1
    outer loop
      vertex -1.00964 -9.32047 0
      vertex -1.52776 -6.04615 0
      vertex -1.45153 -5.89775 0
    endloop
  endfacet
  facet normal 0 0 -1
    outer loop
      vertex -1.00964 -9.32047 0
      vertex -1.91994 -9.17628 0
      vertex -2.10228 -6.6398 0
    endloop
  endfacet
  facet normal 0 0 -1
    outer loop
      vertex -1.00964 -9.32047 0
      vertex -1.61816 -6.18636 0
      vertex -1.52776 -6.04615 0
    endloop
  endfacet
  facet normal 0 0 -1
    outer loop
      vertex -1.82002 -10.201 0
      vertex -1.50644 -10.3914 0
      vertex -1.77838 -10.3483 0
    endloop
  endfacet
  facet normal 0 0 -1
    outer loop
      vertex -1.42133 -10.2642 0
      vertex -1.82002 -10.201 0
      vertex -1.85603 -10.0544 0
    endloop
  endfacet
  facet normal 0 0 -1
    outer loop
      vertex -1.00964 -9.32047 0
      vertex -1.72187 -6.31704 0
      vertex -1.61816 -6.18636 0
    endloop
  endfacet
  facet normal 0 0 -1
    outer loop
      vertex -1.34175 -10.1358 0
      vertex -1.85603 -10.0544 0
      vertex -1.88614 -9.90842 0
    endloop
  endfacet
  facet normal 0 0 -1
    outer loop
      vertex -1.26804 -10.0063 0
      vertex -1.88614 -9.90842 0
      vertex -1.90999 -9.76338 0
    endloop
  endfacet
  facet normal 0 0 -1
    outer loop
      vertex -1.13982 -9.74413 0
      vertex -1.92706 -9.61945 0
      vertex -1.08669 -9.61145 0
    endloop
  endfacet
  facet normal 0 0 -1
    outer loop
      vertex -1.00964 -9.32047 0
      vertex -1.83789 -6.43692 0
      vertex -1.72187 -6.31704 0
    endloop
  endfacet
  facet normal 0 0 -1
    outer loop
      vertex -1.00964 -9.32047 0
      vertex -1.96511 -6.54485 0
      vertex -1.83789 -6.43692 0
    endloop
  endfacet
  facet normal 0 0 -1
    outer loop
      vertex -1.00964 -9.32047 0
      vertex -2.10228 -6.6398 0
      vertex -1.96511 -6.54485 0
    endloop
  endfacet
  facet normal 0 0 -1
    outer loop
      vertex -1.91994 -9.17628 0
      vertex -2.24811 -6.72084 0
      vertex -2.10228 -6.6398 0
    endloop
  endfacet
  facet normal 0 0 -1
    outer loop
      vertex -1.91994 -9.17628 0
      vertex -2.40117 -6.78719 0
      vertex -2.24811 -6.72084 0
    endloop
  endfacet
  facet normal 0 0 -1
    outer loop
      vertex -2.45526 -9.04778 0
      vertex -2.40117 -6.78719 0
      vertex -1.91994 -9.17628 0
    endloop
  endfacet
  facet normal 0 0 -1
    outer loop
      vertex -3.33179 -8.76297 0
      vertex -2.45526 -9.04778 0
      vertex -2.461 -9.06894 0
    endloop
  endfacet
  facet normal 0 0 -1
    outer loop
      vertex -3.33958 -8.78346 0
      vertex -2.461 -9.06894 0
      vertex -2.51242 -9.19783 0
    endloop
  endfacet
  facet normal 0 0 -1
    outer loop
      vertex -2.45526 -9.04778 0
      vertex -2.56001 -6.83823 0
      vertex -2.40117 -6.78719 0
    endloop
  endfacet
  facet normal 0 0 -1
    outer loop
      vertex -3.37375 -8.91797 0
      vertex -2.51242 -9.19783 0
      vertex -2.57687 -9.32312 0
    endloop
  endfacet
  facet normal 0 0 -1
    outer loop
      vertex -3.39525 -9.05721 0
      vertex -2.57687 -9.32312 0
      vertex -2.6501 -9.44586 0
    endloop
  endfacet
  facet normal 0 0 -1
    outer loop
      vertex -2.45526 -9.04778 0
      vertex -3.33179 -8.76297 0
      vertex -2.72308 -6.87345 0
    endloop
  endfacet
  facet normal 0 0 -1
    outer loop
      vertex -3.40816 -9.19955 0
      vertex -2.6501 -9.44586 0
      vertex -2.73067 -9.56636 0
    endloop
  endfacet
  facet normal 0 0 -1
    outer loop
      vertex -3.4138 -9.34439 0
      vertex -2.73067 -9.56636 0
      vertex -2.81775 -9.68475 0
    endloop
  endfacet
  facet normal 0 0 -1
    outer loop
      vertex -2.45526 -9.04778 0
      vertex -2.72308 -6.87345 0
      vertex -2.56001 -6.83823 0
    endloop
  endfacet
  facet normal 0 0 -1
    outer loop
      vertex -3.41293 -9.49136 0
      vertex -2.81775 -9.68475 0
      vertex -2.91083 -9.80112 0
    endloop
  endfacet
  facet normal 0 0 -1
    outer loop
      vertex -3.40604 -9.64021 0
      vertex -2.91083 -9.80112 0
      vertex -3.00949 -9.91545 0
    endloop
  endfacet
  facet normal 0 0 -1
    outer loop
      vertex -2.72308 -6.87345 0
      vertex -3.33179 -8.76297 0
      vertex -2.88881 -6.89251 0
    endloop
  endfacet
  facet normal 0 0 -1
    outer loop
      vertex -3.39342 -9.79071 0
      vertex -3.00949 -9.91545 0
      vertex -3.11346 -10.0278 0
    endloop
  endfacet
  facet normal 0 0 -1
    outer loop
      vertex -2.88881 -6.89251 0
      vertex -3.33179 -8.76297 0
      vertex -3.05562 -6.89524 0
    endloop
  endfacet
  facet normal -0 0 -1
    outer loop
      vertex -3.05562 -6.89524 0
      vertex -3.33179 -8.76297 0
      vertex -3.22189 -6.88161 0
    endloop
  endfacet
  facet normal 0 0 -1
    outer loop
      vertex -2.51242 -9.19783 0
      vertex -3.37375 -8.91797 0
      vertex -3.33958 -8.78346 0
    endloop
  endfacet
  facet normal 0 0 -1
    outer loop
      vertex -2.461 -9.06894 0
      vertex -3.33958 -8.78346 0
      vertex -3.33179 -8.76297 0
    endloop
  endfacet
  facet normal 0 0 -1
    outer loop
      vertex -3.39342 -9.79071 0
      vertex -3.11346 -10.0278 0
      vertex -3.37532 -9.94269 0
    endloop
  endfacet
  facet normal 0 0 -1
    outer loop
      vertex -3.00949 -9.91545 0
      vertex -3.39342 -9.79071 0
      vertex -3.40604 -9.64021 0
    endloop
  endfacet
  facet normal 0 0 -1
    outer loop
      vertex -2.91083 -9.80112 0
      vertex -3.40604 -9.64021 0
      vertex -3.41293 -9.49136 0
    endloop
  endfacet
  facet normal 0 0 -1
    outer loop
      vertex -2.81775 -9.68475 0
      vertex -3.41293 -9.49136 0
      vertex -3.4138 -9.34439 0
    endloop
  endfacet
  facet normal 0 0 -1
    outer loop
      vertex -2.57687 -9.32312 0
      vertex -3.39525 -9.05721 0
      vertex -3.37375 -8.91797 0
    endloop
  endfacet
  facet normal 0 0 -1
    outer loop
      vertex -2.6501 -9.44586 0
      vertex -3.40816 -9.19955 0
      vertex -3.39525 -9.05721 0
    endloop
  endfacet
  facet normal 0 0 -1
    outer loop
      vertex -2.73067 -9.56636 0
      vertex -3.4138 -9.34439 0
      vertex -3.40816 -9.19955 0
    endloop
  endfacet
  facet normal 0 0 -1
    outer loop
      vertex -1.30091 -5.25177 0
      vertex -0.460815 -9.36366 0
      vertex -1.00964 -9.32047 0
    endloop
  endfacet
  facet normal 0 0 -1
    outer loop
      vertex 0.190212 -0.956265 0
      vertex -1.55636 -4.29844 0
      vertex 0.0955658 -0.970304 0
    endloop
  endfacet
  facet normal 0 0 -1
    outer loop
      vertex 0.0955658 -0.970304 0
      vertex -1.55636 -4.29844 0
      vertex 0 -0.974999 0
    endloop
  endfacet
  facet normal 0 0 -1
    outer loop
      vertex -1.6513 -4.16126 0
      vertex 0 -0.974999 0
      vertex -1.55636 -4.29844 0
    endloop
  endfacet
  facet normal -0 0 -1
    outer loop
      vertex 0 -0.974999 0
      vertex -1.6513 -4.16126 0
      vertex -0.0955658 -0.970304 0
    endloop
  endfacet
  facet normal 0 0 -1
    outer loop
      vertex -1.75923 -4.03405 0
      vertex -0.0955658 -0.970304 0
      vertex -1.6513 -4.16126 0
    endloop
  endfacet
  facet normal -0 0 -1
    outer loop
      vertex -0.0955658 -0.970304 0
      vertex -1.75923 -4.03405 0
      vertex -0.190212 -0.956265 0
    endloop
  endfacet
  facet normal 0 0 -1
    outer loop
      vertex -1.87911 -3.91802 0
      vertex -0.190212 -0.956265 0
      vertex -1.75923 -4.03405 0
    endloop
  endfacet
  facet normal -0 0 -1
    outer loop
      vertex -0.190212 -0.956265 0
      vertex -1.87911 -3.91802 0
      vertex -0.283027 -0.933017 0
    endloop
  endfacet
  facet normal 0 0 -1
    outer loop
      vertex -2.00979 -3.81431 0
      vertex -0.283027 -0.933017 0
      vertex -1.87911 -3.91802 0
    endloop
  endfacet
  facet normal -0 0 -1
    outer loop
      vertex -0.373116 -0.900782 0
      vertex -2.00979 -3.81431 0
      vertex -0.459611 -0.859873 0
    endloop
  endfacet
  facet normal -0 0 -1
    outer loop
      vertex -0.283027 -0.933017 0
      vertex -2.00979 -3.81431 0
      vertex -0.373116 -0.900782 0
    endloop
  endfacet
  facet normal 0 0 -1
    outer loop
      vertex 1.92444 9.19775 0
      vertex 1.08669 9.61145 0
      vertex 1.93713 9.33595 0
    endloop
  endfacet
  facet normal 0 0 -1
    outer loop
      vertex 1.08669 9.61145 0
      vertex 1.92444 9.19775 0
      vertex 1.91994 9.17628 0
    endloop
  endfacet
  facet normal 0 0 -1
    outer loop
      vertex 1.93713 9.33595 0
      vertex 1.08669 9.61145 0
      vertex 1.9366 9.47684 0
    endloop
  endfacet
  facet normal 0 0 -1
    outer loop
      vertex 1.9366 9.47684 0
      vertex 1.08669 9.61145 0
      vertex 1.92706 9.61945 0
    endloop
  endfacet
  facet normal 0 0 -1
    outer loop
      vertex 4.64383 9.41725 0
      vertex 4.88324 9.13933 0
      vertex 4.87216 8.98871 0
    endloop
  endfacet
  facet normal 0 0 -1
    outer loop
      vertex 4.64383 9.41725 0
      vertex 4.87216 8.98871 0
      vertex 4.8557 8.84061 0
    endloop
  endfacet
  facet normal 0 0 -1
    outer loop
      vertex 4.64383 9.41725 0
      vertex 4.8557 8.84061 0
      vertex 4.83356 8.69531 0
    endloop
  endfacet
  facet normal 0 0 -1
    outer loop
      vertex 4.64383 9.41725 0
      vertex 4.83356 8.69531 0
      vertex 4.80533 8.55313 0
    endloop
  endfacet
  facet normal 0 0 -1
    outer loop
      vertex 4.64383 9.41725 0
      vertex 4.80533 8.55313 0
      vertex 4.77031 8.41457 0
    endloop
  endfacet
  facet normal 0 0 -1
    outer loop
      vertex 4.64383 9.41725 0
      vertex 4.77031 8.41457 0
      vertex 4.72729 8.28041 0
    endloop
  endfacet
  facet normal 0 0 -1
    outer loop
      vertex 4.66161 8.13387 0
      vertex 4.72729 8.28041 0
      vertex 4.6725 8.15289 0
    endloop
  endfacet
  facet normal -0 0 -1
    outer loop
      vertex 4.72729 8.28041 0
      vertex 4.66161 8.13387 0
      vertex 4.64383 9.41725 0
    endloop
  endfacet
  facet normal 0 0 -1
    outer loop
      vertex 4.88324 9.13933 0
      vertex 4.64383 9.41725 0
      vertex 4.88914 9.29227 0
    endloop
  endfacet
  facet normal 0 0 1
    outer loop
      vertex -0.461899 9.38556 4
      vertex 0.461899 9.38556 4
      vertex 0.45282 9.52405 4
    endloop
  endfacet
  facet normal -0 0 1
    outer loop
      vertex 1.08669 9.61145 4
      vertex 1.9366 9.47684 4
      vertex 1.92706 9.61945 4
    endloop
  endfacet
  facet normal 0 0 1
    outer loop
      vertex 1.9366 9.47684 4
      vertex 1.08669 9.61145 4
      vertex 1.93713 9.33595 4
    endloop
  endfacet
  facet normal -0 0 1
    outer loop
      vertex 1.04263 9.47763 4
      vertex 1.93713 9.33595 4
      vertex 1.08669 9.61145 4
    endloop
  endfacet
  facet normal -0 0 1
    outer loop
      vertex 1.13982 9.74413 4
      vertex 1.92706 9.61945 4
      vertex 1.90999 9.76338 4
    endloop
  endfacet
  facet normal 0 0 1
    outer loop
      vertex 2.73067 9.56636 4
      vertex 3.4138 9.34439 4
      vertex 3.41293 9.49136 4
    endloop
  endfacet
  facet normal 0 0 1
    outer loop
      vertex 2.81775 9.68475 4
      vertex 3.41293 9.49136 4
      vertex 3.40604 9.64021 4
    endloop
  endfacet
  facet normal -0 0 1
    outer loop
      vertex 2.73067 9.56636 4
      vertex 3.41293 9.49136 4
      vertex 2.81775 9.68475 4
    endloop
  endfacet
  facet normal 0 0 1
    outer loop
      vertex 2.91083 9.80112 4
      vertex 3.40604 9.64021 4
      vertex 3.39342 9.79071 4
    endloop
  endfacet
  facet normal -0 0 1
    outer loop
      vertex 3.00949 9.91545 4
      vertex 3.39342 9.79071 4
      vertex 3.37532 9.94269 4
    endloop
  endfacet
  facet normal 0 0 1
    outer loop
      vertex 3.40604 9.64021 4
      vertex 2.91083 9.80112 4
      vertex 2.81775 9.68475 4
    endloop
  endfacet
  facet normal 0 0 1
    outer loop
      vertex 3.4138 9.34439 4
      vertex 2.73067 9.56636 4
      vertex 3.40816 9.19955 4
    endloop
  endfacet
  facet normal 0 0 1
    outer loop
      vertex 3.40816 9.19955 4
      vertex 2.6501 9.44586 4
      vertex 3.39525 9.05721 4
    endloop
  endfacet
  facet normal -0 0 1
    outer loop
      vertex 2.57687 9.32312 4
      vertex 3.39525 9.05721 4
      vertex 2.6501 9.44586 4
    endloop
  endfacet
  facet normal 0 0 1
    outer loop
      vertex 3.00949 9.91545 4
      vertex 3.37532 9.94269 4
      vertex 3.11346 10.0278 4
    endloop
  endfacet
  facet normal 0 0 1
    outer loop
      vertex 3.39342 9.79071 4
      vertex 3.00949 9.91545 4
      vertex 2.91083 9.80112 4
    endloop
  endfacet
  facet normal -0 0 1
    outer loop
      vertex 2.6501 9.44586 4
      vertex 3.40816 9.19955 4
      vertex 2.73067 9.56636 4
    endloop
  endfacet
  facet normal 0 0 1
    outer loop
      vertex 3.39525 9.05721 4
      vertex 2.57687 9.32312 4
      vertex 3.37375 8.91797 4
    endloop
  endfacet
  facet normal -0 0 1
    outer loop
      vertex 2.51242 9.19783 4
      vertex 3.37375 8.91797 4
      vertex 2.57687 9.32312 4
    endloop
  endfacet
  facet normal 0 0 1
    outer loop
      vertex 3.37375 8.91797 4
      vertex 2.51242 9.19783 4
      vertex 3.33958 8.78346 4
    endloop
  endfacet
  facet normal 0 -0 1
    outer loop
      vertex 2.72308 6.87345 4
      vertex 3.33179 8.76297 4
      vertex 2.45526 9.04778 4
    endloop
  endfacet
  facet normal 0 0 1
    outer loop
      vertex 3.33179 8.76297 4
      vertex 3.05562 6.89524 4
      vertex 3.22189 6.88161 4
    endloop
  endfacet
  facet normal 0 0 1
    outer loop
      vertex 3.33179 8.76297 4
      vertex 2.88881 6.89251 4
      vertex 3.05562 6.89524 4
    endloop
  endfacet
  facet normal -0 0 1
    outer loop
      vertex 2.461 9.06894 4
      vertex 3.33958 8.78346 4
      vertex 2.51242 9.19783 4
    endloop
  endfacet
  facet normal 0 0 1
    outer loop
      vertex 3.33179 8.76297 4
      vertex 2.72308 6.87345 4
      vertex 2.88881 6.89251 4
    endloop
  endfacet
  facet normal 0 0 1
    outer loop
      vertex 3.33958 8.78346 4
      vertex 2.461 9.06894 4
      vertex 3.33179 8.76297 4
    endloop
  endfacet
  facet normal 0 0 1
    outer loop
      vertex 3.33179 8.76297 4
      vertex 2.461 9.06894 4
      vertex 2.45526 9.04778 4
    endloop
  endfacet
  facet normal 0 0 1
    outer loop
      vertex 2.72308 6.87345 4
      vertex 2.45526 9.04778 4
      vertex 2.56001 6.83823 4
    endloop
  endfacet
  facet normal 0 0 1
    outer loop
      vertex 2.45526 9.04778 4
      vertex 2.40117 6.78719 4
      vertex 2.56001 6.83823 4
    endloop
  endfacet
  facet normal 0 0 1
    outer loop
      vertex 1.91994 9.17628 4
      vertex 2.40117 6.78719 4
      vertex 2.45526 9.04778 4
    endloop
  endfacet
  facet normal 0 0 1
    outer loop
      vertex 2.40117 6.78719 4
      vertex 1.91994 9.17628 4
      vertex 2.24811 6.72084 4
    endloop
  endfacet
  facet normal 0 0 1
    outer loop
      vertex 2.24811 6.72084 4
      vertex 1.91994 9.17628 4
      vertex 2.10228 6.6398 4
    endloop
  endfacet
  facet normal 0 0 1
    outer loop
      vertex 1.00964 9.32047 4
      vertex 2.10228 6.6398 4
      vertex 1.91994 9.17628 4
    endloop
  endfacet
  facet normal -0 0 1
    outer loop
      vertex 1.20053 9.87575 4
      vertex 1.90999 9.76338 4
      vertex 1.88614 9.90842 4
    endloop
  endfacet
  facet normal 0 0 1
    outer loop
      vertex 1.92706 9.61945 4
      vertex 1.13982 9.74413 4
      vertex 1.08669 9.61145 4
    endloop
  endfacet
  facet normal -0 0 1
    outer loop
      vertex 1.26804 10.0063 4
      vertex 1.88614 9.90842 4
      vertex 1.85603 10.0544 4
    endloop
  endfacet
  facet normal 0 0 1
    outer loop
      vertex 2.10228 6.6398 4
      vertex 1.00964 9.32047 4
      vertex 1.96511 6.54485 4
    endloop
  endfacet
  facet normal -0 0 1
    outer loop
      vertex 1.34175 10.1358 4
      vertex 1.85603 10.0544 4
      vertex 1.82002 10.201 4
    endloop
  endfacet
  facet normal -0 0 1
    outer loop
      vertex 1.42133 10.2642 4
      vertex 1.82002 10.201 4
      vertex 1.77838 10.3483 4
    endloop
  endfacet
  facet normal 0 0 1
    outer loop
      vertex 1.96511 6.54485 4
      vertex 1.00964 9.32047 4
      vertex 1.83789 6.43692 4
    endloop
  endfacet
  facet normal 0 0 1
    outer loop
      vertex 0.460815 9.36366 4
      vertex 1.83789 6.43692 4
      vertex 1.00964 9.32047 4
    endloop
  endfacet
  facet normal 0 0 1
    outer loop
      vertex 1.83789 6.43692 4
      vertex 0.460815 9.36366 4
      vertex 1.72187 6.31704 4
    endloop
  endfacet
  facet normal 0 0 1
    outer loop
      vertex 1.42133 10.2642 4
      vertex 1.77838 10.3483 4
      vertex 1.50644 10.3914 4
    endloop
  endfacet
  facet normal 0 0 1
    outer loop
      vertex 1.72187 6.31704 4
      vertex 0.460815 9.36366 4
      vertex 1.61816 6.18636 4
    endloop
  endfacet
  facet normal 0 0 1
    outer loop
      vertex 1.82002 10.201 4
      vertex 1.42133 10.2642 4
      vertex 1.34175 10.1358 4
    endloop
  endfacet
  facet normal 0 0 1
    outer loop
      vertex -1.61816 6.18636 4
      vertex 1.61816 6.18636 4
      vertex 0.460815 9.36366 4
    endloop
  endfacet
  facet normal 0 0 1
    outer loop
      vertex 1.61816 6.18636 4
      vertex -1.61816 6.18636 4
      vertex 1.52776 6.04615 4
    endloop
  endfacet
  facet normal 0 0 1
    outer loop
      vertex 1.85603 10.0544 4
      vertex 1.34175 10.1358 4
      vertex 1.26804 10.0063 4
    endloop
  endfacet
  facet normal 0 -0 1
    outer loop
      vertex -1.52776 6.04615 4
      vertex 1.52776 6.04615 4
      vertex -1.61816 6.18636 4
    endloop
  endfacet
  facet normal 0 0 1
    outer loop
      vertex 1.52776 6.04615 4
      vertex -1.52776 6.04615 4
      vertex 1.45153 5.89775 4
    endloop
  endfacet
  facet normal 0 0 1
    outer loop
      vertex 1.88614 9.90842 4
      vertex 1.26804 10.0063 4
      vertex 1.20053 9.87575 4
    endloop
  endfacet
  facet normal 0 0 1
    outer loop
      vertex 3.34929 -1.016 4
      vertex 4.50073 -0.801374 4
      vertex 3.43275 -0.682816 4
    endloop
  endfacet
  facet normal 0 0 1
    outer loop
      vertex 4.50073 -0.801374 4
      vertex 3.34929 -1.016 4
      vertex 4.5865 -0.944468 4
    endloop
  endfacet
  facet normal 0 0 1
    outer loop
      vertex 3.23358 -1.33939 4
      vertex 4.5865 -0.944468 4
      vertex 3.34929 -1.016 4
    endloop
  endfacet
  facet normal 0 0 1
    outer loop
      vertex 3.08672 -1.64989 4
      vertex 4.5865 -0.944468 4
      vertex 3.23358 -1.33939 4
    endloop
  endfacet
  facet normal 0 0 1
    outer loop
      vertex 4.5865 -0.944468 4
      vertex 3.08672 -1.64989 4
      vertex 3.59882 -3.60511 4
    endloop
  endfacet
  facet normal -0 0 1
    outer loop
      vertex 2.91014 -1.9445 4
      vertex 3.59882 -3.60511 4
      vertex 3.08672 -1.64989 4
    endloop
  endfacet
  facet normal 0 0 1
    outer loop
      vertex 3.59882 -3.60511 4
      vertex 2.91014 -1.9445 4
      vertex 3.43999 -3.55408 4
    endloop
  endfacet
  facet normal 0 0 1
    outer loop
      vertex 3.43999 -3.55408 4
      vertex 2.91014 -1.9445 4
      vertex 3.27692 -3.51886 4
    endloop
  endfacet
  facet normal -0 0 1
    outer loop
      vertex 2.70554 -2.22038 4
      vertex 3.27692 -3.51886 4
      vertex 2.91014 -1.9445 4
    endloop
  endfacet
  facet normal 0 0 1
    outer loop
      vertex 3.27692 -3.51886 4
      vertex 2.70554 -2.22038 4
      vertex 3.11119 -3.49979 4
    endloop
  endfacet
  facet normal -0 0 1
    outer loop
      vertex 2.47487 -2.47487 4
      vertex 3.11119 -3.49979 4
      vertex 2.70554 -2.22038 4
    endloop
  endfacet
  facet normal 0 0 1
    outer loop
      vertex 3.11119 -3.49979 4
      vertex 2.47487 -2.47487 4
      vertex 2.94438 -3.49706 4
    endloop
  endfacet
  facet normal 0 0 1
    outer loop
      vertex 2.94438 -3.49706 4
      vertex 2.47487 -2.47487 4
      vertex 2.7781 -3.5107 4
    endloop
  endfacet
  facet normal -0 0 1
    outer loop
      vertex 2.22038 -2.70554 4
      vertex 2.7781 -3.5107 4
      vertex 2.47487 -2.47487 4
    endloop
  endfacet
  facet normal 0 0 1
    outer loop
      vertex 2.7781 -3.5107 4
      vertex 2.22038 -2.70554 4
      vertex 2.61397 -3.54056 4
    endloop
  endfacet
  facet normal 0 0 1
    outer loop
      vertex 2.61397 -3.54056 4
      vertex 2.22038 -2.70554 4
      vertex 2.45355 -3.58637 4
    endloop
  endfacet
  facet normal -0 0 1
    outer loop
      vertex 1.9445 -2.91014 4
      vertex 2.45355 -3.58637 4
      vertex 2.22038 -2.70554 4
    endloop
  endfacet
  facet normal 0 0 1
    outer loop
      vertex 2.45355 -3.58637 4
      vertex 1.9445 -2.91014 4
      vertex 2.2984 -3.64768 4
    endloop
  endfacet
  facet normal 0 0 1
    outer loop
      vertex 2.2984 -3.64768 4
      vertex 1.9445 -2.91014 4
      vertex 2.15 -3.72391 4
    endloop
  endfacet
  facet normal -0 0 1
    outer loop
      vertex 1.64989 -3.08672 4
      vertex 2.15 -3.72391 4
      vertex 1.9445 -2.91014 4
    endloop
  endfacet
  facet normal 0 0 1
    outer loop
      vertex 2.15 -3.72391 4
      vertex 1.64989 -3.08672 4
      vertex 2.00979 -3.81431 4
    endloop
  endfacet
  facet normal 0 0 1
    outer loop
      vertex 2.00979 -3.81431 4
      vertex 1.64989 -3.08672 4
      vertex 1.87911 -3.91802 4
    endloop
  endfacet
  facet normal -0 0 1
    outer loop
      vertex 1.33939 -3.23358 4
      vertex 1.87911 -3.91802 4
      vertex 1.64989 -3.08672 4
    endloop
  endfacet
  facet normal 0 0 1
    outer loop
      vertex 1.87911 -3.91802 4
      vertex 1.33939 -3.23358 4
      vertex 1.75923 -4.03405 4
    endloop
  endfacet
  facet normal -0 0 1
    outer loop
      vertex 1.016 -3.34929 4
      vertex 1.75923 -4.03405 4
      vertex 1.33939 -3.23358 4
    endloop
  endfacet
  facet normal 0 0 1
    outer loop
      vertex 1.75923 -4.03405 4
      vertex 1.016 -3.34929 4
      vertex 1.6513 -4.16126 4
    endloop
  endfacet
  facet normal 0 0 1
    outer loop
      vertex 1.6513 -4.16126 4
      vertex 1.016 -3.34929 4
      vertex 1.55636 -4.29844 4
    endloop
  endfacet
  facet normal -0 0 1
    outer loop
      vertex 0.682816 -3.43275 4
      vertex 1.55636 -4.29844 4
      vertex 1.016 -3.34929 4
    endloop
  endfacet
  facet normal 0 0 1
    outer loop
      vertex 1.55636 -4.29844 4
      vertex 0.682816 -3.43275 4
      vertex 1.47532 -4.44426 4
    endloop
  endfacet
  facet normal 0 0 1
    outer loop
      vertex 1.47532 -4.44426 4
      vertex 0.682816 -3.43275 4
      vertex 1.40896 -4.59733 4
    endloop
  endfacet
  facet normal -0 0 1
    outer loop
      vertex 0.34306 -3.48315 4
      vertex 1.40896 -4.59733 4
      vertex 0.682816 -3.43275 4
    endloop
  endfacet
  facet normal 0 0 1
    outer loop
      vertex 1.90999 -9.76338 4
      vertex 1.20053 -9.87575 4
      vertex 1.26804 -10.0063 4
    endloop
  endfacet
  facet normal 0 0 1
    outer loop
      vertex -1.30091 -5.25177 4
      vertex 1.30091 -5.25177 4
      vertex 1.30364 -5.08497 4
    endloop
  endfacet
  facet normal 0 0 1
    outer loop
      vertex 1.40896 -4.59733 4
      vertex 0.34306 -3.48315 4
      vertex 1.35793 -4.75616 4
    endloop
  endfacet
  facet normal 0 0 1
    outer loop
      vertex 1.31454 -5.41805 4
      vertex 1.00964 -9.32047 4
      vertex 1.20053 -9.87575 4
    endloop
  endfacet
  facet normal 0 0 1
    outer loop
      vertex 1.20053 -9.87575 4
      vertex 1.00964 -9.32047 4
      vertex 1.13982 -9.74413 4
    endloop
  endfacet
  facet normal 0 0 1
    outer loop
      vertex 1.13982 -9.74413 4
      vertex 1.00964 -9.32047 4
      vertex 1.08669 -9.61145 4
    endloop
  endfacet
  facet normal 0 0 1
    outer loop
      vertex 1.35793 -4.75616 4
      vertex 0.34306 -3.48315 4
      vertex 1.32271 -4.91923 4
    endloop
  endfacet
  facet normal 0 0 1
    outer loop
      vertex 1.08669 -9.61145 4
      vertex 1.00964 -9.32047 4
      vertex 1.04263 -9.47763 4
    endloop
  endfacet
  facet normal 0 0 1
    outer loop
      vertex 1.04263 -9.47763 4
      vertex 1.00964 -9.32047 4
      vertex 1.01201 -9.34227 4
    endloop
  endfacet
  facet normal -0 0 1
    outer loop
      vertex 0 -3.5 4
      vertex 1.32271 -4.91923 4
      vertex 0.34306 -3.48315 4
    endloop
  endfacet
  facet normal 0 0 1
    outer loop
      vertex 1.31454 -5.41805 4
      vertex -1.34441 -5.58218 4
      vertex -1.39022 -5.7426 4
    endloop
  endfacet
  facet normal 0 0 1
    outer loop
      vertex 1.31454 -5.41805 4
      vertex -1.39022 -5.7426 4
      vertex -1.45153 -5.89775 4
    endloop
  endfacet
  facet normal 0 0 1
    outer loop
      vertex 1.31454 -5.41805 4
      vertex -1.45153 -5.89775 4
      vertex -1.52776 -6.04615 4
    endloop
  endfacet
  facet normal 0 0 1
    outer loop
      vertex 1.31454 -5.41805 4
      vertex 0.460815 -9.36366 4
      vertex 1.00964 -9.32047 4
    endloop
  endfacet
  facet normal -0 0 1
    outer loop
      vertex -1.61816 -6.18636 4
      vertex 0.460815 -9.36366 4
      vertex -1.52776 -6.04615 4
    endloop
  endfacet
  facet normal 0 0 1
    outer loop
      vertex -1.32271 -4.91923 4
      vertex 1.32271 -4.91923 4
      vertex 0 -3.5 4
    endloop
  endfacet
  facet normal 0 0 1
    outer loop
      vertex 0.460815 -9.36366 4
      vertex -0.461899 -9.38556 4
      vertex 0.45282 -9.52405 4
    endloop
  endfacet
  facet normal 0 -0 1
    outer loop
      vertex -0.430252 -9.66312 4
      vertex 0.430252 -9.66312 4
      vertex -0.45282 -9.52405 4
    endloop
  endfacet
  facet normal 0 -0 1
    outer loop
      vertex -0.398529 -9.80247 4
      vertex 0.398529 -9.80247 4
      vertex -0.430252 -9.66312 4
    endloop
  endfacet
  facet normal 0 0 1
    outer loop
      vertex 0.398529 -9.80247 4
      vertex -0.398529 -9.80247 4
      vertex 0.359146 -9.94197 4
    endloop
  endfacet
  facet normal 0 0 1
    outer loop
      vertex 1.32271 -4.91923 4
      vertex -1.32271 -4.91923 4
      vertex 1.30364 -5.08497 4
    endloop
  endfacet
  facet normal 0 -0 1
    outer loop
      vertex -0.359146 -9.94197 4
      vertex 0.359146 -9.94197 4
      vertex -0.398529 -9.80247 4
    endloop
  endfacet
  facet normal 0 -0 1
    outer loop
      vertex -0.312897 -10.0815 4
      vertex 0.312897 -10.0815 4
      vertex -0.359146 -9.94197 4
    endloop
  endfacet
  facet normal 0 0 1
    outer loop
      vertex 0.13765 -10.4991 4
      vertex -0.201828 -10.3601 4
      vertex -0.13765 -10.4991 4
    endloop
  endfacet
  facet normal 0 0 1
    outer loop
      vertex 0.201828 -10.3601 4
      vertex -0.201828 -10.3601 4
      vertex 0.13765 -10.4991 4
    endloop
  endfacet
  facet normal 0 0 1
    outer loop
      vertex -1.32271 -4.91923 4
      vertex 0 -3.5 4
      vertex -0.34306 -3.48315 4
    endloop
  endfacet
  facet normal 0 -0 1
    outer loop
      vertex -0.201828 -10.3601 4
      vertex 0.201828 -10.3601 4
      vertex -0.26033 -10.2209 4
    endloop
  endfacet
  facet normal 0 0 1
    outer loop
      vertex 0.26033 -10.2209 4
      vertex -0.26033 -10.2209 4
      vertex 0.201828 -10.3601 4
    endloop
  endfacet
  facet normal 0 -0 1
    outer loop
      vertex -0.26033 -10.2209 4
      vertex 0.26033 -10.2209 4
      vertex -0.312897 -10.0815 4
    endloop
  endfacet
  facet normal 0 0 1
    outer loop
      vertex 0.312897 -10.0815 4
      vertex -0.312897 -10.0815 4
      vertex 0.26033 -10.2209 4
    endloop
  endfacet
  facet normal 0 0 1
    outer loop
      vertex 0.359146 -9.94197 4
      vertex -0.359146 -9.94197 4
      vertex 0.312897 -10.0815 4
    endloop
  endfacet
  facet normal 0 0 1
    outer loop
      vertex -1.40896 -4.59733 4
      vertex -0.34306 -3.48315 4
      vertex -0.682816 -3.43275 4
    endloop
  endfacet
  facet normal 0 0 1
    outer loop
      vertex 1.31454 -5.41805 4
      vertex -1.31454 -5.41805 4
      vertex -1.34441 -5.58218 4
    endloop
  endfacet
  facet normal 0 0 1
    outer loop
      vertex 1.31454 -5.41805 4
      vertex -1.52776 -6.04615 4
      vertex 0.460815 -9.36366 4
    endloop
  endfacet
  facet normal 0 0 1
    outer loop
      vertex -1.55636 -4.29844 4
      vertex -0.682816 -3.43275 4
      vertex -1.016 -3.34929 4
    endloop
  endfacet
  facet normal 0 0 1
    outer loop
      vertex 0.45282 -9.52405 4
      vertex -0.45282 -9.52405 4
      vertex 0.430252 -9.66312 4
    endloop
  endfacet
  facet normal 0 -0 1
    outer loop
      vertex -0.45282 -9.52405 4
      vertex 0.45282 -9.52405 4
      vertex -0.461899 -9.38556 4
    endloop
  endfacet
  facet normal 0 0 1
    outer loop
      vertex -0.461899 -9.38556 4
      vertex 0.460815 -9.36366 4
      vertex -0.460815 -9.36366 4
    endloop
  endfacet
  facet normal 0 0 1
    outer loop
      vertex 0.460815 -9.36366 4
      vertex -1.61816 -6.18636 4
      vertex -0.460815 -9.36366 4
    endloop
  endfacet
  facet normal -0 0 1
    outer loop
      vertex -1.72187 -6.31704 4
      vertex -0.460815 -9.36366 4
      vertex -1.61816 -6.18636 4
    endloop
  endfacet
  facet normal 0 0 1
    outer loop
      vertex 1.30091 -5.25177 4
      vertex -1.30091 -5.25177 4
      vertex -1.31454 -5.41805 4
    endloop
  endfacet
  facet normal 0 0 1
    outer loop
      vertex 1.30364 -5.08497 4
      vertex -1.30364 -5.08497 4
      vertex -1.30091 -5.25177 4
    endloop
  endfacet
  facet normal 0 0 1
    outer loop
      vertex 1.30364 -5.08497 4
      vertex -1.32271 -4.91923 4
      vertex -1.30364 -5.08497 4
    endloop
  endfacet
  facet normal 0 0 1
    outer loop
      vertex -1.75923 -4.03405 4
      vertex -1.016 -3.34929 4
      vertex -1.33939 -3.23358 4
    endloop
  endfacet
  facet normal 0 0 1
    outer loop
      vertex -0.34306 -3.48315 4
      vertex -1.35793 -4.75616 4
      vertex -1.32271 -4.91923 4
    endloop
  endfacet
  facet normal 0 0 1
    outer loop
      vertex -0.34306 -3.48315 4
      vertex -1.40896 -4.59733 4
      vertex -1.35793 -4.75616 4
    endloop
  endfacet
  facet normal 0 0 1
    outer loop
      vertex -0.682816 -3.43275 4
      vertex -1.47532 -4.44426 4
      vertex -1.40896 -4.59733 4
    endloop
  endfacet
  facet normal 0 0 1
    outer loop
      vertex -0.682816 -3.43275 4
      vertex -1.55636 -4.29844 4
      vertex -1.47532 -4.44426 4
    endloop
  endfacet
  facet normal 0 0 1
    outer loop
      vertex -1.87911 -3.91802 4
      vertex -1.33939 -3.23358 4
      vertex -1.64989 -3.08672 4
    endloop
  endfacet
  facet normal 0 0 1
    outer loop
      vertex -1.016 -3.34929 4
      vertex -1.6513 -4.16126 4
      vertex -1.55636 -4.29844 4
    endloop
  endfacet
  facet normal 0 0 1
    outer loop
      vertex -1.016 -3.34929 4
      vertex -1.75923 -4.03405 4
      vertex -1.6513 -4.16126 4
    endloop
  endfacet
  facet normal 0 0 1
    outer loop
      vertex -1.33939 -3.23358 4
      vertex -1.87911 -3.91802 4
      vertex -1.75923 -4.03405 4
    endloop
  endfacet
  facet normal 0 0 1
    outer loop
      vertex -2.15 -3.72391 4
      vertex -1.64989 -3.08672 4
      vertex -1.9445 -2.91014 4
    endloop
  endfacet
  facet normal 0 0 1
    outer loop
      vertex -1.64989 -3.08672 4
      vertex -2.00979 -3.81431 4
      vertex -1.87911 -3.91802 4
    endloop
  endfacet
  facet normal 0 0 1
    outer loop
      vertex -1.64989 -3.08672 4
      vertex -2.15 -3.72391 4
      vertex -2.00979 -3.81431 4
    endloop
  endfacet
  facet normal 0 0 1
    outer loop
      vertex -2.45355 -3.58637 4
      vertex -1.9445 -2.91014 4
      vertex -2.22038 -2.70554 4
    endloop
  endfacet
  facet normal 0 0 1
    outer loop
      vertex -1.9445 -2.91014 4
      vertex -2.2984 -3.64768 4
      vertex -2.15 -3.72391 4
    endloop
  endfacet
  facet normal 0 0 1
    outer loop
      vertex -1.9445 -2.91014 4
      vertex -2.45355 -3.58637 4
      vertex -2.2984 -3.64768 4
    endloop
  endfacet
  facet normal 0 0 1
    outer loop
      vertex -2.7781 -3.5107 4
      vertex -2.22038 -2.70554 4
      vertex -2.47487 -2.47487 4
    endloop
  endfacet
  facet normal 0 0 1
    outer loop
      vertex -2.22038 -2.70554 4
      vertex -2.61397 -3.54056 4
      vertex -2.45355 -3.58637 4
    endloop
  endfacet
  facet normal 0 0 1
    outer loop
      vertex -3.11119 -3.49979 4
      vertex -2.47487 -2.47487 4
      vertex -2.70554 -2.22038 4
    endloop
  endfacet
  facet normal 0 0 1
    outer loop
      vertex -2.22038 -2.70554 4
      vertex -2.7781 -3.5107 4
      vertex -2.61397 -3.54056 4
    endloop
  endfacet
  facet normal 0 0 1
    outer loop
      vertex -3.27692 -3.51886 4
      vertex -2.70554 -2.22038 4
      vertex -2.91014 -1.9445 4
    endloop
  endfacet
  facet normal 0 0 1
    outer loop
      vertex -2.47487 -2.47487 4
      vertex -2.94438 -3.49706 4
      vertex -2.7781 -3.5107 4
    endloop
  endfacet
  facet normal 0 0 1
    outer loop
      vertex -3.59882 -3.60511 4
      vertex -2.91014 -1.9445 4
      vertex -3.08672 -1.64989 4
    endloop
  endfacet
  facet normal 0 0 1
    outer loop
      vertex -2.47487 -2.47487 4
      vertex -3.11119 -3.49979 4
      vertex -2.94438 -3.49706 4
    endloop
  endfacet
  facet normal 0 0 1
    outer loop
      vertex -4.79792 -1.20208 4
      vertex -3.08672 -1.64989 4
      vertex -3.23358 -1.33939 4
    endloop
  endfacet
  facet normal 0 0 1
    outer loop
      vertex -2.70554 -2.22038 4
      vertex -3.27692 -3.51886 4
      vertex -3.11119 -3.49979 4
    endloop
  endfacet
  facet normal 0 0 1
    outer loop
      vertex -4.5865 -0.944468 4
      vertex -3.23358 -1.33939 4
      vertex -3.34929 -1.016 4
    endloop
  endfacet
  facet normal -0 0 1
    outer loop
      vertex -4.50073 -0.801374 4
      vertex -3.34929 -1.016 4
      vertex -3.43275 -0.682816 4
    endloop
  endfacet
  facet normal 0 0 1
    outer loop
      vertex -2.91014 -1.9445 4
      vertex -3.43999 -3.55408 4
      vertex -3.27692 -3.51886 4
    endloop
  endfacet
  facet normal -0 0 1
    outer loop
      vertex -4.3732 -0.493484 4
      vertex -3.43275 -0.682816 4
      vertex -3.48315 -0.34306 4
    endloop
  endfacet
  facet normal -0 0 1
    outer loop
      vertex -4.30819 -0.166629 4
      vertex -3.48315 -0.34306 4
      vertex -3.5 0 4
    endloop
  endfacet
  facet normal 0 -0 1
    outer loop
      vertex -4.3732 0.493484 4
      vertex -3.43275 0.682816 4
      vertex -4.4294 0.650561 4
    endloop
  endfacet
  facet normal 0 0 1
    outer loop
      vertex -4.30819 -0.166629 4
      vertex -3.5 0 4
      vertex -4.3 0 4
    endloop
  endfacet
  facet normal 0 0 1
    outer loop
      vertex -4.92153 1.31412 4
      vertex -3.59882 3.60511 4
      vertex -3.75189 3.67147 4
    endloop
  endfacet
  facet normal 0 0 1
    outer loop
      vertex -3.48315 -0.34306 4
      vertex -4.30819 -0.166629 4
      vertex -4.33266 -0.331653 4
    endloop
  endfacet
  facet normal 0 0 1
    outer loop
      vertex -5.05553 1.4135 4
      vertex -3.75189 3.67147 4
      vertex -3.89771 3.75251 4
    endloop
  endfacet
  facet normal 0 0 1
    outer loop
      vertex -3.48315 -0.34306 4
      vertex -4.33266 -0.331653 4
      vertex -4.3732 -0.493484 4
    endloop
  endfacet
  facet normal 0 0 1
    outer loop
      vertex -5.19862 1.49927 4
      vertex -3.89771 3.75251 4
      vertex -4.03489 3.84745 4
    endloop
  endfacet
  facet normal 0 0 1
    outer loop
      vertex -3.43275 -0.682816 4
      vertex -4.3732 -0.493484 4
      vertex -4.4294 -0.650561 4
    endloop
  endfacet
  facet normal 0 0 1
    outer loop
      vertex -5.34944 1.57059 4
      vertex -4.03489 3.84745 4
      vertex -4.16211 3.95538 4
    endloop
  endfacet
  facet normal 0 0 1
    outer loop
      vertex -3.43275 -0.682816 4
      vertex -4.4294 -0.650561 4
      vertex -4.50073 -0.801374 4
    endloop
  endfacet
  facet normal 0 0 1
    outer loop
      vertex -5.50652 1.6268 4
      vertex -4.16211 3.95538 4
      vertex -4.27813 4.07526 4
    endloop
  endfacet
  facet normal 0 0 1
    outer loop
      vertex -3.34929 -1.016 4
      vertex -4.50073 -0.801374 4
      vertex -4.5865 -0.944468 4
    endloop
  endfacet
  facet normal 0 0 1
    outer loop
      vertex -3.23358 -1.33939 4
      vertex -4.5865 -0.944468 4
      vertex -4.68588 -1.07847 4
    endloop
  endfacet
  facet normal 0 0 1
    outer loop
      vertex -3.5 0 4
      vertex -4.30819 0.166629 4
      vertex -4.3 0 4
    endloop
  endfacet
  facet normal 0 0 1
    outer loop
      vertex -3.48315 0.34306 4
      vertex -4.30819 0.166629 4
      vertex -3.5 0 4
    endloop
  endfacet
  facet normal 0 -0 1
    outer loop
      vertex -4.30819 0.166629 4
      vertex -3.48315 0.34306 4
      vertex -4.33266 0.331653 4
    endloop
  endfacet
  facet normal 0 0 1
    outer loop
      vertex -5.66835 1.66733 4
      vertex -4.27813 4.07526 4
      vertex -4.38184 4.20594 4
    endloop
  endfacet
  facet normal 0 -0 1
    outer loop
      vertex -4.33266 0.331653 4
      vertex -3.48315 0.34306 4
      vertex -4.3732 0.493484 4
    endloop
  endfacet
  facet normal 0 0 1
    outer loop
      vertex -5.83337 1.69181 4
      vertex -4.38184 4.20594 4
      vertex -4.47224 4.34615 4
    endloop
  endfacet
  facet normal 0 0 1
    outer loop
      vertex -3.43275 0.682816 4
      vertex -4.3732 0.493484 4
      vertex -3.48315 0.34306 4
    endloop
  endfacet
  facet normal 0 0 1
    outer loop
      vertex -6 1.7 4
      vertex -4.47224 4.34615 4
      vertex -4.54847 4.49455 4
    endloop
  endfacet
  facet normal 0 0 1
    outer loop
      vertex -3.59882 3.60511 4
      vertex -4.5865 0.944468 4
      vertex -4.50073 0.801374 4
    endloop
  endfacet
  facet normal 0 0 1
    outer loop
      vertex -8.13387 4.66161 4
      vertex -4.54847 4.49455 4
      vertex -4.60978 4.6497 4
    endloop
  endfacet
  facet normal 0 0 1
    outer loop
      vertex -7.84622 5.131 4
      vertex -4.60978 4.6497 4
      vertex -4.65559 4.81012 4
    endloop
  endfacet
  facet normal 0 0 1
    outer loop
      vertex -7.30449 5.87663 4
      vertex -4.65559 4.81012 4
      vertex -4.68546 4.97426 4
    endloop
  endfacet
  facet normal 0 0 1
    outer loop
      vertex -3.59882 3.60511 4
      vertex -4.68588 1.07847 4
      vertex -4.5865 0.944468 4
    endloop
  endfacet
  facet normal 0 0 1
    outer loop
      vertex -7.30449 5.87663 4
      vertex -4.68546 4.97426 4
      vertex -4.69909 5.14053 4
    endloop
  endfacet
  facet normal 0 0 1
    outer loop
      vertex -3.59882 3.60511 4
      vertex -4.79792 1.20208 4
      vertex -4.68588 1.07847 4
    endloop
  endfacet
  facet normal 0 0 1
    outer loop
      vertex 4.52356 9.32259 4
      vertex 4.88324 9.13933 4
      vertex 4.88914 9.29227 4
    endloop
  endfacet
  facet normal 0 0 1
    outer loop
      vertex 4.88324 9.13933 4
      vertex 4.52356 9.32259 4
      vertex 4.87216 8.98871 4
    endloop
  endfacet
  facet normal -0 0 1
    outer loop
      vertex 4.40822 9.22508 4
      vertex 4.87216 8.98871 4
      vertex 4.52356 9.32259 4
    endloop
  endfacet
  facet normal -0 0 1
    outer loop
      vertex 4.2981 9.12473 4
      vertex 4.8557 8.84061 4
      vertex 4.40822 9.22508 4
    endloop
  endfacet
  facet normal 0 0 1
    outer loop
      vertex 4.8557 8.84061 4
      vertex 4.2981 9.12473 4
      vertex 4.83356 8.69531 4
    endloop
  endfacet
  facet normal -0 0 1
    outer loop
      vertex 4.19356 9.02141 4
      vertex 4.83356 8.69531 4
      vertex 4.2981 9.12473 4
    endloop
  endfacet
  facet normal 0 0 1
    outer loop
      vertex 4.83356 8.69531 4
      vertex 4.19356 9.02141 4
      vertex 4.80533 8.55313 4
    endloop
  endfacet
  facet normal 0 0 1
    outer loop
      vertex 4.80533 8.55313 4
      vertex 4.09512 8.91499 4
      vertex 4.77031 8.41457 4
    endloop
  endfacet
  facet normal -0 0 1
    outer loop
      vertex 4.52356 9.32259 4
      vertex 4.88914 9.29227 4
      vertex 4.64383 9.41725 4
    endloop
  endfacet
  facet normal 0 0 1
    outer loop
      vertex 5.92625 8.50017 4
      vertex 6.25282 8.26289 4
      vertex 6.28258 8.41302 4
    endloop
  endfacet
  facet normal 0 0 1
    outer loop
      vertex 6.25282 8.26289 4
      vertex 5.92625 8.50017 4
      vertex 6.21832 8.11586 4
    endloop
  endfacet
  facet normal -0 0 1
    outer loop
      vertex 5.79707 8.42192 4
      vertex 6.21832 8.11586 4
      vertex 5.92625 8.50017 4
    endloop
  endfacet
  facet normal -0 0 1
    outer loop
      vertex 5.67259 8.34001 4
      vertex 6.17889 7.97217 4
      vertex 5.79707 8.42192 4
    endloop
  endfacet
  facet normal -0 0 1
    outer loop
      vertex 5.92625 8.50017 4
      vertex 6.28258 8.41302 4
      vertex 6.05983 8.57486 4
    endloop
  endfacet
  facet normal 0 0 1
    outer loop
      vertex 6.21832 8.11586 4
      vertex 5.79707 8.42192 4
      vertex 6.17889 7.97217 4
    endloop
  endfacet
  facet normal 0 0 1
    outer loop
      vertex 6.17889 7.97217 4
      vertex 5.67259 8.34001 4
      vertex 6.13429 7.83212 4
    endloop
  endfacet
  facet normal -0 0 1
    outer loop
      vertex 5.55319 8.25432 4
      vertex 6.13429 7.83212 4
      vertex 5.67259 8.34001 4
    endloop
  endfacet
  facet normal 0 0 1
    outer loop
      vertex 6.13429 7.83212 4
      vertex 5.55319 8.25432 4
      vertex 6.08417 7.69611 4
    endloop
  endfacet
  facet normal -0 0 1
    outer loop
      vertex 5.43933 8.16461 4
      vertex 6.08417 7.69611 4
      vertex 5.55319 8.25432 4
    endloop
  endfacet
  facet normal 0 0 1
    outer loop
      vertex 6.08417 7.69611 4
      vertex 5.43933 8.16461 4
      vertex 6.02791 7.56473 4
    endloop
  endfacet
  facet normal -0 0 1
    outer loop
      vertex 5.33176 8.07051 4
      vertex 6.02791 7.56473 4
      vertex 5.43933 8.16461 4
    endloop
  endfacet
  facet normal 0 0 1
    outer loop
      vertex 6.02791 7.56473 4
      vertex 5.33176 8.07051 4
      vertex 5.96443 7.43895 4
    endloop
  endfacet
  facet normal 0 0 1
    outer loop
      vertex 4.68546 4.97426 4
      vertex 5.87663 7.30449 4
      vertex 4.69909 5.14053 4
    endloop
  endfacet
  facet normal -0 0 1
    outer loop
      vertex 5.23175 7.97127 4
      vertex 5.96443 7.43895 4
      vertex 5.33176 8.07051 4
    endloop
  endfacet
  facet normal 0 0 1
    outer loop
      vertex 5.87663 7.30449 4
      vertex 4.68546 4.97426 4
      vertex 5.83337 1.69181 4
    endloop
  endfacet
  facet normal 0 0 1
    outer loop
      vertex 5.96443 7.43895 4
      vertex 5.23175 7.97127 4
      vertex 5.89038 7.32158 4
    endloop
  endfacet
  facet normal -0 0 1
    outer loop
      vertex 4.65559 4.81012 4
      vertex 5.83337 1.69181 4
      vertex 4.68546 4.97426 4
    endloop
  endfacet
  facet normal -0 0 1
    outer loop
      vertex 5.14301 7.86458 4
      vertex 5.89038 7.32158 4
      vertex 5.23175 7.97127 4
    endloop
  endfacet
  facet normal 0 0 1
    outer loop
      vertex 5.89038 7.32158 4
      vertex 5.14301 7.86458 4
      vertex 5.87663 7.30449 4
    endloop
  endfacet
  facet normal -0 0 1
    outer loop
      vertex 4.60978 4.6497 4
      vertex 5.83337 1.69181 4
      vertex 4.65559 4.81012 4
    endloop
  endfacet
  facet normal 0 0 1
    outer loop
      vertex 5.87663 7.30449 4
      vertex 5.14301 7.86458 4
      vertex 5.131 7.84622 4
    endloop
  endfacet
  facet normal 0 0 1
    outer loop
      vertex 4.3487 6.23105 4
      vertex 5.87663 7.30449 4
      vertex 5.131 7.84622 4
    endloop
  endfacet
  facet normal -0 0 1
    outer loop
      vertex 4.54847 4.49455 4
      vertex 5.83337 1.69181 4
      vertex 4.60978 4.6497 4
    endloop
  endfacet
  facet normal -0 0 1
    outer loop
      vertex 4.47224 4.34615 4
      vertex 5.83337 1.69181 4
      vertex 4.54847 4.49455 4
    endloop
  endfacet
  facet normal -0 0 1
    outer loop
      vertex 4.38184 4.20594 4
      vertex 5.83337 1.69181 4
      vertex 4.47224 4.34615 4
    endloop
  endfacet
  facet normal 0 0 1
    outer loop
      vertex 5.83337 1.69181 4
      vertex 4.38184 4.20594 4
      vertex 5.66835 1.66733 4
    endloop
  endfacet
  facet normal 0 0 1
    outer loop
      vertex 5.87663 7.30449 4
      vertex 4.69636 5.30734 4
      vertex 4.69909 5.14053 4
    endloop
  endfacet
  facet normal 0 0 1
    outer loop
      vertex 5.87663 7.30449 4
      vertex 4.67729 5.47307 4
      vertex 4.69636 5.30734 4
    endloop
  endfacet
  facet normal 0 0 1
    outer loop
      vertex 3.99021 6.57799 4
      vertex 5.131 7.84622 4
      vertex 4.66161 8.13387 4
    endloop
  endfacet
  facet normal 0 0 1
    outer loop
      vertex 4.87216 8.98871 4
      vertex 4.40822 9.22508 4
      vertex 4.8557 8.84061 4
    endloop
  endfacet
  facet normal 0 0 1
    outer loop
      vertex 5.87663 7.30449 4
      vertex 4.64207 5.63614 4
      vertex 4.67729 5.47307 4
    endloop
  endfacet
  facet normal 0 0 1
    outer loop
      vertex 5.87663 7.30449 4
      vertex 4.59104 5.79498 4
      vertex 4.64207 5.63614 4
    endloop
  endfacet
  facet normal 0 0 1
    outer loop
      vertex 5.87663 7.30449 4
      vertex 4.52468 5.94804 4
      vertex 4.59104 5.79498 4
    endloop
  endfacet
  facet normal -0 0 1
    outer loop
      vertex 4.09512 8.91499 4
      vertex 4.80533 8.55313 4
      vertex 4.19356 9.02141 4
    endloop
  endfacet
  facet normal 0 0 1
    outer loop
      vertex 5.87663 7.30449 4
      vertex 4.44364 6.09387 4
      vertex 4.52468 5.94804 4
    endloop
  endfacet
  facet normal -0 0 1
    outer loop
      vertex 4.0036 8.80522 4
      vertex 4.77031 8.41457 4
      vertex 4.09512 8.91499 4
    endloop
  endfacet
  facet normal 0 0 1
    outer loop
      vertex 5.87663 7.30449 4
      vertex 4.3487 6.23105 4
      vertex 4.44364 6.09387 4
    endloop
  endfacet
  facet normal 0 0 1
    outer loop
      vertex 4.77031 8.41457 4
      vertex 4.0036 8.80522 4
      vertex 4.72729 8.28041 4
    endloop
  endfacet
  facet normal 0 0 1
    outer loop
      vertex 5.131 7.84622 4
      vertex 4.24077 6.35826 4
      vertex 4.3487 6.23105 4
    endloop
  endfacet
  facet normal -0 0 1
    outer loop
      vertex 3.92035 8.69156 4
      vertex 4.72729 8.28041 4
      vertex 4.0036 8.80522 4
    endloop
  endfacet
  facet normal 0 0 1
    outer loop
      vertex 4.72729 8.28041 4
      vertex 3.92035 8.69156 4
      vertex 4.6725 8.15289 4
    endloop
  endfacet
  facet normal 0 0 1
    outer loop
      vertex 5.131 7.84622 4
      vertex 4.12089 6.47428 4
      vertex 4.24077 6.35826 4
    endloop
  endfacet
  facet normal -0 0 1
    outer loop
      vertex 3.8494 8.5723 4
      vertex 4.6725 8.15289 4
      vertex 3.92035 8.69156 4
    endloop
  endfacet
  facet normal 0 0 1
    outer loop
      vertex 3.54645 6.80593 4
      vertex 4.66161 8.13387 4
      vertex 3.84041 8.55229 4
    endloop
  endfacet
  facet normal 0 0 1
    outer loop
      vertex 4.6725 8.15289 4
      vertex 3.8494 8.5723 4
      vertex 4.66161 8.13387 4
    endloop
  endfacet
  facet normal 0 0 1
    outer loop
      vertex 5.131 7.84622 4
      vertex 3.99021 6.57799 4
      vertex 4.12089 6.47428 4
    endloop
  endfacet
  facet normal 0 0 1
    outer loop
      vertex 4.66161 8.13387 4
      vertex 3.8494 8.5723 4
      vertex 3.84041 8.55229 4
    endloop
  endfacet
  facet normal 0 0 1
    outer loop
      vertex 4.66161 8.13387 4
      vertex 3.85 6.6684 4
      vertex 3.99021 6.57799 4
    endloop
  endfacet
  facet normal 0 0 1
    outer loop
      vertex 4.66161 8.13387 4
      vertex 3.7016 6.74462 4
      vertex 3.85 6.6684 4
    endloop
  endfacet
  facet normal 0 0 1
    outer loop
      vertex 4.66161 8.13387 4
      vertex 3.54645 6.80593 4
      vertex 3.7016 6.74462 4
    endloop
  endfacet
  facet normal 0 0 1
    outer loop
      vertex 3.84041 8.55229 4
      vertex 3.38603 6.85174 4
      vertex 3.54645 6.80593 4
    endloop
  endfacet
  facet normal 0 0 1
    outer loop
      vertex 3.22189 6.88161 4
      vertex 3.84041 8.55229 4
      vertex 3.33179 8.76297 4
    endloop
  endfacet
  facet normal 0 0 1
    outer loop
      vertex 3.84041 8.55229 4
      vertex 3.22189 6.88161 4
      vertex 3.38603 6.85174 4
    endloop
  endfacet
  facet normal 0 0 1
    outer loop
      vertex 7.183 7.46844 4
      vertex 7.46844 7.183 4
      vertex 7.52132 7.32663 4
    endloop
  endfacet
  facet normal 0 0 1
    outer loop
      vertex 7.46844 7.183 4
      vertex 7.183 7.46844 4
      vertex 7.41136 7.04318 4
    endloop
  endfacet
  facet normal -0 0 1
    outer loop
      vertex 7.183 7.46844 4
      vertex 7.52132 7.32663 4
      vertex 7.32663 7.52132 4
    endloop
  endfacet
  facet normal -0 0 1
    outer loop
      vertex 7.04318 7.41136 4
      vertex 7.41136 7.04318 4
      vertex 7.183 7.46844 4
    endloop
  endfacet
  facet normal 0 0 1
    outer loop
      vertex 7.41136 7.04318 4
      vertex 7.04318 7.41136 4
      vertex 7.34995 6.90742 4
    endloop
  endfacet
  facet normal -0 0 1
    outer loop
      vertex 6.90742 7.34995 4
      vertex 7.34995 6.90742 4
      vertex 7.04318 7.41136 4
    endloop
  endfacet
  facet normal 0 0 1
    outer loop
      vertex 7.34995 6.90742 4
      vertex 6.90742 7.34995 4
      vertex 7.28398 6.77608 4
    endloop
  endfacet
  facet normal -0 0 1
    outer loop
      vertex 6.77608 7.28398 4
      vertex 7.28398 6.77608 4
      vertex 6.90742 7.34995 4
    endloop
  endfacet
  facet normal 0 0 1
    outer loop
      vertex 7.28398 6.77608 4
      vertex 6.77608 7.28398 4
      vertex 7.2132 6.64958 4
    endloop
  endfacet
  facet normal -0 0 1
    outer loop
      vertex 6.64958 7.2132 4
      vertex 7.2132 6.64958 4
      vertex 6.77608 7.28398 4
    endloop
  endfacet
  facet normal 0 0 1
    outer loop
      vertex 7.2132 6.64958 4
      vertex 6.64958 7.2132 4
      vertex 7.13708 6.52861 4
    endloop
  endfacet
  facet normal -0 0 1
    outer loop
      vertex 6.52861 7.13708 4
      vertex 7.13708 6.52861 4
      vertex 6.64958 7.2132 4
    endloop
  endfacet
  facet normal 0 0 1
    outer loop
      vertex 7.13708 6.52861 4
      vertex 6.52861 7.13708 4
      vertex 7.0547 6.41432 4
    endloop
  endfacet
  facet normal 0 0 1
    outer loop
      vertex 6.94696 6.29526 4
      vertex 6.80137 1.49927 4
      vertex 6.94447 1.4135 4
    endloop
  endfacet
  facet normal -0 0 1
    outer loop
      vertex 6.41432 7.0547 4
      vertex 7.0547 6.41432 4
      vertex 6.52861 7.13708 4
    endloop
  endfacet
  facet normal 0 0 1
    outer loop
      vertex 5.83337 1.69181 4
      vertex 6.94696 6.29526 4
      vertex 6.29526 6.94696 4
    endloop
  endfacet
  facet normal 0 0 1
    outer loop
      vertex 7.0547 6.41432 4
      vertex 6.41432 7.0547 4
      vertex 6.96321 6.30998 4
    endloop
  endfacet
  facet normal -0 0 1
    outer loop
      vertex 6.30998 6.96321 4
      vertex 6.96321 6.30998 4
      vertex 6.41432 7.0547 4
    endloop
  endfacet
  facet normal 0 0 1
    outer loop
      vertex 6.94696 6.29526 4
      vertex 6.65056 1.57059 4
      vertex 6.80137 1.49927 4
    endloop
  endfacet
  facet normal 0 0 1
    outer loop
      vertex 6.96321 6.30998 4
      vertex 6.30998 6.96321 4
      vertex 6.94696 6.29526 4
    endloop
  endfacet
  facet normal 0 0 1
    outer loop
      vertex 6.94696 6.29526 4
      vertex 6.49348 1.6268 4
      vertex 6.65056 1.57059 4
    endloop
  endfacet
  facet normal 0 0 1
    outer loop
      vertex 6.94696 6.29526 4
      vertex 6.30998 6.96321 4
      vertex 6.29526 6.94696 4
    endloop
  endfacet
  facet normal 0 0 1
    outer loop
      vertex 6.94696 6.29526 4
      vertex 6.33165 1.66733 4
      vertex 6.49348 1.6268 4
    endloop
  endfacet
  facet normal 0 0 1
    outer loop
      vertex 6.94696 6.29526 4
      vertex 6.16663 1.69181 4
      vertex 6.33165 1.66733 4
    endloop
  endfacet
  facet normal 0 0 1
    outer loop
      vertex 6.94696 6.29526 4
      vertex 6 1.7 4
      vertex 6.16663 1.69181 4
    endloop
  endfacet
  facet normal 0 0 1
    outer loop
      vertex 5.83337 1.69181 4
      vertex 6.29526 6.94696 4
      vertex 5.87663 7.30449 4
    endloop
  endfacet
  facet normal 0 0 1
    outer loop
      vertex 6.94696 6.29526 4
      vertex 5.83337 1.69181 4
      vertex 6 1.7 4
    endloop
  endfacet
  facet normal 0 0 1
    outer loop
      vertex 8.16461 -5.43933 4
      vertex 7.69611 -6.08417 4
      vertex 7.83212 -6.13429 4
    endloop
  endfacet
  facet normal -0 0 1
    outer loop
      vertex 7.66733 -0.331653 4
      vertex 7.84622 -5.131 4
      vertex 7.69181 -0.166629 4
    endloop
  endfacet
  facet normal -0 0 1
    outer loop
      vertex 7.6268 -0.493484 4
      vertex 7.84622 -5.131 4
      vertex 7.66733 -0.331653 4
    endloop
  endfacet
  facet normal -0 0 1
    outer loop
      vertex 7.57059 -0.650561 4
      vertex 7.84622 -5.131 4
      vertex 7.6268 -0.493484 4
    endloop
  endfacet
  facet normal -0 0 1
    outer loop
      vertex 7.49927 -0.801374 4
      vertex 7.84622 -5.131 4
      vertex 7.57059 -0.650561 4
    endloop
  endfacet
  facet normal -0 0 1
    outer loop
      vertex 7.4135 -0.944468 4
      vertex 7.84622 -5.131 4
      vertex 7.49927 -0.801374 4
    endloop
  endfacet
  facet normal -0 0 1
    outer loop
      vertex 7.31412 -1.07847 4
      vertex 7.84622 -5.131 4
      vertex 7.4135 -0.944468 4
    endloop
  endfacet
  facet normal -0 0 1
    outer loop
      vertex 7.20208 -1.20208 4
      vertex 7.84622 -5.131 4
      vertex 7.31412 -1.07847 4
    endloop
  endfacet
  facet normal -0 0 1
    outer loop
      vertex 7.07847 -1.31412 4
      vertex 7.84622 -5.131 4
      vertex 7.20208 -1.20208 4
    endloop
  endfacet
  facet normal -0 0 1
    outer loop
      vertex 6.94447 -1.4135 4
      vertex 7.84622 -5.131 4
      vertex 7.07847 -1.31412 4
    endloop
  endfacet
  facet normal 0 -0 1
    outer loop
      vertex 7.32158 -5.89038 4
      vertex 7.84622 -5.131 4
      vertex 7.30449 -5.87663 4
    endloop
  endfacet
  facet normal 0 0 1
    outer loop
      vertex 7.84622 -5.131 4
      vertex 7.56473 -6.02791 4
      vertex 7.69611 -6.08417 4
    endloop
  endfacet
  facet normal 0 0 1
    outer loop
      vertex 7.84622 -5.131 4
      vertex 7.32158 -5.89038 4
      vertex 7.43895 -5.96443 4
    endloop
  endfacet
  facet normal 0 0 1
    outer loop
      vertex 7.84622 -5.131 4
      vertex 7.43895 -5.96443 4
      vertex 7.56473 -6.02791 4
    endloop
  endfacet
  facet normal -0 0 1
    outer loop
      vertex 6.80137 -1.49927 4
      vertex 7.84622 -5.131 4
      vertex 6.94447 -1.4135 4
    endloop
  endfacet
  facet normal -0 0 1
    outer loop
      vertex 6.65056 -1.57059 4
      vertex 7.84622 -5.131 4
      vertex 6.80137 -1.49927 4
    endloop
  endfacet
  facet normal 0 0 1
    outer loop
      vertex 8.26289 6.25282 4
      vertex 8.50017 5.92625 4
      vertex 8.57486 6.05983 4
    endloop
  endfacet
  facet normal -0 0 1
    outer loop
      vertex 8.26289 6.25282 4
      vertex 8.57486 6.05983 4
      vertex 8.41302 6.28258 4
    endloop
  endfacet
  facet normal 0 0 1
    outer loop
      vertex 8.50017 5.92625 4
      vertex 8.26289 6.25282 4
      vertex 8.42192 5.79707 4
    endloop
  endfacet
  facet normal -0 0 1
    outer loop
      vertex 8.11586 6.21832 4
      vertex 8.42192 5.79707 4
      vertex 8.26289 6.25282 4
    endloop
  endfacet
  facet normal 0 0 1
    outer loop
      vertex 8.42192 5.79707 4
      vertex 8.11586 6.21832 4
      vertex 8.34001 5.67259 4
    endloop
  endfacet
  facet normal -0 0 1
    outer loop
      vertex 7.97217 6.17889 4
      vertex 8.34001 5.67259 4
      vertex 8.11586 6.21832 4
    endloop
  endfacet
  facet normal 0 0 1
    outer loop
      vertex 8.34001 5.67259 4
      vertex 7.97217 6.17889 4
      vertex 8.25432 5.55319 4
    endloop
  endfacet
  facet normal -0 0 1
    outer loop
      vertex 7.83212 6.13429 4
      vertex 8.25432 5.55319 4
      vertex 7.97217 6.17889 4
    endloop
  endfacet
  facet normal 0 0 1
    outer loop
      vertex 8.25432 5.55319 4
      vertex 7.83212 6.13429 4
      vertex 8.16461 5.43933 4
    endloop
  endfacet
  facet normal -0 0 1
    outer loop
      vertex 7.69611 6.08417 4
      vertex 8.16461 5.43933 4
      vertex 7.83212 6.13429 4
    endloop
  endfacet
  facet normal 0 0 1
    outer loop
      vertex 8.16461 5.43933 4
      vertex 7.69611 6.08417 4
      vertex 8.07051 5.33176 4
    endloop
  endfacet
  facet normal -0 0 1
    outer loop
      vertex 7.56473 6.02791 4
      vertex 8.07051 5.33176 4
      vertex 7.69611 6.08417 4
    endloop
  endfacet
  facet normal -0 0 1
    outer loop
      vertex 7.43895 5.96443 4
      vertex 7.97127 5.23175 4
      vertex 7.56473 6.02791 4
    endloop
  endfacet
  facet normal 0 0 1
    outer loop
      vertex 8.07051 5.33176 4
      vertex 7.56473 6.02791 4
      vertex 7.97127 5.23175 4
    endloop
  endfacet
  facet normal 0 0 1
    outer loop
      vertex 9.29227 4.88914 4
      vertex 9.32259 4.52356 4
      vertex 9.41725 4.64383 4
    endloop
  endfacet
  facet normal -0 0 1
    outer loop
      vertex 9.13933 4.88324 4
      vertex 9.32259 4.52356 4
      vertex 9.29227 4.88914 4
    endloop
  endfacet
  facet normal 0 0 1
    outer loop
      vertex 9.32259 4.52356 4
      vertex 9.13933 4.88324 4
      vertex 9.22508 4.40822 4
    endloop
  endfacet
  facet normal -0 0 1
    outer loop
      vertex 8.98871 4.87216 4
      vertex 9.22508 4.40822 4
      vertex 9.13933 4.88324 4
    endloop
  endfacet
  facet normal 0 0 1
    outer loop
      vertex 9.22508 4.40822 4
      vertex 8.98871 4.87216 4
      vertex 9.12473 4.2981 4
    endloop
  endfacet
  facet normal -0 0 1
    outer loop
      vertex 8.84061 4.8557 4
      vertex 9.12473 4.2981 4
      vertex 8.98871 4.87216 4
    endloop
  endfacet
  facet normal 0 0 1
    outer loop
      vertex 9.12473 4.2981 4
      vertex 8.84061 4.8557 4
      vertex 9.02141 4.19356 4
    endloop
  endfacet
  facet normal -0 0 1
    outer loop
      vertex 8.69531 4.83356 4
      vertex 9.02141 4.19356 4
      vertex 8.84061 4.8557 4
    endloop
  endfacet
  facet normal 0 0 1
    outer loop
      vertex 9.02141 4.19356 4
      vertex 8.69531 4.83356 4
      vertex 8.91499 4.09512 4
    endloop
  endfacet
  facet normal -0 0 1
    outer loop
      vertex 8.55313 4.80533 4
      vertex 8.91499 4.09512 4
      vertex 8.69531 4.83356 4
    endloop
  endfacet
  facet normal 0 0 1
    outer loop
      vertex 8.91499 4.09512 4
      vertex 8.55313 4.80533 4
      vertex 8.80522 4.0036 4
    endloop
  endfacet
  facet normal -0 0 1
    outer loop
      vertex 8.41457 4.77031 4
      vertex 8.80522 4.0036 4
      vertex 8.55313 4.80533 4
    endloop
  endfacet
  facet normal 0 0 1
    outer loop
      vertex 8.80522 4.0036 4
      vertex 8.41457 4.77031 4
      vertex 8.69156 3.92035 4
    endloop
  endfacet
  facet normal -0 0 1
    outer loop
      vertex 8.28041 4.72729 4
      vertex 8.69156 3.92035 4
      vertex 8.41457 4.77031 4
    endloop
  endfacet
  facet normal -0 0 1
    outer loop
      vertex 8.15289 4.6725 4
      vertex 8.5723 3.8494 4
      vertex 8.28041 4.72729 4
    endloop
  endfacet
  facet normal 0 0 1
    outer loop
      vertex 8.69156 3.92035 4
      vertex 8.28041 4.72729 4
      vertex 8.5723 3.8494 4
    endloop
  endfacet
  facet normal 0 0 1
    outer loop
      vertex 9.94269 3.37532 4
      vertex 9.91545 3.00949 4
      vertex 10.0278 3.11346 4
    endloop
  endfacet
  facet normal 0 0 1
    outer loop
      vertex 9.79071 3.39342 4
      vertex 9.91545 3.00949 4
      vertex 9.94269 3.37532 4
    endloop
  endfacet
  facet normal 0 0 1
    outer loop
      vertex 9.91545 3.00949 4
      vertex 9.79071 3.39342 4
      vertex 9.80112 2.91083 4
    endloop
  endfacet
  facet normal 0 0 1
    outer loop
      vertex 9.64021 3.40604 4
      vertex 9.80112 2.91083 4
      vertex 9.79071 3.39342 4
    endloop
  endfacet
  facet normal 0 0 1
    outer loop
      vertex 9.80112 2.91083 4
      vertex 9.64021 3.40604 4
      vertex 9.68475 2.81775 4
    endloop
  endfacet
  facet normal 0 0 1
    outer loop
      vertex 9.49136 3.41293 4
      vertex 9.68475 2.81775 4
      vertex 9.64021 3.40604 4
    endloop
  endfacet
  facet normal 0 0 1
    outer loop
      vertex 9.68475 2.81775 4
      vertex 9.49136 3.41293 4
      vertex 9.56636 2.73067 4
    endloop
  endfacet
  facet normal 0 0 1
    outer loop
      vertex 9.34439 3.4138 4
      vertex 9.56636 2.73067 4
      vertex 9.49136 3.41293 4
    endloop
  endfacet
  facet normal 0 0 1
    outer loop
      vertex 9.56636 2.73067 4
      vertex 9.34439 3.4138 4
      vertex 9.44586 2.6501 4
    endloop
  endfacet
  facet normal -0 0 1
    outer loop
      vertex 9.19955 3.40816 4
      vertex 9.44586 2.6501 4
      vertex 9.34439 3.4138 4
    endloop
  endfacet
  facet normal 0 0 1
    outer loop
      vertex 9.44586 2.6501 4
      vertex 9.19955 3.40816 4
      vertex 9.32312 2.57687 4
    endloop
  endfacet
  facet normal -0 0 1
    outer loop
      vertex 9.05721 3.39525 4
      vertex 9.32312 2.57687 4
      vertex 9.19955 3.40816 4
    endloop
  endfacet
  facet normal 0 0 1
    outer loop
      vertex 9.32312 2.57687 4
      vertex 9.05721 3.39525 4
      vertex 9.19783 2.51242 4
    endloop
  endfacet
  facet normal -0 0 1
    outer loop
      vertex 8.91797 3.37375 4
      vertex 9.19783 2.51242 4
      vertex 9.05721 3.39525 4
    endloop
  endfacet
  facet normal 0 0 1
    outer loop
      vertex 9.19783 2.51242 4
      vertex 8.91797 3.37375 4
      vertex 9.06894 2.461 4
    endloop
  endfacet
  facet normal 0 0 1
    outer loop
      vertex 9.06894 2.461 4
      vertex 8.78346 3.33958 4
      vertex 9.04778 2.45526 4
    endloop
  endfacet
  facet normal -0 0 1
    outer loop
      vertex 8.78346 3.33958 4
      vertex 9.06894 2.461 4
      vertex 8.91797 3.37375 4
    endloop
  endfacet
  facet normal 0 0 1
    outer loop
      vertex 10.3483 1.77838 4
      vertex 10.2642 1.42133 4
      vertex 10.3914 1.50644 4
    endloop
  endfacet
  facet normal 0 0 1
    outer loop
      vertex 10.201 1.82002 4
      vertex 10.2642 1.42133 4
      vertex 10.3483 1.77838 4
    endloop
  endfacet
  facet normal 0 0 1
    outer loop
      vertex 10.201 1.82002 4
      vertex 10.1358 1.34175 4
      vertex 10.2642 1.42133 4
    endloop
  endfacet
  facet normal 0 0 1
    outer loop
      vertex 10.0544 1.85603 4
      vertex 10.1358 1.34175 4
      vertex 10.201 1.82002 4
    endloop
  endfacet
  facet normal 0 0 1
    outer loop
      vertex 10.0544 1.85603 4
      vertex 10.0063 1.26804 4
      vertex 10.1358 1.34175 4
    endloop
  endfacet
  facet normal 0 0 1
    outer loop
      vertex 9.90842 1.88614 4
      vertex 10.0063 1.26804 4
      vertex 10.0544 1.85603 4
    endloop
  endfacet
  facet normal 0 0 1
    outer loop
      vertex 9.90842 1.88614 4
      vertex 9.87575 1.20053 4
      vertex 10.0063 1.26804 4
    endloop
  endfacet
  facet normal 0 0 1
    outer loop
      vertex 9.76338 1.90999 4
      vertex 9.87575 1.20053 4
      vertex 9.90842 1.88614 4
    endloop
  endfacet
  facet normal 0 0 1
    outer loop
      vertex 9.76338 1.90999 4
      vertex 9.74413 1.13982 4
      vertex 9.87575 1.20053 4
    endloop
  endfacet
  facet normal 0 0 1
    outer loop
      vertex 9.61945 1.92706 4
      vertex 9.74413 1.13982 4
      vertex 9.76338 1.90999 4
    endloop
  endfacet
  facet normal 0 0 1
    outer loop
      vertex 9.61945 1.92706 4
      vertex 9.61145 1.08669 4
      vertex 9.74413 1.13982 4
    endloop
  endfacet
  facet normal 0 0 1
    outer loop
      vertex 9.47684 1.9366 4
      vertex 9.61145 1.08669 4
      vertex 9.61945 1.92706 4
    endloop
  endfacet
  facet normal 0 0 1
    outer loop
      vertex 9.61145 1.08669 4
      vertex 9.47684 1.9366 4
      vertex 9.47763 1.04263 4
    endloop
  endfacet
  facet normal 0 0 1
    outer loop
      vertex 9.33595 1.93713 4
      vertex 9.47763 1.04263 4
      vertex 9.47684 1.9366 4
    endloop
  endfacet
  facet normal 0 0 1
    outer loop
      vertex 9.47763 1.04263 4
      vertex 9.33595 1.93713 4
      vertex 9.34227 1.01201 4
    endloop
  endfacet
  facet normal -0 0 1
    outer loop
      vertex 9.19775 1.92444 4
      vertex 9.34227 1.01201 4
      vertex 9.33595 1.93713 4
    endloop
  endfacet
  facet normal -0 0 1
    outer loop
      vertex 9.17628 1.91994 4
      vertex 9.32047 1.00964 4
      vertex 9.19775 1.92444 4
    endloop
  endfacet
  facet normal 0 0 1
    outer loop
      vertex 9.34227 1.01201 4
      vertex 9.19775 1.92444 4
      vertex 9.32047 1.00964 4
    endloop
  endfacet
  facet normal 0 0 1
    outer loop
      vertex 10.3601 0.201828 4
      vertex 10.4991 -0.13765 4
      vertex 10.4991 0.13765 4
    endloop
  endfacet
  facet normal 0 0 1
    outer loop
      vertex 10.3601 0.201828 4
      vertex 10.3601 -0.201828 4
      vertex 10.4991 -0.13765 4
    endloop
  endfacet
  facet normal 0 0 1
    outer loop
      vertex 10.2209 0.26033 4
      vertex 10.3601 -0.201828 4
      vertex 10.3601 0.201828 4
    endloop
  endfacet
  facet normal 0 0 1
    outer loop
      vertex 10.2209 0.26033 4
      vertex 10.2209 -0.26033 4
      vertex 10.3601 -0.201828 4
    endloop
  endfacet
  facet normal 0 0 1
    outer loop
      vertex 10.0815 0.312897 4
      vertex 10.2209 -0.26033 4
      vertex 10.2209 0.26033 4
    endloop
  endfacet
  facet normal 0 0 1
    outer loop
      vertex 10.0815 0.312897 4
      vertex 10.0815 -0.312897 4
      vertex 10.2209 -0.26033 4
    endloop
  endfacet
  facet normal 0 0 1
    outer loop
      vertex 9.94197 0.359146 4
      vertex 10.0815 -0.312897 4
      vertex 10.0815 0.312897 4
    endloop
  endfacet
  facet normal 0 0 1
    outer loop
      vertex 9.94197 0.359146 4
      vertex 9.94197 -0.359146 4
      vertex 10.0815 -0.312897 4
    endloop
  endfacet
  facet normal 0 0 1
    outer loop
      vertex 9.80247 0.398529 4
      vertex 9.94197 -0.359146 4
      vertex 9.94197 0.359146 4
    endloop
  endfacet
  facet normal 0 0 1
    outer loop
      vertex 9.80247 0.398529 4
      vertex 9.80247 -0.398529 4
      vertex 9.94197 -0.359146 4
    endloop
  endfacet
  facet normal 0 0 1
    outer loop
      vertex 9.66312 0.430252 4
      vertex 9.80247 -0.398529 4
      vertex 9.80247 0.398529 4
    endloop
  endfacet
  facet normal 0 0 1
    outer loop
      vertex 9.66312 0.430252 4
      vertex 9.66312 -0.430252 4
      vertex 9.80247 -0.398529 4
    endloop
  endfacet
  facet normal 0 0 1
    outer loop
      vertex 9.52405 0.45282 4
      vertex 9.66312 -0.430252 4
      vertex 9.66312 0.430252 4
    endloop
  endfacet
  facet normal 0 0 1
    outer loop
      vertex 9.52405 0.45282 4
      vertex 9.52405 -0.45282 4
      vertex 9.66312 -0.430252 4
    endloop
  endfacet
  facet normal 0 0 1
    outer loop
      vertex 9.38556 0.461899 4
      vertex 9.52405 -0.45282 4
      vertex 9.52405 0.45282 4
    endloop
  endfacet
  facet normal 0 0 1
    outer loop
      vertex 9.38556 0.461899 4
      vertex 9.38556 -0.461899 4
      vertex 9.52405 -0.45282 4
    endloop
  endfacet
  facet normal -0 0 1
    outer loop
      vertex 9.36366 0.460815 4
      vertex 9.38556 -0.461899 4
      vertex 9.38556 0.461899 4
    endloop
  endfacet
  facet normal 0 0 1
    outer loop
      vertex 9.36366 0.460815 4
      vertex 9.36366 -0.460815 4
      vertex 9.38556 -0.461899 4
    endloop
  endfacet
  facet normal 0 0 1
    outer loop
      vertex 9.32047 1.00964 4
      vertex 9.36366 -0.460815 4
      vertex 9.36366 0.460815 4
    endloop
  endfacet
  facet normal 0 0 1
    outer loop
      vertex 9.36366 -0.460815 4
      vertex 9.32047 1.00964 4
      vertex 9.32047 -1.00964 4
    endloop
  endfacet
  facet normal 0 0 1
    outer loop
      vertex 10.2642 -1.42133 4
      vertex 10.3483 -1.77838 4
      vertex 10.3914 -1.50644 4
    endloop
  endfacet
  facet normal 0 0 1
    outer loop
      vertex 10.2642 -1.42133 4
      vertex 10.201 -1.82002 4
      vertex 10.3483 -1.77838 4
    endloop
  endfacet
  facet normal 0 0 1
    outer loop
      vertex 10.1358 -1.34175 4
      vertex 10.201 -1.82002 4
      vertex 10.2642 -1.42133 4
    endloop
  endfacet
  facet normal 0 0 1
    outer loop
      vertex 10.1358 -1.34175 4
      vertex 10.0544 -1.85603 4
      vertex 10.201 -1.82002 4
    endloop
  endfacet
  facet normal 0 0 1
    outer loop
      vertex 10.0063 -1.26804 4
      vertex 10.0544 -1.85603 4
      vertex 10.1358 -1.34175 4
    endloop
  endfacet
  facet normal 0 0 1
    outer loop
      vertex 10.0063 -1.26804 4
      vertex 9.90842 -1.88614 4
      vertex 10.0544 -1.85603 4
    endloop
  endfacet
  facet normal 0 0 1
    outer loop
      vertex 9.87575 -1.20053 4
      vertex 9.90842 -1.88614 4
      vertex 10.0063 -1.26804 4
    endloop
  endfacet
  facet normal 0 0 1
    outer loop
      vertex 9.87575 -1.20053 4
      vertex 9.76338 -1.90999 4
      vertex 9.90842 -1.88614 4
    endloop
  endfacet
  facet normal 0 0 1
    outer loop
      vertex 9.74413 -1.13982 4
      vertex 9.76338 -1.90999 4
      vertex 9.87575 -1.20053 4
    endloop
  endfacet
  facet normal 0 0 1
    outer loop
      vertex 9.74413 -1.13982 4
      vertex 9.61945 -1.92706 4
      vertex 9.76338 -1.90999 4
    endloop
  endfacet
  facet normal 0 0 1
    outer loop
      vertex 9.61145 -1.08669 4
      vertex 9.61945 -1.92706 4
      vertex 9.74413 -1.13982 4
    endloop
  endfacet
  facet normal 0 0 1
    outer loop
      vertex 9.47684 -1.9366 4
      vertex 9.61145 -1.08669 4
      vertex 9.47763 -1.04263 4
    endloop
  endfacet
  facet normal 0 0 1
    outer loop
      vertex 9.61145 -1.08669 4
      vertex 9.47684 -1.9366 4
      vertex 9.61945 -1.92706 4
    endloop
  endfacet
  facet normal 0 0 1
    outer loop
      vertex 9.33595 -1.93713 4
      vertex 9.47763 -1.04263 4
      vertex 9.34227 -1.01201 4
    endloop
  endfacet
  facet normal 0 0 1
    outer loop
      vertex 9.47763 -1.04263 4
      vertex 9.33595 -1.93713 4
      vertex 9.47684 -1.9366 4
    endloop
  endfacet
  facet normal 0 0 1
    outer loop
      vertex 9.19775 -1.92444 4
      vertex 9.34227 -1.01201 4
      vertex 9.32047 -1.00964 4
    endloop
  endfacet
  facet normal 0 0 1
    outer loop
      vertex 9.32047 1.00964 4
      vertex 9.17628 1.91994 4
      vertex 9.32047 -1.00964 4
    endloop
  endfacet
  facet normal 0 0 1
    outer loop
      vertex 9.17628 -1.91994 4
      vertex 9.32047 -1.00964 4
      vertex 9.17628 1.91994 4
    endloop
  endfacet
  facet normal 0 -0 1
    outer loop
      vertex 9.19775 -1.92444 4
      vertex 9.32047 -1.00964 4
      vertex 9.17628 -1.91994 4
    endloop
  endfacet
  facet normal 0 0 1
    outer loop
      vertex 9.34227 -1.01201 4
      vertex 9.19775 -1.92444 4
      vertex 9.33595 -1.93713 4
    endloop
  endfacet
  facet normal 0 0 1
    outer loop
      vertex 9.04778 2.45526 4
      vertex 9.17628 -1.91994 4
      vertex 9.17628 1.91994 4
    endloop
  endfacet
  facet normal 0 0 1
    outer loop
      vertex 9.17628 -1.91994 4
      vertex 9.04778 2.45526 4
      vertex 9.04778 -2.45526 4
    endloop
  endfacet
  facet normal 0 0 1
    outer loop
      vertex 9.91545 -3.00949 4
      vertex 9.94269 -3.37532 4
      vertex 10.0278 -3.11346 4
    endloop
  endfacet
  facet normal 0 0 1
    outer loop
      vertex 9.79071 -3.39342 4
      vertex 9.91545 -3.00949 4
      vertex 9.80112 -2.91083 4
    endloop
  endfacet
  facet normal 0 0 1
    outer loop
      vertex 9.91545 -3.00949 4
      vertex 9.79071 -3.39342 4
      vertex 9.94269 -3.37532 4
    endloop
  endfacet
  facet normal 0 0 1
    outer loop
      vertex 9.64021 -3.40604 4
      vertex 9.80112 -2.91083 4
      vertex 9.68475 -2.81775 4
    endloop
  endfacet
  facet normal 0 0 1
    outer loop
      vertex 9.80112 -2.91083 4
      vertex 9.64021 -3.40604 4
      vertex 9.79071 -3.39342 4
    endloop
  endfacet
  facet normal 0 0 1
    outer loop
      vertex 9.49136 -3.41293 4
      vertex 9.68475 -2.81775 4
      vertex 9.56636 -2.73067 4
    endloop
  endfacet
  facet normal 0 0 1
    outer loop
      vertex 9.68475 -2.81775 4
      vertex 9.49136 -3.41293 4
      vertex 9.64021 -3.40604 4
    endloop
  endfacet
  facet normal 0 0 1
    outer loop
      vertex 9.34439 -3.4138 4
      vertex 9.56636 -2.73067 4
      vertex 9.44586 -2.6501 4
    endloop
  endfacet
  facet normal 0 0 1
    outer loop
      vertex 9.56636 -2.73067 4
      vertex 9.34439 -3.4138 4
      vertex 9.49136 -3.41293 4
    endloop
  endfacet
  facet normal 0 0 1
    outer loop
      vertex 9.19955 -3.40816 4
      vertex 9.44586 -2.6501 4
      vertex 9.32312 -2.57687 4
    endloop
  endfacet
  facet normal 0 0 1
    outer loop
      vertex 9.44586 -2.6501 4
      vertex 9.19955 -3.40816 4
      vertex 9.34439 -3.4138 4
    endloop
  endfacet
  facet normal 0 0 1
    outer loop
      vertex 9.05721 -3.39525 4
      vertex 9.32312 -2.57687 4
      vertex 9.19783 -2.51242 4
    endloop
  endfacet
  facet normal 0 0 1
    outer loop
      vertex 8.91797 -3.37375 4
      vertex 9.19783 -2.51242 4
      vertex 9.06894 -2.461 4
    endloop
  endfacet
  facet normal 0 0 1
    outer loop
      vertex 9.32312 -2.57687 4
      vertex 9.05721 -3.39525 4
      vertex 9.19955 -3.40816 4
    endloop
  endfacet
  facet normal 0 0 1
    outer loop
      vertex 8.78346 -3.33958 4
      vertex 9.06894 -2.461 4
      vertex 9.04778 -2.45526 4
    endloop
  endfacet
  facet normal 0 0 1
    outer loop
      vertex 9.04778 2.45526 4
      vertex 8.76297 3.33179 4
      vertex 9.04778 -2.45526 4
    endloop
  endfacet
  facet normal 0 0 1
    outer loop
      vertex 8.76297 -3.33179 4
      vertex 9.04778 -2.45526 4
      vertex 8.76297 3.33179 4
    endloop
  endfacet
  facet normal 0 0 1
    outer loop
      vertex 9.04778 2.45526 4
      vertex 8.78346 3.33958 4
      vertex 8.76297 3.33179 4
    endloop
  endfacet
  facet normal 0 -0 1
    outer loop
      vertex 8.78346 -3.33958 4
      vertex 9.04778 -2.45526 4
      vertex 8.76297 -3.33179 4
    endloop
  endfacet
  facet normal 0 0 1
    outer loop
      vertex 9.19783 -2.51242 4
      vertex 8.91797 -3.37375 4
      vertex 9.05721 -3.39525 4
    endloop
  endfacet
  facet normal 0 0 1
    outer loop
      vertex 9.06894 -2.461 4
      vertex 8.78346 -3.33958 4
      vertex 8.91797 -3.37375 4
    endloop
  endfacet
  facet normal 0 0 1
    outer loop
      vertex 8.55229 3.84041 4
      vertex 8.76297 -3.33179 4
      vertex 8.76297 3.33179 4
    endloop
  endfacet
  facet normal 0 0 1
    outer loop
      vertex 8.76297 -3.33179 4
      vertex 8.55229 3.84041 4
      vertex 8.55229 -3.84041 4
    endloop
  endfacet
  facet normal 0 0 1
    outer loop
      vertex 9.32259 -4.52356 4
      vertex 9.29227 -4.88914 4
      vertex 9.41725 -4.64383 4
    endloop
  endfacet
  facet normal 0 0 1
    outer loop
      vertex 9.13933 -4.88324 4
      vertex 9.32259 -4.52356 4
      vertex 9.22508 -4.40822 4
    endloop
  endfacet
  facet normal 0 0 1
    outer loop
      vertex 9.32259 -4.52356 4
      vertex 9.13933 -4.88324 4
      vertex 9.29227 -4.88914 4
    endloop
  endfacet
  facet normal 0 0 1
    outer loop
      vertex 8.98871 -4.87216 4
      vertex 9.22508 -4.40822 4
      vertex 9.12473 -4.2981 4
    endloop
  endfacet
  facet normal 0 0 1
    outer loop
      vertex 8.84061 -4.8557 4
      vertex 9.12473 -4.2981 4
      vertex 9.02141 -4.19356 4
    endloop
  endfacet
  facet normal 0 0 1
    outer loop
      vertex 9.22508 -4.40822 4
      vertex 8.98871 -4.87216 4
      vertex 9.13933 -4.88324 4
    endloop
  endfacet
  facet normal 0 0 1
    outer loop
      vertex 8.69531 -4.83356 4
      vertex 9.02141 -4.19356 4
      vertex 8.91499 -4.09512 4
    endloop
  endfacet
  facet normal 0 0 1
    outer loop
      vertex 9.12473 -4.2981 4
      vertex 8.84061 -4.8557 4
      vertex 8.98871 -4.87216 4
    endloop
  endfacet
  facet normal 0 0 1
    outer loop
      vertex 8.55313 -4.80533 4
      vertex 8.91499 -4.09512 4
      vertex 8.80522 -4.0036 4
    endloop
  endfacet
  facet normal 0 0 1
    outer loop
      vertex 9.02141 -4.19356 4
      vertex 8.69531 -4.83356 4
      vertex 8.84061 -4.8557 4
    endloop
  endfacet
  facet normal 0 0 1
    outer loop
      vertex 8.41457 -4.77031 4
      vertex 8.80522 -4.0036 4
      vertex 8.69156 -3.92035 4
    endloop
  endfacet
  facet normal 0 0 1
    outer loop
      vertex 8.28041 -4.72729 4
      vertex 8.69156 -3.92035 4
      vertex 8.5723 -3.8494 4
    endloop
  endfacet
  facet normal 0 0 1
    outer loop
      vertex 8.91499 -4.09512 4
      vertex 8.55313 -4.80533 4
      vertex 8.69531 -4.83356 4
    endloop
  endfacet
  facet normal 0 0 1
    outer loop
      vertex 8.15289 -4.6725 4
      vertex 8.5723 -3.8494 4
      vertex 8.55229 -3.84041 4
    endloop
  endfacet
  facet normal 0 0 1
    outer loop
      vertex 8.55229 3.84041 4
      vertex 8.13387 4.66161 4
      vertex 8.55229 -3.84041 4
    endloop
  endfacet
  facet normal 0 0 1
    outer loop
      vertex 8.13387 -4.66161 4
      vertex 8.55229 -3.84041 4
      vertex 8.13387 4.66161 4
    endloop
  endfacet
  facet normal 0 0 1
    outer loop
      vertex 8.5723 3.8494 4
      vertex 8.15289 4.6725 4
      vertex 8.55229 3.84041 4
    endloop
  endfacet
  facet normal 0 -0 1
    outer loop
      vertex 8.15289 -4.6725 4
      vertex 8.55229 -3.84041 4
      vertex 8.13387 -4.66161 4
    endloop
  endfacet
  facet normal 0 0 1
    outer loop
      vertex 8.55229 3.84041 4
      vertex 8.15289 4.6725 4
      vertex 8.13387 4.66161 4
    endloop
  endfacet
  facet normal 0 0 1
    outer loop
      vertex 8.80522 -4.0036 4
      vertex 8.41457 -4.77031 4
      vertex 8.55313 -4.80533 4
    endloop
  endfacet
  facet normal 0 0 1
    outer loop
      vertex 8.69156 -3.92035 4
      vertex 8.28041 -4.72729 4
      vertex 8.41457 -4.77031 4
    endloop
  endfacet
  facet normal 0 0 1
    outer loop
      vertex 8.5723 -3.8494 4
      vertex 8.15289 -4.6725 4
      vertex 8.28041 -4.72729 4
    endloop
  endfacet
  facet normal 0 0 1
    outer loop
      vertex 7.84622 5.131 4
      vertex 8.13387 -4.66161 4
      vertex 8.13387 4.66161 4
    endloop
  endfacet
  facet normal 0 0 1
    outer loop
      vertex 8.13387 -4.66161 4
      vertex 7.84622 5.131 4
      vertex 7.84622 -5.131 4
    endloop
  endfacet
  facet normal 0 0 1
    outer loop
      vertex 8.26289 -6.25282 4
      vertex 8.50017 -5.92625 4
      vertex 8.42192 -5.79707 4
    endloop
  endfacet
  facet normal 0 0 1
    outer loop
      vertex 8.50017 -5.92625 4
      vertex 8.26289 -6.25282 4
      vertex 8.57486 -6.05983 4
    endloop
  endfacet
  facet normal 0 0 1
    outer loop
      vertex 8.11586 -6.21832 4
      vertex 8.42192 -5.79707 4
      vertex 8.34001 -5.67259 4
    endloop
  endfacet
  facet normal 0 0 1
    outer loop
      vertex 8.57486 -6.05983 4
      vertex 8.26289 -6.25282 4
      vertex 8.41302 -6.28258 4
    endloop
  endfacet
  facet normal 0 0 1
    outer loop
      vertex 7.97217 -6.17889 4
      vertex 8.34001 -5.67259 4
      vertex 8.25432 -5.55319 4
    endloop
  endfacet
  facet normal 0 0 1
    outer loop
      vertex 7.83212 -6.13429 4
      vertex 8.25432 -5.55319 4
      vertex 8.16461 -5.43933 4
    endloop
  endfacet
  facet normal 0 0 1
    outer loop
      vertex 8.42192 -5.79707 4
      vertex 8.11586 -6.21832 4
      vertex 8.26289 -6.25282 4
    endloop
  endfacet
  facet normal 0 0 1
    outer loop
      vertex 7.69611 -6.08417 4
      vertex 8.16461 -5.43933 4
      vertex 8.07051 -5.33176 4
    endloop
  endfacet
  facet normal 0 0 1
    outer loop
      vertex 8.34001 -5.67259 4
      vertex 7.97217 -6.17889 4
      vertex 8.11586 -6.21832 4
    endloop
  endfacet
  facet normal 0 0 1
    outer loop
      vertex 7.69611 -6.08417 4
      vertex 8.07051 -5.33176 4
      vertex 7.97127 -5.23175 4
    endloop
  endfacet
  facet normal 0 0 1
    outer loop
      vertex 7.69611 -6.08417 4
      vertex 7.97127 -5.23175 4
      vertex 7.86458 -5.14301 4
    endloop
  endfacet
  facet normal 0 0 1
    outer loop
      vertex 7.69611 -6.08417 4
      vertex 7.86458 -5.14301 4
      vertex 7.84622 -5.131 4
    endloop
  endfacet
  facet normal 0 0 1
    outer loop
      vertex 8.25432 -5.55319 4
      vertex 7.83212 -6.13429 4
      vertex 7.97217 -6.17889 4
    endloop
  endfacet
  facet normal 0 0 1
    outer loop
      vertex 7.84622 5.131 4
      vertex 7.7 0 4
      vertex 7.84622 -5.131 4
    endloop
  endfacet
  facet normal -0 0 1
    outer loop
      vertex 7.69181 -0.166629 4
      vertex 7.84622 -5.131 4
      vertex 7.7 0 4
    endloop
  endfacet
  facet normal 0 0 1
    outer loop
      vertex 7.97127 5.23175 4
      vertex 7.43895 5.96443 4
      vertex 7.86458 5.14301 4
    endloop
  endfacet
  facet normal 0 0 1
    outer loop
      vertex 7.84622 5.131 4
      vertex 7.69181 0.166629 4
      vertex 7.7 0 4
    endloop
  endfacet
  facet normal 0 0 1
    outer loop
      vertex 7.84622 5.131 4
      vertex 7.66733 0.331653 4
      vertex 7.69181 0.166629 4
    endloop
  endfacet
  facet normal 0 0 1
    outer loop
      vertex 7.84622 5.131 4
      vertex 7.6268 0.493484 4
      vertex 7.66733 0.331653 4
    endloop
  endfacet
  facet normal 0 0 1
    outer loop
      vertex 7.84622 5.131 4
      vertex 7.57059 0.650561 4
      vertex 7.6268 0.493484 4
    endloop
  endfacet
  facet normal -0 0 1
    outer loop
      vertex 7.32158 5.89038 4
      vertex 7.86458 5.14301 4
      vertex 7.43895 5.96443 4
    endloop
  endfacet
  facet normal 0 0 1
    outer loop
      vertex 7.84622 5.131 4
      vertex 7.49927 0.801374 4
      vertex 7.57059 0.650561 4
    endloop
  endfacet
  facet normal 0 0 1
    outer loop
      vertex 7.86458 5.14301 4
      vertex 7.32158 5.89038 4
      vertex 7.84622 5.131 4
    endloop
  endfacet
  facet normal 0 0 1
    outer loop
      vertex 7.84622 5.131 4
      vertex 7.4135 0.944468 4
      vertex 7.49927 0.801374 4
    endloop
  endfacet
  facet normal 0 0 1
    outer loop
      vertex 7.84622 5.131 4
      vertex 7.32158 5.89038 4
      vertex 7.30449 5.87663 4
    endloop
  endfacet
  facet normal 0 0 1
    outer loop
      vertex 7.84622 5.131 4
      vertex 7.31412 1.07847 4
      vertex 7.4135 0.944468 4
    endloop
  endfacet
  facet normal 0 0 1
    outer loop
      vertex 6.94447 1.4135 4
      vertex 7.84622 5.131 4
      vertex 7.30449 5.87663 4
    endloop
  endfacet
  facet normal 0 0 1
    outer loop
      vertex 7.84622 5.131 4
      vertex 7.20208 1.20208 4
      vertex 7.31412 1.07847 4
    endloop
  endfacet
  facet normal 0 0 1
    outer loop
      vertex 7.84622 5.131 4
      vertex 7.07847 1.31412 4
      vertex 7.20208 1.20208 4
    endloop
  endfacet
  facet normal 0 0 1
    outer loop
      vertex 6.94447 1.4135 4
      vertex 7.30449 5.87663 4
      vertex 6.94696 6.29526 4
    endloop
  endfacet
  facet normal 0 0 1
    outer loop
      vertex 7.84622 5.131 4
      vertex 6.94447 1.4135 4
      vertex 7.07847 1.31412 4
    endloop
  endfacet
  facet normal 0 0 1
    outer loop
      vertex 7.183 -7.46844 4
      vertex 7.46844 -7.183 4
      vertex 7.41136 -7.04318 4
    endloop
  endfacet
  facet normal 0 0 1
    outer loop
      vertex 7.04318 -7.41136 4
      vertex 7.41136 -7.04318 4
      vertex 7.34995 -6.90742 4
    endloop
  endfacet
  facet normal 0 0 1
    outer loop
      vertex 7.46844 -7.183 4
      vertex 7.183 -7.46844 4
      vertex 7.52132 -7.32663 4
    endloop
  endfacet
  facet normal 0 0 1
    outer loop
      vertex 6.90742 -7.34995 4
      vertex 7.34995 -6.90742 4
      vertex 7.28398 -6.77608 4
    endloop
  endfacet
  facet normal 0 0 1
    outer loop
      vertex 6.77608 -7.28398 4
      vertex 7.28398 -6.77608 4
      vertex 7.2132 -6.64958 4
    endloop
  endfacet
  facet normal 0 0 1
    outer loop
      vertex 7.52132 -7.32663 4
      vertex 7.183 -7.46844 4
      vertex 7.32663 -7.52132 4
    endloop
  endfacet
  facet normal 0 0 1
    outer loop
      vertex 6.64958 -7.2132 4
      vertex 7.2132 -6.64958 4
      vertex 7.13708 -6.52861 4
    endloop
  endfacet
  facet normal 0 0 1
    outer loop
      vertex 6.52861 -7.13708 4
      vertex 7.13708 -6.52861 4
      vertex 7.0547 -6.41432 4
    endloop
  endfacet
  facet normal 0 0 1
    outer loop
      vertex 7.41136 -7.04318 4
      vertex 7.04318 -7.41136 4
      vertex 7.183 -7.46844 4
    endloop
  endfacet
  facet normal 0 0 1
    outer loop
      vertex 6.41432 -7.0547 4
      vertex 7.0547 -6.41432 4
      vertex 6.96321 -6.30998 4
    endloop
  endfacet
  facet normal 0 0 1
    outer loop
      vertex 6.30998 -6.96321 4
      vertex 6.96321 -6.30998 4
      vertex 6.94696 -6.29526 4
    endloop
  endfacet
  facet normal 0 0 1
    outer loop
      vertex 7.34995 -6.90742 4
      vertex 6.90742 -7.34995 4
      vertex 7.04318 -7.41136 4
    endloop
  endfacet
  facet normal -0 0 1
    outer loop
      vertex 6.49348 -1.6268 4
      vertex 7.84622 -5.131 4
      vertex 6.65056 -1.57059 4
    endloop
  endfacet
  facet normal -0 0 1
    outer loop
      vertex 6.33165 -1.66733 4
      vertex 7.84622 -5.131 4
      vertex 6.49348 -1.6268 4
    endloop
  endfacet
  facet normal 0 -0 1
    outer loop
      vertex 6.30998 -6.96321 4
      vertex 6.94696 -6.29526 4
      vertex 6.29526 -6.94696 4
    endloop
  endfacet
  facet normal -0 0 1
    outer loop
      vertex 6.16663 -1.69181 4
      vertex 7.84622 -5.131 4
      vertex 6.33165 -1.66733 4
    endloop
  endfacet
  facet normal 0 0 1
    outer loop
      vertex 7.28398 -6.77608 4
      vertex 6.77608 -7.28398 4
      vertex 6.90742 -7.34995 4
    endloop
  endfacet
  facet normal 0 0 1
    outer loop
      vertex 7.2132 -6.64958 4
      vertex 6.64958 -7.2132 4
      vertex 6.77608 -7.28398 4
    endloop
  endfacet
  facet normal -0 -0 1
    outer loop
      vertex 4.65559 -4.81012 4
      vertex 7.84622 -5.131 4
      vertex 4.60978 -4.6497 4
    endloop
  endfacet
  facet normal 0 0 1
    outer loop
      vertex 7.13708 -6.52861 4
      vertex 6.52861 -7.13708 4
      vertex 6.64958 -7.2132 4
    endloop
  endfacet
  facet normal 0 0 1
    outer loop
      vertex 7.84622 -5.131 4
      vertex 4.65559 -4.81012 4
      vertex 7.30449 -5.87663 4
    endloop
  endfacet
  facet normal 0 0 1
    outer loop
      vertex 7.0547 -6.41432 4
      vertex 6.41432 -7.0547 4
      vertex 6.52861 -7.13708 4
    endloop
  endfacet
  facet normal 0 0 1
    outer loop
      vertex 6.96321 -6.30998 4
      vertex 6.30998 -6.96321 4
      vertex 6.41432 -7.0547 4
    endloop
  endfacet
  facet normal -0 0 1
    outer loop
      vertex 4.54847 -4.49455 4
      vertex 7.84622 -5.131 4
      vertex 6.16663 -1.69181 4
    endloop
  endfacet
  facet normal 0 0 1
    outer loop
      vertex 4.54847 -4.49455 4
      vertex 6.16663 -1.69181 4
      vertex 6 -1.7 4
    endloop
  endfacet
  facet normal -0 -0 1
    outer loop
      vertex 4.69909 -5.14053 4
      vertex 7.30449 -5.87663 4
      vertex 4.68546 -4.97426 4
    endloop
  endfacet
  facet normal 0 0 1
    outer loop
      vertex 4.47224 -4.34615 4
      vertex 6 -1.7 4
      vertex 5.83337 -1.69181 4
    endloop
  endfacet
  facet normal 0 0 1
    outer loop
      vertex 5.92625 -8.50017 4
      vertex 6.25282 -8.26289 4
      vertex 6.21832 -8.11586 4
    endloop
  endfacet
  facet normal 0 0 1
    outer loop
      vertex 5.79707 -8.42192 4
      vertex 6.21832 -8.11586 4
      vertex 6.17889 -7.97217 4
    endloop
  endfacet
  facet normal 0 0 1
    outer loop
      vertex 5.67259 -8.34001 4
      vertex 6.17889 -7.97217 4
      vertex 6.13429 -7.83212 4
    endloop
  endfacet
  facet normal 0 0 1
    outer loop
      vertex 5.55319 -8.25432 4
      vertex 6.13429 -7.83212 4
      vertex 6.08417 -7.69611 4
    endloop
  endfacet
  facet normal 0 0 1
    outer loop
      vertex 6.21832 -8.11586 4
      vertex 5.79707 -8.42192 4
      vertex 5.92625 -8.50017 4
    endloop
  endfacet
  facet normal 0 0 1
    outer loop
      vertex 5.43933 -8.16461 4
      vertex 6.08417 -7.69611 4
      vertex 6.02791 -7.56473 4
    endloop
  endfacet
  facet normal 0 0 1
    outer loop
      vertex 5.33176 -8.07051 4
      vertex 6.02791 -7.56473 4
      vertex 5.96443 -7.43895 4
    endloop
  endfacet
  facet normal 0 0 1
    outer loop
      vertex 6.28258 -8.41302 4
      vertex 5.92625 -8.50017 4
      vertex 6.05983 -8.57486 4
    endloop
  endfacet
  facet normal 0 0 1
    outer loop
      vertex 5.23175 -7.97127 4
      vertex 5.96443 -7.43895 4
      vertex 5.89038 -7.32158 4
    endloop
  endfacet
  facet normal 0 0 1
    outer loop
      vertex 5.14301 -7.86458 4
      vertex 5.89038 -7.32158 4
      vertex 5.87663 -7.30449 4
    endloop
  endfacet
  facet normal 0 0 1
    outer loop
      vertex 6.25282 -8.26289 4
      vertex 5.92625 -8.50017 4
      vertex 6.28258 -8.41302 4
    endloop
  endfacet
  facet normal -0 0 1
    outer loop
      vertex 4.69636 -5.30734 4
      vertex 6.94696 -6.29526 4
      vertex 4.69909 -5.14053 4
    endloop
  endfacet
  facet normal -0 0 1
    outer loop
      vertex 4.64207 -5.63614 4
      vertex 6.94696 -6.29526 4
      vertex 4.67729 -5.47307 4
    endloop
  endfacet
  facet normal 0 0 1
    outer loop
      vertex 4.38184 -4.20594 4
      vertex 5.83337 -1.69181 4
      vertex 5.66835 -1.66733 4
    endloop
  endfacet
  facet normal 0 0 1
    outer loop
      vertex 6.94696 -6.29526 4
      vertex 4.64207 -5.63614 4
      vertex 6.29526 -6.94696 4
    endloop
  endfacet
  facet normal 0 0 1
    outer loop
      vertex 4.27813 -4.07526 4
      vertex 5.66835 -1.66733 4
      vertex 5.50652 -1.6268 4
    endloop
  endfacet
  facet normal -0 0 1
    outer loop
      vertex 4.59104 -5.79498 4
      vertex 6.29526 -6.94696 4
      vertex 4.64207 -5.63614 4
    endloop
  endfacet
  facet normal 0 0 1
    outer loop
      vertex 4.16211 -3.95538 4
      vertex 5.50652 -1.6268 4
      vertex 5.34944 -1.57059 4
    endloop
  endfacet
  facet normal -0 0 1
    outer loop
      vertex 4.52468 -5.94804 4
      vertex 6.29526 -6.94696 4
      vertex 4.59104 -5.79498 4
    endloop
  endfacet
  facet normal 0 0 1
    outer loop
      vertex 6.17889 -7.97217 4
      vertex 5.67259 -8.34001 4
      vertex 5.79707 -8.42192 4
    endloop
  endfacet
  facet normal 0 0 1
    outer loop
      vertex 4.03489 -3.84745 4
      vertex 5.34944 -1.57059 4
      vertex 5.19862 -1.49927 4
    endloop
  endfacet
  facet normal 0 0 1
    outer loop
      vertex 6.13429 -7.83212 4
      vertex 5.55319 -8.25432 4
      vertex 5.67259 -8.34001 4
    endloop
  endfacet
  facet normal 0 -0 1
    outer loop
      vertex 5.14301 -7.86458 4
      vertex 5.87663 -7.30449 4
      vertex 5.131 -7.84622 4
    endloop
  endfacet
  facet normal 0 0 1
    outer loop
      vertex 3.89771 -3.75251 4
      vertex 5.19862 -1.49927 4
      vertex 5.05553 -1.4135 4
    endloop
  endfacet
  facet normal 0 0 1
    outer loop
      vertex 3.75189 -3.67147 4
      vertex 5.05553 -1.4135 4
      vertex 4.92153 -1.31412 4
    endloop
  endfacet
  facet normal 0 0 1
    outer loop
      vertex 3.59882 -3.60511 4
      vertex 4.92153 -1.31412 4
      vertex 4.79792 -1.20208 4
    endloop
  endfacet
  facet normal 0 0 1
    outer loop
      vertex 6.08417 -7.69611 4
      vertex 5.43933 -8.16461 4
      vertex 5.55319 -8.25432 4
    endloop
  endfacet
  facet normal 0 0 1
    outer loop
      vertex 6.02791 -7.56473 4
      vertex 5.33176 -8.07051 4
      vertex 5.43933 -8.16461 4
    endloop
  endfacet
  facet normal 0 0 1
    outer loop
      vertex 5.89038 -7.32158 4
      vertex 5.14301 -7.86458 4
      vertex 5.23175 -7.97127 4
    endloop
  endfacet
  facet normal 0 0 1
    outer loop
      vertex 5.96443 -7.43895 4
      vertex 5.23175 -7.97127 4
      vertex 5.33176 -8.07051 4
    endloop
  endfacet
  facet normal 0 0 1
    outer loop
      vertex 6.29526 -6.94696 4
      vertex 4.52468 -5.94804 4
      vertex 5.87663 -7.30449 4
    endloop
  endfacet
  facet normal -0 0 1
    outer loop
      vertex 4.44364 -6.09387 4
      vertex 5.87663 -7.30449 4
      vertex 4.52468 -5.94804 4
    endloop
  endfacet
  facet normal -0 0 1
    outer loop
      vertex 4.3487 -6.23105 4
      vertex 5.87663 -7.30449 4
      vertex 4.44364 -6.09387 4
    endloop
  endfacet
  facet normal 0 0 1
    outer loop
      vertex 5.87663 -7.30449 4
      vertex 4.3487 -6.23105 4
      vertex 5.131 -7.84622 4
    endloop
  endfacet
  facet normal -0 0 1
    outer loop
      vertex 4.24077 -6.35826 4
      vertex 5.131 -7.84622 4
      vertex 4.3487 -6.23105 4
    endloop
  endfacet
  facet normal -0 0 1
    outer loop
      vertex 4.12089 -6.47428 4
      vertex 5.131 -7.84622 4
      vertex 4.24077 -6.35826 4
    endloop
  endfacet
  facet normal -0 0 1
    outer loop
      vertex 3.99021 -6.57799 4
      vertex 5.131 -7.84622 4
      vertex 4.12089 -6.47428 4
    endloop
  endfacet
  facet normal 0 0 1
    outer loop
      vertex 4.66161 -8.13387 4
      vertex 4.52356 -9.32259 4
      vertex 4.64383 -9.41725 4
    endloop
  endfacet
  facet normal 0 0 1
    outer loop
      vertex 4.66161 -8.13387 4
      vertex 4.40822 -9.22508 4
      vertex 4.52356 -9.32259 4
    endloop
  endfacet
  facet normal 0 0 1
    outer loop
      vertex 4.66161 -8.13387 4
      vertex 4.2981 -9.12473 4
      vertex 4.40822 -9.22508 4
    endloop
  endfacet
  facet normal 0 0 1
    outer loop
      vertex 4.66161 -8.13387 4
      vertex 4.19356 -9.02141 4
      vertex 4.2981 -9.12473 4
    endloop
  endfacet
  facet normal 0 0 1
    outer loop
      vertex 5.131 -7.84622 4
      vertex 3.99021 -6.57799 4
      vertex 4.66161 -8.13387 4
    endloop
  endfacet
  facet normal 0 0 1
    outer loop
      vertex 4.66161 -8.13387 4
      vertex 4.09512 -8.91499 4
      vertex 4.19356 -9.02141 4
    endloop
  endfacet
  facet normal 0 0 1
    outer loop
      vertex 4.66161 -8.13387 4
      vertex 4.0036 -8.80522 4
      vertex 4.09512 -8.91499 4
    endloop
  endfacet
  facet normal -0 0 1
    outer loop
      vertex 3.85 -6.6684 4
      vertex 4.66161 -8.13387 4
      vertex 3.99021 -6.57799 4
    endloop
  endfacet
  facet normal 0 -0 1
    outer loop
      vertex 3.8494 -8.5723 4
      vertex 4.66161 -8.13387 4
      vertex 3.84041 -8.55229 4
    endloop
  endfacet
  facet normal -0 0 1
    outer loop
      vertex 3.7016 -6.74462 4
      vertex 4.66161 -8.13387 4
      vertex 3.85 -6.6684 4
    endloop
  endfacet
  facet normal 0 0 1
    outer loop
      vertex 4.66161 -8.13387 4
      vertex 3.92035 -8.69156 4
      vertex 4.0036 -8.80522 4
    endloop
  endfacet
  facet normal 0 0 1
    outer loop
      vertex 4.66161 -8.13387 4
      vertex 3.8494 -8.5723 4
      vertex 3.92035 -8.69156 4
    endloop
  endfacet
  facet normal -0 0 1
    outer loop
      vertex 3.54645 -6.80593 4
      vertex 4.66161 -8.13387 4
      vertex 3.7016 -6.74462 4
    endloop
  endfacet
  facet normal 0 0 1
    outer loop
      vertex 4.66161 -8.13387 4
      vertex 3.54645 -6.80593 4
      vertex 3.84041 -8.55229 4
    endloop
  endfacet
  facet normal -0 0 1
    outer loop
      vertex 3.38603 -6.85174 4
      vertex 3.84041 -8.55229 4
      vertex 3.54645 -6.80593 4
    endloop
  endfacet
  facet normal -0 0 1
    outer loop
      vertex 3.22189 -6.88161 4
      vertex 3.84041 -8.55229 4
      vertex 3.38603 -6.85174 4
    endloop
  endfacet
  facet normal 0 0 1
    outer loop
      vertex 3.84041 -8.55229 4
      vertex 3.22189 -6.88161 4
      vertex 3.33179 -8.76297 4
    endloop
  endfacet
  facet normal 0 0 1
    outer loop
      vertex 3.59882 -3.60511 4
      vertex 4.79792 -1.20208 4
      vertex 4.68588 -1.07847 4
    endloop
  endfacet
  facet normal -0 0 1
    outer loop
      vertex 4.67729 -5.47307 4
      vertex 6.94696 -6.29526 4
      vertex 4.69636 -5.30734 4
    endloop
  endfacet
  facet normal 0 0 1
    outer loop
      vertex 7.30449 -5.87663 4
      vertex 4.69909 -5.14053 4
      vertex 6.94696 -6.29526 4
    endloop
  endfacet
  facet normal -0 -0 1
    outer loop
      vertex 4.68546 -4.97426 4
      vertex 7.30449 -5.87663 4
      vertex 4.65559 -4.81012 4
    endloop
  endfacet
  facet normal 0 0 1
    outer loop
      vertex 3.59882 -3.60511 4
      vertex 4.68588 -1.07847 4
      vertex 4.5865 -0.944468 4
    endloop
  endfacet
  facet normal 0 0 1
    outer loop
      vertex 7.84622 -5.131 4
      vertex 4.54847 -4.49455 4
      vertex 4.60978 -4.6497 4
    endloop
  endfacet
  facet normal 0 0 1
    outer loop
      vertex 4.4294 -0.650561 4
      vertex 3.43275 -0.682816 4
      vertex 4.50073 -0.801374 4
    endloop
  endfacet
  facet normal 0 0 1
    outer loop
      vertex 6 -1.7 4
      vertex 4.47224 -4.34615 4
      vertex 4.54847 -4.49455 4
    endloop
  endfacet
  facet normal 0 0 1
    outer loop
      vertex 3.43275 -0.682816 4
      vertex 4.3732 -0.493484 4
      vertex 3.48315 -0.34306 4
    endloop
  endfacet
  facet normal 0 0 1
    outer loop
      vertex 5.83337 -1.69181 4
      vertex 4.38184 -4.20594 4
      vertex 4.47224 -4.34615 4
    endloop
  endfacet
  facet normal 0 0 1
    outer loop
      vertex 4.33266 -0.331653 4
      vertex 3.48315 -0.34306 4
      vertex 4.3732 -0.493484 4
    endloop
  endfacet
  facet normal 0 0 1
    outer loop
      vertex 4.30819 -0.166629 4
      vertex 3.48315 -0.34306 4
      vertex 4.33266 -0.331653 4
    endloop
  endfacet
  facet normal 0 0 1
    outer loop
      vertex 3.48315 -0.34306 4
      vertex 4.30819 -0.166629 4
      vertex 3.5 0 4
    endloop
  endfacet
  facet normal -0 0 1
    outer loop
      vertex 3.5 0 4
      vertex 4.30819 -0.166629 4
      vertex 4.3 0 4
    endloop
  endfacet
  facet normal 0 0 1
    outer loop
      vertex 5.66835 -1.66733 4
      vertex 4.27813 -4.07526 4
      vertex 4.38184 -4.20594 4
    endloop
  endfacet
  facet normal 0 -0 1
    outer loop
      vertex 3.43275 0.682816 4
      vertex 4.50073 0.801374 4
      vertex 3.34929 1.016 4
    endloop
  endfacet
  facet normal 0 0 1
    outer loop
      vertex 4.4294 0.650561 4
      vertex 3.43275 0.682816 4
      vertex 4.3732 0.493484 4
    endloop
  endfacet
  facet normal 0 0 1
    outer loop
      vertex 4.3732 -0.493484 4
      vertex 3.43275 -0.682816 4
      vertex 4.4294 -0.650561 4
    endloop
  endfacet
  facet normal 0 -0 1
    outer loop
      vertex 3.48315 0.34306 4
      vertex 4.3732 0.493484 4
      vertex 3.43275 0.682816 4
    endloop
  endfacet
  facet normal 0 0 1
    outer loop
      vertex 5.50652 -1.6268 4
      vertex 4.16211 -3.95538 4
      vertex 4.27813 -4.07526 4
    endloop
  endfacet
  facet normal 0 0 1
    outer loop
      vertex 4.50073 0.801374 4
      vertex 3.43275 0.682816 4
      vertex 4.4294 0.650561 4
    endloop
  endfacet
  facet normal 0 0 1
    outer loop
      vertex 5.34944 -1.57059 4
      vertex 4.03489 -3.84745 4
      vertex 4.16211 -3.95538 4
    endloop
  endfacet
  facet normal -0 0 1
    outer loop
      vertex 3.59882 3.60511 4
      vertex 4.92153 1.31412 4
      vertex 3.75189 3.67147 4
    endloop
  endfacet
  facet normal 0 0 1
    outer loop
      vertex 5.19862 -1.49927 4
      vertex 3.89771 -3.75251 4
      vertex 4.03489 -3.84745 4
    endloop
  endfacet
  facet normal 0 0 1
    outer loop
      vertex 4.92153 1.31412 4
      vertex 3.59882 3.60511 4
      vertex 3.08672 1.64989 4
    endloop
  endfacet
  facet normal 0 0 1
    outer loop
      vertex 5.05553 -1.4135 4
      vertex 3.75189 -3.67147 4
      vertex 3.89771 -3.75251 4
    endloop
  endfacet
  facet normal 0 0 1
    outer loop
      vertex 4.92153 -1.31412 4
      vertex 3.59882 -3.60511 4
      vertex 3.75189 -3.67147 4
    endloop
  endfacet
  facet normal 0 0 1
    outer loop
      vertex 4.30819 0.166629 4
      vertex 3.5 0 4
      vertex 4.3 0 4
    endloop
  endfacet
  facet normal 0 0 1
    outer loop
      vertex 2.91014 1.9445 4
      vertex 3.59882 3.60511 4
      vertex 3.43999 3.55408 4
    endloop
  endfacet
  facet normal 0 -0 1
    outer loop
      vertex 3.5 0 4
      vertex 4.30819 0.166629 4
      vertex 3.48315 0.34306 4
    endloop
  endfacet
  facet normal 0 0 1
    outer loop
      vertex 4.33266 0.331653 4
      vertex 3.48315 0.34306 4
      vertex 4.30819 0.166629 4
    endloop
  endfacet
  facet normal 0 0 1
    outer loop
      vertex 2.91014 1.9445 4
      vertex 3.43999 3.55408 4
      vertex 3.27692 3.51886 4
    endloop
  endfacet
  facet normal 0 0 1
    outer loop
      vertex 4.3732 0.493484 4
      vertex 3.48315 0.34306 4
      vertex 4.33266 0.331653 4
    endloop
  endfacet
  facet normal 0 0 1
    outer loop
      vertex 2.70554 2.22038 4
      vertex 3.27692 3.51886 4
      vertex 3.11119 3.49979 4
    endloop
  endfacet
  facet normal 0 0 1
    outer loop
      vertex 4.92153 1.31412 4
      vertex 3.08672 1.64989 4
      vertex 3.23358 1.33939 4
    endloop
  endfacet
  facet normal 0 0 1
    outer loop
      vertex 2.47487 2.47487 4
      vertex 3.11119 3.49979 4
      vertex 2.94438 3.49706 4
    endloop
  endfacet
  facet normal 0 0 1
    outer loop
      vertex 3.59882 3.60511 4
      vertex 2.91014 1.9445 4
      vertex 3.08672 1.64989 4
    endloop
  endfacet
  facet normal 0 0 1
    outer loop
      vertex 2.47487 2.47487 4
      vertex 2.94438 3.49706 4
      vertex 2.7781 3.5107 4
    endloop
  endfacet
  facet normal 0 0 1
    outer loop
      vertex 3.27692 3.51886 4
      vertex 2.70554 2.22038 4
      vertex 2.91014 1.9445 4
    endloop
  endfacet
  facet normal 0 0 1
    outer loop
      vertex 2.22038 2.70554 4
      vertex 2.7781 3.5107 4
      vertex 2.61397 3.54056 4
    endloop
  endfacet
  facet normal 0 0 1
    outer loop
      vertex 3.11119 3.49979 4
      vertex 2.47487 2.47487 4
      vertex 2.70554 2.22038 4
    endloop
  endfacet
  facet normal 0 0 1
    outer loop
      vertex 2.22038 2.70554 4
      vertex 2.61397 3.54056 4
      vertex 2.45355 3.58637 4
    endloop
  endfacet
  facet normal 0 0 1
    outer loop
      vertex 1.9445 2.91014 4
      vertex 2.45355 3.58637 4
      vertex 2.2984 3.64768 4
    endloop
  endfacet
  facet normal 0 0 1
    outer loop
      vertex 2.7781 3.5107 4
      vertex 2.22038 2.70554 4
      vertex 2.47487 2.47487 4
    endloop
  endfacet
  facet normal 0 0 1
    outer loop
      vertex 1.9445 2.91014 4
      vertex 2.2984 3.64768 4
      vertex 2.15 3.72391 4
    endloop
  endfacet
  facet normal 0 0 1
    outer loop
      vertex 1.64989 3.08672 4
      vertex 2.15 3.72391 4
      vertex 2.00979 3.81431 4
    endloop
  endfacet
  facet normal 0 0 1
    outer loop
      vertex 2.45355 3.58637 4
      vertex 1.9445 2.91014 4
      vertex 2.22038 2.70554 4
    endloop
  endfacet
  facet normal 0 0 1
    outer loop
      vertex 1.64989 3.08672 4
      vertex 2.00979 3.81431 4
      vertex 1.87911 3.91802 4
    endloop
  endfacet
  facet normal 0 0 1
    outer loop
      vertex 1.33939 3.23358 4
      vertex 1.87911 3.91802 4
      vertex 1.75923 4.03405 4
    endloop
  endfacet
  facet normal 0 0 1
    outer loop
      vertex 1.016 3.34929 4
      vertex 1.75923 4.03405 4
      vertex 1.6513 4.16126 4
    endloop
  endfacet
  facet normal 0 0 1
    outer loop
      vertex 2.15 3.72391 4
      vertex 1.64989 3.08672 4
      vertex 1.9445 2.91014 4
    endloop
  endfacet
  facet normal 0 0 1
    outer loop
      vertex 1.016 3.34929 4
      vertex 1.6513 4.16126 4
      vertex 1.55636 4.29844 4
    endloop
  endfacet
  facet normal 0 0 1
    outer loop
      vertex 0.682816 3.43275 4
      vertex 1.55636 4.29844 4
      vertex 1.47532 4.44426 4
    endloop
  endfacet
  facet normal 0 0 1
    outer loop
      vertex 0.682816 3.43275 4
      vertex 1.47532 4.44426 4
      vertex 1.40896 4.59733 4
    endloop
  endfacet
  facet normal 0 0 1
    outer loop
      vertex 0.34306 3.48315 4
      vertex 1.40896 4.59733 4
      vertex 1.35793 4.75616 4
    endloop
  endfacet
  facet normal 0 0 1
    outer loop
      vertex 1.87911 3.91802 4
      vertex 1.33939 3.23358 4
      vertex 1.64989 3.08672 4
    endloop
  endfacet
  facet normal 0 0 1
    outer loop
      vertex 0.34306 3.48315 4
      vertex 1.35793 4.75616 4
      vertex 1.32271 4.91923 4
    endloop
  endfacet
  facet normal 0 0 1
    outer loop
      vertex -1.32271 4.91923 4
      vertex 1.32271 4.91923 4
      vertex 1.30364 5.08497 4
    endloop
  endfacet
  facet normal 0 0 1
    outer loop
      vertex 1.90999 9.76338 4
      vertex 1.20053 9.87575 4
      vertex 1.13982 9.74413 4
    endloop
  endfacet
  facet normal 0 -0 1
    outer loop
      vertex -1.45153 5.89775 4
      vertex 1.45153 5.89775 4
      vertex -1.52776 6.04615 4
    endloop
  endfacet
  facet normal 0 -0 1
    outer loop
      vertex -1.39022 5.7426 4
      vertex 1.39022 5.7426 4
      vertex -1.45153 5.89775 4
    endloop
  endfacet
  facet normal 0 0 1
    outer loop
      vertex 1.93713 9.33595 4
      vertex 1.04263 9.47763 4
      vertex 1.92444 9.19775 4
    endloop
  endfacet
  facet normal -0 0 1
    outer loop
      vertex 1.01201 9.34227 4
      vertex 1.92444 9.19775 4
      vertex 1.04263 9.47763 4
    endloop
  endfacet
  facet normal 0 0 1
    outer loop
      vertex 1.92444 9.19775 4
      vertex 1.01201 9.34227 4
      vertex 1.91994 9.17628 4
    endloop
  endfacet
  facet normal 0 0 1
    outer loop
      vertex 1.39022 5.7426 4
      vertex -1.39022 5.7426 4
      vertex 1.34441 5.58218 4
    endloop
  endfacet
  facet normal 0 0 1
    outer loop
      vertex 1.91994 9.17628 4
      vertex 1.01201 9.34227 4
      vertex 1.00964 9.32047 4
    endloop
  endfacet
  facet normal 0 0 1
    outer loop
      vertex 1.75923 4.03405 4
      vertex 1.016 3.34929 4
      vertex 1.33939 3.23358 4
    endloop
  endfacet
  facet normal 0 0 1
    outer loop
      vertex 1.55636 4.29844 4
      vertex 0.682816 3.43275 4
      vertex 1.016 3.34929 4
    endloop
  endfacet
  facet normal 0 -0 1
    outer loop
      vertex -1.34441 5.58218 4
      vertex 1.34441 5.58218 4
      vertex -1.39022 5.7426 4
    endloop
  endfacet
  facet normal 0 0 1
    outer loop
      vertex 0.461899 9.38556 4
      vertex -0.461899 9.38556 4
      vertex 0.460815 9.36366 4
    endloop
  endfacet
  facet normal 0 0 1
    outer loop
      vertex -0.45282 9.52405 4
      vertex 0.45282 9.52405 4
      vertex 0.430252 9.66312 4
    endloop
  endfacet
  facet normal 0 0 1
    outer loop
      vertex -0.430252 9.66312 4
      vertex 0.430252 9.66312 4
      vertex 0.398529 9.80247 4
    endloop
  endfacet
  facet normal 0 0 1
    outer loop
      vertex -0.398529 9.80247 4
      vertex 0.398529 9.80247 4
      vertex 0.359146 9.94197 4
    endloop
  endfacet
  facet normal 0 0 1
    outer loop
      vertex 1.31454 5.41805 4
      vertex -1.31454 5.41805 4
      vertex 1.30091 5.25177 4
    endloop
  endfacet
  facet normal 0 0 1
    outer loop
      vertex -0.359146 9.94197 4
      vertex 0.359146 9.94197 4
      vertex 0.312897 10.0815 4
    endloop
  endfacet
  facet normal 0 0 1
    outer loop
      vertex -0.312897 10.0815 4
      vertex 0.312897 10.0815 4
      vertex 0.26033 10.2209 4
    endloop
  endfacet
  facet normal 0 0 1
    outer loop
      vertex -0.26033 10.2209 4
      vertex 0.26033 10.2209 4
      vertex 0.201828 10.3601 4
    endloop
  endfacet
  facet normal 0 0 1
    outer loop
      vertex -0.201828 10.3601 4
      vertex 0.201828 10.3601 4
      vertex 0.13765 10.4991 4
    endloop
  endfacet
  facet normal 0 0 1
    outer loop
      vertex -1.61816 6.18636 4
      vertex 0.460815 9.36366 4
      vertex -0.460815 9.36366 4
    endloop
  endfacet
  facet normal 0 0 1
    outer loop
      vertex -0.201828 10.3601 4
      vertex 0.13765 10.4991 4
      vertex -0.13765 10.4991 4
    endloop
  endfacet
  facet normal 0 0 1
    outer loop
      vertex 0.201828 10.3601 4
      vertex -0.201828 10.3601 4
      vertex -0.26033 10.2209 4
    endloop
  endfacet
  facet normal 0 0 1
    outer loop
      vertex 0.26033 10.2209 4
      vertex -0.26033 10.2209 4
      vertex -0.312897 10.0815 4
    endloop
  endfacet
  facet normal 0 0 1
    outer loop
      vertex 0.312897 10.0815 4
      vertex -0.312897 10.0815 4
      vertex -0.359146 9.94197 4
    endloop
  endfacet
  facet normal 0 -0 1
    outer loop
      vertex -1.30091 5.25177 4
      vertex 1.30091 5.25177 4
      vertex -1.31454 5.41805 4
    endloop
  endfacet
  facet normal 0 0 1
    outer loop
      vertex 0.359146 9.94197 4
      vertex -0.359146 9.94197 4
      vertex -0.398529 9.80247 4
    endloop
  endfacet
  facet normal 0 0 1
    outer loop
      vertex 0.398529 9.80247 4
      vertex -0.398529 9.80247 4
      vertex -0.430252 9.66312 4
    endloop
  endfacet
  facet normal 0 0 1
    outer loop
      vertex 0.430252 9.66312 4
      vertex -0.430252 9.66312 4
      vertex -0.45282 9.52405 4
    endloop
  endfacet
  facet normal 0 0 1
    outer loop
      vertex 0.45282 9.52405 4
      vertex -0.45282 9.52405 4
      vertex -0.461899 9.38556 4
    endloop
  endfacet
  facet normal 0 0 1
    outer loop
      vertex 1.40896 4.59733 4
      vertex 0.34306 3.48315 4
      vertex 0.682816 3.43275 4
    endloop
  endfacet
  facet normal 0 0 1
    outer loop
      vertex -1.30364 5.08497 4
      vertex 1.30364 5.08497 4
      vertex -1.30091 5.25177 4
    endloop
  endfacet
  facet normal 0 0 1
    outer loop
      vertex -1.83789 6.43692 4
      vertex -0.460815 9.36366 4
      vertex -1.00964 9.32047 4
    endloop
  endfacet
  facet normal 0 0 1
    outer loop
      vertex -1.91994 9.17628 4
      vertex -1.00964 9.32047 4
      vertex -1.01201 9.34227 4
    endloop
  endfacet
  facet normal 0 0 1
    outer loop
      vertex 1.32271 4.91923 4
      vertex 0 3.5 4
      vertex 0.34306 3.48315 4
    endloop
  endfacet
  facet normal 0 0 1
    outer loop
      vertex -1.92444 9.19775 4
      vertex -1.01201 9.34227 4
      vertex -1.04263 9.47763 4
    endloop
  endfacet
  facet normal 0 0 1
    outer loop
      vertex -1.93713 9.33595 4
      vertex -1.04263 9.47763 4
      vertex -1.08669 9.61145 4
    endloop
  endfacet
  facet normal 0 0 1
    outer loop
      vertex -1.9366 9.47684 4
      vertex -1.08669 9.61145 4
      vertex -1.13982 9.74413 4
    endloop
  endfacet
  facet normal 0 0 1
    outer loop
      vertex -1.92706 9.61945 4
      vertex -1.13982 9.74413 4
      vertex -1.20053 9.87575 4
    endloop
  endfacet
  facet normal 0 0 1
    outer loop
      vertex -1.90999 9.76338 4
      vertex -1.20053 9.87575 4
      vertex -1.26804 10.0063 4
    endloop
  endfacet
  facet normal 0 0 1
    outer loop
      vertex 1.32271 4.91923 4
      vertex -1.32271 4.91923 4
      vertex 0 3.5 4
    endloop
  endfacet
  facet normal -0 0 1
    outer loop
      vertex -1.35793 4.75616 4
      vertex -0.34306 3.48315 4
      vertex -1.32271 4.91923 4
    endloop
  endfacet
  facet normal -0 0 1
    outer loop
      vertex -1.40896 4.59733 4
      vertex -0.34306 3.48315 4
      vertex -1.35793 4.75616 4
    endloop
  endfacet
  facet normal 0 0 1
    outer loop
      vertex -0.34306 3.48315 4
      vertex -1.40896 4.59733 4
      vertex -0.682816 3.43275 4
    endloop
  endfacet
  facet normal -0 0 1
    outer loop
      vertex -1.47532 4.44426 4
      vertex -0.682816 3.43275 4
      vertex -1.40896 4.59733 4
    endloop
  endfacet
  facet normal -0 0 1
    outer loop
      vertex -1.55636 4.29844 4
      vertex -0.682816 3.43275 4
      vertex -1.47532 4.44426 4
    endloop
  endfacet
  facet normal 0 0 1
    outer loop
      vertex -0.682816 3.43275 4
      vertex -1.55636 4.29844 4
      vertex -1.016 3.34929 4
    endloop
  endfacet
  facet normal -0 0 1
    outer loop
      vertex -1.6513 4.16126 4
      vertex -1.016 3.34929 4
      vertex -1.55636 4.29844 4
    endloop
  endfacet
  facet normal -0 0 1
    outer loop
      vertex -1.75923 4.03405 4
      vertex -1.016 3.34929 4
      vertex -1.6513 4.16126 4
    endloop
  endfacet
  facet normal 0 0 1
    outer loop
      vertex -1.016 3.34929 4
      vertex -1.75923 4.03405 4
      vertex -1.33939 3.23358 4
    endloop
  endfacet
  facet normal -0 0 1
    outer loop
      vertex -1.87911 3.91802 4
      vertex -1.33939 3.23358 4
      vertex -1.75923 4.03405 4
    endloop
  endfacet
  facet normal 0 0 1
    outer loop
      vertex -1.33939 3.23358 4
      vertex -1.87911 3.91802 4
      vertex -1.64989 3.08672 4
    endloop
  endfacet
  facet normal -0 0 1
    outer loop
      vertex -2.00979 3.81431 4
      vertex -1.64989 3.08672 4
      vertex -1.87911 3.91802 4
    endloop
  endfacet
  facet normal -0 0 1
    outer loop
      vertex -2.15 3.72391 4
      vertex -1.64989 3.08672 4
      vertex -2.00979 3.81431 4
    endloop
  endfacet
  facet normal 0 0 1
    outer loop
      vertex -1.64989 3.08672 4
      vertex -2.15 3.72391 4
      vertex -1.9445 2.91014 4
    endloop
  endfacet
  facet normal -0 0 1
    outer loop
      vertex -2.2984 3.64768 4
      vertex -1.9445 2.91014 4
      vertex -2.15 3.72391 4
    endloop
  endfacet
  facet normal -0 0 1
    outer loop
      vertex -2.45355 3.58637 4
      vertex -1.9445 2.91014 4
      vertex -2.2984 3.64768 4
    endloop
  endfacet
  facet normal 0 0 1
    outer loop
      vertex -1.9445 2.91014 4
      vertex -2.45355 3.58637 4
      vertex -2.22038 2.70554 4
    endloop
  endfacet
  facet normal -0 0 1
    outer loop
      vertex -2.61397 3.54056 4
      vertex -2.22038 2.70554 4
      vertex -2.45355 3.58637 4
    endloop
  endfacet
  facet normal -0 0 1
    outer loop
      vertex -2.7781 3.5107 4
      vertex -2.22038 2.70554 4
      vertex -2.61397 3.54056 4
    endloop
  endfacet
  facet normal 0 0 1
    outer loop
      vertex -2.22038 2.70554 4
      vertex -2.7781 3.5107 4
      vertex -2.47487 2.47487 4
    endloop
  endfacet
  facet normal -0 0 1
    outer loop
      vertex -2.94438 3.49706 4
      vertex -2.47487 2.47487 4
      vertex -2.7781 3.5107 4
    endloop
  endfacet
  facet normal 0 0 1
    outer loop
      vertex -3.11119 3.49979 4
      vertex -2.47487 2.47487 4
      vertex -2.94438 3.49706 4
    endloop
  endfacet
  facet normal 0 0 1
    outer loop
      vertex -2.47487 2.47487 4
      vertex -3.11119 3.49979 4
      vertex -2.70554 2.22038 4
    endloop
  endfacet
  facet normal 0 0 1
    outer loop
      vertex -3.27692 3.51886 4
      vertex -2.70554 2.22038 4
      vertex -3.11119 3.49979 4
    endloop
  endfacet
  facet normal 0 0 1
    outer loop
      vertex -2.70554 2.22038 4
      vertex -3.27692 3.51886 4
      vertex -2.91014 1.9445 4
    endloop
  endfacet
  facet normal 0 0 1
    outer loop
      vertex -3.43999 3.55408 4
      vertex -2.91014 1.9445 4
      vertex -3.27692 3.51886 4
    endloop
  endfacet
  facet normal 0 0 1
    outer loop
      vertex -3.59882 3.60511 4
      vertex -2.91014 1.9445 4
      vertex -3.43999 3.55408 4
    endloop
  endfacet
  facet normal 0 0 1
    outer loop
      vertex -2.91014 1.9445 4
      vertex -3.59882 3.60511 4
      vertex -3.08672 1.64989 4
    endloop
  endfacet
  facet normal 0 0 1
    outer loop
      vertex -4.50073 0.801374 4
      vertex -3.08672 1.64989 4
      vertex -3.59882 3.60511 4
    endloop
  endfacet
  facet normal 0 0 1
    outer loop
      vertex -3.08672 1.64989 4
      vertex -4.50073 0.801374 4
      vertex -3.23358 1.33939 4
    endloop
  endfacet
  facet normal 0 0 1
    outer loop
      vertex -3.23358 1.33939 4
      vertex -4.50073 0.801374 4
      vertex -3.34929 1.016 4
    endloop
  endfacet
  facet normal 0 0 1
    outer loop
      vertex -3.34929 1.016 4
      vertex -4.50073 0.801374 4
      vertex -3.43275 0.682816 4
    endloop
  endfacet
  facet normal 0 -0 1
    outer loop
      vertex -4.4294 0.650561 4
      vertex -3.43275 0.682816 4
      vertex -4.50073 0.801374 4
    endloop
  endfacet
  facet normal -0 0 1
    outer loop
      vertex 4.27813 4.07526 4
      vertex 5.66835 1.66733 4
      vertex 4.38184 4.20594 4
    endloop
  endfacet
  facet normal 0 0 1
    outer loop
      vertex 5.66835 1.66733 4
      vertex 4.27813 4.07526 4
      vertex 5.50652 1.6268 4
    endloop
  endfacet
  facet normal -0 0 1
    outer loop
      vertex 4.16211 3.95538 4
      vertex 5.50652 1.6268 4
      vertex 4.27813 4.07526 4
    endloop
  endfacet
  facet normal 0 0 1
    outer loop
      vertex 5.50652 1.6268 4
      vertex 4.16211 3.95538 4
      vertex 5.34944 1.57059 4
    endloop
  endfacet
  facet normal -0 0 1
    outer loop
      vertex 4.03489 3.84745 4
      vertex 5.34944 1.57059 4
      vertex 4.16211 3.95538 4
    endloop
  endfacet
  facet normal 0 0 1
    outer loop
      vertex 5.34944 1.57059 4
      vertex 4.03489 3.84745 4
      vertex 5.19862 1.49927 4
    endloop
  endfacet
  facet normal -0 0 1
    outer loop
      vertex 3.89771 3.75251 4
      vertex 5.19862 1.49927 4
      vertex 4.03489 3.84745 4
    endloop
  endfacet
  facet normal 0 0 1
    outer loop
      vertex 5.19862 1.49927 4
      vertex 3.89771 3.75251 4
      vertex 5.05553 1.4135 4
    endloop
  endfacet
  facet normal -0 0 1
    outer loop
      vertex 3.75189 3.67147 4
      vertex 5.05553 1.4135 4
      vertex 3.89771 3.75251 4
    endloop
  endfacet
  facet normal 0 0 1
    outer loop
      vertex 5.05553 1.4135 4
      vertex 3.75189 3.67147 4
      vertex 4.92153 1.31412 4
    endloop
  endfacet
  facet normal 0 0 1
    outer loop
      vertex 4.92153 1.31412 4
      vertex 3.23358 1.33939 4
      vertex 4.79792 1.20208 4
    endloop
  endfacet
  facet normal 0 0 1
    outer loop
      vertex 4.79792 1.20208 4
      vertex 3.23358 1.33939 4
      vertex 4.68588 1.07847 4
    endloop
  endfacet
  facet normal 0 0 1
    outer loop
      vertex 4.68588 1.07847 4
      vertex 3.23358 1.33939 4
      vertex 4.5865 0.944468 4
    endloop
  endfacet
  facet normal -0 -0 1
    outer loop
      vertex 3.34929 1.016 4
      vertex 4.5865 0.944468 4
      vertex 3.23358 1.33939 4
    endloop
  endfacet
  facet normal 0 0 1
    outer loop
      vertex 4.5865 0.944468 4
      vertex 3.34929 1.016 4
      vertex 4.50073 0.801374 4
    endloop
  endfacet
  facet normal 0 0 1
    outer loop
      vertex 2.73067 -9.56636 4
      vertex 3.4138 -9.34439 4
      vertex 3.40816 -9.19955 4
    endloop
  endfacet
  facet normal 0 0 1
    outer loop
      vertex 3.4138 -9.34439 4
      vertex 2.73067 -9.56636 4
      vertex 3.41293 -9.49136 4
    endloop
  endfacet
  facet normal 0 0 1
    outer loop
      vertex 2.6501 -9.44586 4
      vertex 3.40816 -9.19955 4
      vertex 3.39525 -9.05721 4
    endloop
  endfacet
  facet normal 0 0 1
    outer loop
      vertex 3.41293 -9.49136 4
      vertex 2.73067 -9.56636 4
      vertex 2.81775 -9.68475 4
    endloop
  endfacet
  facet normal 0 -0 1
    outer loop
      vertex 2.91083 -9.80112 4
      vertex 3.40604 -9.64021 4
      vertex 2.81775 -9.68475 4
    endloop
  endfacet
  facet normal 0 0 1
    outer loop
      vertex 2.57687 -9.32312 4
      vertex 3.39525 -9.05721 4
      vertex 3.37375 -8.91797 4
    endloop
  endfacet
  facet normal 0 0 1
    outer loop
      vertex 2.51242 -9.19783 4
      vertex 3.37375 -8.91797 4
      vertex 3.33958 -8.78346 4
    endloop
  endfacet
  facet normal 0 0 1
    outer loop
      vertex 2.461 -9.06894 4
      vertex 3.33958 -8.78346 4
      vertex 3.33179 -8.76297 4
    endloop
  endfacet
  facet normal -0 0 1
    outer loop
      vertex 3.05562 -6.89524 4
      vertex 3.33179 -8.76297 4
      vertex 3.22189 -6.88161 4
    endloop
  endfacet
  facet normal 0 -0 1
    outer loop
      vertex 2.461 -9.06894 4
      vertex 3.33179 -8.76297 4
      vertex 2.45526 -9.04778 4
    endloop
  endfacet
  facet normal 0 0 1
    outer loop
      vertex 2.88881 -6.89251 4
      vertex 3.33179 -8.76297 4
      vertex 3.05562 -6.89524 4
    endloop
  endfacet
  facet normal 0 0 1
    outer loop
      vertex 3.37532 -9.94269 4
      vertex 3.00949 -9.91545 4
      vertex 3.11346 -10.0278 4
    endloop
  endfacet
  facet normal 0 0 1
    outer loop
      vertex 3.39342 -9.79071 4
      vertex 3.00949 -9.91545 4
      vertex 3.37532 -9.94269 4
    endloop
  endfacet
  facet normal 0 0 1
    outer loop
      vertex 2.72308 -6.87345 4
      vertex 3.33179 -8.76297 4
      vertex 2.88881 -6.89251 4
    endloop
  endfacet
  facet normal 0 -0 1
    outer loop
      vertex 3.00949 -9.91545 4
      vertex 3.39342 -9.79071 4
      vertex 2.91083 -9.80112 4
    endloop
  endfacet
  facet normal 0 0 1
    outer loop
      vertex 3.40604 -9.64021 4
      vertex 2.91083 -9.80112 4
      vertex 3.39342 -9.79071 4
    endloop
  endfacet
  facet normal 0 0 1
    outer loop
      vertex 3.33179 -8.76297 4
      vertex 2.72308 -6.87345 4
      vertex 2.45526 -9.04778 4
    endloop
  endfacet
  facet normal 0 0 1
    outer loop
      vertex 3.41293 -9.49136 4
      vertex 2.81775 -9.68475 4
      vertex 3.40604 -9.64021 4
    endloop
  endfacet
  facet normal 0 0 1
    outer loop
      vertex 3.39525 -9.05721 4
      vertex 2.57687 -9.32312 4
      vertex 2.6501 -9.44586 4
    endloop
  endfacet
  facet normal 0 0 1
    outer loop
      vertex 2.45526 -9.04778 4
      vertex 2.72308 -6.87345 4
      vertex 2.56001 -6.83823 4
    endloop
  endfacet
  facet normal 0 0 1
    outer loop
      vertex 3.40816 -9.19955 4
      vertex 2.6501 -9.44586 4
      vertex 2.73067 -9.56636 4
    endloop
  endfacet
  facet normal 0 0 1
    outer loop
      vertex 3.37375 -8.91797 4
      vertex 2.51242 -9.19783 4
      vertex 2.57687 -9.32312 4
    endloop
  endfacet
  facet normal 0 0 1
    outer loop
      vertex 3.33958 -8.78346 4
      vertex 2.461 -9.06894 4
      vertex 2.51242 -9.19783 4
    endloop
  endfacet
  facet normal 0 0 1
    outer loop
      vertex 2.40117 -6.78719 4
      vertex 2.45526 -9.04778 4
      vertex 2.56001 -6.83823 4
    endloop
  endfacet
  facet normal 0 0 1
    outer loop
      vertex 1.91994 -9.17628 4
      vertex 2.40117 -6.78719 4
      vertex 2.24811 -6.72084 4
    endloop
  endfacet
  facet normal 0 0 1
    outer loop
      vertex 1.91994 -9.17628 4
      vertex 2.24811 -6.72084 4
      vertex 2.10228 -6.6398 4
    endloop
  endfacet
  facet normal 0 0 1
    outer loop
      vertex 1.91994 -9.17628 4
      vertex 2.10228 -6.6398 4
      vertex 1.96511 -6.54485 4
    endloop
  endfacet
  facet normal 0 0 1
    outer loop
      vertex 2.40117 -6.78719 4
      vertex 1.91994 -9.17628 4
      vertex 2.45526 -9.04778 4
    endloop
  endfacet
  facet normal 0 0 1
    outer loop
      vertex 1.20053 -9.87575 4
      vertex 1.90999 -9.76338 4
      vertex 1.92706 -9.61945 4
    endloop
  endfacet
  facet normal 0 0 1
    outer loop
      vertex 1.83789 -6.43692 4
      vertex 1.91994 -9.17628 4
      vertex 1.96511 -6.54485 4
    endloop
  endfacet
  facet normal 0 0 1
    outer loop
      vertex 1.90999 -9.76338 4
      vertex 1.26804 -10.0063 4
      vertex 1.88614 -9.90842 4
    endloop
  endfacet
  facet normal 0 0 1
    outer loop
      vertex 1.72187 -6.31704 4
      vertex 1.91994 -9.17628 4
      vertex 1.83789 -6.43692 4
    endloop
  endfacet
  facet normal 0 0 1
    outer loop
      vertex 1.88614 -9.90842 4
      vertex 1.26804 -10.0063 4
      vertex 1.85603 -10.0544 4
    endloop
  endfacet
  facet normal 0 -0 1
    outer loop
      vertex 1.34175 -10.1358 4
      vertex 1.85603 -10.0544 4
      vertex 1.26804 -10.0063 4
    endloop
  endfacet
  facet normal 0 0 1
    outer loop
      vertex 1.20053 -9.87575 4
      vertex 1.72187 -6.31704 4
      vertex 1.61816 -6.18636 4
    endloop
  endfacet
  facet normal 0 0 1
    outer loop
      vertex 1.72187 -6.31704 4
      vertex 1.20053 -9.87575 4
      vertex 1.91994 -9.17628 4
    endloop
  endfacet
  facet normal 0 0 1
    outer loop
      vertex 1.20053 -9.87575 4
      vertex 1.61816 -6.18636 4
      vertex 1.52776 -6.04615 4
    endloop
  endfacet
  facet normal 0 0 1
    outer loop
      vertex 1.85603 -10.0544 4
      vertex 1.34175 -10.1358 4
      vertex 1.82002 -10.201 4
    endloop
  endfacet
  facet normal 0 0 1
    outer loop
      vertex 1.20053 -9.87575 4
      vertex 1.52776 -6.04615 4
      vertex 1.45153 -5.89775 4
    endloop
  endfacet
  facet normal 0 0 1
    outer loop
      vertex 1.77838 -10.3483 4
      vertex 1.42133 -10.2642 4
      vertex 1.50644 -10.3914 4
    endloop
  endfacet
  facet normal 0 0 1
    outer loop
      vertex 1.20053 -9.87575 4
      vertex 1.45153 -5.89775 4
      vertex 1.39022 -5.7426 4
    endloop
  endfacet
  facet normal 0 0 1
    outer loop
      vertex 1.20053 -9.87575 4
      vertex 1.39022 -5.7426 4
      vertex 1.34441 -5.58218 4
    endloop
  endfacet
  facet normal 0 0 1
    outer loop
      vertex 1.82002 -10.201 4
      vertex 1.42133 -10.2642 4
      vertex 1.77838 -10.3483 4
    endloop
  endfacet
  facet normal 0 0 1
    outer loop
      vertex 1.20053 -9.87575 4
      vertex 1.34441 -5.58218 4
      vertex 1.31454 -5.41805 4
    endloop
  endfacet
  facet normal 0 0 1
    outer loop
      vertex -1.31454 -5.41805 4
      vertex 1.31454 -5.41805 4
      vertex 1.30091 -5.25177 4
    endloop
  endfacet
  facet normal 0 -0 1
    outer loop
      vertex 1.42133 -10.2642 4
      vertex 1.82002 -10.201 4
      vertex 1.34175 -10.1358 4
    endloop
  endfacet
  facet normal 0 0 1
    outer loop
      vertex -9.36366 -0.460815 4
      vertex -7.7 0 4
      vertex -9.36366 0.460815 4
    endloop
  endfacet
  facet normal 0 0 1
    outer loop
      vertex -7.7 0 4
      vertex -9.36366 -0.460815 4
      vertex -9.32047 -1.00964 4
    endloop
  endfacet
  facet normal 0 0 1
    outer loop
      vertex -9.38556 0.461899 4
      vertex -9.36366 -0.460815 4
      vertex -9.36366 0.460815 4
    endloop
  endfacet
  facet normal 0 0 1
    outer loop
      vertex -9.38556 0.461899 4
      vertex -9.38556 -0.461899 4
      vertex -9.36366 -0.460815 4
    endloop
  endfacet
  facet normal -0 0 1
    outer loop
      vertex -9.52405 0.45282 4
      vertex -9.38556 -0.461899 4
      vertex -9.38556 0.461899 4
    endloop
  endfacet
  facet normal 0 0 1
    outer loop
      vertex -9.52405 0.45282 4
      vertex -9.52405 -0.45282 4
      vertex -9.38556 -0.461899 4
    endloop
  endfacet
  facet normal -0 0 1
    outer loop
      vertex -9.66312 0.430252 4
      vertex -9.52405 -0.45282 4
      vertex -9.52405 0.45282 4
    endloop
  endfacet
  facet normal 0 0 1
    outer loop
      vertex -9.66312 0.430252 4
      vertex -9.66312 -0.430252 4
      vertex -9.52405 -0.45282 4
    endloop
  endfacet
  facet normal -0 0 1
    outer loop
      vertex -9.80247 0.398529 4
      vertex -9.66312 -0.430252 4
      vertex -9.66312 0.430252 4
    endloop
  endfacet
  facet normal 0 0 1
    outer loop
      vertex -9.80247 0.398529 4
      vertex -9.80247 -0.398529 4
      vertex -9.66312 -0.430252 4
    endloop
  endfacet
  facet normal -0 0 1
    outer loop
      vertex -9.94197 0.359146 4
      vertex -9.80247 -0.398529 4
      vertex -9.80247 0.398529 4
    endloop
  endfacet
  facet normal 0 0 1
    outer loop
      vertex -9.94197 0.359146 4
      vertex -9.94197 -0.359146 4
      vertex -9.80247 -0.398529 4
    endloop
  endfacet
  facet normal -0 0 1
    outer loop
      vertex -10.0815 0.312897 4
      vertex -9.94197 -0.359146 4
      vertex -9.94197 0.359146 4
    endloop
  endfacet
  facet normal 0 0 1
    outer loop
      vertex -10.0815 0.312897 4
      vertex -10.0815 -0.312897 4
      vertex -9.94197 -0.359146 4
    endloop
  endfacet
  facet normal -0 0 1
    outer loop
      vertex -10.2209 0.26033 4
      vertex -10.0815 -0.312897 4
      vertex -10.0815 0.312897 4
    endloop
  endfacet
  facet normal 0 0 1
    outer loop
      vertex -10.2209 0.26033 4
      vertex -10.2209 -0.26033 4
      vertex -10.0815 -0.312897 4
    endloop
  endfacet
  facet normal -0 0 1
    outer loop
      vertex -10.3601 0.201828 4
      vertex -10.2209 -0.26033 4
      vertex -10.2209 0.26033 4
    endloop
  endfacet
  facet normal 0 0 1
    outer loop
      vertex -10.3601 0.201828 4
      vertex -10.3601 -0.201828 4
      vertex -10.2209 -0.26033 4
    endloop
  endfacet
  facet normal -0 0 1
    outer loop
      vertex -10.4991 0.13765 4
      vertex -10.3601 -0.201828 4
      vertex -10.3601 0.201828 4
    endloop
  endfacet
  facet normal 0 0 1
    outer loop
      vertex -10.3601 -0.201828 4
      vertex -10.4991 0.13765 4
      vertex -10.4991 -0.13765 4
    endloop
  endfacet
  facet normal 0 0 1
    outer loop
      vertex -7.66733 0.331653 4
      vertex -9.36366 0.460815 4
      vertex -7.69181 0.166629 4
    endloop
  endfacet
  facet normal 0 0 1
    outer loop
      vertex -7.7 0 4
      vertex -9.17628 -1.91994 4
      vertex -9.04778 -2.45526 4
    endloop
  endfacet
  facet normal 0 0 1
    outer loop
      vertex -9.32047 1.00964 4
      vertex -9.17628 1.91994 4
      vertex -9.19775 1.92444 4
    endloop
  endfacet
  facet normal 0 0 1
    outer loop
      vertex -7.69181 0.166629 4
      vertex -9.36366 0.460815 4
      vertex -7.7 0 4
    endloop
  endfacet
  facet normal 0 0 1
    outer loop
      vertex -7.7 0 4
      vertex -9.32047 -1.00964 4
      vertex -9.17628 -1.91994 4
    endloop
  endfacet
  facet normal 0 0 1
    outer loop
      vertex -9.34227 1.01201 4
      vertex -9.19775 1.92444 4
      vertex -9.33595 1.93713 4
    endloop
  endfacet
  facet normal 0 0 1
    outer loop
      vertex -9.19775 1.92444 4
      vertex -9.34227 1.01201 4
      vertex -9.32047 1.00964 4
    endloop
  endfacet
  facet normal 0 0 1
    outer loop
      vertex -9.47763 1.04263 4
      vertex -9.33595 1.93713 4
      vertex -9.47684 1.9366 4
    endloop
  endfacet
  facet normal 0 0 1
    outer loop
      vertex -9.33595 1.93713 4
      vertex -9.47763 1.04263 4
      vertex -9.34227 1.01201 4
    endloop
  endfacet
  facet normal 0 0 1
    outer loop
      vertex -9.47684 1.9366 4
      vertex -9.61145 1.08669 4
      vertex -9.47763 1.04263 4
    endloop
  endfacet
  facet normal -0 0 1
    outer loop
      vertex -9.61945 1.92706 4
      vertex -9.61145 1.08669 4
      vertex -9.47684 1.9366 4
    endloop
  endfacet
  facet normal 0 0 1
    outer loop
      vertex -9.61945 1.92706 4
      vertex -9.74413 1.13982 4
      vertex -9.61145 1.08669 4
    endloop
  endfacet
  facet normal -0 0 1
    outer loop
      vertex -9.76338 1.90999 4
      vertex -9.74413 1.13982 4
      vertex -9.61945 1.92706 4
    endloop
  endfacet
  facet normal 0 0 1
    outer loop
      vertex -9.76338 1.90999 4
      vertex -9.87575 1.20053 4
      vertex -9.74413 1.13982 4
    endloop
  endfacet
  facet normal -0 0 1
    outer loop
      vertex -9.90842 1.88614 4
      vertex -9.87575 1.20053 4
      vertex -9.76338 1.90999 4
    endloop
  endfacet
  facet normal 0 0 1
    outer loop
      vertex -9.90842 1.88614 4
      vertex -10.0063 1.26804 4
      vertex -9.87575 1.20053 4
    endloop
  endfacet
  facet normal -0 0 1
    outer loop
      vertex -10.0544 1.85603 4
      vertex -10.0063 1.26804 4
      vertex -9.90842 1.88614 4
    endloop
  endfacet
  facet normal 0 0 1
    outer loop
      vertex -10.0544 1.85603 4
      vertex -10.1358 1.34175 4
      vertex -10.0063 1.26804 4
    endloop
  endfacet
  facet normal -0 0 1
    outer loop
      vertex -10.201 1.82002 4
      vertex -10.1358 1.34175 4
      vertex -10.0544 1.85603 4
    endloop
  endfacet
  facet normal 0 0 1
    outer loop
      vertex -10.201 1.82002 4
      vertex -10.2642 1.42133 4
      vertex -10.1358 1.34175 4
    endloop
  endfacet
  facet normal -0 0 1
    outer loop
      vertex -10.3483 1.77838 4
      vertex -10.2642 1.42133 4
      vertex -10.201 1.82002 4
    endloop
  endfacet
  facet normal 0 0 1
    outer loop
      vertex -10.2642 1.42133 4
      vertex -10.3483 1.77838 4
      vertex -10.3914 1.50644 4
    endloop
  endfacet
  facet normal 0 0 1
    outer loop
      vertex -9.36366 0.460815 4
      vertex -7.6268 0.493484 4
      vertex -9.32047 1.00964 4
    endloop
  endfacet
  facet normal 0 0 1
    outer loop
      vertex -7.7 0 4
      vertex -8.76297 -3.33179 4
      vertex -8.55229 -3.84041 4
    endloop
  endfacet
  facet normal 0 0 1
    outer loop
      vertex -9.04778 2.45526 4
      vertex -8.76297 3.33179 4
      vertex -8.78346 3.33958 4
    endloop
  endfacet
  facet normal 0 0 1
    outer loop
      vertex -7.6268 0.493484 4
      vertex -9.36366 0.460815 4
      vertex -7.66733 0.331653 4
    endloop
  endfacet
  facet normal 0 0 1
    outer loop
      vertex -9.06894 2.461 4
      vertex -8.78346 3.33958 4
      vertex -8.91797 3.37375 4
    endloop
  endfacet
  facet normal 0 0 1
    outer loop
      vertex -7.7 0 4
      vertex -9.04778 -2.45526 4
      vertex -8.76297 -3.33179 4
    endloop
  endfacet
  facet normal 0 0 1
    outer loop
      vertex -8.76297 -3.33179 4
      vertex -9.04778 -2.45526 4
      vertex -8.78346 -3.33958 4
    endloop
  endfacet
  facet normal 0 0 1
    outer loop
      vertex -9.19783 2.51242 4
      vertex -8.91797 3.37375 4
      vertex -9.05721 3.39525 4
    endloop
  endfacet
  facet normal 0 0 1
    outer loop
      vertex -8.78346 3.33958 4
      vertex -9.06894 2.461 4
      vertex -9.04778 2.45526 4
    endloop
  endfacet
  facet normal 0 0 1
    outer loop
      vertex -8.91797 3.37375 4
      vertex -9.19783 2.51242 4
      vertex -9.06894 2.461 4
    endloop
  endfacet
  facet normal 0 0 1
    outer loop
      vertex -9.32312 2.57687 4
      vertex -9.05721 3.39525 4
      vertex -9.19955 3.40816 4
    endloop
  endfacet
  facet normal 0 0 1
    outer loop
      vertex -9.05721 3.39525 4
      vertex -9.32312 2.57687 4
      vertex -9.19783 2.51242 4
    endloop
  endfacet
  facet normal 0 0 1
    outer loop
      vertex -9.44586 2.6501 4
      vertex -9.19955 3.40816 4
      vertex -9.34439 3.4138 4
    endloop
  endfacet
  facet normal 0 0 1
    outer loop
      vertex -9.19955 3.40816 4
      vertex -9.44586 2.6501 4
      vertex -9.32312 2.57687 4
    endloop
  endfacet
  facet normal 0 0 1
    outer loop
      vertex -9.56636 2.73067 4
      vertex -9.34439 3.4138 4
      vertex -9.49136 3.41293 4
    endloop
  endfacet
  facet normal 0 0 1
    outer loop
      vertex -9.34439 3.4138 4
      vertex -9.56636 2.73067 4
      vertex -9.44586 2.6501 4
    endloop
  endfacet
  facet normal 0 0 1
    outer loop
      vertex -9.68475 2.81775 4
      vertex -9.49136 3.41293 4
      vertex -9.64021 3.40604 4
    endloop
  endfacet
  facet normal 0 0 1
    outer loop
      vertex -9.49136 3.41293 4
      vertex -9.68475 2.81775 4
      vertex -9.56636 2.73067 4
    endloop
  endfacet
  facet normal 0 0 1
    outer loop
      vertex -9.80112 2.91083 4
      vertex -9.64021 3.40604 4
      vertex -9.79071 3.39342 4
    endloop
  endfacet
  facet normal 0 0 1
    outer loop
      vertex -9.64021 3.40604 4
      vertex -9.80112 2.91083 4
      vertex -9.68475 2.81775 4
    endloop
  endfacet
  facet normal 0 0 1
    outer loop
      vertex -9.79071 3.39342 4
      vertex -9.91545 3.00949 4
      vertex -9.80112 2.91083 4
    endloop
  endfacet
  facet normal -0 0 1
    outer loop
      vertex -9.94269 3.37532 4
      vertex -9.91545 3.00949 4
      vertex -9.79071 3.39342 4
    endloop
  endfacet
  facet normal 0 0 1
    outer loop
      vertex -9.91545 3.00949 4
      vertex -9.94269 3.37532 4
      vertex -10.0278 3.11346 4
    endloop
  endfacet
  facet normal 0 0 1
    outer loop
      vertex -7.49927 0.801374 4
      vertex -9.32047 1.00964 4
      vertex -7.57059 0.650561 4
    endloop
  endfacet
  facet normal 0 0 1
    outer loop
      vertex -7.7 0 4
      vertex -8.13387 -4.66161 4
      vertex -7.84622 -5.131 4
    endloop
  endfacet
  facet normal 0 0 1
    outer loop
      vertex -8.55229 3.84041 4
      vertex -8.13387 4.66161 4
      vertex -8.15289 4.6725 4
    endloop
  endfacet
  facet normal 0 0 1
    outer loop
      vertex -7.57059 0.650561 4
      vertex -9.32047 1.00964 4
      vertex -7.6268 0.493484 4
    endloop
  endfacet
  facet normal 0 0 1
    outer loop
      vertex -8.5723 3.8494 4
      vertex -8.15289 4.6725 4
      vertex -8.28041 4.72729 4
    endloop
  endfacet
  facet normal 0 0 1
    outer loop
      vertex -7.7 0 4
      vertex -8.55229 -3.84041 4
      vertex -8.13387 -4.66161 4
    endloop
  endfacet
  facet normal 0 0 1
    outer loop
      vertex -8.69156 3.92035 4
      vertex -8.28041 4.72729 4
      vertex -8.41457 4.77031 4
    endloop
  endfacet
  facet normal 0 0 1
    outer loop
      vertex -8.13387 -4.66161 4
      vertex -8.55229 -3.84041 4
      vertex -8.15289 -4.6725 4
    endloop
  endfacet
  facet normal -0 0 1
    outer loop
      vertex -8.5723 -3.8494 4
      vertex -8.15289 -4.6725 4
      vertex -8.55229 -3.84041 4
    endloop
  endfacet
  facet normal 0 0 1
    outer loop
      vertex -8.80522 4.0036 4
      vertex -8.41457 4.77031 4
      vertex -8.55313 4.80533 4
    endloop
  endfacet
  facet normal 0 0 1
    outer loop
      vertex -8.15289 4.6725 4
      vertex -8.5723 3.8494 4
      vertex -8.55229 3.84041 4
    endloop
  endfacet
  facet normal 0 0 1
    outer loop
      vertex -8.28041 4.72729 4
      vertex -8.69156 3.92035 4
      vertex -8.5723 3.8494 4
    endloop
  endfacet
  facet normal 0 0 1
    outer loop
      vertex -8.91499 4.09512 4
      vertex -8.55313 4.80533 4
      vertex -8.69531 4.83356 4
    endloop
  endfacet
  facet normal 0 0 1
    outer loop
      vertex -8.41457 4.77031 4
      vertex -8.80522 4.0036 4
      vertex -8.69156 3.92035 4
    endloop
  endfacet
  facet normal 0 0 1
    outer loop
      vertex -9.02141 4.19356 4
      vertex -8.69531 4.83356 4
      vertex -8.84061 4.8557 4
    endloop
  endfacet
  facet normal 0 0 1
    outer loop
      vertex -8.55313 4.80533 4
      vertex -8.91499 4.09512 4
      vertex -8.80522 4.0036 4
    endloop
  endfacet
  facet normal 0 0 1
    outer loop
      vertex -9.12473 4.2981 4
      vertex -8.84061 4.8557 4
      vertex -8.98871 4.87216 4
    endloop
  endfacet
  facet normal 0 0 1
    outer loop
      vertex -8.69531 4.83356 4
      vertex -9.02141 4.19356 4
      vertex -8.91499 4.09512 4
    endloop
  endfacet
  facet normal 0 0 1
    outer loop
      vertex -8.84061 4.8557 4
      vertex -9.12473 4.2981 4
      vertex -9.02141 4.19356 4
    endloop
  endfacet
  facet normal 0 0 1
    outer loop
      vertex -9.22508 4.40822 4
      vertex -8.98871 4.87216 4
      vertex -9.13933 4.88324 4
    endloop
  endfacet
  facet normal 0 0 1
    outer loop
      vertex -8.98871 4.87216 4
      vertex -9.22508 4.40822 4
      vertex -9.12473 4.2981 4
    endloop
  endfacet
  facet normal 0 0 1
    outer loop
      vertex -9.32259 4.52356 4
      vertex -9.13933 4.88324 4
      vertex -9.29227 4.88914 4
    endloop
  endfacet
  facet normal 0 0 1
    outer loop
      vertex -9.13933 4.88324 4
      vertex -9.32259 4.52356 4
      vertex -9.22508 4.40822 4
    endloop
  endfacet
  facet normal 0 -0 1
    outer loop
      vertex -9.32259 4.52356 4
      vertex -9.29227 4.88914 4
      vertex -9.41725 4.64383 4
    endloop
  endfacet
  facet normal 0 0 1
    outer loop
      vertex -7.43895 -5.96443 4
      vertex -7.97127 -5.23175 4
      vertex -7.56473 -6.02791 4
    endloop
  endfacet
  facet normal -0 0 1
    outer loop
      vertex -8.07051 -5.33176 4
      vertex -7.56473 -6.02791 4
      vertex -7.97127 -5.23175 4
    endloop
  endfacet
  facet normal 0 0 1
    outer loop
      vertex -7.56473 -6.02791 4
      vertex -8.07051 -5.33176 4
      vertex -7.69611 -6.08417 4
    endloop
  endfacet
  facet normal -0 0 1
    outer loop
      vertex -8.16461 -5.43933 4
      vertex -7.69611 -6.08417 4
      vertex -8.07051 -5.33176 4
    endloop
  endfacet
  facet normal 0 0 1
    outer loop
      vertex -7.69611 -6.08417 4
      vertex -8.16461 -5.43933 4
      vertex -7.83212 -6.13429 4
    endloop
  endfacet
  facet normal -0 0 1
    outer loop
      vertex -8.25432 -5.55319 4
      vertex -7.83212 -6.13429 4
      vertex -8.16461 -5.43933 4
    endloop
  endfacet
  facet normal 0 0 1
    outer loop
      vertex -7.83212 -6.13429 4
      vertex -8.25432 -5.55319 4
      vertex -7.97217 -6.17889 4
    endloop
  endfacet
  facet normal -0 0 1
    outer loop
      vertex -8.34001 -5.67259 4
      vertex -7.97217 -6.17889 4
      vertex -8.25432 -5.55319 4
    endloop
  endfacet
  facet normal 0 0 1
    outer loop
      vertex -7.97217 -6.17889 4
      vertex -8.34001 -5.67259 4
      vertex -8.11586 -6.21832 4
    endloop
  endfacet
  facet normal -0 0 1
    outer loop
      vertex -8.42192 -5.79707 4
      vertex -8.11586 -6.21832 4
      vertex -8.34001 -5.67259 4
    endloop
  endfacet
  facet normal 0 0 1
    outer loop
      vertex -8.11586 -6.21832 4
      vertex -8.42192 -5.79707 4
      vertex -8.26289 -6.25282 4
    endloop
  endfacet
  facet normal -0 0 1
    outer loop
      vertex -8.50017 -5.92625 4
      vertex -8.26289 -6.25282 4
      vertex -8.42192 -5.79707 4
    endloop
  endfacet
  facet normal 0 0 1
    outer loop
      vertex -8.26289 -6.25282 4
      vertex -8.50017 -5.92625 4
      vertex -8.41302 -6.28258 4
    endloop
  endfacet
  facet normal 0 0 1
    outer loop
      vertex -8.41302 -6.28258 4
      vertex -8.50017 -5.92625 4
      vertex -8.57486 -6.05983 4
    endloop
  endfacet
  facet normal 0 0 1
    outer loop
      vertex -8.15289 -4.6725 4
      vertex -8.5723 -3.8494 4
      vertex -8.28041 -4.72729 4
    endloop
  endfacet
  facet normal -0 0 1
    outer loop
      vertex -8.69156 -3.92035 4
      vertex -8.28041 -4.72729 4
      vertex -8.5723 -3.8494 4
    endloop
  endfacet
  facet normal 0 0 1
    outer loop
      vertex -8.28041 -4.72729 4
      vertex -8.69156 -3.92035 4
      vertex -8.41457 -4.77031 4
    endloop
  endfacet
  facet normal -0 0 1
    outer loop
      vertex -8.80522 -4.0036 4
      vertex -8.41457 -4.77031 4
      vertex -8.69156 -3.92035 4
    endloop
  endfacet
  facet normal 0 0 1
    outer loop
      vertex -8.41457 -4.77031 4
      vertex -8.80522 -4.0036 4
      vertex -8.55313 -4.80533 4
    endloop
  endfacet
  facet normal -0 0 1
    outer loop
      vertex -8.91499 -4.09512 4
      vertex -8.55313 -4.80533 4
      vertex -8.80522 -4.0036 4
    endloop
  endfacet
  facet normal 0 0 1
    outer loop
      vertex -8.55313 -4.80533 4
      vertex -8.91499 -4.09512 4
      vertex -8.69531 -4.83356 4
    endloop
  endfacet
  facet normal -0 0 1
    outer loop
      vertex -9.02141 -4.19356 4
      vertex -8.69531 -4.83356 4
      vertex -8.91499 -4.09512 4
    endloop
  endfacet
  facet normal 0 0 1
    outer loop
      vertex -8.69531 -4.83356 4
      vertex -9.02141 -4.19356 4
      vertex -8.84061 -4.8557 4
    endloop
  endfacet
  facet normal -0 0 1
    outer loop
      vertex -9.12473 -4.2981 4
      vertex -8.84061 -4.8557 4
      vertex -9.02141 -4.19356 4
    endloop
  endfacet
  facet normal 0 0 1
    outer loop
      vertex -8.84061 -4.8557 4
      vertex -9.12473 -4.2981 4
      vertex -8.98871 -4.87216 4
    endloop
  endfacet
  facet normal -0 0 1
    outer loop
      vertex -9.22508 -4.40822 4
      vertex -8.98871 -4.87216 4
      vertex -9.12473 -4.2981 4
    endloop
  endfacet
  facet normal 0 0 1
    outer loop
      vertex -8.98871 -4.87216 4
      vertex -9.22508 -4.40822 4
      vertex -9.13933 -4.88324 4
    endloop
  endfacet
  facet normal -0 0 1
    outer loop
      vertex -9.32259 -4.52356 4
      vertex -9.13933 -4.88324 4
      vertex -9.22508 -4.40822 4
    endloop
  endfacet
  facet normal 0 0 1
    outer loop
      vertex -9.13933 -4.88324 4
      vertex -9.32259 -4.52356 4
      vertex -9.29227 -4.88914 4
    endloop
  endfacet
  facet normal 0 0 1
    outer loop
      vertex -9.29227 -4.88914 4
      vertex -9.32259 -4.52356 4
      vertex -9.41725 -4.64383 4
    endloop
  endfacet
  facet normal -0 0 1
    outer loop
      vertex -9.06894 -2.461 4
      vertex -8.78346 -3.33958 4
      vertex -9.04778 -2.45526 4
    endloop
  endfacet
  facet normal 0 0 1
    outer loop
      vertex -8.78346 -3.33958 4
      vertex -9.06894 -2.461 4
      vertex -8.91797 -3.37375 4
    endloop
  endfacet
  facet normal -0 0 1
    outer loop
      vertex -9.19783 -2.51242 4
      vertex -8.91797 -3.37375 4
      vertex -9.06894 -2.461 4
    endloop
  endfacet
  facet normal 0 0 1
    outer loop
      vertex -8.91797 -3.37375 4
      vertex -9.19783 -2.51242 4
      vertex -9.05721 -3.39525 4
    endloop
  endfacet
  facet normal -0 0 1
    outer loop
      vertex -9.32312 -2.57687 4
      vertex -9.05721 -3.39525 4
      vertex -9.19783 -2.51242 4
    endloop
  endfacet
  facet normal 0 0 1
    outer loop
      vertex -9.05721 -3.39525 4
      vertex -9.32312 -2.57687 4
      vertex -9.19955 -3.40816 4
    endloop
  endfacet
  facet normal -0 0 1
    outer loop
      vertex -9.44586 -2.6501 4
      vertex -9.19955 -3.40816 4
      vertex -9.32312 -2.57687 4
    endloop
  endfacet
  facet normal 0 0 1
    outer loop
      vertex -9.19955 -3.40816 4
      vertex -9.44586 -2.6501 4
      vertex -9.34439 -3.4138 4
    endloop
  endfacet
  facet normal -0 0 1
    outer loop
      vertex -9.56636 -2.73067 4
      vertex -9.34439 -3.4138 4
      vertex -9.44586 -2.6501 4
    endloop
  endfacet
  facet normal 0 0 1
    outer loop
      vertex -9.34439 -3.4138 4
      vertex -9.56636 -2.73067 4
      vertex -9.49136 -3.41293 4
    endloop
  endfacet
  facet normal -0 0 1
    outer loop
      vertex -9.68475 -2.81775 4
      vertex -9.49136 -3.41293 4
      vertex -9.56636 -2.73067 4
    endloop
  endfacet
  facet normal 0 0 1
    outer loop
      vertex -9.49136 -3.41293 4
      vertex -9.68475 -2.81775 4
      vertex -9.64021 -3.40604 4
    endloop
  endfacet
  facet normal -0 0 1
    outer loop
      vertex -9.80112 -2.91083 4
      vertex -9.64021 -3.40604 4
      vertex -9.68475 -2.81775 4
    endloop
  endfacet
  facet normal 0 0 1
    outer loop
      vertex -9.64021 -3.40604 4
      vertex -9.80112 -2.91083 4
      vertex -9.79071 -3.39342 4
    endloop
  endfacet
  facet normal -0 0 1
    outer loop
      vertex -9.91545 -3.00949 4
      vertex -9.79071 -3.39342 4
      vertex -9.80112 -2.91083 4
    endloop
  endfacet
  facet normal 0 0 1
    outer loop
      vertex -9.91545 -3.00949 4
      vertex -9.94269 -3.37532 4
      vertex -9.79071 -3.39342 4
    endloop
  endfacet
  facet normal 0 -0 1
    outer loop
      vertex -9.94269 -3.37532 4
      vertex -9.91545 -3.00949 4
      vertex -10.0278 -3.11346 4
    endloop
  endfacet
  facet normal 0 0 1
    outer loop
      vertex -9.17628 -1.91994 4
      vertex -9.32047 -1.00964 4
      vertex -9.19775 -1.92444 4
    endloop
  endfacet
  facet normal -0 0 1
    outer loop
      vertex -9.34227 -1.01201 4
      vertex -9.19775 -1.92444 4
      vertex -9.32047 -1.00964 4
    endloop
  endfacet
  facet normal 0 0 1
    outer loop
      vertex -9.19775 -1.92444 4
      vertex -9.34227 -1.01201 4
      vertex -9.33595 -1.93713 4
    endloop
  endfacet
  facet normal -0 0 1
    outer loop
      vertex -9.47763 -1.04263 4
      vertex -9.33595 -1.93713 4
      vertex -9.34227 -1.01201 4
    endloop
  endfacet
  facet normal 0 0 1
    outer loop
      vertex -9.33595 -1.93713 4
      vertex -9.47763 -1.04263 4
      vertex -9.47684 -1.9366 4
    endloop
  endfacet
  facet normal -0 0 1
    outer loop
      vertex -9.61145 -1.08669 4
      vertex -9.47684 -1.9366 4
      vertex -9.47763 -1.04263 4
    endloop
  endfacet
  facet normal 0 0 1
    outer loop
      vertex -9.61145 -1.08669 4
      vertex -9.61945 -1.92706 4
      vertex -9.47684 -1.9366 4
    endloop
  endfacet
  facet normal -0 0 1
    outer loop
      vertex -9.74413 -1.13982 4
      vertex -9.61945 -1.92706 4
      vertex -9.61145 -1.08669 4
    endloop
  endfacet
  facet normal 0 0 1
    outer loop
      vertex -9.74413 -1.13982 4
      vertex -9.76338 -1.90999 4
      vertex -9.61945 -1.92706 4
    endloop
  endfacet
  facet normal -0 0 1
    outer loop
      vertex -9.87575 -1.20053 4
      vertex -9.76338 -1.90999 4
      vertex -9.74413 -1.13982 4
    endloop
  endfacet
  facet normal 0 0 1
    outer loop
      vertex -9.87575 -1.20053 4
      vertex -9.90842 -1.88614 4
      vertex -9.76338 -1.90999 4
    endloop
  endfacet
  facet normal -0 0 1
    outer loop
      vertex -10.0063 -1.26804 4
      vertex -9.90842 -1.88614 4
      vertex -9.87575 -1.20053 4
    endloop
  endfacet
  facet normal 0 0 1
    outer loop
      vertex -10.0063 -1.26804 4
      vertex -10.0544 -1.85603 4
      vertex -9.90842 -1.88614 4
    endloop
  endfacet
  facet normal -0 0 1
    outer loop
      vertex -10.1358 -1.34175 4
      vertex -10.0544 -1.85603 4
      vertex -10.0063 -1.26804 4
    endloop
  endfacet
  facet normal 0 0 1
    outer loop
      vertex -10.1358 -1.34175 4
      vertex -10.201 -1.82002 4
      vertex -10.0544 -1.85603 4
    endloop
  endfacet
  facet normal -0 0 1
    outer loop
      vertex -10.2642 -1.42133 4
      vertex -10.201 -1.82002 4
      vertex -10.1358 -1.34175 4
    endloop
  endfacet
  facet normal 0 0 1
    outer loop
      vertex -10.2642 -1.42133 4
      vertex -10.3483 -1.77838 4
      vertex -10.201 -1.82002 4
    endloop
  endfacet
  facet normal 0 -0 1
    outer loop
      vertex -10.3483 -1.77838 4
      vertex -10.2642 -1.42133 4
      vertex -10.3914 -1.50644 4
    endloop
  endfacet
  facet normal 0 0 1
    outer loop
      vertex -7.84622 -5.131 4
      vertex -6.94447 -1.4135 4
      vertex -7.07847 -1.31412 4
    endloop
  endfacet
  facet normal 0 0 1
    outer loop
      vertex -7.84622 -5.131 4
      vertex -7.07847 -1.31412 4
      vertex -7.20208 -1.20208 4
    endloop
  endfacet
  facet normal 0 0 1
    outer loop
      vertex -6.94447 -1.4135 4
      vertex -7.30449 -5.87663 4
      vertex -6.94696 -6.29526 4
    endloop
  endfacet
  facet normal 0 0 1
    outer loop
      vertex -7.84622 -5.131 4
      vertex -7.20208 -1.20208 4
      vertex -7.31412 -1.07847 4
    endloop
  endfacet
  facet normal 0 0 1
    outer loop
      vertex -6.94447 -1.4135 4
      vertex -7.84622 -5.131 4
      vertex -7.30449 -5.87663 4
    endloop
  endfacet
  facet normal 0 0 1
    outer loop
      vertex -7.84622 -5.131 4
      vertex -7.31412 -1.07847 4
      vertex -7.4135 -0.944468 4
    endloop
  endfacet
  facet normal -0 0 1
    outer loop
      vertex -7.97127 -5.23175 4
      vertex -7.43895 -5.96443 4
      vertex -7.86458 -5.14301 4
    endloop
  endfacet
  facet normal 0 0 1
    outer loop
      vertex -7.84622 -5.131 4
      vertex -7.4135 -0.944468 4
      vertex -7.49927 -0.801374 4
    endloop
  endfacet
  facet normal -0 0 1
    outer loop
      vertex -7.86458 -5.14301 4
      vertex -7.32158 -5.89038 4
      vertex -7.84622 -5.131 4
    endloop
  endfacet
  facet normal 0 0 1
    outer loop
      vertex -7.84622 -5.131 4
      vertex -7.49927 -0.801374 4
      vertex -7.57059 -0.650561 4
    endloop
  endfacet
  facet normal 0 0 1
    outer loop
      vertex -7.84622 -5.131 4
      vertex -7.57059 -0.650561 4
      vertex -7.6268 -0.493484 4
    endloop
  endfacet
  facet normal 0 0 1
    outer loop
      vertex -7.84622 -5.131 4
      vertex -7.6268 -0.493484 4
      vertex -7.66733 -0.331653 4
    endloop
  endfacet
  facet normal 0 0 1
    outer loop
      vertex -7.84622 -5.131 4
      vertex -7.66733 -0.331653 4
      vertex -7.69181 -0.166629 4
    endloop
  endfacet
  facet normal 0 0 1
    outer loop
      vertex -7.84622 -5.131 4
      vertex -7.32158 -5.89038 4
      vertex -7.30449 -5.87663 4
    endloop
  endfacet
  facet normal 0 0 1
    outer loop
      vertex -7.84622 -5.131 4
      vertex -7.69181 -0.166629 4
      vertex -7.7 0 4
    endloop
  endfacet
  facet normal 0 0 1
    outer loop
      vertex -7.4135 0.944468 4
      vertex -9.17628 1.91994 4
      vertex -7.49927 0.801374 4
    endloop
  endfacet
  facet normal -0 0 1
    outer loop
      vertex -9.32047 1.00964 4
      vertex -7.49927 0.801374 4
      vertex -9.17628 1.91994 4
    endloop
  endfacet
  facet normal 0 0 1
    outer loop
      vertex -7.32158 -5.89038 4
      vertex -7.86458 -5.14301 4
      vertex -7.43895 -5.96443 4
    endloop
  endfacet
  facet normal 0 0 1
    outer loop
      vertex -7.83212 6.13429 4
      vertex -7.86458 5.14301 4
      vertex -7.84622 5.131 4
    endloop
  endfacet
  facet normal 0 0 1
    outer loop
      vertex -7.83212 6.13429 4
      vertex -7.97127 5.23175 4
      vertex -7.86458 5.14301 4
    endloop
  endfacet
  facet normal 0 0 1
    outer loop
      vertex -8.25432 5.55319 4
      vertex -7.83212 6.13429 4
      vertex -7.97217 6.17889 4
    endloop
  endfacet
  facet normal 0 0 1
    outer loop
      vertex -7.83212 6.13429 4
      vertex -8.07051 5.33176 4
      vertex -7.97127 5.23175 4
    endloop
  endfacet
  facet normal 0 0 1
    outer loop
      vertex -8.34001 5.67259 4
      vertex -7.97217 6.17889 4
      vertex -8.11586 6.21832 4
    endloop
  endfacet
  facet normal 0 0 1
    outer loop
      vertex -7.83212 6.13429 4
      vertex -8.16461 5.43933 4
      vertex -8.07051 5.33176 4
    endloop
  endfacet
  facet normal 0 0 1
    outer loop
      vertex -7.83212 6.13429 4
      vertex -8.25432 5.55319 4
      vertex -8.16461 5.43933 4
    endloop
  endfacet
  facet normal 0 0 1
    outer loop
      vertex -8.42192 5.79707 4
      vertex -8.11586 6.21832 4
      vertex -8.26289 6.25282 4
    endloop
  endfacet
  facet normal 0 0 1
    outer loop
      vertex -7.97217 6.17889 4
      vertex -8.34001 5.67259 4
      vertex -8.25432 5.55319 4
    endloop
  endfacet
  facet normal 0 0 1
    outer loop
      vertex -8.50017 5.92625 4
      vertex -8.26289 6.25282 4
      vertex -8.41302 6.28258 4
    endloop
  endfacet
  facet normal 0 0 1
    outer loop
      vertex -8.11586 6.21832 4
      vertex -8.42192 5.79707 4
      vertex -8.34001 5.67259 4
    endloop
  endfacet
  facet normal 0 0 1
    outer loop
      vertex -8.26289 6.25282 4
      vertex -8.50017 5.92625 4
      vertex -8.42192 5.79707 4
    endloop
  endfacet
  facet normal 0 -0 1
    outer loop
      vertex -8.50017 5.92625 4
      vertex -8.41302 6.28258 4
      vertex -8.57486 6.05983 4
    endloop
  endfacet
  facet normal 0 0 1
    outer loop
      vertex -6.94696 -6.29526 4
      vertex -4.60978 -4.6497 4
      vertex -6.33165 -1.66733 4
    endloop
  endfacet
  facet normal 0 0 1
    outer loop
      vertex -4.60978 -4.6497 4
      vertex -6.94696 -6.29526 4
      vertex -4.65559 -4.81012 4
    endloop
  endfacet
  facet normal 0 0 1
    outer loop
      vertex -4.68546 -4.97426 4
      vertex -6.29526 -6.94696 4
      vertex -5.87663 -7.30449 4
    endloop
  endfacet
  facet normal 0 0 1
    outer loop
      vertex -4.68546 -4.97426 4
      vertex -6.94696 -6.29526 4
      vertex -6.29526 -6.94696 4
    endloop
  endfacet
  facet normal 0 0 1
    outer loop
      vertex -4.65559 -4.81012 4
      vertex -6.94696 -6.29526 4
      vertex -4.68546 -4.97426 4
    endloop
  endfacet
  facet normal 0 0 1
    outer loop
      vertex -6.29526 -6.94696 4
      vertex -6.94696 -6.29526 4
      vertex -6.30998 -6.96321 4
    endloop
  endfacet
  facet normal 0 0 1
    outer loop
      vertex -6.94696 -6.29526 4
      vertex -6.33165 -1.66733 4
      vertex -6.49348 -1.6268 4
    endloop
  endfacet
  facet normal -0 0 1
    outer loop
      vertex -6.96321 -6.30998 4
      vertex -6.30998 -6.96321 4
      vertex -6.94696 -6.29526 4
    endloop
  endfacet
  facet normal 0 0 1
    outer loop
      vertex -6.30998 -6.96321 4
      vertex -6.96321 -6.30998 4
      vertex -6.41432 -7.0547 4
    endloop
  endfacet
  facet normal 0 0 1
    outer loop
      vertex -6.94696 -6.29526 4
      vertex -6.49348 -1.6268 4
      vertex -6.65056 -1.57059 4
    endloop
  endfacet
  facet normal -0 0 1
    outer loop
      vertex -7.0547 -6.41432 4
      vertex -6.41432 -7.0547 4
      vertex -6.96321 -6.30998 4
    endloop
  endfacet
  facet normal 0 0 1
    outer loop
      vertex -6.94696 -6.29526 4
      vertex -6.65056 -1.57059 4
      vertex -6.80137 -1.49927 4
    endloop
  endfacet
  facet normal 0 0 1
    outer loop
      vertex -6.41432 -7.0547 4
      vertex -7.0547 -6.41432 4
      vertex -6.52861 -7.13708 4
    endloop
  endfacet
  facet normal 0 0 1
    outer loop
      vertex -6.94696 -6.29526 4
      vertex -6.80137 -1.49927 4
      vertex -6.94447 -1.4135 4
    endloop
  endfacet
  facet normal -0 0 1
    outer loop
      vertex -7.13708 -6.52861 4
      vertex -6.52861 -7.13708 4
      vertex -7.0547 -6.41432 4
    endloop
  endfacet
  facet normal 0 0 1
    outer loop
      vertex -6.52861 -7.13708 4
      vertex -7.13708 -6.52861 4
      vertex -6.64958 -7.2132 4
    endloop
  endfacet
  facet normal -0 0 1
    outer loop
      vertex -7.2132 -6.64958 4
      vertex -6.64958 -7.2132 4
      vertex -7.13708 -6.52861 4
    endloop
  endfacet
  facet normal 0 0 1
    outer loop
      vertex -6.64958 -7.2132 4
      vertex -7.2132 -6.64958 4
      vertex -6.77608 -7.28398 4
    endloop
  endfacet
  facet normal -0 0 1
    outer loop
      vertex -7.28398 -6.77608 4
      vertex -6.77608 -7.28398 4
      vertex -7.2132 -6.64958 4
    endloop
  endfacet
  facet normal 0 0 1
    outer loop
      vertex -6.77608 -7.28398 4
      vertex -7.28398 -6.77608 4
      vertex -6.90742 -7.34995 4
    endloop
  endfacet
  facet normal -0 0 1
    outer loop
      vertex -7.34995 -6.90742 4
      vertex -6.90742 -7.34995 4
      vertex -7.28398 -6.77608 4
    endloop
  endfacet
  facet normal 0 0 1
    outer loop
      vertex -6.90742 -7.34995 4
      vertex -7.34995 -6.90742 4
      vertex -7.04318 -7.41136 4
    endloop
  endfacet
  facet normal -0 0 1
    outer loop
      vertex -7.41136 -7.04318 4
      vertex -7.04318 -7.41136 4
      vertex -7.34995 -6.90742 4
    endloop
  endfacet
  facet normal 0 0 1
    outer loop
      vertex -7.04318 -7.41136 4
      vertex -7.41136 -7.04318 4
      vertex -7.183 -7.46844 4
    endloop
  endfacet
  facet normal -0 0 1
    outer loop
      vertex -7.46844 -7.183 4
      vertex -7.183 -7.46844 4
      vertex -7.41136 -7.04318 4
    endloop
  endfacet
  facet normal 0 0 1
    outer loop
      vertex -7.183 -7.46844 4
      vertex -7.46844 -7.183 4
      vertex -7.32663 -7.52132 4
    endloop
  endfacet
  facet normal 0 0 1
    outer loop
      vertex -7.32663 -7.52132 4
      vertex -7.46844 -7.183 4
      vertex -7.52132 -7.32663 4
    endloop
  endfacet
  facet normal 0 0 1
    outer loop
      vertex -4.47224 4.34615 4
      vertex -6 1.7 4
      vertex -5.83337 1.69181 4
    endloop
  endfacet
  facet normal 0 0 1
    outer loop
      vertex -4.69636 5.30734 4
      vertex -6.94696 6.29526 4
      vertex -4.69909 5.14053 4
    endloop
  endfacet
  facet normal -0 0 1
    outer loop
      vertex -7.30449 5.87663 4
      vertex -4.69909 5.14053 4
      vertex -6.94696 6.29526 4
    endloop
  endfacet
  facet normal 0 0 1
    outer loop
      vertex -6.94696 6.29526 4
      vertex -6.29526 6.94696 4
      vertex -6.30998 6.96321 4
    endloop
  endfacet
  facet normal 0 0 1
    outer loop
      vertex -4.65559 4.81012 4
      vertex -7.30449 5.87663 4
      vertex -7.84622 5.131 4
    endloop
  endfacet
  facet normal 0 0 1
    outer loop
      vertex -6.96321 6.30998 4
      vertex -6.30998 6.96321 4
      vertex -6.41432 7.0547 4
    endloop
  endfacet
  facet normal 0 0 1
    outer loop
      vertex -4.54847 4.49455 4
      vertex -6.16663 1.69181 4
      vertex -6 1.7 4
    endloop
  endfacet
  facet normal 0 0 1
    outer loop
      vertex -7.0547 6.41432 4
      vertex -6.41432 7.0547 4
      vertex -6.52861 7.13708 4
    endloop
  endfacet
  facet normal 0 0 1
    outer loop
      vertex -7.13708 6.52861 4
      vertex -6.52861 7.13708 4
      vertex -6.64958 7.2132 4
    endloop
  endfacet
  facet normal 0 0 1
    outer loop
      vertex -4.60978 4.6497 4
      vertex -7.84622 5.131 4
      vertex -8.13387 4.66161 4
    endloop
  endfacet
  facet normal 0 0 1
    outer loop
      vertex -7.2132 6.64958 4
      vertex -6.64958 7.2132 4
      vertex -6.77608 7.28398 4
    endloop
  endfacet
  facet normal 0 0 1
    outer loop
      vertex -4.54847 4.49455 4
      vertex -8.13387 4.66161 4
      vertex -6.16663 1.69181 4
    endloop
  endfacet
  facet normal 0 0 1
    outer loop
      vertex -7.28398 6.77608 4
      vertex -6.77608 7.28398 4
      vertex -6.90742 7.34995 4
    endloop
  endfacet
  facet normal 0 0 1
    outer loop
      vertex -6.16663 1.69181 4
      vertex -8.13387 4.66161 4
      vertex -6.33165 1.66733 4
    endloop
  endfacet
  facet normal -0 0 1
    outer loop
      vertex -8.55229 3.84041 4
      vertex -6.33165 1.66733 4
      vertex -8.13387 4.66161 4
    endloop
  endfacet
  facet normal 0 0 1
    outer loop
      vertex -6.30998 6.96321 4
      vertex -6.96321 6.30998 4
      vertex -6.94696 6.29526 4
    endloop
  endfacet
  facet normal 0 0 1
    outer loop
      vertex -7.34995 6.90742 4
      vertex -6.90742 7.34995 4
      vertex -7.04318 7.41136 4
    endloop
  endfacet
  facet normal 0 0 1
    outer loop
      vertex -6.41432 7.0547 4
      vertex -7.0547 6.41432 4
      vertex -6.96321 6.30998 4
    endloop
  endfacet
  facet normal 0 0 1
    outer loop
      vertex -6.52861 7.13708 4
      vertex -7.13708 6.52861 4
      vertex -7.0547 6.41432 4
    endloop
  endfacet
  facet normal 0 0 1
    outer loop
      vertex -7.41136 7.04318 4
      vertex -7.04318 7.41136 4
      vertex -7.183 7.46844 4
    endloop
  endfacet
  facet normal 0 0 1
    outer loop
      vertex -6.64958 7.2132 4
      vertex -7.2132 6.64958 4
      vertex -7.13708 6.52861 4
    endloop
  endfacet
  facet normal 0 0 1
    outer loop
      vertex -6.77608 7.28398 4
      vertex -7.28398 6.77608 4
      vertex -7.2132 6.64958 4
    endloop
  endfacet
  facet normal 0 0 1
    outer loop
      vertex -7.46844 7.183 4
      vertex -7.183 7.46844 4
      vertex -7.32663 7.52132 4
    endloop
  endfacet
  facet normal 0 0 1
    outer loop
      vertex -6.90742 7.34995 4
      vertex -7.34995 6.90742 4
      vertex -7.28398 6.77608 4
    endloop
  endfacet
  facet normal 0 0 1
    outer loop
      vertex -7.04318 7.41136 4
      vertex -7.41136 7.04318 4
      vertex -7.34995 6.90742 4
    endloop
  endfacet
  facet normal 0 0 1
    outer loop
      vertex -7.183 7.46844 4
      vertex -7.46844 7.183 4
      vertex -7.41136 7.04318 4
    endloop
  endfacet
  facet normal 0 -0 1
    outer loop
      vertex -7.46844 7.183 4
      vertex -7.32663 7.52132 4
      vertex -7.52132 7.32663 4
    endloop
  endfacet
  facet normal 0 0 1
    outer loop
      vertex -6.33165 1.66733 4
      vertex -8.55229 3.84041 4
      vertex -6.49348 1.6268 4
    endloop
  endfacet
  facet normal 0 0 1
    outer loop
      vertex -6.49348 1.6268 4
      vertex -8.55229 3.84041 4
      vertex -6.65056 1.57059 4
    endloop
  endfacet
  facet normal 0 0 1
    outer loop
      vertex -7.32158 5.89038 4
      vertex -7.84622 5.131 4
      vertex -7.30449 5.87663 4
    endloop
  endfacet
  facet normal -0 0 1
    outer loop
      vertex -8.76297 3.33179 4
      vertex -6.65056 1.57059 4
      vertex -8.55229 3.84041 4
    endloop
  endfacet
  facet normal 0 0 1
    outer loop
      vertex -7.84622 5.131 4
      vertex -7.32158 5.89038 4
      vertex -7.43895 5.96443 4
    endloop
  endfacet
  facet normal 0 0 1
    outer loop
      vertex -6.65056 1.57059 4
      vertex -8.76297 3.33179 4
      vertex -6.80137 1.49927 4
    endloop
  endfacet
  facet normal 0 0 1
    outer loop
      vertex -7.84622 5.131 4
      vertex -7.43895 5.96443 4
      vertex -7.56473 6.02791 4
    endloop
  endfacet
  facet normal 0 0 1
    outer loop
      vertex -7.84622 5.131 4
      vertex -7.69611 6.08417 4
      vertex -7.83212 6.13429 4
    endloop
  endfacet
  facet normal 0 0 1
    outer loop
      vertex -7.84622 5.131 4
      vertex -7.56473 6.02791 4
      vertex -7.69611 6.08417 4
    endloop
  endfacet
  facet normal 0 0 1
    outer loop
      vertex -6.80137 1.49927 4
      vertex -8.76297 3.33179 4
      vertex -6.94447 1.4135 4
    endloop
  endfacet
  facet normal -0 0 1
    outer loop
      vertex -9.04778 2.45526 4
      vertex -6.94447 1.4135 4
      vertex -8.76297 3.33179 4
    endloop
  endfacet
  facet normal 0 0 1
    outer loop
      vertex -6.94447 1.4135 4
      vertex -9.04778 2.45526 4
      vertex -7.07847 1.31412 4
    endloop
  endfacet
  facet normal 0 0 1
    outer loop
      vertex -7.07847 1.31412 4
      vertex -9.04778 2.45526 4
      vertex -7.20208 1.20208 4
    endloop
  endfacet
  facet normal -0 0 1
    outer loop
      vertex -9.17628 1.91994 4
      vertex -7.20208 1.20208 4
      vertex -9.04778 2.45526 4
    endloop
  endfacet
  facet normal 0 0 1
    outer loop
      vertex -7.20208 1.20208 4
      vertex -9.17628 1.91994 4
      vertex -7.31412 1.07847 4
    endloop
  endfacet
  facet normal 0 0 1
    outer loop
      vertex -7.31412 1.07847 4
      vertex -9.17628 1.91994 4
      vertex -7.4135 0.944468 4
    endloop
  endfacet
  facet normal 0 0 1
    outer loop
      vertex -3.8494 8.5723 4
      vertex -4.6725 8.15289 4
      vertex -4.66161 8.13387 4
    endloop
  endfacet
  facet normal 0 0 1
    outer loop
      vertex -4.52356 9.32259 4
      vertex -4.72729 8.28041 4
      vertex -4.6725 8.15289 4
    endloop
  endfacet
  facet normal 0 0 1
    outer loop
      vertex -4.52356 9.32259 4
      vertex -4.77031 8.41457 4
      vertex -4.72729 8.28041 4
    endloop
  endfacet
  facet normal 0 0 1
    outer loop
      vertex -4.52356 9.32259 4
      vertex -4.80533 8.55313 4
      vertex -4.77031 8.41457 4
    endloop
  endfacet
  facet normal 0 0 1
    outer loop
      vertex -4.52356 9.32259 4
      vertex -4.83356 8.69531 4
      vertex -4.80533 8.55313 4
    endloop
  endfacet
  facet normal 0 0 1
    outer loop
      vertex -4.52356 9.32259 4
      vertex -4.8557 8.84061 4
      vertex -4.83356 8.69531 4
    endloop
  endfacet
  facet normal 0 0 1
    outer loop
      vertex -4.52356 9.32259 4
      vertex -4.87216 8.98871 4
      vertex -4.8557 8.84061 4
    endloop
  endfacet
  facet normal 0 0 1
    outer loop
      vertex -4.52356 9.32259 4
      vertex -4.88324 9.13933 4
      vertex -4.87216 8.98871 4
    endloop
  endfacet
  facet normal 0 -0 1
    outer loop
      vertex -4.88324 9.13933 4
      vertex -4.64383 9.41725 4
      vertex -4.88914 9.29227 4
    endloop
  endfacet
  facet normal 0 0 1
    outer loop
      vertex -3.23358 -1.33939 4
      vertex -4.68588 -1.07847 4
      vertex -4.79792 -1.20208 4
    endloop
  endfacet
  facet normal 0 0 1
    outer loop
      vertex -3.08672 -1.64989 4
      vertex -4.79792 -1.20208 4
      vertex -4.92153 -1.31412 4
    endloop
  endfacet
  facet normal 0 0 1
    outer loop
      vertex -2.91014 -1.9445 4
      vertex -3.59882 -3.60511 4
      vertex -3.43999 -3.55408 4
    endloop
  endfacet
  facet normal 0 0 1
    outer loop
      vertex -3.08672 -1.64989 4
      vertex -4.92153 -1.31412 4
      vertex -3.59882 -3.60511 4
    endloop
  endfacet
  facet normal 0 0 1
    outer loop
      vertex -3.59882 -3.60511 4
      vertex -4.92153 -1.31412 4
      vertex -3.75189 -3.67147 4
    endloop
  endfacet
  facet normal -0 0 1
    outer loop
      vertex -5.05553 -1.4135 4
      vertex -3.75189 -3.67147 4
      vertex -4.92153 -1.31412 4
    endloop
  endfacet
  facet normal 0 0 1
    outer loop
      vertex -3.75189 -3.67147 4
      vertex -5.05553 -1.4135 4
      vertex -3.89771 -3.75251 4
    endloop
  endfacet
  facet normal -0 0 1
    outer loop
      vertex -5.19862 -1.49927 4
      vertex -3.89771 -3.75251 4
      vertex -5.05553 -1.4135 4
    endloop
  endfacet
  facet normal 0 0 1
    outer loop
      vertex -3.89771 -3.75251 4
      vertex -5.19862 -1.49927 4
      vertex -4.03489 -3.84745 4
    endloop
  endfacet
  facet normal -0 0 1
    outer loop
      vertex -5.34944 -1.57059 4
      vertex -4.03489 -3.84745 4
      vertex -5.19862 -1.49927 4
    endloop
  endfacet
  facet normal 0 0 1
    outer loop
      vertex -4.03489 -3.84745 4
      vertex -5.34944 -1.57059 4
      vertex -4.16211 -3.95538 4
    endloop
  endfacet
  facet normal -0 0 1
    outer loop
      vertex -5.50652 -1.6268 4
      vertex -4.16211 -3.95538 4
      vertex -5.34944 -1.57059 4
    endloop
  endfacet
  facet normal 0 0 1
    outer loop
      vertex -4.16211 -3.95538 4
      vertex -5.50652 -1.6268 4
      vertex -4.27813 -4.07526 4
    endloop
  endfacet
  facet normal -0 0 1
    outer loop
      vertex -5.66835 -1.66733 4
      vertex -4.27813 -4.07526 4
      vertex -5.50652 -1.6268 4
    endloop
  endfacet
  facet normal 0 0 1
    outer loop
      vertex -4.27813 -4.07526 4
      vertex -5.66835 -1.66733 4
      vertex -4.38184 -4.20594 4
    endloop
  endfacet
  facet normal -0 0 1
    outer loop
      vertex -4.83356 -8.69531 4
      vertex -4.19356 -9.02141 4
      vertex -4.80533 -8.55313 4
    endloop
  endfacet
  facet normal 0 0 1
    outer loop
      vertex -4.19356 -9.02141 4
      vertex -4.83356 -8.69531 4
      vertex -4.2981 -9.12473 4
    endloop
  endfacet
  facet normal -0 0 1
    outer loop
      vertex -4.8557 -8.84061 4
      vertex -4.2981 -9.12473 4
      vertex -4.83356 -8.69531 4
    endloop
  endfacet
  facet normal 0 0 1
    outer loop
      vertex -4.2981 -9.12473 4
      vertex -4.8557 -8.84061 4
      vertex -4.40822 -9.22508 4
    endloop
  endfacet
  facet normal -0 0 1
    outer loop
      vertex -4.87216 -8.98871 4
      vertex -4.40822 -9.22508 4
      vertex -4.8557 -8.84061 4
    endloop
  endfacet
  facet normal 0 0 1
    outer loop
      vertex -4.40822 -9.22508 4
      vertex -4.87216 -8.98871 4
      vertex -4.52356 -9.32259 4
    endloop
  endfacet
  facet normal -0 0 1
    outer loop
      vertex -4.88324 -9.13933 4
      vertex -4.52356 -9.32259 4
      vertex -4.87216 -8.98871 4
    endloop
  endfacet
  facet normal 0 0 1
    outer loop
      vertex -4.52356 -9.32259 4
      vertex -4.88324 -9.13933 4
      vertex -4.64383 -9.41725 4
    endloop
  endfacet
  facet normal 0 0 1
    outer loop
      vertex -4.64383 -9.41725 4
      vertex -4.88324 -9.13933 4
      vertex -4.88914 -9.29227 4
    endloop
  endfacet
  facet normal 0 0 1
    outer loop
      vertex -3.84041 -8.55229 4
      vertex -3.22189 -6.88161 4
      vertex -3.38603 -6.85174 4
    endloop
  endfacet
  facet normal 0 0 1
    outer loop
      vertex -3.84041 -8.55229 4
      vertex -3.38603 -6.85174 4
      vertex -3.54645 -6.80593 4
    endloop
  endfacet
  facet normal 0 0 1
    outer loop
      vertex -4.66161 -8.13387 4
      vertex -3.54645 -6.80593 4
      vertex -3.7016 -6.74462 4
    endloop
  endfacet
  facet normal 0 0 1
    outer loop
      vertex -3.22189 -6.88161 4
      vertex -3.84041 -8.55229 4
      vertex -3.33179 -8.76297 4
    endloop
  endfacet
  facet normal 0 0 1
    outer loop
      vertex -3.54645 -6.80593 4
      vertex -4.66161 -8.13387 4
      vertex -3.84041 -8.55229 4
    endloop
  endfacet
  facet normal 0 0 1
    outer loop
      vertex -4.66161 -8.13387 4
      vertex -3.7016 -6.74462 4
      vertex -3.85 -6.6684 4
    endloop
  endfacet
  facet normal 0 0 1
    outer loop
      vertex -3.84041 -8.55229 4
      vertex -4.66161 -8.13387 4
      vertex -3.8494 -8.5723 4
    endloop
  endfacet
  facet normal 0 0 1
    outer loop
      vertex -4.66161 -8.13387 4
      vertex -3.85 -6.6684 4
      vertex -3.99021 -6.57799 4
    endloop
  endfacet
  facet normal -0 0 1
    outer loop
      vertex -4.6725 -8.15289 4
      vertex -3.8494 -8.5723 4
      vertex -4.66161 -8.13387 4
    endloop
  endfacet
  facet normal 0 0 1
    outer loop
      vertex -3.8494 -8.5723 4
      vertex -4.6725 -8.15289 4
      vertex -3.92035 -8.69156 4
    endloop
  endfacet
  facet normal 0 0 1
    outer loop
      vertex -5.131 -7.84622 4
      vertex -3.99021 -6.57799 4
      vertex -4.12089 -6.47428 4
    endloop
  endfacet
  facet normal -0 0 1
    outer loop
      vertex -4.72729 -8.28041 4
      vertex -3.92035 -8.69156 4
      vertex -4.6725 -8.15289 4
    endloop
  endfacet
  facet normal 0 0 1
    outer loop
      vertex -5.131 -7.84622 4
      vertex -4.12089 -6.47428 4
      vertex -4.24077 -6.35826 4
    endloop
  endfacet
  facet normal 0 0 1
    outer loop
      vertex -3.92035 -8.69156 4
      vertex -4.72729 -8.28041 4
      vertex -4.0036 -8.80522 4
    endloop
  endfacet
  facet normal 0 0 1
    outer loop
      vertex -5.131 -7.84622 4
      vertex -4.24077 -6.35826 4
      vertex -4.3487 -6.23105 4
    endloop
  endfacet
  facet normal -0 0 1
    outer loop
      vertex -4.77031 -8.41457 4
      vertex -4.0036 -8.80522 4
      vertex -4.72729 -8.28041 4
    endloop
  endfacet
  facet normal 0 0 1
    outer loop
      vertex -5.87663 -7.30449 4
      vertex -4.3487 -6.23105 4
      vertex -4.44364 -6.09387 4
    endloop
  endfacet
  facet normal 0 0 1
    outer loop
      vertex -4.0036 -8.80522 4
      vertex -4.77031 -8.41457 4
      vertex -4.09512 -8.91499 4
    endloop
  endfacet
  facet normal 0 0 1
    outer loop
      vertex -5.87663 -7.30449 4
      vertex -4.44364 -6.09387 4
      vertex -4.52468 -5.94804 4
    endloop
  endfacet
  facet normal 0 0 1
    outer loop
      vertex -5.87663 -7.30449 4
      vertex -4.52468 -5.94804 4
      vertex -4.59104 -5.79498 4
    endloop
  endfacet
  facet normal 0 0 1
    outer loop
      vertex -5.87663 -7.30449 4
      vertex -4.59104 -5.79498 4
      vertex -4.64207 -5.63614 4
    endloop
  endfacet
  facet normal -0 0 1
    outer loop
      vertex -4.80533 -8.55313 4
      vertex -4.09512 -8.91499 4
      vertex -4.77031 -8.41457 4
    endloop
  endfacet
  facet normal 0 0 1
    outer loop
      vertex -4.09512 -8.91499 4
      vertex -4.80533 -8.55313 4
      vertex -4.19356 -9.02141 4
    endloop
  endfacet
  facet normal 0 0 1
    outer loop
      vertex -5.87663 -7.30449 4
      vertex -4.64207 -5.63614 4
      vertex -4.67729 -5.47307 4
    endloop
  endfacet
  facet normal 0 0 1
    outer loop
      vertex -5.87663 -7.30449 4
      vertex -4.67729 -5.47307 4
      vertex -4.69636 -5.30734 4
    endloop
  endfacet
  facet normal 0 0 1
    outer loop
      vertex -5.87663 -7.30449 4
      vertex -4.69636 -5.30734 4
      vertex -4.69909 -5.14053 4
    endloop
  endfacet
  facet normal -0 0 1
    outer loop
      vertex -5.83337 -1.69181 4
      vertex -4.38184 -4.20594 4
      vertex -5.66835 -1.66733 4
    endloop
  endfacet
  facet normal 0 0 1
    outer loop
      vertex -4.38184 -4.20594 4
      vertex -5.83337 -1.69181 4
      vertex -4.47224 -4.34615 4
    endloop
  endfacet
  facet normal -0 0 1
    outer loop
      vertex -6 -1.7 4
      vertex -4.47224 -4.34615 4
      vertex -5.83337 -1.69181 4
    endloop
  endfacet
  facet normal 0 0 1
    outer loop
      vertex -3.99021 -6.57799 4
      vertex -5.131 -7.84622 4
      vertex -4.66161 -8.13387 4
    endloop
  endfacet
  facet normal 0 0 1
    outer loop
      vertex -4.47224 -4.34615 4
      vertex -6 -1.7 4
      vertex -4.54847 -4.49455 4
    endloop
  endfacet
  facet normal 0 0 1
    outer loop
      vertex -4.3487 -6.23105 4
      vertex -5.87663 -7.30449 4
      vertex -5.131 -7.84622 4
    endloop
  endfacet
  facet normal 0 0 1
    outer loop
      vertex -5.131 -7.84622 4
      vertex -5.87663 -7.30449 4
      vertex -5.14301 -7.86458 4
    endloop
  endfacet
  facet normal -0 0 1
    outer loop
      vertex -5.89038 -7.32158 4
      vertex -5.14301 -7.86458 4
      vertex -5.87663 -7.30449 4
    endloop
  endfacet
  facet normal 0 0 1
    outer loop
      vertex -6.16663 -1.69181 4
      vertex -4.54847 -4.49455 4
      vertex -6 -1.7 4
    endloop
  endfacet
  facet normal 0 0 1
    outer loop
      vertex -5.14301 -7.86458 4
      vertex -5.89038 -7.32158 4
      vertex -5.23175 -7.97127 4
    endloop
  endfacet
  facet normal 0 0 1
    outer loop
      vertex -4.54847 -4.49455 4
      vertex -6.16663 -1.69181 4
      vertex -4.60978 -4.6497 4
    endloop
  endfacet
  facet normal -0 0 1
    outer loop
      vertex -5.96443 -7.43895 4
      vertex -5.23175 -7.97127 4
      vertex -5.89038 -7.32158 4
    endloop
  endfacet
  facet normal 0 0 1
    outer loop
      vertex -6.33165 -1.66733 4
      vertex -4.60978 -4.6497 4
      vertex -6.16663 -1.69181 4
    endloop
  endfacet
  facet normal 0 0 1
    outer loop
      vertex -5.23175 -7.97127 4
      vertex -5.96443 -7.43895 4
      vertex -5.33176 -8.07051 4
    endloop
  endfacet
  facet normal -0 0 1
    outer loop
      vertex -6.02791 -7.56473 4
      vertex -5.33176 -8.07051 4
      vertex -5.96443 -7.43895 4
    endloop
  endfacet
  facet normal 0 0 1
    outer loop
      vertex -4.68546 -4.97426 4
      vertex -5.87663 -7.30449 4
      vertex -4.69909 -5.14053 4
    endloop
  endfacet
  facet normal -0 0 1
    outer loop
      vertex -6.08417 -7.69611 4
      vertex -5.43933 -8.16461 4
      vertex -6.02791 -7.56473 4
    endloop
  endfacet
  facet normal 0 0 1
    outer loop
      vertex -5.33176 -8.07051 4
      vertex -6.02791 -7.56473 4
      vertex -5.43933 -8.16461 4
    endloop
  endfacet
  facet normal 0 0 1
    outer loop
      vertex -5.43933 -8.16461 4
      vertex -6.08417 -7.69611 4
      vertex -5.55319 -8.25432 4
    endloop
  endfacet
  facet normal -0 0 1
    outer loop
      vertex -6.13429 -7.83212 4
      vertex -5.55319 -8.25432 4
      vertex -6.08417 -7.69611 4
    endloop
  endfacet
  facet normal 0 0 1
    outer loop
      vertex -5.55319 -8.25432 4
      vertex -6.13429 -7.83212 4
      vertex -5.67259 -8.34001 4
    endloop
  endfacet
  facet normal -0 0 1
    outer loop
      vertex -6.17889 -7.97217 4
      vertex -5.67259 -8.34001 4
      vertex -6.13429 -7.83212 4
    endloop
  endfacet
  facet normal 0 0 1
    outer loop
      vertex -5.67259 -8.34001 4
      vertex -6.17889 -7.97217 4
      vertex -5.79707 -8.42192 4
    endloop
  endfacet
  facet normal -0 0 1
    outer loop
      vertex -6.21832 -8.11586 4
      vertex -5.79707 -8.42192 4
      vertex -6.17889 -7.97217 4
    endloop
  endfacet
  facet normal 0 0 1
    outer loop
      vertex -5.79707 -8.42192 4
      vertex -6.21832 -8.11586 4
      vertex -5.92625 -8.50017 4
    endloop
  endfacet
  facet normal -0 0 1
    outer loop
      vertex -6.25282 -8.26289 4
      vertex -5.92625 -8.50017 4
      vertex -6.21832 -8.11586 4
    endloop
  endfacet
  facet normal 0 0 1
    outer loop
      vertex -5.92625 -8.50017 4
      vertex -6.25282 -8.26289 4
      vertex -6.05983 -8.57486 4
    endloop
  endfacet
  facet normal 0 0 1
    outer loop
      vertex -6.05983 -8.57486 4
      vertex -6.25282 -8.26289 4
      vertex -6.28258 -8.41302 4
    endloop
  endfacet
  facet normal 0 0 1
    outer loop
      vertex -1.01201 9.34227 4
      vertex -1.92444 9.19775 4
      vertex -1.91994 9.17628 4
    endloop
  endfacet
  facet normal 0 0 1
    outer loop
      vertex -1.13982 9.74413 4
      vertex -1.92706 9.61945 4
      vertex -1.9366 9.47684 4
    endloop
  endfacet
  facet normal 0 0 1
    outer loop
      vertex -1.08669 9.61145 4
      vertex -1.9366 9.47684 4
      vertex -1.93713 9.33595 4
    endloop
  endfacet
  facet normal 0 0 1
    outer loop
      vertex -1.04263 9.47763 4
      vertex -1.93713 9.33595 4
      vertex -1.92444 9.19775 4
    endloop
  endfacet
  facet normal 0 0 1
    outer loop
      vertex 0 3.5 4
      vertex -1.32271 4.91923 4
      vertex -0.34306 3.48315 4
    endloop
  endfacet
  facet normal 0 0 1
    outer loop
      vertex -1.88614 9.90842 4
      vertex -1.26804 10.0063 4
      vertex -1.34175 10.1358 4
    endloop
  endfacet
  facet normal 0 0 1
    outer loop
      vertex -1.32271 4.91923 4
      vertex 1.30364 5.08497 4
      vertex -1.30364 5.08497 4
    endloop
  endfacet
  facet normal 0 0 1
    outer loop
      vertex 1.30091 5.25177 4
      vertex -1.30091 5.25177 4
      vertex 1.30364 5.08497 4
    endloop
  endfacet
  facet normal 0 0 1
    outer loop
      vertex -1.85603 10.0544 4
      vertex -1.34175 10.1358 4
      vertex -1.42133 10.2642 4
    endloop
  endfacet
  facet normal 0 -0 1
    outer loop
      vertex -1.31454 5.41805 4
      vertex 1.31454 5.41805 4
      vertex -1.34441 5.58218 4
    endloop
  endfacet
  facet normal 0 0 1
    outer loop
      vertex -1.82002 10.201 4
      vertex -1.42133 10.2642 4
      vertex -1.50644 10.3914 4
    endloop
  endfacet
  facet normal 0 0 1
    outer loop
      vertex 1.34441 5.58218 4
      vertex -1.34441 5.58218 4
      vertex 1.31454 5.41805 4
    endloop
  endfacet
  facet normal 0 0 1
    outer loop
      vertex -1.00964 9.32047 4
      vertex -1.91994 9.17628 4
      vertex -2.10228 6.6398 4
    endloop
  endfacet
  facet normal 0 0 1
    outer loop
      vertex 1.45153 5.89775 4
      vertex -1.45153 5.89775 4
      vertex 1.39022 5.7426 4
    endloop
  endfacet
  facet normal 0 0 1
    outer loop
      vertex -1.82002 10.201 4
      vertex -1.50644 10.3914 4
      vertex -1.77838 10.3483 4
    endloop
  endfacet
  facet normal 0 0 1
    outer loop
      vertex -1.42133 10.2642 4
      vertex -1.82002 10.201 4
      vertex -1.85603 10.0544 4
    endloop
  endfacet
  facet normal 0 0 1
    outer loop
      vertex -0.460815 9.36366 4
      vertex -1.72187 6.31704 4
      vertex -1.61816 6.18636 4
    endloop
  endfacet
  facet normal 0 0 1
    outer loop
      vertex -1.34175 10.1358 4
      vertex -1.85603 10.0544 4
      vertex -1.88614 9.90842 4
    endloop
  endfacet
  facet normal 0 0 1
    outer loop
      vertex -1.26804 10.0063 4
      vertex -1.88614 9.90842 4
      vertex -1.90999 9.76338 4
    endloop
  endfacet
  facet normal 0 0 1
    outer loop
      vertex -1.20053 9.87575 4
      vertex -1.90999 9.76338 4
      vertex -1.92706 9.61945 4
    endloop
  endfacet
  facet normal 0 0 1
    outer loop
      vertex -0.460815 9.36366 4
      vertex -1.83789 6.43692 4
      vertex -1.72187 6.31704 4
    endloop
  endfacet
  facet normal 0 0 1
    outer loop
      vertex -1.00964 9.32047 4
      vertex -1.96511 6.54485 4
      vertex -1.83789 6.43692 4
    endloop
  endfacet
  facet normal 0 0 1
    outer loop
      vertex -1.00964 9.32047 4
      vertex -2.10228 6.6398 4
      vertex -1.96511 6.54485 4
    endloop
  endfacet
  facet normal 0 0 1
    outer loop
      vertex -1.91994 9.17628 4
      vertex -2.24811 6.72084 4
      vertex -2.10228 6.6398 4
    endloop
  endfacet
  facet normal 0 0 1
    outer loop
      vertex -1.91994 9.17628 4
      vertex -2.40117 6.78719 4
      vertex -2.24811 6.72084 4
    endloop
  endfacet
  facet normal -0 0 1
    outer loop
      vertex -2.45526 9.04778 4
      vertex -2.40117 6.78719 4
      vertex -1.91994 9.17628 4
    endloop
  endfacet
  facet normal 0 0 1
    outer loop
      vertex -3.33179 8.76297 4
      vertex -2.45526 9.04778 4
      vertex -2.461 9.06894 4
    endloop
  endfacet
  facet normal 0 0 1
    outer loop
      vertex -3.33958 8.78346 4
      vertex -2.461 9.06894 4
      vertex -2.51242 9.19783 4
    endloop
  endfacet
  facet normal 0 0 1
    outer loop
      vertex -2.45526 9.04778 4
      vertex -2.56001 6.83823 4
      vertex -2.40117 6.78719 4
    endloop
  endfacet
  facet normal 0 0 1
    outer loop
      vertex -3.37375 8.91797 4
      vertex -2.51242 9.19783 4
      vertex -2.57687 9.32312 4
    endloop
  endfacet
  facet normal 0 0 1
    outer loop
      vertex -3.39525 9.05721 4
      vertex -2.57687 9.32312 4
      vertex -2.6501 9.44586 4
    endloop
  endfacet
  facet normal 0 0 1
    outer loop
      vertex -2.45526 9.04778 4
      vertex -3.33179 8.76297 4
      vertex -2.72308 6.87345 4
    endloop
  endfacet
  facet normal 0 0 1
    outer loop
      vertex -3.40816 9.19955 4
      vertex -2.6501 9.44586 4
      vertex -2.73067 9.56636 4
    endloop
  endfacet
  facet normal 0 0 1
    outer loop
      vertex -3.4138 9.34439 4
      vertex -2.73067 9.56636 4
      vertex -2.81775 9.68475 4
    endloop
  endfacet
  facet normal 0 0 1
    outer loop
      vertex -2.45526 9.04778 4
      vertex -2.72308 6.87345 4
      vertex -2.56001 6.83823 4
    endloop
  endfacet
  facet normal 0 0 1
    outer loop
      vertex -3.41293 9.49136 4
      vertex -2.81775 9.68475 4
      vertex -2.91083 9.80112 4
    endloop
  endfacet
  facet normal 0 0 1
    outer loop
      vertex -3.40604 9.64021 4
      vertex -2.91083 9.80112 4
      vertex -3.00949 9.91545 4
    endloop
  endfacet
  facet normal 0 0 1
    outer loop
      vertex -2.72308 6.87345 4
      vertex -3.33179 8.76297 4
      vertex -2.88881 6.89251 4
    endloop
  endfacet
  facet normal 0 0 1
    outer loop
      vertex -3.39342 9.79071 4
      vertex -3.00949 9.91545 4
      vertex -3.11346 10.0278 4
    endloop
  endfacet
  facet normal 0 0 1
    outer loop
      vertex -2.88881 6.89251 4
      vertex -3.33179 8.76297 4
      vertex -3.05562 6.89524 4
    endloop
  endfacet
  facet normal 0 0 1
    outer loop
      vertex -3.05562 6.89524 4
      vertex -3.33179 8.76297 4
      vertex -3.22189 6.88161 4
    endloop
  endfacet
  facet normal 0 0 1
    outer loop
      vertex -2.51242 9.19783 4
      vertex -3.37375 8.91797 4
      vertex -3.33958 8.78346 4
    endloop
  endfacet
  facet normal 0 0 1
    outer loop
      vertex -2.461 9.06894 4
      vertex -3.33958 8.78346 4
      vertex -3.33179 8.76297 4
    endloop
  endfacet
  facet normal 0 0 1
    outer loop
      vertex -3.39342 9.79071 4
      vertex -3.11346 10.0278 4
      vertex -3.37532 9.94269 4
    endloop
  endfacet
  facet normal 0 0 1
    outer loop
      vertex -3.00949 9.91545 4
      vertex -3.39342 9.79071 4
      vertex -3.40604 9.64021 4
    endloop
  endfacet
  facet normal 0 0 1
    outer loop
      vertex -2.91083 9.80112 4
      vertex -3.40604 9.64021 4
      vertex -3.41293 9.49136 4
    endloop
  endfacet
  facet normal 0 0 1
    outer loop
      vertex -2.81775 9.68475 4
      vertex -3.41293 9.49136 4
      vertex -3.4138 9.34439 4
    endloop
  endfacet
  facet normal 0 0 1
    outer loop
      vertex -2.57687 9.32312 4
      vertex -3.39525 9.05721 4
      vertex -3.37375 8.91797 4
    endloop
  endfacet
  facet normal 0 0 1
    outer loop
      vertex -2.6501 9.44586 4
      vertex -3.40816 9.19955 4
      vertex -3.39525 9.05721 4
    endloop
  endfacet
  facet normal 0 0 1
    outer loop
      vertex -2.73067 9.56636 4
      vertex -3.4138 9.34439 4
      vertex -3.40816 9.19955 4
    endloop
  endfacet
  facet normal 0 0 1
    outer loop
      vertex 0.460815 9.36366 4
      vertex -0.461899 9.38556 4
      vertex -0.460815 9.36366 4
    endloop
  endfacet
  facet normal 0 0 1
    outer loop
      vertex 0.461899 -9.38556 4
      vertex 0.460815 -9.36366 4
      vertex 0.45282 -9.52405 4
    endloop
  endfacet
  facet normal 0 0 1
    outer loop
      vertex 0.430252 -9.66312 4
      vertex -0.430252 -9.66312 4
      vertex 0.398529 -9.80247 4
    endloop
  endfacet
  facet normal -0 0 1
    outer loop
      vertex -1.83789 -6.43692 4
      vertex -0.460815 -9.36366 4
      vertex -1.72187 -6.31704 4
    endloop
  endfacet
  facet normal 0 0 1
    outer loop
      vertex -0.460815 -9.36366 4
      vertex -1.83789 -6.43692 4
      vertex -1.00964 -9.32047 4
    endloop
  endfacet
  facet normal -0 0 1
    outer loop
      vertex -1.96511 -6.54485 4
      vertex -1.00964 -9.32047 4
      vertex -1.83789 -6.43692 4
    endloop
  endfacet
  facet normal -0 0 1
    outer loop
      vertex -2.10228 -6.6398 4
      vertex -1.00964 -9.32047 4
      vertex -1.96511 -6.54485 4
    endloop
  endfacet
  facet normal -0 -0 1
    outer loop
      vertex -1.91994 -9.17628 4
      vertex -1.00964 -9.32047 4
      vertex -2.10228 -6.6398 4
    endloop
  endfacet
  facet normal 0 0 1
    outer loop
      vertex -1.01201 -9.34227 4
      vertex -1.92444 -9.19775 4
      vertex -1.04263 -9.47763 4
    endloop
  endfacet
  facet normal -0 -0 1
    outer loop
      vertex -1.9366 -9.47684 4
      vertex -1.08669 -9.61145 4
      vertex -1.93713 -9.33595 4
    endloop
  endfacet
  facet normal 0 0 1
    outer loop
      vertex -1.13982 -9.74413 4
      vertex -1.92706 -9.61945 4
      vertex -1.20053 -9.87575 4
    endloop
  endfacet
  facet normal -0 -0 1
    outer loop
      vertex -1.92706 -9.61945 4
      vertex -1.13982 -9.74413 4
      vertex -1.9366 -9.47684 4
    endloop
  endfacet
  facet normal 0 0 1
    outer loop
      vertex -1.04263 -9.47763 4
      vertex -1.93713 -9.33595 4
      vertex -1.08669 -9.61145 4
    endloop
  endfacet
  facet normal -0 -0 1
    outer loop
      vertex -1.90999 -9.76338 4
      vertex -1.20053 -9.87575 4
      vertex -1.92706 -9.61945 4
    endloop
  endfacet
  facet normal -0 -0 1
    outer loop
      vertex -1.88614 -9.90842 4
      vertex -1.26804 -10.0063 4
      vertex -1.90999 -9.76338 4
    endloop
  endfacet
  facet normal -0 0 1
    outer loop
      vertex -1.93713 -9.33595 4
      vertex -1.04263 -9.47763 4
      vertex -1.92444 -9.19775 4
    endloop
  endfacet
  facet normal 0 0 1
    outer loop
      vertex -1.50644 -10.3914 4
      vertex -1.82002 -10.201 4
      vertex -1.77838 -10.3483 4
    endloop
  endfacet
  facet normal 0 0 1
    outer loop
      vertex -1.42133 -10.2642 4
      vertex -1.82002 -10.201 4
      vertex -1.50644 -10.3914 4
    endloop
  endfacet
  facet normal -0 -0 1
    outer loop
      vertex -1.82002 -10.201 4
      vertex -1.42133 -10.2642 4
      vertex -1.85603 -10.0544 4
    endloop
  endfacet
  facet normal 0 0 1
    outer loop
      vertex -1.34175 -10.1358 4
      vertex -1.85603 -10.0544 4
      vertex -1.42133 -10.2642 4
    endloop
  endfacet
  facet normal -0 0 1
    outer loop
      vertex -1.92444 -9.19775 4
      vertex -1.01201 -9.34227 4
      vertex -1.91994 -9.17628 4
    endloop
  endfacet
  facet normal 0 0 1
    outer loop
      vertex -1.00964 -9.32047 4
      vertex -1.91994 -9.17628 4
      vertex -1.01201 -9.34227 4
    endloop
  endfacet
  facet normal -0 0 1
    outer loop
      vertex -2.24811 -6.72084 4
      vertex -1.91994 -9.17628 4
      vertex -2.10228 -6.6398 4
    endloop
  endfacet
  facet normal -0 0 1
    outer loop
      vertex -2.40117 -6.78719 4
      vertex -1.91994 -9.17628 4
      vertex -2.24811 -6.72084 4
    endloop
  endfacet
  facet normal 0 0 1
    outer loop
      vertex -2.40117 -6.78719 4
      vertex -2.45526 -9.04778 4
      vertex -1.91994 -9.17628 4
    endloop
  endfacet
  facet normal -0 0 1
    outer loop
      vertex -2.56001 -6.83823 4
      vertex -2.45526 -9.04778 4
      vertex -2.40117 -6.78719 4
    endloop
  endfacet
  facet normal -0 0 1
    outer loop
      vertex -2.72308 -6.87345 4
      vertex -2.45526 -9.04778 4
      vertex -2.56001 -6.83823 4
    endloop
  endfacet
  facet normal -0 0 1
    outer loop
      vertex -3.33179 -8.76297 4
      vertex -2.45526 -9.04778 4
      vertex -2.72308 -6.87345 4
    endloop
  endfacet
  facet normal 0 0 1
    outer loop
      vertex -2.45526 -9.04778 4
      vertex -3.33179 -8.76297 4
      vertex -2.461 -9.06894 4
    endloop
  endfacet
  facet normal 0 0 1
    outer loop
      vertex -2.461 -9.06894 4
      vertex -3.33958 -8.78346 4
      vertex -2.51242 -9.19783 4
    endloop
  endfacet
  facet normal -0 0 1
    outer loop
      vertex -3.33958 -8.78346 4
      vertex -2.461 -9.06894 4
      vertex -3.33179 -8.76297 4
    endloop
  endfacet
  facet normal -0 0 1
    outer loop
      vertex -3.37375 -8.91797 4
      vertex -2.51242 -9.19783 4
      vertex -3.33958 -8.78346 4
    endloop
  endfacet
  facet normal 0 0 1
    outer loop
      vertex -2.51242 -9.19783 4
      vertex -3.37375 -8.91797 4
      vertex -2.57687 -9.32312 4
    endloop
  endfacet
  facet normal 0 0 1
    outer loop
      vertex -3.33179 -8.76297 4
      vertex -2.72308 -6.87345 4
      vertex -2.88881 -6.89251 4
    endloop
  endfacet
  facet normal -0 0 1
    outer loop
      vertex -3.39525 -9.05721 4
      vertex -2.57687 -9.32312 4
      vertex -3.37375 -8.91797 4
    endloop
  endfacet
  facet normal -0 0 1
    outer loop
      vertex -3.40816 -9.19955 4
      vertex -2.6501 -9.44586 4
      vertex -3.39525 -9.05721 4
    endloop
  endfacet
  facet normal 0 0 1
    outer loop
      vertex -3.33179 -8.76297 4
      vertex -2.88881 -6.89251 4
      vertex -3.05562 -6.89524 4
    endloop
  endfacet
  facet normal 0 0 1
    outer loop
      vertex -2.6501 -9.44586 4
      vertex -3.40816 -9.19955 4
      vertex -2.73067 -9.56636 4
    endloop
  endfacet
  facet normal 0 0 1
    outer loop
      vertex -3.33179 -8.76297 4
      vertex -3.05562 -6.89524 4
      vertex -3.22189 -6.88161 4
    endloop
  endfacet
  facet normal -0 0 1
    outer loop
      vertex -3.4138 -9.34439 4
      vertex -2.73067 -9.56636 4
      vertex -3.40816 -9.19955 4
    endloop
  endfacet
  facet normal 0 0 1
    outer loop
      vertex -2.57687 -9.32312 4
      vertex -3.39525 -9.05721 4
      vertex -2.6501 -9.44586 4
    endloop
  endfacet
  facet normal 0 0 1
    outer loop
      vertex -2.73067 -9.56636 4
      vertex -3.4138 -9.34439 4
      vertex -2.81775 -9.68475 4
    endloop
  endfacet
  facet normal -0 -0 1
    outer loop
      vertex -3.41293 -9.49136 4
      vertex -2.81775 -9.68475 4
      vertex -3.4138 -9.34439 4
    endloop
  endfacet
  facet normal 0 0 1
    outer loop
      vertex -3.11346 -10.0278 4
      vertex -3.39342 -9.79071 4
      vertex -3.37532 -9.94269 4
    endloop
  endfacet
  facet normal 0 0 1
    outer loop
      vertex -2.81775 -9.68475 4
      vertex -3.41293 -9.49136 4
      vertex -2.91083 -9.80112 4
    endloop
  endfacet
  facet normal 0 0 1
    outer loop
      vertex -3.00949 -9.91545 4
      vertex -3.39342 -9.79071 4
      vertex -3.11346 -10.0278 4
    endloop
  endfacet
  facet normal -0 -0 1
    outer loop
      vertex -3.40604 -9.64021 4
      vertex -2.91083 -9.80112 4
      vertex -3.41293 -9.49136 4
    endloop
  endfacet
  facet normal -0 -0 1
    outer loop
      vertex -3.39342 -9.79071 4
      vertex -3.00949 -9.91545 4
      vertex -3.40604 -9.64021 4
    endloop
  endfacet
  facet normal 0 0 1
    outer loop
      vertex -2.91083 -9.80112 4
      vertex -3.40604 -9.64021 4
      vertex -3.00949 -9.91545 4
    endloop
  endfacet
  facet normal 0 0 1
    outer loop
      vertex -1.08669 -9.61145 4
      vertex -1.9366 -9.47684 4
      vertex -1.13982 -9.74413 4
    endloop
  endfacet
  facet normal -0 -0 1
    outer loop
      vertex -1.85603 -10.0544 4
      vertex -1.34175 -10.1358 4
      vertex -1.88614 -9.90842 4
    endloop
  endfacet
  facet normal 0 0 1
    outer loop
      vertex -1.26804 -10.0063 4
      vertex -1.88614 -9.90842 4
      vertex -1.34175 -10.1358 4
    endloop
  endfacet
  facet normal 0 0 1
    outer loop
      vertex -1.20053 -9.87575 4
      vertex -1.90999 -9.76338 4
      vertex -1.26804 -10.0063 4
    endloop
  endfacet
  facet normal -0 0 1
    outer loop
      vertex -3.84041 8.55229 4
      vertex -3.22189 6.88161 4
      vertex -3.33179 8.76297 4
    endloop
  endfacet
  facet normal 0 0 1
    outer loop
      vertex -3.22189 6.88161 4
      vertex -3.84041 8.55229 4
      vertex -3.38603 6.85174 4
    endloop
  endfacet
  facet normal 0 0 1
    outer loop
      vertex -3.38603 6.85174 4
      vertex -3.84041 8.55229 4
      vertex -3.54645 6.80593 4
    endloop
  endfacet
  facet normal -0 0 1
    outer loop
      vertex -4.66161 8.13387 4
      vertex -3.54645 6.80593 4
      vertex -3.84041 8.55229 4
    endloop
  endfacet
  facet normal 0 0 1
    outer loop
      vertex -4.66161 8.13387 4
      vertex -3.84041 8.55229 4
      vertex -3.8494 8.5723 4
    endloop
  endfacet
  facet normal 0 0 1
    outer loop
      vertex -3.54645 6.80593 4
      vertex -4.66161 8.13387 4
      vertex -3.7016 6.74462 4
    endloop
  endfacet
  facet normal 0 0 1
    outer loop
      vertex -4.6725 8.15289 4
      vertex -3.8494 8.5723 4
      vertex -3.92035 8.69156 4
    endloop
  endfacet
  facet normal 0 0 1
    outer loop
      vertex -3.7016 6.74462 4
      vertex -4.66161 8.13387 4
      vertex -3.85 6.6684 4
    endloop
  endfacet
  facet normal 0 0 1
    outer loop
      vertex -4.6725 8.15289 4
      vertex -3.92035 8.69156 4
      vertex -4.0036 8.80522 4
    endloop
  endfacet
  facet normal 0 0 1
    outer loop
      vertex -4.6725 8.15289 4
      vertex -4.0036 8.80522 4
      vertex -4.09512 8.91499 4
    endloop
  endfacet
  facet normal 0 0 1
    outer loop
      vertex -3.85 6.6684 4
      vertex -4.66161 8.13387 4
      vertex -3.99021 6.57799 4
    endloop
  endfacet
  facet normal 0 0 1
    outer loop
      vertex -4.6725 8.15289 4
      vertex -4.09512 8.91499 4
      vertex -4.19356 9.02141 4
    endloop
  endfacet
  facet normal -0 0 1
    outer loop
      vertex -5.131 7.84622 4
      vertex -3.99021 6.57799 4
      vertex -4.66161 8.13387 4
    endloop
  endfacet
  facet normal 0 0 1
    outer loop
      vertex -4.6725 8.15289 4
      vertex -4.19356 9.02141 4
      vertex -4.2981 9.12473 4
    endloop
  endfacet
  facet normal 0 0 1
    outer loop
      vertex -3.99021 6.57799 4
      vertex -5.131 7.84622 4
      vertex -4.12089 6.47428 4
    endloop
  endfacet
  facet normal 0 0 1
    outer loop
      vertex -4.6725 8.15289 4
      vertex -4.2981 9.12473 4
      vertex -4.40822 9.22508 4
    endloop
  endfacet
  facet normal 0 0 1
    outer loop
      vertex -4.12089 6.47428 4
      vertex -5.131 7.84622 4
      vertex -4.24077 6.35826 4
    endloop
  endfacet
  facet normal 0 0 1
    outer loop
      vertex -4.6725 8.15289 4
      vertex -4.40822 9.22508 4
      vertex -4.52356 9.32259 4
    endloop
  endfacet
  facet normal 0 0 1
    outer loop
      vertex -4.24077 6.35826 4
      vertex -5.131 7.84622 4
      vertex -4.3487 6.23105 4
    endloop
  endfacet
  facet normal -0 0 1
    outer loop
      vertex -5.87663 7.30449 4
      vertex -4.3487 6.23105 4
      vertex -5.131 7.84622 4
    endloop
  endfacet
  facet normal 0 0 1
    outer loop
      vertex -4.3487 6.23105 4
      vertex -5.87663 7.30449 4
      vertex -4.44364 6.09387 4
    endloop
  endfacet
  facet normal 0 0 1
    outer loop
      vertex -4.88324 9.13933 4
      vertex -4.52356 9.32259 4
      vertex -4.64383 9.41725 4
    endloop
  endfacet
  facet normal 0 0 1
    outer loop
      vertex -4.44364 6.09387 4
      vertex -5.87663 7.30449 4
      vertex -4.52468 5.94804 4
    endloop
  endfacet
  facet normal -0 0 1
    outer loop
      vertex -6.29526 6.94696 4
      vertex -4.52468 5.94804 4
      vertex -5.87663 7.30449 4
    endloop
  endfacet
  facet normal 0 0 1
    outer loop
      vertex -4.52468 5.94804 4
      vertex -6.29526 6.94696 4
      vertex -4.59104 5.79498 4
    endloop
  endfacet
  facet normal 0 0 1
    outer loop
      vertex -4.59104 5.79498 4
      vertex -6.29526 6.94696 4
      vertex -4.64207 5.63614 4
    endloop
  endfacet
  facet normal -0 0 1
    outer loop
      vertex -6.94696 6.29526 4
      vertex -4.64207 5.63614 4
      vertex -6.29526 6.94696 4
    endloop
  endfacet
  facet normal 0 0 1
    outer loop
      vertex -3.59882 3.60511 4
      vertex -4.92153 1.31412 4
      vertex -4.79792 1.20208 4
    endloop
  endfacet
  facet normal 0 0 1
    outer loop
      vertex -3.75189 3.67147 4
      vertex -5.05553 1.4135 4
      vertex -4.92153 1.31412 4
    endloop
  endfacet
  facet normal 0 0 1
    outer loop
      vertex -4.64207 5.63614 4
      vertex -6.94696 6.29526 4
      vertex -4.67729 5.47307 4
    endloop
  endfacet
  facet normal 0 0 1
    outer loop
      vertex -5.87663 7.30449 4
      vertex -5.131 7.84622 4
      vertex -5.14301 7.86458 4
    endloop
  endfacet
  facet normal 0 0 1
    outer loop
      vertex -3.89771 3.75251 4
      vertex -5.19862 1.49927 4
      vertex -5.05553 1.4135 4
    endloop
  endfacet
  facet normal 0 0 1
    outer loop
      vertex -5.89038 7.32158 4
      vertex -5.14301 7.86458 4
      vertex -5.23175 7.97127 4
    endloop
  endfacet
  facet normal 0 0 1
    outer loop
      vertex -5.96443 7.43895 4
      vertex -5.23175 7.97127 4
      vertex -5.33176 8.07051 4
    endloop
  endfacet
  facet normal 0 0 1
    outer loop
      vertex -4.67729 5.47307 4
      vertex -6.94696 6.29526 4
      vertex -4.69636 5.30734 4
    endloop
  endfacet
  facet normal 0 0 1
    outer loop
      vertex -6.02791 7.56473 4
      vertex -5.33176 8.07051 4
      vertex -5.43933 8.16461 4
    endloop
  endfacet
  facet normal 0 0 1
    outer loop
      vertex -4.03489 3.84745 4
      vertex -5.34944 1.57059 4
      vertex -5.19862 1.49927 4
    endloop
  endfacet
  facet normal 0 0 1
    outer loop
      vertex -6.08417 7.69611 4
      vertex -5.43933 8.16461 4
      vertex -5.55319 8.25432 4
    endloop
  endfacet
  facet normal 0 0 1
    outer loop
      vertex -4.16211 3.95538 4
      vertex -5.50652 1.6268 4
      vertex -5.34944 1.57059 4
    endloop
  endfacet
  facet normal 0 0 1
    outer loop
      vertex -6.13429 7.83212 4
      vertex -5.55319 8.25432 4
      vertex -5.67259 8.34001 4
    endloop
  endfacet
  facet normal 0 0 1
    outer loop
      vertex -6.17889 7.97217 4
      vertex -5.67259 8.34001 4
      vertex -5.79707 8.42192 4
    endloop
  endfacet
  facet normal 0 0 1
    outer loop
      vertex -4.27813 4.07526 4
      vertex -5.66835 1.66733 4
      vertex -5.50652 1.6268 4
    endloop
  endfacet
  facet normal 0 0 1
    outer loop
      vertex -4.38184 4.20594 4
      vertex -5.83337 1.69181 4
      vertex -5.66835 1.66733 4
    endloop
  endfacet
  facet normal 0 0 1
    outer loop
      vertex -5.23175 7.97127 4
      vertex -5.96443 7.43895 4
      vertex -5.89038 7.32158 4
    endloop
  endfacet
  facet normal 0 0 1
    outer loop
      vertex -6.21832 8.11586 4
      vertex -5.79707 8.42192 4
      vertex -5.92625 8.50017 4
    endloop
  endfacet
  facet normal 0 0 1
    outer loop
      vertex -5.14301 7.86458 4
      vertex -5.89038 7.32158 4
      vertex -5.87663 7.30449 4
    endloop
  endfacet
  facet normal 0 0 1
    outer loop
      vertex -5.33176 8.07051 4
      vertex -6.02791 7.56473 4
      vertex -5.96443 7.43895 4
    endloop
  endfacet
  facet normal 0 0 1
    outer loop
      vertex -6.25282 8.26289 4
      vertex -5.92625 8.50017 4
      vertex -6.05983 8.57486 4
    endloop
  endfacet
  facet normal 0 0 1
    outer loop
      vertex -5.43933 8.16461 4
      vertex -6.08417 7.69611 4
      vertex -6.02791 7.56473 4
    endloop
  endfacet
  facet normal 0 0 1
    outer loop
      vertex -5.55319 8.25432 4
      vertex -6.13429 7.83212 4
      vertex -6.08417 7.69611 4
    endloop
  endfacet
  facet normal 0 0 1
    outer loop
      vertex -5.67259 8.34001 4
      vertex -6.17889 7.97217 4
      vertex -6.13429 7.83212 4
    endloop
  endfacet
  facet normal 0 0 1
    outer loop
      vertex -5.79707 8.42192 4
      vertex -6.21832 8.11586 4
      vertex -6.17889 7.97217 4
    endloop
  endfacet
  facet normal 0 0 1
    outer loop
      vertex -5.92625 8.50017 4
      vertex -6.25282 8.26289 4
      vertex -6.21832 8.11586 4
    endloop
  endfacet
  facet normal 0 -0 1
    outer loop
      vertex -6.25282 8.26289 4
      vertex -6.05983 8.57486 4
      vertex -6.28258 8.41302 4
    endloop
  endfacet
  facet normal 0 0 1
    outer loop
      vertex 1.92444 -9.19775 4
      vertex 1.20053 -9.87575 4
      vertex 1.93713 -9.33595 4
    endloop
  endfacet
  facet normal 0 0 1
    outer loop
      vertex 1.20053 -9.87575 4
      vertex 1.92444 -9.19775 4
      vertex 1.91994 -9.17628 4
    endloop
  endfacet
  facet normal 0 0 1
    outer loop
      vertex 1.20053 -9.87575 4
      vertex 1.9366 -9.47684 4
      vertex 1.93713 -9.33595 4
    endloop
  endfacet
  facet normal 0 0 1
    outer loop
      vertex 1.20053 -9.87575 4
      vertex 1.92706 -9.61945 4
      vertex 1.9366 -9.47684 4
    endloop
  endfacet
  facet normal 0 0 1
    outer loop
      vertex 4.64383 -9.41725 4
      vertex 4.88324 -9.13933 4
      vertex 4.87216 -8.98871 4
    endloop
  endfacet
  facet normal 0 0 1
    outer loop
      vertex 4.64383 -9.41725 4
      vertex 4.87216 -8.98871 4
      vertex 4.8557 -8.84061 4
    endloop
  endfacet
  facet normal 0 0 1
    outer loop
      vertex 4.64383 -9.41725 4
      vertex 4.8557 -8.84061 4
      vertex 4.83356 -8.69531 4
    endloop
  endfacet
  facet normal 0 0 1
    outer loop
      vertex 4.64383 -9.41725 4
      vertex 4.83356 -8.69531 4
      vertex 4.80533 -8.55313 4
    endloop
  endfacet
  facet normal 0 0 1
    outer loop
      vertex 4.64383 -9.41725 4
      vertex 4.80533 -8.55313 4
      vertex 4.77031 -8.41457 4
    endloop
  endfacet
  facet normal 0 0 1
    outer loop
      vertex 4.64383 -9.41725 4
      vertex 4.77031 -8.41457 4
      vertex 4.72729 -8.28041 4
    endloop
  endfacet
  facet normal 0 0 1
    outer loop
      vertex 4.66161 -8.13387 4
      vertex 4.72729 -8.28041 4
      vertex 4.6725 -8.15289 4
    endloop
  endfacet
  facet normal 0 0 1
    outer loop
      vertex 4.72729 -8.28041 4
      vertex 4.66161 -8.13387 4
      vertex 4.64383 -9.41725 4
    endloop
  endfacet
  facet normal 0 0 1
    outer loop
      vertex 4.88324 -9.13933 4
      vertex 4.64383 -9.41725 4
      vertex 4.88914 -9.29227 4
    endloop
  endfacet
  facet normal 0.921892 -0.387446 0
    outer loop
      vertex 0.201828 -10.3601 4
      vertex 0.26033 -10.2209 0
      vertex 0.26033 -10.2209 4
    endloop
  endfacet
  facet normal 0.921892 -0.387446 0
    outer loop
      vertex 0.26033 -10.2209 0
      vertex 0.201828 -10.3601 4
      vertex 0.201828 -10.3601 0
    endloop
  endfacet
  facet normal 0.935683 -0.352841 0
    outer loop
      vertex 0.26033 -10.2209 4
      vertex 0.312897 -10.0815 0
      vertex 0.312897 -10.0815 4
    endloop
  endfacet
  facet normal 0.935683 -0.352841 0
    outer loop
      vertex 0.312897 -10.0815 0
      vertex 0.26033 -10.2209 4
      vertex 0.26033 -10.2209 0
    endloop
  endfacet
  facet normal 0.949215 -0.314629 0
    outer loop
      vertex 0.312897 -10.0815 4
      vertex 0.359146 -9.94197 0
      vertex 0.359146 -9.94197 4
    endloop
  endfacet
  facet normal 0.949215 -0.314629 0
    outer loop
      vertex 0.359146 -9.94197 0
      vertex 0.312897 -10.0815 4
      vertex 0.312897 -10.0815 0
    endloop
  endfacet
  facet normal 0.962383 -0.271696 0
    outer loop
      vertex 0.359146 -9.94197 4
      vertex 0.398529 -9.80247 0
      vertex 0.398529 -9.80247 4
    endloop
  endfacet
  facet normal 0.962383 -0.271696 0
    outer loop
      vertex 0.398529 -9.80247 0
      vertex 0.359146 -9.94197 4
      vertex 0.359146 -9.94197 0
    endloop
  endfacet
  facet normal 0.975053 -0.221971 0
    outer loop
      vertex 0.398529 -9.80247 4
      vertex 0.430252 -9.66312 0
      vertex 0.430252 -9.66312 4
    endloop
  endfacet
  facet normal 0.975053 -0.221971 0
    outer loop
      vertex 0.430252 -9.66312 0
      vertex 0.398529 -9.80247 4
      vertex 0.398529 -9.80247 0
    endloop
  endfacet
  facet normal 0.987087 -0.160183 0
    outer loop
      vertex 0.430252 -9.66312 4
      vertex 0.45282 -9.52405 0
      vertex 0.45282 -9.52405 4
    endloop
  endfacet
  facet normal 0.987087 -0.160183 0
    outer loop
      vertex 0.45282 -9.52405 0
      vertex 0.430252 -9.66312 4
      vertex 0.430252 -9.66312 0
    endloop
  endfacet
  facet normal 0.997858 -0.0654167 0
    outer loop
      vertex 0.45282 -9.52405 4
      vertex 0.461899 -9.38556 0
      vertex 0.461899 -9.38556 4
    endloop
  endfacet
  facet normal 0.997858 -0.0654167 0
    outer loop
      vertex 0.461899 -9.38556 0
      vertex 0.45282 -9.52405 4
      vertex 0.45282 -9.52405 0
    endloop
  endfacet
  facet normal 0.998777 0.0494372 0
    outer loop
      vertex 0.461899 -9.38556 4
      vertex 0.460815 -9.36366 0
      vertex 0.460815 -9.36366 4
    endloop
  endfacet
  facet normal 0.998777 0.0494372 0
    outer loop
      vertex 0.460815 -9.36366 0
      vertex 0.461899 -9.38556 4
      vertex 0.461899 -9.38556 0
    endloop
  endfacet
  facet normal 0.0784528 -0.996918 0
    outer loop
      vertex 0.460815 -9.36366 0
      vertex 1.00964 -9.32047 4
      vertex 0.460815 -9.36366 4
    endloop
  endfacet
  facet normal 0.0784528 -0.996918 0
    outer loop
      vertex 1.00964 -9.32047 4
      vertex 0.460815 -9.36366 0
      vertex 1.00964 -9.32047 0
    endloop
  endfacet
  facet normal -0.994142 -0.108079 0
    outer loop
      vertex 1.01201 -9.34227 0
      vertex 1.00964 -9.32047 4
      vertex 1.00964 -9.32047 0
    endloop
  endfacet
  facet normal -0.994142 -0.108079 0
    outer loop
      vertex 1.00964 -9.32047 4
      vertex 1.01201 -9.34227 0
      vertex 1.01201 -9.34227 4
    endloop
  endfacet
  facet normal -0.975356 -0.220637 0
    outer loop
      vertex 1.04263 -9.47763 0
      vertex 1.01201 -9.34227 4
      vertex 1.01201 -9.34227 0
    endloop
  endfacet
  facet normal -0.975356 -0.220637 0
    outer loop
      vertex 1.01201 -9.34227 4
      vertex 1.04263 -9.47763 0
      vertex 1.04263 -9.47763 4
    endloop
  endfacet
  facet normal -0.949841 -0.312733 0
    outer loop
      vertex 1.08669 -9.61145 0
      vertex 1.04263 -9.47763 4
      vertex 1.04263 -9.47763 0
    endloop
  endfacet
  facet normal -0.949841 -0.312733 0
    outer loop
      vertex 1.04263 -9.47763 4
      vertex 1.08669 -9.61145 0
      vertex 1.08669 -9.61145 4
    endloop
  endfacet
  facet normal -0.928337 -0.37174 0
    outer loop
      vertex 1.13982 -9.74413 0
      vertex 1.08669 -9.61145 4
      vertex 1.08669 -9.61145 0
    endloop
  endfacet
  facet normal -0.928337 -0.37174 0
    outer loop
      vertex 1.08669 -9.61145 4
      vertex 1.13982 -9.74413 0
      vertex 1.13982 -9.74413 4
    endloop
  endfacet
  facet normal -0.908058 -0.418844 0
    outer loop
      vertex 1.20053 -9.87575 0
      vertex 1.13982 -9.74413 4
      vertex 1.13982 -9.74413 0
    endloop
  endfacet
  facet normal -0.908058 -0.418844 0
    outer loop
      vertex 1.13982 -9.74413 4
      vertex 1.20053 -9.87575 0
      vertex 1.20053 -9.87575 4
    endloop
  endfacet
  facet normal -0.888262 -0.459338 0
    outer loop
      vertex 1.26804 -10.0063 0
      vertex 1.20053 -9.87575 4
      vertex 1.20053 -9.87575 0
    endloop
  endfacet
  facet normal -0.888262 -0.459338 0
    outer loop
      vertex 1.20053 -9.87575 4
      vertex 1.26804 -10.0063 0
      vertex 1.26804 -10.0063 4
    endloop
  endfacet
  facet normal -0.86908 -0.494671 0
    outer loop
      vertex 1.34175 -10.1358 0
      vertex 1.26804 -10.0063 4
      vertex 1.26804 -10.0063 0
    endloop
  endfacet
  facet normal -0.86908 -0.494671 0
    outer loop
      vertex 1.26804 -10.0063 4
      vertex 1.34175 -10.1358 0
      vertex 1.34175 -10.1358 4
    endloop
  endfacet
  facet normal -0.849986 -0.526806 0
    outer loop
      vertex 1.42133 -10.2642 0
      vertex 1.34175 -10.1358 4
      vertex 1.34175 -10.1358 0
    endloop
  endfacet
  facet normal -0.849986 -0.526806 0
    outer loop
      vertex 1.34175 -10.1358 4
      vertex 1.42133 -10.2642 0
      vertex 1.42133 -10.2642 4
    endloop
  endfacet
  facet normal -0.831114 -0.556102 0
    outer loop
      vertex 1.50644 -10.3914 0
      vertex 1.42133 -10.2642 4
      vertex 1.42133 -10.2642 0
    endloop
  endfacet
  facet normal -0.831114 -0.556102 0
    outer loop
      vertex 1.42133 -10.2642 4
      vertex 1.50644 -10.3914 0
      vertex 1.50644 -10.3914 4
    endloop
  endfacet
  facet normal 0.156537 -0.987672 0
    outer loop
      vertex 1.50644 -10.3914 0
      vertex 1.77838 -10.3483 4
      vertex 1.50644 -10.3914 4
    endloop
  endfacet
  facet normal 0.156537 -0.987672 0
    outer loop
      vertex 1.77838 -10.3483 4
      vertex 1.50644 -10.3914 0
      vertex 1.77838 -10.3483 0
    endloop
  endfacet
  facet normal 0.962289 -0.272028 0
    outer loop
      vertex 1.77838 -10.3483 4
      vertex 1.82002 -10.201 0
      vertex 1.82002 -10.201 4
    endloop
  endfacet
  facet normal 0.962289 -0.272028 0
    outer loop
      vertex 1.82002 -10.201 0
      vertex 1.77838 -10.3483 4
      vertex 1.77838 -10.3483 0
    endloop
  endfacet
  facet normal 0.971132 -0.238543 0
    outer loop
      vertex 1.82002 -10.201 4
      vertex 1.85603 -10.0544 0
      vertex 1.85603 -10.0544 4
    endloop
  endfacet
  facet normal 0.971132 -0.238543 0
    outer loop
      vertex 1.85603 -10.0544 0
      vertex 1.82002 -10.201 4
      vertex 1.82002 -10.201 0
    endloop
  endfacet
  facet normal 0.979384 -0.202009 0
    outer loop
      vertex 1.85603 -10.0544 4
      vertex 1.88614 -9.90842 0
      vertex 1.88614 -9.90842 4
    endloop
  endfacet
  facet normal 0.979384 -0.202009 0
    outer loop
      vertex 1.88614 -9.90842 0
      vertex 1.85603 -10.0544 4
      vertex 1.85603 -10.0544 0
    endloop
  endfacet
  facet normal 0.986748 -0.162258 0
    outer loop
      vertex 1.88614 -9.90842 4
      vertex 1.90999 -9.76338 0
      vertex 1.90999 -9.76338 4
    endloop
  endfacet
  facet normal 0.986748 -0.162258 0
    outer loop
      vertex 1.90999 -9.76338 0
      vertex 1.88614 -9.90842 4
      vertex 1.88614 -9.90842 0
    endloop
  endfacet
  facet normal 0.99304 -0.117774 0
    outer loop
      vertex 1.90999 -9.76338 4
      vertex 1.92706 -9.61945 0
      vertex 1.92706 -9.61945 4
    endloop
  endfacet
  facet normal 0.99304 -0.117774 0
    outer loop
      vertex 1.92706 -9.61945 0
      vertex 1.90999 -9.76338 4
      vertex 1.90999 -9.76338 0
    endloop
  endfacet
  facet normal 0.99777 -0.0667465 0
    outer loop
      vertex 1.92706 -9.61945 4
      vertex 1.9366 -9.47684 0
      vertex 1.9366 -9.47684 4
    endloop
  endfacet
  facet normal 0.99777 -0.0667465 0
    outer loop
      vertex 1.9366 -9.47684 0
      vertex 1.92706 -9.61945 4
      vertex 1.92706 -9.61945 0
    endloop
  endfacet
  facet normal 0.999993 -0.00376177 0
    outer loop
      vertex 1.9366 -9.47684 4
      vertex 1.93713 -9.33595 0
      vertex 1.93713 -9.33595 4
    endloop
  endfacet
  facet normal 0.999993 -0.00376177 0
    outer loop
      vertex 1.93713 -9.33595 0
      vertex 1.9366 -9.47684 4
      vertex 1.9366 -9.47684 0
    endloop
  endfacet
  facet normal 0.995811 0.0914388 0
    outer loop
      vertex 1.93713 -9.33595 4
      vertex 1.92444 -9.19775 0
      vertex 1.92444 -9.19775 4
    endloop
  endfacet
  facet normal 0.995811 0.0914388 0
    outer loop
      vertex 1.92444 -9.19775 0
      vertex 1.93713 -9.33595 4
      vertex 1.93713 -9.33595 0
    endloop
  endfacet
  facet normal 0.978733 0.205137 0
    outer loop
      vertex 1.92444 -9.19775 4
      vertex 1.91994 -9.17628 0
      vertex 1.91994 -9.17628 4
    endloop
  endfacet
  facet normal 0.978733 0.205137 0
    outer loop
      vertex 1.91994 -9.17628 0
      vertex 1.92444 -9.19775 4
      vertex 1.92444 -9.19775 0
    endloop
  endfacet
  facet normal 0.233413 -0.972378 0
    outer loop
      vertex 1.91994 -9.17628 0
      vertex 2.45526 -9.04778 4
      vertex 1.91994 -9.17628 4
    endloop
  endfacet
  facet normal 0.233413 -0.972378 0
    outer loop
      vertex 2.45526 -9.04778 4
      vertex 1.91994 -9.17628 0
      vertex 2.45526 -9.04778 0
    endloop
  endfacet
  facet normal -0.965121 -0.261805 0
    outer loop
      vertex 2.461 -9.06894 0
      vertex 2.45526 -9.04778 4
      vertex 2.45526 -9.04778 0
    endloop
  endfacet
  facet normal -0.965121 -0.261805 0
    outer loop
      vertex 2.45526 -9.04778 4
      vertex 2.461 -9.06894 0
      vertex 2.461 -9.06894 4
    endloop
  endfacet
  facet normal -0.928814 -0.370546 0
    outer loop
      vertex 2.51242 -9.19783 0
      vertex 2.461 -9.06894 4
      vertex 2.461 -9.06894 0
    endloop
  endfacet
  facet normal -0.928814 -0.370546 0
    outer loop
      vertex 2.461 -9.06894 4
      vertex 2.51242 -9.19783 0
      vertex 2.51242 -9.19783 4
    endloop
  endfacet
  facet normal -0.889244 -0.457433 0
    outer loop
      vertex 2.57687 -9.32312 0
      vertex 2.51242 -9.19783 4
      vertex 2.51242 -9.19783 0
    endloop
  endfacet
  facet normal -0.889244 -0.457433 0
    outer loop
      vertex 2.51242 -9.19783 4
      vertex 2.57687 -9.32312 0
      vertex 2.57687 -9.32312 4
    endloop
  endfacet
  facet normal -0.858768 -0.512364 0
    outer loop
      vertex 2.6501 -9.44586 0
      vertex 2.57687 -9.32312 4
      vertex 2.57687 -9.32312 0
    endloop
  endfacet
  facet normal -0.858768 -0.512364 0
    outer loop
      vertex 2.57687 -9.32312 4
      vertex 2.6501 -9.44586 0
      vertex 2.6501 -9.44586 4
    endloop
  endfacet
  facet normal -0.831296 -0.55583 0
    outer loop
      vertex 2.73067 -9.56636 0
      vertex 2.6501 -9.44586 4
      vertex 2.6501 -9.44586 0
    endloop
  endfacet
  facet normal -0.831296 -0.55583 0
    outer loop
      vertex 2.6501 -9.44586 4
      vertex 2.73067 -9.56636 0
      vertex 2.73067 -9.56636 4
    endloop
  endfacet
  facet normal -0.805558 -0.592516 0
    outer loop
      vertex 2.81775 -9.68475 0
      vertex 2.73067 -9.56636 4
      vertex 2.73067 -9.56636 0
    endloop
  endfacet
  facet normal -0.805558 -0.592516 0
    outer loop
      vertex 2.73067 -9.56636 4
      vertex 2.81775 -9.68475 0
      vertex 2.81775 -9.68475 4
    endloop
  endfacet
  facet normal -0.780921 -0.62463 0
    outer loop
      vertex 2.91083 -9.80112 0
      vertex 2.81775 -9.68475 4
      vertex 2.81775 -9.68475 0
    endloop
  endfacet
  facet normal -0.780921 -0.62463 0
    outer loop
      vertex 2.81775 -9.68475 4
      vertex 2.91083 -9.80112 0
      vertex 2.91083 -9.80112 4
    endloop
  endfacet
  facet normal -0.757084 -0.653318 0
    outer loop
      vertex 3.00949 -9.91545 0
      vertex 2.91083 -9.80112 4
      vertex 2.91083 -9.80112 0
    endloop
  endfacet
  facet normal -0.757084 -0.653318 0
    outer loop
      vertex 2.91083 -9.80112 4
      vertex 3.00949 -9.91545 0
      vertex 3.00949 -9.91545 4
    endloop
  endfacet
  facet normal -0.733949 -0.679205 0
    outer loop
      vertex 3.11346 -10.0278 0
      vertex 3.00949 -9.91545 4
      vertex 3.00949 -9.91545 0
    endloop
  endfacet
  facet normal -0.733949 -0.679205 0
    outer loop
      vertex 3.00949 -9.91545 4
      vertex 3.11346 -10.0278 0
      vertex 3.11346 -10.0278 4
    endloop
  endfacet
  facet normal 0.309104 -0.951028 0
    outer loop
      vertex 3.11346 -10.0278 0
      vertex 3.37532 -9.94269 4
      vertex 3.11346 -10.0278 4
    endloop
  endfacet
  facet normal 0.309104 -0.951028 0
    outer loop
      vertex 3.37532 -9.94269 4
      vertex 3.11346 -10.0278 0
      vertex 3.37532 -9.94269 0
    endloop
  endfacet
  facet normal 0.992983 -0.118259 0
    outer loop
      vertex 3.37532 -9.94269 4
      vertex 3.39342 -9.79071 0
      vertex 3.39342 -9.79071 4
    endloop
  endfacet
  facet normal 0.992983 -0.118259 0
    outer loop
      vertex 3.39342 -9.79071 0
      vertex 3.37532 -9.94269 4
      vertex 3.37532 -9.94269 0
    endloop
  endfacet
  facet normal 0.996503 -0.0835606 0
    outer loop
      vertex 3.39342 -9.79071 4
      vertex 3.40604 -9.64021 0
      vertex 3.40604 -9.64021 4
    endloop
  endfacet
  facet normal 0.996503 -0.0835606 0
    outer loop
      vertex 3.40604 -9.64021 0
      vertex 3.39342 -9.79071 4
      vertex 3.39342 -9.79071 0
    endloop
  endfacet
  facet normal 0.99893 -0.0462387 0
    outer loop
      vertex 3.40604 -9.64021 4
      vertex 3.41293 -9.49136 0
      vertex 3.41293 -9.49136 4
    endloop
  endfacet
  facet normal 0.99893 -0.0462387 0
    outer loop
      vertex 3.41293 -9.49136 0
      vertex 3.40604 -9.64021 4
      vertex 3.40604 -9.64021 0
    endloop
  endfacet
  facet normal 0.999982 -0.00591947 0
    outer loop
      vertex 3.41293 -9.49136 4
      vertex 3.4138 -9.34439 0
      vertex 3.4138 -9.34439 4
    endloop
  endfacet
  facet normal 0.999982 -0.00591947 0
    outer loop
      vertex 3.4138 -9.34439 0
      vertex 3.41293 -9.49136 4
      vertex 3.41293 -9.49136 0
    endloop
  endfacet
  facet normal 0.999243 0.03891 0
    outer loop
      vertex 3.4138 -9.34439 4
      vertex 3.40816 -9.19955 0
      vertex 3.40816 -9.19955 4
    endloop
  endfacet
  facet normal 0.999243 0.03891 0
    outer loop
      vertex 3.40816 -9.19955 0
      vertex 3.4138 -9.34439 4
      vertex 3.4138 -9.34439 0
    endloop
  endfacet
  facet normal 0.995912 0.0903276 0
    outer loop
      vertex 3.40816 -9.19955 4
      vertex 3.39525 -9.05721 0
      vertex 3.39525 -9.05721 4
    endloop
  endfacet
  facet normal 0.995912 0.0903276 0
    outer loop
      vertex 3.39525 -9.05721 0
      vertex 3.40816 -9.19955 4
      vertex 3.40816 -9.19955 0
    endloop
  endfacet
  facet normal 0.988288 0.152601 0
    outer loop
      vertex 3.39525 -9.05721 4
      vertex 3.37375 -8.91797 0
      vertex 3.37375 -8.91797 4
    endloop
  endfacet
  facet normal 0.988288 0.152601 0
    outer loop
      vertex 3.37375 -8.91797 0
      vertex 3.39525 -9.05721 4
      vertex 3.39525 -9.05721 0
    endloop
  endfacet
  facet normal 0.969216 0.246213 0
    outer loop
      vertex 3.37375 -8.91797 4
      vertex 3.33958 -8.78346 0
      vertex 3.33958 -8.78346 4
    endloop
  endfacet
  facet normal 0.969216 0.246213 0
    outer loop
      vertex 3.33958 -8.78346 0
      vertex 3.37375 -8.91797 4
      vertex 3.37375 -8.91797 0
    endloop
  endfacet
  facet normal 0.934726 0.355369 0
    outer loop
      vertex 3.33958 -8.78346 4
      vertex 3.33179 -8.76297 0
      vertex 3.33179 -8.76297 4
    endloop
  endfacet
  facet normal 0.934726 0.355369 0
    outer loop
      vertex 3.33179 -8.76297 0
      vertex 3.33958 -8.78346 4
      vertex 3.33958 -8.78346 0
    endloop
  endfacet
  facet normal 0.382688 -0.923878 0
    outer loop
      vertex 3.33179 -8.76297 0
      vertex 3.84041 -8.55229 4
      vertex 3.33179 -8.76297 4
    endloop
  endfacet
  facet normal 0.382688 -0.923878 0
    outer loop
      vertex 3.84041 -8.55229 4
      vertex 3.33179 -8.76297 0
      vertex 3.84041 -8.55229 0
    endloop
  endfacet
  facet normal -0.912169 -0.409815 0
    outer loop
      vertex 3.8494 -8.5723 0
      vertex 3.84041 -8.55229 4
      vertex 3.84041 -8.55229 0
    endloop
  endfacet
  facet normal -0.912169 -0.409815 0
    outer loop
      vertex 3.84041 -8.55229 4
      vertex 3.8494 -8.5723 0
      vertex 3.8494 -8.5723 4
    endloop
  endfacet
  facet normal -0.859414 -0.511281 0
    outer loop
      vertex 3.92035 -8.69156 0
      vertex 3.8494 -8.5723 4
      vertex 3.8494 -8.5723 0
    endloop
  endfacet
  facet normal -0.859414 -0.511281 0
    outer loop
      vertex 3.8494 -8.5723 4
      vertex 3.92035 -8.69156 0
      vertex 3.92035 -8.69156 4
    endloop
  endfacet
  facet normal -0.806746 -0.590899 0
    outer loop
      vertex 4.0036 -8.80522 0
      vertex 3.92035 -8.69156 4
      vertex 3.92035 -8.69156 0
    endloop
  endfacet
  facet normal -0.806746 -0.590899 0
    outer loop
      vertex 3.92035 -8.69156 4
      vertex 4.0036 -8.80522 0
      vertex 4.0036 -8.80522 4
    endloop
  endfacet
  facet normal -0.768066 -0.64037 0
    outer loop
      vertex 4.09512 -8.91499 0
      vertex 4.0036 -8.80522 4
      vertex 4.0036 -8.80522 0
    endloop
  endfacet
  facet normal -0.768066 -0.64037 0
    outer loop
      vertex 4.0036 -8.80522 4
      vertex 4.09512 -8.91499 0
      vertex 4.09512 -8.91499 4
    endloop
  endfacet
  facet normal -0.734094 -0.679048 0
    outer loop
      vertex 4.19356 -9.02141 0
      vertex 4.09512 -8.91499 4
      vertex 4.09512 -8.91499 0
    endloop
  endfacet
  facet normal -0.734094 -0.679048 0
    outer loop
      vertex 4.09512 -8.91499 4
      vertex 4.19356 -9.02141 0
      vertex 4.19356 -9.02141 4
    endloop
  endfacet
  facet normal -0.702944 -0.711245 0
    outer loop
      vertex 4.19356 -9.02141 0
      vertex 4.2981 -9.12473 4
      vertex 4.19356 -9.02141 4
    endloop
  endfacet
  facet normal -0.702944 -0.711245 -0
    outer loop
      vertex 4.2981 -9.12473 4
      vertex 4.19356 -9.02141 0
      vertex 4.2981 -9.12473 0
    endloop
  endfacet
  facet normal -0.673558 -0.739135 0
    outer loop
      vertex 4.2981 -9.12473 0
      vertex 4.40822 -9.22508 4
      vertex 4.2981 -9.12473 4
    endloop
  endfacet
  facet normal -0.673558 -0.739135 -0
    outer loop
      vertex 4.40822 -9.22508 4
      vertex 4.2981 -9.12473 0
      vertex 4.40822 -9.22508 0
    endloop
  endfacet
  facet normal -0.645613 -0.763665 0
    outer loop
      vertex 4.40822 -9.22508 0
      vertex 4.52356 -9.32259 4
      vertex 4.40822 -9.22508 4
    endloop
  endfacet
  facet normal -0.645613 -0.763665 -0
    outer loop
      vertex 4.52356 -9.32259 4
      vertex 4.40822 -9.22508 0
      vertex 4.52356 -9.32259 0
    endloop
  endfacet
  facet normal -0.618476 -0.785803 0
    outer loop
      vertex 4.52356 -9.32259 0
      vertex 4.64383 -9.41725 4
      vertex 4.52356 -9.32259 4
    endloop
  endfacet
  facet normal -0.618476 -0.785803 -0
    outer loop
      vertex 4.64383 -9.41725 4
      vertex 4.52356 -9.32259 0
      vertex 4.64383 -9.41725 0
    endloop
  endfacet
  facet normal 0.453957 -0.891024 0
    outer loop
      vertex 4.64383 -9.41725 0
      vertex 4.88914 -9.29227 4
      vertex 4.64383 -9.41725 4
    endloop
  endfacet
  facet normal 0.453957 -0.891024 0
    outer loop
      vertex 4.88914 -9.29227 4
      vertex 4.64383 -9.41725 0
      vertex 4.88914 -9.29227 0
    endloop
  endfacet
  facet normal 0.999257 0.0385485 0
    outer loop
      vertex 4.88914 -9.29227 4
      vertex 4.88324 -9.13933 0
      vertex 4.88324 -9.13933 4
    endloop
  endfacet
  facet normal 0.999257 0.0385485 0
    outer loop
      vertex 4.88324 -9.13933 0
      vertex 4.88914 -9.29227 4
      vertex 4.88914 -9.29227 0
    endloop
  endfacet
  facet normal 0.997305 0.0733644 0
    outer loop
      vertex 4.88324 -9.13933 4
      vertex 4.87216 -8.98871 0
      vertex 4.87216 -8.98871 4
    endloop
  endfacet
  facet normal 0.997305 0.0733644 0
    outer loop
      vertex 4.87216 -8.98871 0
      vertex 4.88324 -9.13933 4
      vertex 4.88324 -9.13933 0
    endloop
  endfacet
  facet normal 0.99388 0.110461 0
    outer loop
      vertex 4.87216 -8.98871 4
      vertex 4.8557 -8.84061 0
      vertex 4.8557 -8.84061 4
    endloop
  endfacet
  facet normal 0.99388 0.110461 0
    outer loop
      vertex 4.8557 -8.84061 0
      vertex 4.87216 -8.98871 4
      vertex 4.87216 -8.98871 0
    endloop
  endfacet
  facet normal 0.988589 0.150636 0
    outer loop
      vertex 4.8557 -8.84061 4
      vertex 4.83356 -8.69531 0
      vertex 4.83356 -8.69531 4
    endloop
  endfacet
  facet normal 0.988589 0.150636 0
    outer loop
      vertex 4.83356 -8.69531 0
      vertex 4.8557 -8.84061 4
      vertex 4.8557 -8.84061 0
    endloop
  endfacet
  facet normal 0.980853 0.194749 0
    outer loop
      vertex 4.83356 -8.69531 4
      vertex 4.80533 -8.55313 0
      vertex 4.80533 -8.55313 4
    endloop
  endfacet
  facet normal 0.980853 0.194749 0
    outer loop
      vertex 4.80533 -8.55313 0
      vertex 4.83356 -8.69531 4
      vertex 4.83356 -8.69531 0
    endloop
  endfacet
  facet normal 0.969514 0.245037 0
    outer loop
      vertex 4.80533 -8.55313 4
      vertex 4.77031 -8.41457 0
      vertex 4.77031 -8.41457 4
    endloop
  endfacet
  facet normal 0.969514 0.245037 0
    outer loop
      vertex 4.77031 -8.41457 0
      vertex 4.80533 -8.55313 4
      vertex 4.80533 -8.55313 0
    endloop
  endfacet
  facet normal 0.952241 0.305347 0
    outer loop
      vertex 4.77031 -8.41457 4
      vertex 4.72729 -8.28041 0
      vertex 4.72729 -8.28041 4
    endloop
  endfacet
  facet normal 0.952241 0.305347 0
    outer loop
      vertex 4.72729 -8.28041 0
      vertex 4.77031 -8.41457 4
      vertex 4.77031 -8.41457 0
    endloop
  endfacet
  facet normal 0.918783 0.394763 0
    outer loop
      vertex 4.72729 -8.28041 4
      vertex 4.6725 -8.15289 0
      vertex 4.6725 -8.15289 4
    endloop
  endfacet
  facet normal 0.918783 0.394763 0
    outer loop
      vertex 4.6725 -8.15289 0
      vertex 4.72729 -8.28041 4
      vertex 4.72729 -8.28041 0
    endloop
  endfacet
  facet normal 0.867822 0.496876 0
    outer loop
      vertex 4.6725 -8.15289 4
      vertex 4.66161 -8.13387 0
      vertex 4.66161 -8.13387 4
    endloop
  endfacet
  facet normal 0.867822 0.496876 0
    outer loop
      vertex 4.66161 -8.13387 0
      vertex 4.6725 -8.15289 4
      vertex 4.6725 -8.15289 0
    endloop
  endfacet
  facet normal 0.522508 -0.852634 0
    outer loop
      vertex 4.66161 -8.13387 0
      vertex 5.131 -7.84622 4
      vertex 4.66161 -8.13387 4
    endloop
  endfacet
  facet normal 0.522508 -0.852634 0
    outer loop
      vertex 5.131 -7.84622 4
      vertex 4.66161 -8.13387 0
      vertex 5.131 -7.84622 0
    endloop
  endfacet
  facet normal -0.836857 -0.547421 0
    outer loop
      vertex 5.14301 -7.86458 0
      vertex 5.131 -7.84622 4
      vertex 5.131 -7.84622 0
    endloop
  endfacet
  facet normal -0.836857 -0.547421 0
    outer loop
      vertex 5.131 -7.84622 4
      vertex 5.14301 -7.86458 0
      vertex 5.14301 -7.86458 4
    endloop
  endfacet
  facet normal -0.768818 -0.639468 0
    outer loop
      vertex 5.23175 -7.97127 0
      vertex 5.14301 -7.86458 4
      vertex 5.14301 -7.86458 0
    endloop
  endfacet
  facet normal -0.768818 -0.639468 0
    outer loop
      vertex 5.14301 -7.86458 4
      vertex 5.23175 -7.97127 0
      vertex 5.23175 -7.97127 4
    endloop
  endfacet
  facet normal -0.704369 -0.709834 0
    outer loop
      vertex 5.23175 -7.97127 0
      vertex 5.33176 -8.07051 4
      vertex 5.23175 -7.97127 4
    endloop
  endfacet
  facet normal -0.704369 -0.709834 -0
    outer loop
      vertex 5.33176 -8.07051 4
      vertex 5.23175 -7.97127 0
      vertex 5.33176 -8.07051 0
    endloop
  endfacet
  facet normal -0.65841 -0.752659 0
    outer loop
      vertex 5.33176 -8.07051 0
      vertex 5.43933 -8.16461 4
      vertex 5.33176 -8.07051 4
    endloop
  endfacet
  facet normal -0.65841 -0.752659 -0
    outer loop
      vertex 5.43933 -8.16461 4
      vertex 5.33176 -8.07051 0
      vertex 5.43933 -8.16461 0
    endloop
  endfacet
  facet normal -0.618881 -0.785485 0
    outer loop
      vertex 5.43933 -8.16461 0
      vertex 5.55319 -8.25432 4
      vertex 5.43933 -8.16461 4
    endloop
  endfacet
  facet normal -0.618881 -0.785485 -0
    outer loop
      vertex 5.55319 -8.25432 4
      vertex 5.43933 -8.16461 0
      vertex 5.55319 -8.25432 0
    endloop
  endfacet
  facet normal -0.583058 -0.81243 0
    outer loop
      vertex 5.55319 -8.25432 0
      vertex 5.67259 -8.34001 4
      vertex 5.55319 -8.25432 4
    endloop
  endfacet
  facet normal -0.583058 -0.81243 -0
    outer loop
      vertex 5.67259 -8.34001 4
      vertex 5.55319 -8.25432 0
      vertex 5.67259 -8.34001 0
    endloop
  endfacet
  facet normal -0.549688 -0.83537 0
    outer loop
      vertex 5.67259 -8.34001 0
      vertex 5.79707 -8.42192 4
      vertex 5.67259 -8.34001 4
    endloop
  endfacet
  facet normal -0.549688 -0.83537 -0
    outer loop
      vertex 5.79707 -8.42192 4
      vertex 5.67259 -8.34001 0
      vertex 5.79707 -8.42192 0
    endloop
  endfacet
  facet normal -0.518104 -0.855318 0
    outer loop
      vertex 5.79707 -8.42192 0
      vertex 5.92625 -8.50017 4
      vertex 5.79707 -8.42192 4
    endloop
  endfacet
  facet normal -0.518104 -0.855318 -0
    outer loop
      vertex 5.92625 -8.50017 4
      vertex 5.79707 -8.42192 0
      vertex 5.92625 -8.50017 0
    endloop
  endfacet
  facet normal -0.488032 -0.872826 0
    outer loop
      vertex 5.92625 -8.50017 0
      vertex 6.05983 -8.57486 4
      vertex 5.92625 -8.50017 4
    endloop
  endfacet
  facet normal -0.488032 -0.872826 -0
    outer loop
      vertex 6.05983 -8.57486 4
      vertex 5.92625 -8.50017 0
      vertex 6.05983 -8.57486 0
    endloop
  endfacet
  facet normal 0.587792 -0.809012 0
    outer loop
      vertex 6.05983 -8.57486 0
      vertex 6.28258 -8.41302 4
      vertex 6.05983 -8.57486 4
    endloop
  endfacet
  facet normal 0.587792 -0.809012 0
    outer loop
      vertex 6.28258 -8.41302 4
      vertex 6.05983 -8.57486 0
      vertex 6.28258 -8.41302 0
    endloop
  endfacet
  facet normal 0.980913 0.194445 0
    outer loop
      vertex 6.28258 -8.41302 4
      vertex 6.25282 -8.26289 0
      vertex 6.25282 -8.26289 4
    endloop
  endfacet
  facet normal 0.980913 0.194445 0
    outer loop
      vertex 6.25282 -8.26289 0
      vertex 6.28258 -8.41302 4
      vertex 6.28258 -8.41302 0
    endloop
  endfacet
  facet normal 0.973558 0.228441 0
    outer loop
      vertex 6.25282 -8.26289 4
      vertex 6.21832 -8.11586 0
      vertex 6.21832 -8.11586 4
    endloop
  endfacet
  facet normal 0.973558 0.228441 0
    outer loop
      vertex 6.21832 -8.11586 0
      vertex 6.25282 -8.26289 4
      vertex 6.25282 -8.26289 0
    endloop
  endfacet
  facet normal 0.964351 0.264628 0
    outer loop
      vertex 6.21832 -8.11586 4
      vertex 6.17889 -7.97217 0
      vertex 6.17889 -7.97217 4
    endloop
  endfacet
  facet normal 0.964351 0.264628 0
    outer loop
      vertex 6.17889 -7.97217 0
      vertex 6.21832 -8.11586 4
      vertex 6.21832 -8.11586 0
    endloop
  endfacet
  facet normal 0.95285 0.303442 0
    outer loop
      vertex 6.17889 -7.97217 4
      vertex 6.13429 -7.83212 0
      vertex 6.13429 -7.83212 4
    endloop
  endfacet
  facet normal 0.95285 0.303442 0
    outer loop
      vertex 6.13429 -7.83212 0
      vertex 6.17889 -7.97217 4
      vertex 6.17889 -7.97217 0
    endloop
  endfacet
  facet normal 0.938318 0.345772 0
    outer loop
      vertex 6.13429 -7.83212 4
      vertex 6.08417 -7.69611 0
      vertex 6.08417 -7.69611 4
    endloop
  endfacet
  facet normal 0.938318 0.345772 0
    outer loop
      vertex 6.08417 -7.69611 0
      vertex 6.13429 -7.83212 4
      vertex 6.13429 -7.83212 0
    endloop
  endfacet
  facet normal 0.919261 0.393649 0
    outer loop
      vertex 6.08417 -7.69611 4
      vertex 6.02791 -7.56473 0
      vertex 6.02791 -7.56473 4
    endloop
  endfacet
  facet normal 0.919261 0.393649 0
    outer loop
      vertex 6.02791 -7.56473 0
      vertex 6.08417 -7.69611 4
      vertex 6.08417 -7.69611 0
    endloop
  endfacet
  facet normal 0.892746 0.450561 0
    outer loop
      vertex 6.02791 -7.56473 4
      vertex 5.96443 -7.43895 0
      vertex 5.96443 -7.43895 4
    endloop
  endfacet
  facet normal 0.892746 0.450561 0
    outer loop
      vertex 5.96443 -7.43895 0
      vertex 6.02791 -7.56473 4
      vertex 6.02791 -7.56473 0
    endloop
  endfacet
  facet normal 0.845744 0.533589 0
    outer loop
      vertex 5.96443 -7.43895 4
      vertex 5.89038 -7.32158 0
      vertex 5.89038 -7.32158 4
    endloop
  endfacet
  facet normal 0.845744 0.533589 0
    outer loop
      vertex 5.89038 -7.32158 0
      vertex 5.96443 -7.43895 4
      vertex 5.96443 -7.43895 0
    endloop
  endfacet
  facet normal 0.779131 0.626861 0
    outer loop
      vertex 5.89038 -7.32158 4
      vertex 5.87663 -7.30449 0
      vertex 5.87663 -7.30449 4
    endloop
  endfacet
  facet normal 0.779131 0.626861 0
    outer loop
      vertex 5.87663 -7.30449 0
      vertex 5.89038 -7.32158 4
      vertex 5.89038 -7.32158 0
    endloop
  endfacet
  facet normal 0.649434 -0.760418 0
    outer loop
      vertex 5.87663 -7.30449 0
      vertex 6.29526 -6.94696 4
      vertex 5.87663 -7.30449 4
    endloop
  endfacet
  facet normal 0.649434 -0.760418 0
    outer loop
      vertex 6.29526 -6.94696 4
      vertex 5.87663 -7.30449 0
      vertex 6.29526 -6.94696 0
    endloop
  endfacet
  facet normal -0.741136 -0.671355 0
    outer loop
      vertex 6.30998 -6.96321 0
      vertex 6.29526 -6.94696 4
      vertex 6.29526 -6.94696 0
    endloop
  endfacet
  facet normal -0.741136 -0.671355 0
    outer loop
      vertex 6.29526 -6.94696 4
      vertex 6.30998 -6.96321 0
      vertex 6.30998 -6.96321 4
    endloop
  endfacet
  facet normal -0.65929 -0.751889 0
    outer loop
      vertex 6.30998 -6.96321 0
      vertex 6.41432 -7.0547 4
      vertex 6.30998 -6.96321 4
    endloop
  endfacet
  facet normal -0.65929 -0.751889 -0
    outer loop
      vertex 6.41432 -7.0547 4
      vertex 6.30998 -6.96321 0
      vertex 6.41432 -7.0547 0
    endloop
  endfacet
  facet normal -0.584731 -0.811227 0
    outer loop
      vertex 6.41432 -7.0547 0
      vertex 6.52861 -7.13708 4
      vertex 6.41432 -7.0547 4
    endloop
  endfacet
  facet normal -0.584731 -0.811227 -0
    outer loop
      vertex 6.52861 -7.13708 4
      vertex 6.41432 -7.0547 0
      vertex 6.52861 -7.13708 0
    endloop
  endfacet
  facet normal -0.532581 -0.846379 0
    outer loop
      vertex 6.52861 -7.13708 0
      vertex 6.64958 -7.2132 4
      vertex 6.52861 -7.13708 4
    endloop
  endfacet
  facet normal -0.532581 -0.846379 -0
    outer loop
      vertex 6.64958 -7.2132 4
      vertex 6.52861 -7.13708 0
      vertex 6.64958 -7.2132 0
    endloop
  endfacet
  facet normal -0.488288 -0.872682 0
    outer loop
      vertex 6.64958 -7.2132 0
      vertex 6.77608 -7.28398 4
      vertex 6.64958 -7.2132 4
    endloop
  endfacet
  facet normal -0.488288 -0.872682 -0
    outer loop
      vertex 6.77608 -7.28398 4
      vertex 6.64958 -7.2132 0
      vertex 6.77608 -7.28398 0
    endloop
  endfacet
  facet normal -0.448846 -0.893609 0
    outer loop
      vertex 6.77608 -7.28398 0
      vertex 6.90742 -7.34995 4
      vertex 6.77608 -7.28398 4
    endloop
  endfacet
  facet normal -0.448846 -0.893609 -0
    outer loop
      vertex 6.90742 -7.34995 4
      vertex 6.77608 -7.28398 0
      vertex 6.90742 -7.34995 0
    endloop
  endfacet
  facet normal -0.412139 -0.911121 0
    outer loop
      vertex 6.90742 -7.34995 0
      vertex 7.04318 -7.41136 4
      vertex 6.90742 -7.34995 4
    endloop
  endfacet
  facet normal -0.412139 -0.911121 -0
    outer loop
      vertex 7.04318 -7.41136 4
      vertex 6.90742 -7.34995 0
      vertex 7.04318 -7.41136 0
    endloop
  endfacet
  facet normal -0.377957 -0.925823 0
    outer loop
      vertex 7.04318 -7.41136 0
      vertex 7.183 -7.46844 4
      vertex 7.04318 -7.41136 4
    endloop
  endfacet
  facet normal -0.377957 -0.925823 -0
    outer loop
      vertex 7.183 -7.46844 4
      vertex 7.04318 -7.41136 0
      vertex 7.183 -7.46844 0
    endloop
  endfacet
  facet normal -0.345496 -0.93842 0
    outer loop
      vertex 7.183 -7.46844 0
      vertex 7.32663 -7.52132 4
      vertex 7.183 -7.46844 4
    endloop
  endfacet
  facet normal -0.345496 -0.93842 -0
    outer loop
      vertex 7.32663 -7.52132 4
      vertex 7.183 -7.46844 0
      vertex 7.32663 -7.52132 0
    endloop
  endfacet
  facet normal 0.707107 -0.707107 0
    outer loop
      vertex 7.32663 -7.52132 4
      vertex 7.52132 -7.32663 0
      vertex 7.52132 -7.32663 4
    endloop
  endfacet
  facet normal 0.707107 -0.707107 0
    outer loop
      vertex 7.52132 -7.32663 0
      vertex 7.32663 -7.52132 4
      vertex 7.32663 -7.52132 0
    endloop
  endfacet
  facet normal 0.93842 0.345496 0
    outer loop
      vertex 7.52132 -7.32663 4
      vertex 7.46844 -7.183 0
      vertex 7.46844 -7.183 4
    endloop
  endfacet
  facet normal 0.93842 0.345496 0
    outer loop
      vertex 7.46844 -7.183 0
      vertex 7.52132 -7.32663 4
      vertex 7.52132 -7.32663 0
    endloop
  endfacet
  facet normal 0.925823 0.377957 0
    outer loop
      vertex 7.46844 -7.183 4
      vertex 7.41136 -7.04318 0
      vertex 7.41136 -7.04318 4
    endloop
  endfacet
  facet normal 0.925823 0.377957 0
    outer loop
      vertex 7.41136 -7.04318 0
      vertex 7.46844 -7.183 4
      vertex 7.46844 -7.183 0
    endloop
  endfacet
  facet normal 0.911121 0.412139 0
    outer loop
      vertex 7.41136 -7.04318 4
      vertex 7.34995 -6.90742 0
      vertex 7.34995 -6.90742 4
    endloop
  endfacet
  facet normal 0.911121 0.412139 0
    outer loop
      vertex 7.34995 -6.90742 0
      vertex 7.41136 -7.04318 4
      vertex 7.41136 -7.04318 0
    endloop
  endfacet
  facet normal 0.893609 0.448846 0
    outer loop
      vertex 7.34995 -6.90742 4
      vertex 7.28398 -6.77608 0
      vertex 7.28398 -6.77608 4
    endloop
  endfacet
  facet normal 0.893609 0.448846 0
    outer loop
      vertex 7.28398 -6.77608 0
      vertex 7.34995 -6.90742 4
      vertex 7.34995 -6.90742 0
    endloop
  endfacet
  facet normal 0.872682 0.488288 0
    outer loop
      vertex 7.28398 -6.77608 4
      vertex 7.2132 -6.64958 0
      vertex 7.2132 -6.64958 4
    endloop
  endfacet
  facet normal 0.872682 0.488288 0
    outer loop
      vertex 7.2132 -6.64958 0
      vertex 7.28398 -6.77608 4
      vertex 7.28398 -6.77608 0
    endloop
  endfacet
  facet normal 0.846379 0.532581 0
    outer loop
      vertex 7.2132 -6.64958 4
      vertex 7.13708 -6.52861 0
      vertex 7.13708 -6.52861 4
    endloop
  endfacet
  facet normal 0.846379 0.532581 0
    outer loop
      vertex 7.13708 -6.52861 0
      vertex 7.2132 -6.64958 4
      vertex 7.2132 -6.64958 0
    endloop
  endfacet
  facet normal 0.811227 0.584731 0
    outer loop
      vertex 7.13708 -6.52861 4
      vertex 7.0547 -6.41432 0
      vertex 7.0547 -6.41432 4
    endloop
  endfacet
  facet normal 0.811227 0.584731 0
    outer loop
      vertex 7.0547 -6.41432 0
      vertex 7.13708 -6.52861 4
      vertex 7.13708 -6.52861 0
    endloop
  endfacet
  facet normal 0.751889 0.65929 0
    outer loop
      vertex 7.0547 -6.41432 4
      vertex 6.96321 -6.30998 0
      vertex 6.96321 -6.30998 4
    endloop
  endfacet
  facet normal 0.751889 0.65929 0
    outer loop
      vertex 6.96321 -6.30998 0
      vertex 7.0547 -6.41432 4
      vertex 7.0547 -6.41432 0
    endloop
  endfacet
  facet normal 0.671355 0.741136 -0
    outer loop
      vertex 6.96321 -6.30998 0
      vertex 6.94696 -6.29526 4
      vertex 6.96321 -6.30998 4
    endloop
  endfacet
  facet normal 0.671355 0.741136 0
    outer loop
      vertex 6.94696 -6.29526 4
      vertex 6.96321 -6.30998 0
      vertex 6.94696 -6.29526 0
    endloop
  endfacet
  facet normal 0.760418 -0.649434 0
    outer loop
      vertex 6.94696 -6.29526 4
      vertex 7.30449 -5.87663 0
      vertex 7.30449 -5.87663 4
    endloop
  endfacet
  facet normal 0.760418 -0.649434 0
    outer loop
      vertex 7.30449 -5.87663 0
      vertex 6.94696 -6.29526 4
      vertex 6.94696 -6.29526 0
    endloop
  endfacet
  facet normal -0.626861 -0.779131 0
    outer loop
      vertex 7.30449 -5.87663 0
      vertex 7.32158 -5.89038 4
      vertex 7.30449 -5.87663 4
    endloop
  endfacet
  facet normal -0.626861 -0.779131 -0
    outer loop
      vertex 7.32158 -5.89038 4
      vertex 7.30449 -5.87663 0
      vertex 7.32158 -5.89038 0
    endloop
  endfacet
  facet normal -0.533589 -0.845744 0
    outer loop
      vertex 7.32158 -5.89038 0
      vertex 7.43895 -5.96443 4
      vertex 7.32158 -5.89038 4
    endloop
  endfacet
  facet normal -0.533589 -0.845744 -0
    outer loop
      vertex 7.43895 -5.96443 4
      vertex 7.32158 -5.89038 0
      vertex 7.43895 -5.96443 0
    endloop
  endfacet
  facet normal -0.450561 -0.892746 0
    outer loop
      vertex 7.43895 -5.96443 0
      vertex 7.56473 -6.02791 4
      vertex 7.43895 -5.96443 4
    endloop
  endfacet
  facet normal -0.450561 -0.892746 -0
    outer loop
      vertex 7.56473 -6.02791 4
      vertex 7.43895 -5.96443 0
      vertex 7.56473 -6.02791 0
    endloop
  endfacet
  facet normal -0.393649 -0.919261 0
    outer loop
      vertex 7.56473 -6.02791 0
      vertex 7.69611 -6.08417 4
      vertex 7.56473 -6.02791 4
    endloop
  endfacet
  facet normal -0.393649 -0.919261 -0
    outer loop
      vertex 7.69611 -6.08417 4
      vertex 7.56473 -6.02791 0
      vertex 7.69611 -6.08417 0
    endloop
  endfacet
  facet normal -0.345772 -0.938318 0
    outer loop
      vertex 7.69611 -6.08417 0
      vertex 7.83212 -6.13429 4
      vertex 7.69611 -6.08417 4
    endloop
  endfacet
  facet normal -0.345772 -0.938318 -0
    outer loop
      vertex 7.83212 -6.13429 4
      vertex 7.69611 -6.08417 0
      vertex 7.83212 -6.13429 0
    endloop
  endfacet
  facet normal -0.303442 -0.95285 0
    outer loop
      vertex 7.83212 -6.13429 0
      vertex 7.97217 -6.17889 4
      vertex 7.83212 -6.13429 4
    endloop
  endfacet
  facet normal -0.303442 -0.95285 -0
    outer loop
      vertex 7.97217 -6.17889 4
      vertex 7.83212 -6.13429 0
      vertex 7.97217 -6.17889 0
    endloop
  endfacet
  facet normal -0.264628 -0.964351 0
    outer loop
      vertex 7.97217 -6.17889 0
      vertex 8.11586 -6.21832 4
      vertex 7.97217 -6.17889 4
    endloop
  endfacet
  facet normal -0.264628 -0.964351 -0
    outer loop
      vertex 8.11586 -6.21832 4
      vertex 7.97217 -6.17889 0
      vertex 8.11586 -6.21832 0
    endloop
  endfacet
  facet normal -0.228441 -0.973558 0
    outer loop
      vertex 8.11586 -6.21832 0
      vertex 8.26289 -6.25282 4
      vertex 8.11586 -6.21832 4
    endloop
  endfacet
  facet normal -0.228441 -0.973558 -0
    outer loop
      vertex 8.26289 -6.25282 4
      vertex 8.11586 -6.21832 0
      vertex 8.26289 -6.25282 0
    endloop
  endfacet
  facet normal -0.194445 -0.980913 0
    outer loop
      vertex 8.26289 -6.25282 0
      vertex 8.41302 -6.28258 4
      vertex 8.26289 -6.25282 4
    endloop
  endfacet
  facet normal -0.194445 -0.980913 -0
    outer loop
      vertex 8.41302 -6.28258 4
      vertex 8.26289 -6.25282 0
      vertex 8.41302 -6.28258 0
    endloop
  endfacet
  facet normal 0.809012 -0.587792 0
    outer loop
      vertex 8.41302 -6.28258 4
      vertex 8.57486 -6.05983 0
      vertex 8.57486 -6.05983 4
    endloop
  endfacet
  facet normal 0.809012 -0.587792 0
    outer loop
      vertex 8.57486 -6.05983 0
      vertex 8.41302 -6.28258 4
      vertex 8.41302 -6.28258 0
    endloop
  endfacet
  facet normal 0.872826 0.488032 0
    outer loop
      vertex 8.57486 -6.05983 4
      vertex 8.50017 -5.92625 0
      vertex 8.50017 -5.92625 4
    endloop
  endfacet
  facet normal 0.872826 0.488032 0
    outer loop
      vertex 8.50017 -5.92625 0
      vertex 8.57486 -6.05983 4
      vertex 8.57486 -6.05983 0
    endloop
  endfacet
  facet normal 0.855318 0.518104 0
    outer loop
      vertex 8.50017 -5.92625 4
      vertex 8.42192 -5.79707 0
      vertex 8.42192 -5.79707 4
    endloop
  endfacet
  facet normal 0.855318 0.518104 0
    outer loop
      vertex 8.42192 -5.79707 0
      vertex 8.50017 -5.92625 4
      vertex 8.50017 -5.92625 0
    endloop
  endfacet
  facet normal 0.83537 0.549688 0
    outer loop
      vertex 8.42192 -5.79707 4
      vertex 8.34001 -5.67259 0
      vertex 8.34001 -5.67259 4
    endloop
  endfacet
  facet normal 0.83537 0.549688 0
    outer loop
      vertex 8.34001 -5.67259 0
      vertex 8.42192 -5.79707 4
      vertex 8.42192 -5.79707 0
    endloop
  endfacet
  facet normal 0.81243 0.583058 0
    outer loop
      vertex 8.34001 -5.67259 4
      vertex 8.25432 -5.55319 0
      vertex 8.25432 -5.55319 4
    endloop
  endfacet
  facet normal 0.81243 0.583058 0
    outer loop
      vertex 8.25432 -5.55319 0
      vertex 8.34001 -5.67259 4
      vertex 8.34001 -5.67259 0
    endloop
  endfacet
  facet normal 0.785485 0.618881 0
    outer loop
      vertex 8.25432 -5.55319 4
      vertex 8.16461 -5.43933 0
      vertex 8.16461 -5.43933 4
    endloop
  endfacet
  facet normal 0.785485 0.618881 0
    outer loop
      vertex 8.16461 -5.43933 0
      vertex 8.25432 -5.55319 4
      vertex 8.25432 -5.55319 0
    endloop
  endfacet
  facet normal 0.752659 0.65841 0
    outer loop
      vertex 8.16461 -5.43933 4
      vertex 8.07051 -5.33176 0
      vertex 8.07051 -5.33176 4
    endloop
  endfacet
  facet normal 0.752659 0.65841 0
    outer loop
      vertex 8.07051 -5.33176 0
      vertex 8.16461 -5.43933 4
      vertex 8.16461 -5.43933 0
    endloop
  endfacet
  facet normal 0.709834 0.704369 0
    outer loop
      vertex 8.07051 -5.33176 4
      vertex 7.97127 -5.23175 0
      vertex 7.97127 -5.23175 4
    endloop
  endfacet
  facet normal 0.709834 0.704369 0
    outer loop
      vertex 7.97127 -5.23175 0
      vertex 8.07051 -5.33176 4
      vertex 8.07051 -5.33176 0
    endloop
  endfacet
  facet normal 0.639468 0.768818 -0
    outer loop
      vertex 7.97127 -5.23175 0
      vertex 7.86458 -5.14301 4
      vertex 7.97127 -5.23175 4
    endloop
  endfacet
  facet normal 0.639468 0.768818 0
    outer loop
      vertex 7.86458 -5.14301 4
      vertex 7.97127 -5.23175 0
      vertex 7.86458 -5.14301 0
    endloop
  endfacet
  facet normal 0.547421 0.836857 -0
    outer loop
      vertex 7.86458 -5.14301 0
      vertex 7.84622 -5.131 4
      vertex 7.86458 -5.14301 4
    endloop
  endfacet
  facet normal 0.547421 0.836857 0
    outer loop
      vertex 7.84622 -5.131 4
      vertex 7.86458 -5.14301 0
      vertex 7.84622 -5.131 0
    endloop
  endfacet
  facet normal 0.852634 -0.522508 0
    outer loop
      vertex 7.84622 -5.131 4
      vertex 8.13387 -4.66161 0
      vertex 8.13387 -4.66161 4
    endloop
  endfacet
  facet normal 0.852634 -0.522508 0
    outer loop
      vertex 8.13387 -4.66161 0
      vertex 7.84622 -5.131 4
      vertex 7.84622 -5.131 0
    endloop
  endfacet
  facet normal -0.496876 -0.867822 0
    outer loop
      vertex 8.13387 -4.66161 0
      vertex 8.15289 -4.6725 4
      vertex 8.13387 -4.66161 4
    endloop
  endfacet
  facet normal -0.496876 -0.867822 -0
    outer loop
      vertex 8.15289 -4.6725 4
      vertex 8.13387 -4.66161 0
      vertex 8.15289 -4.6725 0
    endloop
  endfacet
  facet normal -0.394763 -0.918783 0
    outer loop
      vertex 8.15289 -4.6725 0
      vertex 8.28041 -4.72729 4
      vertex 8.15289 -4.6725 4
    endloop
  endfacet
  facet normal -0.394763 -0.918783 -0
    outer loop
      vertex 8.28041 -4.72729 4
      vertex 8.15289 -4.6725 0
      vertex 8.28041 -4.72729 0
    endloop
  endfacet
  facet normal -0.305347 -0.952241 0
    outer loop
      vertex 8.28041 -4.72729 0
      vertex 8.41457 -4.77031 4
      vertex 8.28041 -4.72729 4
    endloop
  endfacet
  facet normal -0.305347 -0.952241 -0
    outer loop
      vertex 8.41457 -4.77031 4
      vertex 8.28041 -4.72729 0
      vertex 8.41457 -4.77031 0
    endloop
  endfacet
  facet normal -0.245037 -0.969514 0
    outer loop
      vertex 8.41457 -4.77031 0
      vertex 8.55313 -4.80533 4
      vertex 8.41457 -4.77031 4
    endloop
  endfacet
  facet normal -0.245037 -0.969514 -0
    outer loop
      vertex 8.55313 -4.80533 4
      vertex 8.41457 -4.77031 0
      vertex 8.55313 -4.80533 0
    endloop
  endfacet
  facet normal -0.194749 -0.980853 0
    outer loop
      vertex 8.55313 -4.80533 0
      vertex 8.69531 -4.83356 4
      vertex 8.55313 -4.80533 4
    endloop
  endfacet
  facet normal -0.194749 -0.980853 -0
    outer loop
      vertex 8.69531 -4.83356 4
      vertex 8.55313 -4.80533 0
      vertex 8.69531 -4.83356 0
    endloop
  endfacet
  facet normal -0.150636 -0.988589 0
    outer loop
      vertex 8.69531 -4.83356 0
      vertex 8.84061 -4.8557 4
      vertex 8.69531 -4.83356 4
    endloop
  endfacet
  facet normal -0.150636 -0.988589 -0
    outer loop
      vertex 8.84061 -4.8557 4
      vertex 8.69531 -4.83356 0
      vertex 8.84061 -4.8557 0
    endloop
  endfacet
  facet normal -0.110461 -0.99388 0
    outer loop
      vertex 8.84061 -4.8557 0
      vertex 8.98871 -4.87216 4
      vertex 8.84061 -4.8557 4
    endloop
  endfacet
  facet normal -0.110461 -0.99388 -0
    outer loop
      vertex 8.98871 -4.87216 4
      vertex 8.84061 -4.8557 0
      vertex 8.98871 -4.87216 0
    endloop
  endfacet
  facet normal -0.0733644 -0.997305 0
    outer loop
      vertex 8.98871 -4.87216 0
      vertex 9.13933 -4.88324 4
      vertex 8.98871 -4.87216 4
    endloop
  endfacet
  facet normal -0.0733644 -0.997305 -0
    outer loop
      vertex 9.13933 -4.88324 4
      vertex 8.98871 -4.87216 0
      vertex 9.13933 -4.88324 0
    endloop
  endfacet
  facet normal -0.0385485 -0.999257 0
    outer loop
      vertex 9.13933 -4.88324 0
      vertex 9.29227 -4.88914 4
      vertex 9.13933 -4.88324 4
    endloop
  endfacet
  facet normal -0.0385485 -0.999257 -0
    outer loop
      vertex 9.29227 -4.88914 4
      vertex 9.13933 -4.88324 0
      vertex 9.29227 -4.88914 0
    endloop
  endfacet
  facet normal 0.891024 -0.453957 0
    outer loop
      vertex 9.29227 -4.88914 4
      vertex 9.41725 -4.64383 0
      vertex 9.41725 -4.64383 4
    endloop
  endfacet
  facet normal 0.891024 -0.453957 0
    outer loop
      vertex 9.41725 -4.64383 0
      vertex 9.29227 -4.88914 4
      vertex 9.29227 -4.88914 0
    endloop
  endfacet
  facet normal 0.785803 0.618476 0
    outer loop
      vertex 9.41725 -4.64383 4
      vertex 9.32259 -4.52356 0
      vertex 9.32259 -4.52356 4
    endloop
  endfacet
  facet normal 0.785803 0.618476 0
    outer loop
      vertex 9.32259 -4.52356 0
      vertex 9.41725 -4.64383 4
      vertex 9.41725 -4.64383 0
    endloop
  endfacet
  facet normal 0.763665 0.645613 0
    outer loop
      vertex 9.32259 -4.52356 4
      vertex 9.22508 -4.40822 0
      vertex 9.22508 -4.40822 4
    endloop
  endfacet
  facet normal 0.763665 0.645613 0
    outer loop
      vertex 9.22508 -4.40822 0
      vertex 9.32259 -4.52356 4
      vertex 9.32259 -4.52356 0
    endloop
  endfacet
  facet normal 0.739135 0.673558 0
    outer loop
      vertex 9.22508 -4.40822 4
      vertex 9.12473 -4.2981 0
      vertex 9.12473 -4.2981 4
    endloop
  endfacet
  facet normal 0.739135 0.673558 0
    outer loop
      vertex 9.12473 -4.2981 0
      vertex 9.22508 -4.40822 4
      vertex 9.22508 -4.40822 0
    endloop
  endfacet
  facet normal 0.711245 0.702944 0
    outer loop
      vertex 9.12473 -4.2981 4
      vertex 9.02141 -4.19356 0
      vertex 9.02141 -4.19356 4
    endloop
  endfacet
  facet normal 0.711245 0.702944 0
    outer loop
      vertex 9.02141 -4.19356 0
      vertex 9.12473 -4.2981 4
      vertex 9.12473 -4.2981 0
    endloop
  endfacet
  facet normal 0.679048 0.734094 -0
    outer loop
      vertex 9.02141 -4.19356 0
      vertex 8.91499 -4.09512 4
      vertex 9.02141 -4.19356 4
    endloop
  endfacet
  facet normal 0.679048 0.734094 0
    outer loop
      vertex 8.91499 -4.09512 4
      vertex 9.02141 -4.19356 0
      vertex 8.91499 -4.09512 0
    endloop
  endfacet
  facet normal 0.64037 0.768066 -0
    outer loop
      vertex 8.91499 -4.09512 0
      vertex 8.80522 -4.0036 4
      vertex 8.91499 -4.09512 4
    endloop
  endfacet
  facet normal 0.64037 0.768066 0
    outer loop
      vertex 8.80522 -4.0036 4
      vertex 8.91499 -4.09512 0
      vertex 8.80522 -4.0036 0
    endloop
  endfacet
  facet normal 0.590899 0.806746 -0
    outer loop
      vertex 8.80522 -4.0036 0
      vertex 8.69156 -3.92035 4
      vertex 8.80522 -4.0036 4
    endloop
  endfacet
  facet normal 0.590899 0.806746 0
    outer loop
      vertex 8.69156 -3.92035 4
      vertex 8.80522 -4.0036 0
      vertex 8.69156 -3.92035 0
    endloop
  endfacet
  facet normal 0.511281 0.859414 -0
    outer loop
      vertex 8.69156 -3.92035 0
      vertex 8.5723 -3.8494 4
      vertex 8.69156 -3.92035 4
    endloop
  endfacet
  facet normal 0.511281 0.859414 0
    outer loop
      vertex 8.5723 -3.8494 4
      vertex 8.69156 -3.92035 0
      vertex 8.5723 -3.8494 0
    endloop
  endfacet
  facet normal 0.409815 0.912169 -0
    outer loop
      vertex 8.5723 -3.8494 0
      vertex 8.55229 -3.84041 4
      vertex 8.5723 -3.8494 4
    endloop
  endfacet
  facet normal 0.409815 0.912169 0
    outer loop
      vertex 8.55229 -3.84041 4
      vertex 8.5723 -3.8494 0
      vertex 8.55229 -3.84041 0
    endloop
  endfacet
  facet normal 0.923878 -0.382688 0
    outer loop
      vertex 8.55229 -3.84041 4
      vertex 8.76297 -3.33179 0
      vertex 8.76297 -3.33179 4
    endloop
  endfacet
  facet normal 0.923878 -0.382688 0
    outer loop
      vertex 8.76297 -3.33179 0
      vertex 8.55229 -3.84041 4
      vertex 8.55229 -3.84041 0
    endloop
  endfacet
  facet normal -0.355369 -0.934726 0
    outer loop
      vertex 8.76297 -3.33179 0
      vertex 8.78346 -3.33958 4
      vertex 8.76297 -3.33179 4
    endloop
  endfacet
  facet normal -0.355369 -0.934726 -0
    outer loop
      vertex 8.78346 -3.33958 4
      vertex 8.76297 -3.33179 0
      vertex 8.78346 -3.33958 0
    endloop
  endfacet
  facet normal -0.246213 -0.969216 0
    outer loop
      vertex 8.78346 -3.33958 0
      vertex 8.91797 -3.37375 4
      vertex 8.78346 -3.33958 4
    endloop
  endfacet
  facet normal -0.246213 -0.969216 -0
    outer loop
      vertex 8.91797 -3.37375 4
      vertex 8.78346 -3.33958 0
      vertex 8.91797 -3.37375 0
    endloop
  endfacet
  facet normal -0.152601 -0.988288 0
    outer loop
      vertex 8.91797 -3.37375 0
      vertex 9.05721 -3.39525 4
      vertex 8.91797 -3.37375 4
    endloop
  endfacet
  facet normal -0.152601 -0.988288 -0
    outer loop
      vertex 9.05721 -3.39525 4
      vertex 8.91797 -3.37375 0
      vertex 9.05721 -3.39525 0
    endloop
  endfacet
  facet normal -0.0903276 -0.995912 0
    outer loop
      vertex 9.05721 -3.39525 0
      vertex 9.19955 -3.40816 4
      vertex 9.05721 -3.39525 4
    endloop
  endfacet
  facet normal -0.0903276 -0.995912 -0
    outer loop
      vertex 9.19955 -3.40816 4
      vertex 9.05721 -3.39525 0
      vertex 9.19955 -3.40816 0
    endloop
  endfacet
  facet normal -0.03891 -0.999243 0
    outer loop
      vertex 9.19955 -3.40816 0
      vertex 9.34439 -3.4138 4
      vertex 9.19955 -3.40816 4
    endloop
  endfacet
  facet normal -0.03891 -0.999243 -0
    outer loop
      vertex 9.34439 -3.4138 4
      vertex 9.19955 -3.40816 0
      vertex 9.34439 -3.4138 0
    endloop
  endfacet
  facet normal 0.00591947 -0.999982 0
    outer loop
      vertex 9.34439 -3.4138 0
      vertex 9.49136 -3.41293 4
      vertex 9.34439 -3.4138 4
    endloop
  endfacet
  facet normal 0.00591947 -0.999982 0
    outer loop
      vertex 9.49136 -3.41293 4
      vertex 9.34439 -3.4138 0
      vertex 9.49136 -3.41293 0
    endloop
  endfacet
  facet normal 0.0462387 -0.99893 0
    outer loop
      vertex 9.49136 -3.41293 0
      vertex 9.64021 -3.40604 4
      vertex 9.49136 -3.41293 4
    endloop
  endfacet
  facet normal 0.0462387 -0.99893 0
    outer loop
      vertex 9.64021 -3.40604 4
      vertex 9.49136 -3.41293 0
      vertex 9.64021 -3.40604 0
    endloop
  endfacet
  facet normal 0.0835606 -0.996503 0
    outer loop
      vertex 9.64021 -3.40604 0
      vertex 9.79071 -3.39342 4
      vertex 9.64021 -3.40604 4
    endloop
  endfacet
  facet normal 0.0835606 -0.996503 0
    outer loop
      vertex 9.79071 -3.39342 4
      vertex 9.64021 -3.40604 0
      vertex 9.79071 -3.39342 0
    endloop
  endfacet
  facet normal 0.118259 -0.992983 0
    outer loop
      vertex 9.79071 -3.39342 0
      vertex 9.94269 -3.37532 4
      vertex 9.79071 -3.39342 4
    endloop
  endfacet
  facet normal 0.118259 -0.992983 0
    outer loop
      vertex 9.94269 -3.37532 4
      vertex 9.79071 -3.39342 0
      vertex 9.94269 -3.37532 0
    endloop
  endfacet
  facet normal 0.951028 -0.309104 0
    outer loop
      vertex 9.94269 -3.37532 4
      vertex 10.0278 -3.11346 0
      vertex 10.0278 -3.11346 4
    endloop
  endfacet
  facet normal 0.951028 -0.309104 0
    outer loop
      vertex 10.0278 -3.11346 0
      vertex 9.94269 -3.37532 4
      vertex 9.94269 -3.37532 0
    endloop
  endfacet
  facet normal 0.679205 0.733949 -0
    outer loop
      vertex 10.0278 -3.11346 0
      vertex 9.91545 -3.00949 4
      vertex 10.0278 -3.11346 4
    endloop
  endfacet
  facet normal 0.679205 0.733949 0
    outer loop
      vertex 9.91545 -3.00949 4
      vertex 10.0278 -3.11346 0
      vertex 9.91545 -3.00949 0
    endloop
  endfacet
  facet normal 0.653318 0.757084 -0
    outer loop
      vertex 9.91545 -3.00949 0
      vertex 9.80112 -2.91083 4
      vertex 9.91545 -3.00949 4
    endloop
  endfacet
  facet normal 0.653318 0.757084 0
    outer loop
      vertex 9.80112 -2.91083 4
      vertex 9.91545 -3.00949 0
      vertex 9.80112 -2.91083 0
    endloop
  endfacet
  facet normal 0.62463 0.780921 -0
    outer loop
      vertex 9.80112 -2.91083 0
      vertex 9.68475 -2.81775 4
      vertex 9.80112 -2.91083 4
    endloop
  endfacet
  facet normal 0.62463 0.780921 0
    outer loop
      vertex 9.68475 -2.81775 4
      vertex 9.80112 -2.91083 0
      vertex 9.68475 -2.81775 0
    endloop
  endfacet
  facet normal 0.592516 0.805558 -0
    outer loop
      vertex 9.68475 -2.81775 0
      vertex 9.56636 -2.73067 4
      vertex 9.68475 -2.81775 4
    endloop
  endfacet
  facet normal 0.592516 0.805558 0
    outer loop
      vertex 9.56636 -2.73067 4
      vertex 9.68475 -2.81775 0
      vertex 9.56636 -2.73067 0
    endloop
  endfacet
  facet normal 0.55583 0.831296 -0
    outer loop
      vertex 9.56636 -2.73067 0
      vertex 9.44586 -2.6501 4
      vertex 9.56636 -2.73067 4
    endloop
  endfacet
  facet normal 0.55583 0.831296 0
    outer loop
      vertex 9.44586 -2.6501 4
      vertex 9.56636 -2.73067 0
      vertex 9.44586 -2.6501 0
    endloop
  endfacet
  facet normal 0.512364 0.858768 -0
    outer loop
      vertex 9.44586 -2.6501 0
      vertex 9.32312 -2.57687 4
      vertex 9.44586 -2.6501 4
    endloop
  endfacet
  facet normal 0.512364 0.858768 0
    outer loop
      vertex 9.32312 -2.57687 4
      vertex 9.44586 -2.6501 0
      vertex 9.32312 -2.57687 0
    endloop
  endfacet
  facet normal 0.457433 0.889244 -0
    outer loop
      vertex 9.32312 -2.57687 0
      vertex 9.19783 -2.51242 4
      vertex 9.32312 -2.57687 4
    endloop
  endfacet
  facet normal 0.457433 0.889244 0
    outer loop
      vertex 9.19783 -2.51242 4
      vertex 9.32312 -2.57687 0
      vertex 9.19783 -2.51242 0
    endloop
  endfacet
  facet normal 0.370546 0.928814 -0
    outer loop
      vertex 9.19783 -2.51242 0
      vertex 9.06894 -2.461 4
      vertex 9.19783 -2.51242 4
    endloop
  endfacet
  facet normal 0.370546 0.928814 0
    outer loop
      vertex 9.06894 -2.461 4
      vertex 9.19783 -2.51242 0
      vertex 9.06894 -2.461 0
    endloop
  endfacet
  facet normal 0.261805 0.965121 -0
    outer loop
      vertex 9.06894 -2.461 0
      vertex 9.04778 -2.45526 4
      vertex 9.06894 -2.461 4
    endloop
  endfacet
  facet normal 0.261805 0.965121 0
    outer loop
      vertex 9.04778 -2.45526 4
      vertex 9.06894 -2.461 0
      vertex 9.04778 -2.45526 0
    endloop
  endfacet
  facet normal 0.972378 -0.233413 0
    outer loop
      vertex 9.04778 -2.45526 4
      vertex 9.17628 -1.91994 0
      vertex 9.17628 -1.91994 4
    endloop
  endfacet
  facet normal 0.972378 -0.233413 0
    outer loop
      vertex 9.17628 -1.91994 0
      vertex 9.04778 -2.45526 4
      vertex 9.04778 -2.45526 0
    endloop
  endfacet
  facet normal -0.205137 -0.978733 0
    outer loop
      vertex 9.17628 -1.91994 0
      vertex 9.19775 -1.92444 4
      vertex 9.17628 -1.91994 4
    endloop
  endfacet
  facet normal -0.205137 -0.978733 -0
    outer loop
      vertex 9.19775 -1.92444 4
      vertex 9.17628 -1.91994 0
      vertex 9.19775 -1.92444 0
    endloop
  endfacet
  facet normal -0.0914388 -0.995811 0
    outer loop
      vertex 9.19775 -1.92444 0
      vertex 9.33595 -1.93713 4
      vertex 9.19775 -1.92444 4
    endloop
  endfacet
  facet normal -0.0914388 -0.995811 -0
    outer loop
      vertex 9.33595 -1.93713 4
      vertex 9.19775 -1.92444 0
      vertex 9.33595 -1.93713 0
    endloop
  endfacet
  facet normal 0.00376177 -0.999993 0
    outer loop
      vertex 9.33595 -1.93713 0
      vertex 9.47684 -1.9366 4
      vertex 9.33595 -1.93713 4
    endloop
  endfacet
  facet normal 0.00376177 -0.999993 0
    outer loop
      vertex 9.47684 -1.9366 4
      vertex 9.33595 -1.93713 0
      vertex 9.47684 -1.9366 0
    endloop
  endfacet
  facet normal 0.0667465 -0.99777 0
    outer loop
      vertex 9.47684 -1.9366 0
      vertex 9.61945 -1.92706 4
      vertex 9.47684 -1.9366 4
    endloop
  endfacet
  facet normal 0.0667465 -0.99777 0
    outer loop
      vertex 9.61945 -1.92706 4
      vertex 9.47684 -1.9366 0
      vertex 9.61945 -1.92706 0
    endloop
  endfacet
  facet normal 0.117774 -0.99304 0
    outer loop
      vertex 9.61945 -1.92706 0
      vertex 9.76338 -1.90999 4
      vertex 9.61945 -1.92706 4
    endloop
  endfacet
  facet normal 0.117774 -0.99304 0
    outer loop
      vertex 9.76338 -1.90999 4
      vertex 9.61945 -1.92706 0
      vertex 9.76338 -1.90999 0
    endloop
  endfacet
  facet normal 0.162258 -0.986748 0
    outer loop
      vertex 9.76338 -1.90999 0
      vertex 9.90842 -1.88614 4
      vertex 9.76338 -1.90999 4
    endloop
  endfacet
  facet normal 0.162258 -0.986748 0
    outer loop
      vertex 9.90842 -1.88614 4
      vertex 9.76338 -1.90999 0
      vertex 9.90842 -1.88614 0
    endloop
  endfacet
  facet normal 0.202009 -0.979384 0
    outer loop
      vertex 9.90842 -1.88614 0
      vertex 10.0544 -1.85603 4
      vertex 9.90842 -1.88614 4
    endloop
  endfacet
  facet normal 0.202009 -0.979384 0
    outer loop
      vertex 10.0544 -1.85603 4
      vertex 9.90842 -1.88614 0
      vertex 10.0544 -1.85603 0
    endloop
  endfacet
  facet normal 0.238543 -0.971132 0
    outer loop
      vertex 10.0544 -1.85603 0
      vertex 10.201 -1.82002 4
      vertex 10.0544 -1.85603 4
    endloop
  endfacet
  facet normal 0.238543 -0.971132 0
    outer loop
      vertex 10.201 -1.82002 4
      vertex 10.0544 -1.85603 0
      vertex 10.201 -1.82002 0
    endloop
  endfacet
  facet normal 0.272028 -0.962289 0
    outer loop
      vertex 10.201 -1.82002 0
      vertex 10.3483 -1.77838 4
      vertex 10.201 -1.82002 4
    endloop
  endfacet
  facet normal 0.272028 -0.962289 0
    outer loop
      vertex 10.3483 -1.77838 4
      vertex 10.201 -1.82002 0
      vertex 10.3483 -1.77838 0
    endloop
  endfacet
  facet normal 0.987672 -0.156537 0
    outer loop
      vertex 10.3483 -1.77838 4
      vertex 10.3914 -1.50644 0
      vertex 10.3914 -1.50644 4
    endloop
  endfacet
  facet normal 0.987672 -0.156537 0
    outer loop
      vertex 10.3914 -1.50644 0
      vertex 10.3483 -1.77838 4
      vertex 10.3483 -1.77838 0
    endloop
  endfacet
  facet normal 0.556102 0.831114 -0
    outer loop
      vertex 10.3914 -1.50644 0
      vertex 10.2642 -1.42133 4
      vertex 10.3914 -1.50644 4
    endloop
  endfacet
  facet normal 0.556102 0.831114 0
    outer loop
      vertex 10.2642 -1.42133 4
      vertex 10.3914 -1.50644 0
      vertex 10.2642 -1.42133 0
    endloop
  endfacet
  facet normal 0.526806 0.849986 -0
    outer loop
      vertex 10.2642 -1.42133 0
      vertex 10.1358 -1.34175 4
      vertex 10.2642 -1.42133 4
    endloop
  endfacet
  facet normal 0.526806 0.849986 0
    outer loop
      vertex 10.1358 -1.34175 4
      vertex 10.2642 -1.42133 0
      vertex 10.1358 -1.34175 0
    endloop
  endfacet
  facet normal 0.494671 0.86908 -0
    outer loop
      vertex 10.1358 -1.34175 0
      vertex 10.0063 -1.26804 4
      vertex 10.1358 -1.34175 4
    endloop
  endfacet
  facet normal 0.494671 0.86908 0
    outer loop
      vertex 10.0063 -1.26804 4
      vertex 10.1358 -1.34175 0
      vertex 10.0063 -1.26804 0
    endloop
  endfacet
  facet normal 0.459338 0.888262 -0
    outer loop
      vertex 10.0063 -1.26804 0
      vertex 9.87575 -1.20053 4
      vertex 10.0063 -1.26804 4
    endloop
  endfacet
  facet normal 0.459338 0.888262 0
    outer loop
      vertex 9.87575 -1.20053 4
      vertex 10.0063 -1.26804 0
      vertex 9.87575 -1.20053 0
    endloop
  endfacet
  facet normal 0.418844 0.908058 -0
    outer loop
      vertex 9.87575 -1.20053 0
      vertex 9.74413 -1.13982 4
      vertex 9.87575 -1.20053 4
    endloop
  endfacet
  facet normal 0.418844 0.908058 0
    outer loop
      vertex 9.74413 -1.13982 4
      vertex 9.87575 -1.20053 0
      vertex 9.74413 -1.13982 0
    endloop
  endfacet
  facet normal 0.37174 0.928337 -0
    outer loop
      vertex 9.74413 -1.13982 0
      vertex 9.61145 -1.08669 4
      vertex 9.74413 -1.13982 4
    endloop
  endfacet
  facet normal 0.37174 0.928337 0
    outer loop
      vertex 9.61145 -1.08669 4
      vertex 9.74413 -1.13982 0
      vertex 9.61145 -1.08669 0
    endloop
  endfacet
  facet normal 0.312733 0.949841 -0
    outer loop
      vertex 9.61145 -1.08669 0
      vertex 9.47763 -1.04263 4
      vertex 9.61145 -1.08669 4
    endloop
  endfacet
  facet normal 0.312733 0.949841 0
    outer loop
      vertex 9.47763 -1.04263 4
      vertex 9.61145 -1.08669 0
      vertex 9.47763 -1.04263 0
    endloop
  endfacet
  facet normal 0.220637 0.975356 -0
    outer loop
      vertex 9.47763 -1.04263 0
      vertex 9.34227 -1.01201 4
      vertex 9.47763 -1.04263 4
    endloop
  endfacet
  facet normal 0.220637 0.975356 0
    outer loop
      vertex 9.34227 -1.01201 4
      vertex 9.47763 -1.04263 0
      vertex 9.34227 -1.01201 0
    endloop
  endfacet
  facet normal 0.108079 0.994142 -0
    outer loop
      vertex 9.34227 -1.01201 0
      vertex 9.32047 -1.00964 4
      vertex 9.34227 -1.01201 4
    endloop
  endfacet
  facet normal 0.108079 0.994142 0
    outer loop
      vertex 9.32047 -1.00964 4
      vertex 9.34227 -1.01201 0
      vertex 9.32047 -1.00964 0
    endloop
  endfacet
  facet normal 0.996918 -0.0784528 0
    outer loop
      vertex 9.32047 -1.00964 4
      vertex 9.36366 -0.460815 0
      vertex 9.36366 -0.460815 4
    endloop
  endfacet
  facet normal 0.996918 -0.0784528 0
    outer loop
      vertex 9.36366 -0.460815 0
      vertex 9.32047 -1.00964 4
      vertex 9.32047 -1.00964 0
    endloop
  endfacet
  facet normal -0.0494372 -0.998777 0
    outer loop
      vertex 9.36366 -0.460815 0
      vertex 9.38556 -0.461899 4
      vertex 9.36366 -0.460815 4
    endloop
  endfacet
  facet normal -0.0494372 -0.998777 -0
    outer loop
      vertex 9.38556 -0.461899 4
      vertex 9.36366 -0.460815 0
      vertex 9.38556 -0.461899 0
    endloop
  endfacet
  facet normal 0.0654167 -0.997858 0
    outer loop
      vertex 9.38556 -0.461899 0
      vertex 9.52405 -0.45282 4
      vertex 9.38556 -0.461899 4
    endloop
  endfacet
  facet normal 0.0654167 -0.997858 0
    outer loop
      vertex 9.52405 -0.45282 4
      vertex 9.38556 -0.461899 0
      vertex 9.52405 -0.45282 0
    endloop
  endfacet
  facet normal 0.160183 -0.987087 0
    outer loop
      vertex 9.52405 -0.45282 0
      vertex 9.66312 -0.430252 4
      vertex 9.52405 -0.45282 4
    endloop
  endfacet
  facet normal 0.160183 -0.987087 0
    outer loop
      vertex 9.66312 -0.430252 4
      vertex 9.52405 -0.45282 0
      vertex 9.66312 -0.430252 0
    endloop
  endfacet
  facet normal 0.221971 -0.975053 0
    outer loop
      vertex 9.66312 -0.430252 0
      vertex 9.80247 -0.398529 4
      vertex 9.66312 -0.430252 4
    endloop
  endfacet
  facet normal 0.221971 -0.975053 0
    outer loop
      vertex 9.80247 -0.398529 4
      vertex 9.66312 -0.430252 0
      vertex 9.80247 -0.398529 0
    endloop
  endfacet
  facet normal 0.271696 -0.962383 0
    outer loop
      vertex 9.80247 -0.398529 0
      vertex 9.94197 -0.359146 4
      vertex 9.80247 -0.398529 4
    endloop
  endfacet
  facet normal 0.271696 -0.962383 0
    outer loop
      vertex 9.94197 -0.359146 4
      vertex 9.80247 -0.398529 0
      vertex 9.94197 -0.359146 0
    endloop
  endfacet
  facet normal 0.314629 -0.949215 0
    outer loop
      vertex 9.94197 -0.359146 0
      vertex 10.0815 -0.312897 4
      vertex 9.94197 -0.359146 4
    endloop
  endfacet
  facet normal 0.314629 -0.949215 0
    outer loop
      vertex 10.0815 -0.312897 4
      vertex 9.94197 -0.359146 0
      vertex 10.0815 -0.312897 0
    endloop
  endfacet
  facet normal 0.352841 -0.935683 0
    outer loop
      vertex 10.0815 -0.312897 0
      vertex 10.2209 -0.26033 4
      vertex 10.0815 -0.312897 4
    endloop
  endfacet
  facet normal 0.352841 -0.935683 0
    outer loop
      vertex 10.2209 -0.26033 4
      vertex 10.0815 -0.312897 0
      vertex 10.2209 -0.26033 0
    endloop
  endfacet
  facet normal 0.387446 -0.921892 0
    outer loop
      vertex 10.2209 -0.26033 0
      vertex 10.3601 -0.201828 4
      vertex 10.2209 -0.26033 4
    endloop
  endfacet
  facet normal 0.387446 -0.921892 0
    outer loop
      vertex 10.3601 -0.201828 4
      vertex 10.2209 -0.26033 0
      vertex 10.3601 -0.201828 0
    endloop
  endfacet
  facet normal 0.419188 -0.907899 0
    outer loop
      vertex 10.3601 -0.201828 0
      vertex 10.4991 -0.13765 4
      vertex 10.3601 -0.201828 4
    endloop
  endfacet
  facet normal 0.419188 -0.907899 0
    outer loop
      vertex 10.4991 -0.13765 4
      vertex 10.3601 -0.201828 0
      vertex 10.4991 -0.13765 0
    endloop
  endfacet
  facet normal 1 -0 0
    outer loop
      vertex 10.4991 -0.13765 4
      vertex 10.4991 0.13765 0
      vertex 10.4991 0.13765 4
    endloop
  endfacet
  facet normal 1 0 0
    outer loop
      vertex 10.4991 0.13765 0
      vertex 10.4991 -0.13765 4
      vertex 10.4991 -0.13765 0
    endloop
  endfacet
  facet normal 0.419188 0.907899 -0
    outer loop
      vertex 10.4991 0.13765 0
      vertex 10.3601 0.201828 4
      vertex 10.4991 0.13765 4
    endloop
  endfacet
  facet normal 0.419188 0.907899 0
    outer loop
      vertex 10.3601 0.201828 4
      vertex 10.4991 0.13765 0
      vertex 10.3601 0.201828 0
    endloop
  endfacet
  facet normal 0.387446 0.921892 -0
    outer loop
      vertex 10.3601 0.201828 0
      vertex 10.2209 0.26033 4
      vertex 10.3601 0.201828 4
    endloop
  endfacet
  facet normal 0.387446 0.921892 0
    outer loop
      vertex 10.2209 0.26033 4
      vertex 10.3601 0.201828 0
      vertex 10.2209 0.26033 0
    endloop
  endfacet
  facet normal 0.352841 0.935683 -0
    outer loop
      vertex 10.2209 0.26033 0
      vertex 10.0815 0.312897 4
      vertex 10.2209 0.26033 4
    endloop
  endfacet
  facet normal 0.352841 0.935683 0
    outer loop
      vertex 10.0815 0.312897 4
      vertex 10.2209 0.26033 0
      vertex 10.0815 0.312897 0
    endloop
  endfacet
  facet normal 0.314629 0.949215 -0
    outer loop
      vertex 10.0815 0.312897 0
      vertex 9.94197 0.359146 4
      vertex 10.0815 0.312897 4
    endloop
  endfacet
  facet normal 0.314629 0.949215 0
    outer loop
      vertex 9.94197 0.359146 4
      vertex 10.0815 0.312897 0
      vertex 9.94197 0.359146 0
    endloop
  endfacet
  facet normal 0.271696 0.962383 -0
    outer loop
      vertex 9.94197 0.359146 0
      vertex 9.80247 0.398529 4
      vertex 9.94197 0.359146 4
    endloop
  endfacet
  facet normal 0.271696 0.962383 0
    outer loop
      vertex 9.80247 0.398529 4
      vertex 9.94197 0.359146 0
      vertex 9.80247 0.398529 0
    endloop
  endfacet
  facet normal 0.221971 0.975053 -0
    outer loop
      vertex 9.80247 0.398529 0
      vertex 9.66312 0.430252 4
      vertex 9.80247 0.398529 4
    endloop
  endfacet
  facet normal 0.221971 0.975053 0
    outer loop
      vertex 9.66312 0.430252 4
      vertex 9.80247 0.398529 0
      vertex 9.66312 0.430252 0
    endloop
  endfacet
  facet normal 0.160183 0.987087 -0
    outer loop
      vertex 9.66312 0.430252 0
      vertex 9.52405 0.45282 4
      vertex 9.66312 0.430252 4
    endloop
  endfacet
  facet normal 0.160183 0.987087 0
    outer loop
      vertex 9.52405 0.45282 4
      vertex 9.66312 0.430252 0
      vertex 9.52405 0.45282 0
    endloop
  endfacet
  facet normal 0.0654167 0.997858 -0
    outer loop
      vertex 9.52405 0.45282 0
      vertex 9.38556 0.461899 4
      vertex 9.52405 0.45282 4
    endloop
  endfacet
  facet normal 0.0654167 0.997858 0
    outer loop
      vertex 9.38556 0.461899 4
      vertex 9.52405 0.45282 0
      vertex 9.38556 0.461899 0
    endloop
  endfacet
  facet normal -0.0494372 0.998777 0
    outer loop
      vertex 9.38556 0.461899 0
      vertex 9.36366 0.460815 4
      vertex 9.38556 0.461899 4
    endloop
  endfacet
  facet normal -0.0494372 0.998777 0
    outer loop
      vertex 9.36366 0.460815 4
      vertex 9.38556 0.461899 0
      vertex 9.36366 0.460815 0
    endloop
  endfacet
  facet normal 0.996918 0.0784528 0
    outer loop
      vertex 9.36366 0.460815 4
      vertex 9.32047 1.00964 0
      vertex 9.32047 1.00964 4
    endloop
  endfacet
  facet normal 0.996918 0.0784528 0
    outer loop
      vertex 9.32047 1.00964 0
      vertex 9.36366 0.460815 4
      vertex 9.36366 0.460815 0
    endloop
  endfacet
  facet normal 0.108079 -0.994142 0
    outer loop
      vertex 9.32047 1.00964 0
      vertex 9.34227 1.01201 4
      vertex 9.32047 1.00964 4
    endloop
  endfacet
  facet normal 0.108079 -0.994142 0
    outer loop
      vertex 9.34227 1.01201 4
      vertex 9.32047 1.00964 0
      vertex 9.34227 1.01201 0
    endloop
  endfacet
  facet normal 0.220637 -0.975356 0
    outer loop
      vertex 9.34227 1.01201 0
      vertex 9.47763 1.04263 4
      vertex 9.34227 1.01201 4
    endloop
  endfacet
  facet normal 0.220637 -0.975356 0
    outer loop
      vertex 9.47763 1.04263 4
      vertex 9.34227 1.01201 0
      vertex 9.47763 1.04263 0
    endloop
  endfacet
  facet normal 0.312733 -0.949841 0
    outer loop
      vertex 9.47763 1.04263 0
      vertex 9.61145 1.08669 4
      vertex 9.47763 1.04263 4
    endloop
  endfacet
  facet normal 0.312733 -0.949841 0
    outer loop
      vertex 9.61145 1.08669 4
      vertex 9.47763 1.04263 0
      vertex 9.61145 1.08669 0
    endloop
  endfacet
  facet normal 0.37174 -0.928337 0
    outer loop
      vertex 9.61145 1.08669 0
      vertex 9.74413 1.13982 4
      vertex 9.61145 1.08669 4
    endloop
  endfacet
  facet normal 0.37174 -0.928337 0
    outer loop
      vertex 9.74413 1.13982 4
      vertex 9.61145 1.08669 0
      vertex 9.74413 1.13982 0
    endloop
  endfacet
  facet normal 0.418844 -0.908058 0
    outer loop
      vertex 9.74413 1.13982 0
      vertex 9.87575 1.20053 4
      vertex 9.74413 1.13982 4
    endloop
  endfacet
  facet normal 0.418844 -0.908058 0
    outer loop
      vertex 9.87575 1.20053 4
      vertex 9.74413 1.13982 0
      vertex 9.87575 1.20053 0
    endloop
  endfacet
  facet normal 0.459338 -0.888262 0
    outer loop
      vertex 9.87575 1.20053 0
      vertex 10.0063 1.26804 4
      vertex 9.87575 1.20053 4
    endloop
  endfacet
  facet normal 0.459338 -0.888262 0
    outer loop
      vertex 10.0063 1.26804 4
      vertex 9.87575 1.20053 0
      vertex 10.0063 1.26804 0
    endloop
  endfacet
  facet normal 0.494671 -0.86908 0
    outer loop
      vertex 10.0063 1.26804 0
      vertex 10.1358 1.34175 4
      vertex 10.0063 1.26804 4
    endloop
  endfacet
  facet normal 0.494671 -0.86908 0
    outer loop
      vertex 10.1358 1.34175 4
      vertex 10.0063 1.26804 0
      vertex 10.1358 1.34175 0
    endloop
  endfacet
  facet normal 0.526806 -0.849986 0
    outer loop
      vertex 10.1358 1.34175 0
      vertex 10.2642 1.42133 4
      vertex 10.1358 1.34175 4
    endloop
  endfacet
  facet normal 0.526806 -0.849986 0
    outer loop
      vertex 10.2642 1.42133 4
      vertex 10.1358 1.34175 0
      vertex 10.2642 1.42133 0
    endloop
  endfacet
  facet normal 0.556102 -0.831114 0
    outer loop
      vertex 10.2642 1.42133 0
      vertex 10.3914 1.50644 4
      vertex 10.2642 1.42133 4
    endloop
  endfacet
  facet normal 0.556102 -0.831114 0
    outer loop
      vertex 10.3914 1.50644 4
      vertex 10.2642 1.42133 0
      vertex 10.3914 1.50644 0
    endloop
  endfacet
  facet normal 0.987672 0.156537 0
    outer loop
      vertex 10.3914 1.50644 4
      vertex 10.3483 1.77838 0
      vertex 10.3483 1.77838 4
    endloop
  endfacet
  facet normal 0.987672 0.156537 0
    outer loop
      vertex 10.3483 1.77838 0
      vertex 10.3914 1.50644 4
      vertex 10.3914 1.50644 0
    endloop
  endfacet
  facet normal 0.272028 0.962289 -0
    outer loop
      vertex 10.3483 1.77838 0
      vertex 10.201 1.82002 4
      vertex 10.3483 1.77838 4
    endloop
  endfacet
  facet normal 0.272028 0.962289 0
    outer loop
      vertex 10.201 1.82002 4
      vertex 10.3483 1.77838 0
      vertex 10.201 1.82002 0
    endloop
  endfacet
  facet normal 0.238543 0.971132 -0
    outer loop
      vertex 10.201 1.82002 0
      vertex 10.0544 1.85603 4
      vertex 10.201 1.82002 4
    endloop
  endfacet
  facet normal 0.238543 0.971132 0
    outer loop
      vertex 10.0544 1.85603 4
      vertex 10.201 1.82002 0
      vertex 10.0544 1.85603 0
    endloop
  endfacet
  facet normal 0.202009 0.979384 -0
    outer loop
      vertex 10.0544 1.85603 0
      vertex 9.90842 1.88614 4
      vertex 10.0544 1.85603 4
    endloop
  endfacet
  facet normal 0.202009 0.979384 0
    outer loop
      vertex 9.90842 1.88614 4
      vertex 10.0544 1.85603 0
      vertex 9.90842 1.88614 0
    endloop
  endfacet
  facet normal 0.162258 0.986748 -0
    outer loop
      vertex 9.90842 1.88614 0
      vertex 9.76338 1.90999 4
      vertex 9.90842 1.88614 4
    endloop
  endfacet
  facet normal 0.162258 0.986748 0
    outer loop
      vertex 9.76338 1.90999 4
      vertex 9.90842 1.88614 0
      vertex 9.76338 1.90999 0
    endloop
  endfacet
  facet normal 0.117774 0.99304 -0
    outer loop
      vertex 9.76338 1.90999 0
      vertex 9.61945 1.92706 4
      vertex 9.76338 1.90999 4
    endloop
  endfacet
  facet normal 0.117774 0.99304 0
    outer loop
      vertex 9.61945 1.92706 4
      vertex 9.76338 1.90999 0
      vertex 9.61945 1.92706 0
    endloop
  endfacet
  facet normal 0.0667465 0.99777 -0
    outer loop
      vertex 9.61945 1.92706 0
      vertex 9.47684 1.9366 4
      vertex 9.61945 1.92706 4
    endloop
  endfacet
  facet normal 0.0667465 0.99777 0
    outer loop
      vertex 9.47684 1.9366 4
      vertex 9.61945 1.92706 0
      vertex 9.47684 1.9366 0
    endloop
  endfacet
  facet normal 0.00376177 0.999993 -0
    outer loop
      vertex 9.47684 1.9366 0
      vertex 9.33595 1.93713 4
      vertex 9.47684 1.9366 4
    endloop
  endfacet
  facet normal 0.00376177 0.999993 0
    outer loop
      vertex 9.33595 1.93713 4
      vertex 9.47684 1.9366 0
      vertex 9.33595 1.93713 0
    endloop
  endfacet
  facet normal -0.0914388 0.995811 0
    outer loop
      vertex 9.33595 1.93713 0
      vertex 9.19775 1.92444 4
      vertex 9.33595 1.93713 4
    endloop
  endfacet
  facet normal -0.0914388 0.995811 0
    outer loop
      vertex 9.19775 1.92444 4
      vertex 9.33595 1.93713 0
      vertex 9.19775 1.92444 0
    endloop
  endfacet
  facet normal -0.205137 0.978733 0
    outer loop
      vertex 9.19775 1.92444 0
      vertex 9.17628 1.91994 4
      vertex 9.19775 1.92444 4
    endloop
  endfacet
  facet normal -0.205137 0.978733 0
    outer loop
      vertex 9.17628 1.91994 4
      vertex 9.19775 1.92444 0
      vertex 9.17628 1.91994 0
    endloop
  endfacet
  facet normal 0.972378 0.233413 0
    outer loop
      vertex 9.17628 1.91994 4
      vertex 9.04778 2.45526 0
      vertex 9.04778 2.45526 4
    endloop
  endfacet
  facet normal 0.972378 0.233413 0
    outer loop
      vertex 9.04778 2.45526 0
      vertex 9.17628 1.91994 4
      vertex 9.17628 1.91994 0
    endloop
  endfacet
  facet normal 0.261805 -0.965121 0
    outer loop
      vertex 9.04778 2.45526 0
      vertex 9.06894 2.461 4
      vertex 9.04778 2.45526 4
    endloop
  endfacet
  facet normal 0.261805 -0.965121 0
    outer loop
      vertex 9.06894 2.461 4
      vertex 9.04778 2.45526 0
      vertex 9.06894 2.461 0
    endloop
  endfacet
  facet normal 0.370546 -0.928814 0
    outer loop
      vertex 9.06894 2.461 0
      vertex 9.19783 2.51242 4
      vertex 9.06894 2.461 4
    endloop
  endfacet
  facet normal 0.370546 -0.928814 0
    outer loop
      vertex 9.19783 2.51242 4
      vertex 9.06894 2.461 0
      vertex 9.19783 2.51242 0
    endloop
  endfacet
  facet normal 0.457433 -0.889244 0
    outer loop
      vertex 9.19783 2.51242 0
      vertex 9.32312 2.57687 4
      vertex 9.19783 2.51242 4
    endloop
  endfacet
  facet normal 0.457433 -0.889244 0
    outer loop
      vertex 9.32312 2.57687 4
      vertex 9.19783 2.51242 0
      vertex 9.32312 2.57687 0
    endloop
  endfacet
  facet normal 0.512364 -0.858768 0
    outer loop
      vertex 9.32312 2.57687 0
      vertex 9.44586 2.6501 4
      vertex 9.32312 2.57687 4
    endloop
  endfacet
  facet normal 0.512364 -0.858768 0
    outer loop
      vertex 9.44586 2.6501 4
      vertex 9.32312 2.57687 0
      vertex 9.44586 2.6501 0
    endloop
  endfacet
  facet normal 0.55583 -0.831296 0
    outer loop
      vertex 9.44586 2.6501 0
      vertex 9.56636 2.73067 4
      vertex 9.44586 2.6501 4
    endloop
  endfacet
  facet normal 0.55583 -0.831296 0
    outer loop
      vertex 9.56636 2.73067 4
      vertex 9.44586 2.6501 0
      vertex 9.56636 2.73067 0
    endloop
  endfacet
  facet normal 0.592516 -0.805558 0
    outer loop
      vertex 9.56636 2.73067 0
      vertex 9.68475 2.81775 4
      vertex 9.56636 2.73067 4
    endloop
  endfacet
  facet normal 0.592516 -0.805558 0
    outer loop
      vertex 9.68475 2.81775 4
      vertex 9.56636 2.73067 0
      vertex 9.68475 2.81775 0
    endloop
  endfacet
  facet normal 0.62463 -0.780921 0
    outer loop
      vertex 9.68475 2.81775 0
      vertex 9.80112 2.91083 4
      vertex 9.68475 2.81775 4
    endloop
  endfacet
  facet normal 0.62463 -0.780921 0
    outer loop
      vertex 9.80112 2.91083 4
      vertex 9.68475 2.81775 0
      vertex 9.80112 2.91083 0
    endloop
  endfacet
  facet normal 0.653318 -0.757084 0
    outer loop
      vertex 9.80112 2.91083 0
      vertex 9.91545 3.00949 4
      vertex 9.80112 2.91083 4
    endloop
  endfacet
  facet normal 0.653318 -0.757084 0
    outer loop
      vertex 9.91545 3.00949 4
      vertex 9.80112 2.91083 0
      vertex 9.91545 3.00949 0
    endloop
  endfacet
  facet normal 0.679205 -0.733949 0
    outer loop
      vertex 9.91545 3.00949 0
      vertex 10.0278 3.11346 4
      vertex 9.91545 3.00949 4
    endloop
  endfacet
  facet normal 0.679205 -0.733949 0
    outer loop
      vertex 10.0278 3.11346 4
      vertex 9.91545 3.00949 0
      vertex 10.0278 3.11346 0
    endloop
  endfacet
  facet normal 0.951028 0.309104 0
    outer loop
      vertex 10.0278 3.11346 4
      vertex 9.94269 3.37532 0
      vertex 9.94269 3.37532 4
    endloop
  endfacet
  facet normal 0.951028 0.309104 0
    outer loop
      vertex 9.94269 3.37532 0
      vertex 10.0278 3.11346 4
      vertex 10.0278 3.11346 0
    endloop
  endfacet
  facet normal 0.118259 0.992983 -0
    outer loop
      vertex 9.94269 3.37532 0
      vertex 9.79071 3.39342 4
      vertex 9.94269 3.37532 4
    endloop
  endfacet
  facet normal 0.118259 0.992983 0
    outer loop
      vertex 9.79071 3.39342 4
      vertex 9.94269 3.37532 0
      vertex 9.79071 3.39342 0
    endloop
  endfacet
  facet normal 0.0835606 0.996503 -0
    outer loop
      vertex 9.79071 3.39342 0
      vertex 9.64021 3.40604 4
      vertex 9.79071 3.39342 4
    endloop
  endfacet
  facet normal 0.0835606 0.996503 0
    outer loop
      vertex 9.64021 3.40604 4
      vertex 9.79071 3.39342 0
      vertex 9.64021 3.40604 0
    endloop
  endfacet
  facet normal 0.0462387 0.99893 -0
    outer loop
      vertex 9.64021 3.40604 0
      vertex 9.49136 3.41293 4
      vertex 9.64021 3.40604 4
    endloop
  endfacet
  facet normal 0.0462387 0.99893 0
    outer loop
      vertex 9.49136 3.41293 4
      vertex 9.64021 3.40604 0
      vertex 9.49136 3.41293 0
    endloop
  endfacet
  facet normal 0.00591947 0.999982 -0
    outer loop
      vertex 9.49136 3.41293 0
      vertex 9.34439 3.4138 4
      vertex 9.49136 3.41293 4
    endloop
  endfacet
  facet normal 0.00591947 0.999982 0
    outer loop
      vertex 9.34439 3.4138 4
      vertex 9.49136 3.41293 0
      vertex 9.34439 3.4138 0
    endloop
  endfacet
  facet normal -0.03891 0.999243 0
    outer loop
      vertex 9.34439 3.4138 0
      vertex 9.19955 3.40816 4
      vertex 9.34439 3.4138 4
    endloop
  endfacet
  facet normal -0.03891 0.999243 0
    outer loop
      vertex 9.19955 3.40816 4
      vertex 9.34439 3.4138 0
      vertex 9.19955 3.40816 0
    endloop
  endfacet
  facet normal -0.0903276 0.995912 0
    outer loop
      vertex 9.19955 3.40816 0
      vertex 9.05721 3.39525 4
      vertex 9.19955 3.40816 4
    endloop
  endfacet
  facet normal -0.0903276 0.995912 0
    outer loop
      vertex 9.05721 3.39525 4
      vertex 9.19955 3.40816 0
      vertex 9.05721 3.39525 0
    endloop
  endfacet
  facet normal -0.152601 0.988288 0
    outer loop
      vertex 9.05721 3.39525 0
      vertex 8.91797 3.37375 4
      vertex 9.05721 3.39525 4
    endloop
  endfacet
  facet normal -0.152601 0.988288 0
    outer loop
      vertex 8.91797 3.37375 4
      vertex 9.05721 3.39525 0
      vertex 8.91797 3.37375 0
    endloop
  endfacet
  facet normal -0.246213 0.969216 0
    outer loop
      vertex 8.91797 3.37375 0
      vertex 8.78346 3.33958 4
      vertex 8.91797 3.37375 4
    endloop
  endfacet
  facet normal -0.246213 0.969216 0
    outer loop
      vertex 8.78346 3.33958 4
      vertex 8.91797 3.37375 0
      vertex 8.78346 3.33958 0
    endloop
  endfacet
  facet normal -0.355369 0.934726 0
    outer loop
      vertex 8.78346 3.33958 0
      vertex 8.76297 3.33179 4
      vertex 8.78346 3.33958 4
    endloop
  endfacet
  facet normal -0.355369 0.934726 0
    outer loop
      vertex 8.76297 3.33179 4
      vertex 8.78346 3.33958 0
      vertex 8.76297 3.33179 0
    endloop
  endfacet
  facet normal 0.923878 0.382688 0
    outer loop
      vertex 8.76297 3.33179 4
      vertex 8.55229 3.84041 0
      vertex 8.55229 3.84041 4
    endloop
  endfacet
  facet normal 0.923878 0.382688 0
    outer loop
      vertex 8.55229 3.84041 0
      vertex 8.76297 3.33179 4
      vertex 8.76297 3.33179 0
    endloop
  endfacet
  facet normal 0.409815 -0.912169 0
    outer loop
      vertex 8.55229 3.84041 0
      vertex 8.5723 3.8494 4
      vertex 8.55229 3.84041 4
    endloop
  endfacet
  facet normal 0.409815 -0.912169 0
    outer loop
      vertex 8.5723 3.8494 4
      vertex 8.55229 3.84041 0
      vertex 8.5723 3.8494 0
    endloop
  endfacet
  facet normal 0.511281 -0.859414 0
    outer loop
      vertex 8.5723 3.8494 0
      vertex 8.69156 3.92035 4
      vertex 8.5723 3.8494 4
    endloop
  endfacet
  facet normal 0.511281 -0.859414 0
    outer loop
      vertex 8.69156 3.92035 4
      vertex 8.5723 3.8494 0
      vertex 8.69156 3.92035 0
    endloop
  endfacet
  facet normal 0.590899 -0.806746 0
    outer loop
      vertex 8.69156 3.92035 0
      vertex 8.80522 4.0036 4
      vertex 8.69156 3.92035 4
    endloop
  endfacet
  facet normal 0.590899 -0.806746 0
    outer loop
      vertex 8.80522 4.0036 4
      vertex 8.69156 3.92035 0
      vertex 8.80522 4.0036 0
    endloop
  endfacet
  facet normal 0.64037 -0.768066 0
    outer loop
      vertex 8.80522 4.0036 0
      vertex 8.91499 4.09512 4
      vertex 8.80522 4.0036 4
    endloop
  endfacet
  facet normal 0.64037 -0.768066 0
    outer loop
      vertex 8.91499 4.09512 4
      vertex 8.80522 4.0036 0
      vertex 8.91499 4.09512 0
    endloop
  endfacet
  facet normal 0.679048 -0.734094 0
    outer loop
      vertex 8.91499 4.09512 0
      vertex 9.02141 4.19356 4
      vertex 8.91499 4.09512 4
    endloop
  endfacet
  facet normal 0.679048 -0.734094 0
    outer loop
      vertex 9.02141 4.19356 4
      vertex 8.91499 4.09512 0
      vertex 9.02141 4.19356 0
    endloop
  endfacet
  facet normal 0.711245 -0.702944 0
    outer loop
      vertex 9.02141 4.19356 4
      vertex 9.12473 4.2981 0
      vertex 9.12473 4.2981 4
    endloop
  endfacet
  facet normal 0.711245 -0.702944 0
    outer loop
      vertex 9.12473 4.2981 0
      vertex 9.02141 4.19356 4
      vertex 9.02141 4.19356 0
    endloop
  endfacet
  facet normal 0.739135 -0.673558 0
    outer loop
      vertex 9.12473 4.2981 4
      vertex 9.22508 4.40822 0
      vertex 9.22508 4.40822 4
    endloop
  endfacet
  facet normal 0.739135 -0.673558 0
    outer loop
      vertex 9.22508 4.40822 0
      vertex 9.12473 4.2981 4
      vertex 9.12473 4.2981 0
    endloop
  endfacet
  facet normal 0.763665 -0.645613 0
    outer loop
      vertex 9.22508 4.40822 4
      vertex 9.32259 4.52356 0
      vertex 9.32259 4.52356 4
    endloop
  endfacet
  facet normal 0.763665 -0.645613 0
    outer loop
      vertex 9.32259 4.52356 0
      vertex 9.22508 4.40822 4
      vertex 9.22508 4.40822 0
    endloop
  endfacet
  facet normal 0.785803 -0.618476 0
    outer loop
      vertex 9.32259 4.52356 4
      vertex 9.41725 4.64383 0
      vertex 9.41725 4.64383 4
    endloop
  endfacet
  facet normal 0.785803 -0.618476 0
    outer loop
      vertex 9.41725 4.64383 0
      vertex 9.32259 4.52356 4
      vertex 9.32259 4.52356 0
    endloop
  endfacet
  facet normal 0.891024 0.453957 0
    outer loop
      vertex 9.41725 4.64383 4
      vertex 9.29227 4.88914 0
      vertex 9.29227 4.88914 4
    endloop
  endfacet
  facet normal 0.891024 0.453957 0
    outer loop
      vertex 9.29227 4.88914 0
      vertex 9.41725 4.64383 4
      vertex 9.41725 4.64383 0
    endloop
  endfacet
  facet normal -0.0385485 0.999257 0
    outer loop
      vertex 9.29227 4.88914 0
      vertex 9.13933 4.88324 4
      vertex 9.29227 4.88914 4
    endloop
  endfacet
  facet normal -0.0385485 0.999257 0
    outer loop
      vertex 9.13933 4.88324 4
      vertex 9.29227 4.88914 0
      vertex 9.13933 4.88324 0
    endloop
  endfacet
  facet normal -0.0733644 0.997305 0
    outer loop
      vertex 9.13933 4.88324 0
      vertex 8.98871 4.87216 4
      vertex 9.13933 4.88324 4
    endloop
  endfacet
  facet normal -0.0733644 0.997305 0
    outer loop
      vertex 8.98871 4.87216 4
      vertex 9.13933 4.88324 0
      vertex 8.98871 4.87216 0
    endloop
  endfacet
  facet normal -0.110461 0.99388 0
    outer loop
      vertex 8.98871 4.87216 0
      vertex 8.84061 4.8557 4
      vertex 8.98871 4.87216 4
    endloop
  endfacet
  facet normal -0.110461 0.99388 0
    outer loop
      vertex 8.84061 4.8557 4
      vertex 8.98871 4.87216 0
      vertex 8.84061 4.8557 0
    endloop
  endfacet
  facet normal -0.150636 0.988589 0
    outer loop
      vertex 8.84061 4.8557 0
      vertex 8.69531 4.83356 4
      vertex 8.84061 4.8557 4
    endloop
  endfacet
  facet normal -0.150636 0.988589 0
    outer loop
      vertex 8.69531 4.83356 4
      vertex 8.84061 4.8557 0
      vertex 8.69531 4.83356 0
    endloop
  endfacet
  facet normal -0.194749 0.980853 0
    outer loop
      vertex 8.69531 4.83356 0
      vertex 8.55313 4.80533 4
      vertex 8.69531 4.83356 4
    endloop
  endfacet
  facet normal -0.194749 0.980853 0
    outer loop
      vertex 8.55313 4.80533 4
      vertex 8.69531 4.83356 0
      vertex 8.55313 4.80533 0
    endloop
  endfacet
  facet normal -0.245037 0.969514 0
    outer loop
      vertex 8.55313 4.80533 0
      vertex 8.41457 4.77031 4
      vertex 8.55313 4.80533 4
    endloop
  endfacet
  facet normal -0.245037 0.969514 0
    outer loop
      vertex 8.41457 4.77031 4
      vertex 8.55313 4.80533 0
      vertex 8.41457 4.77031 0
    endloop
  endfacet
  facet normal -0.305347 0.952241 0
    outer loop
      vertex 8.41457 4.77031 0
      vertex 8.28041 4.72729 4
      vertex 8.41457 4.77031 4
    endloop
  endfacet
  facet normal -0.305347 0.952241 0
    outer loop
      vertex 8.28041 4.72729 4
      vertex 8.41457 4.77031 0
      vertex 8.28041 4.72729 0
    endloop
  endfacet
  facet normal -0.394763 0.918783 0
    outer loop
      vertex 8.28041 4.72729 0
      vertex 8.15289 4.6725 4
      vertex 8.28041 4.72729 4
    endloop
  endfacet
  facet normal -0.394763 0.918783 0
    outer loop
      vertex 8.15289 4.6725 4
      vertex 8.28041 4.72729 0
      vertex 8.15289 4.6725 0
    endloop
  endfacet
  facet normal -0.496876 0.867822 0
    outer loop
      vertex 8.15289 4.6725 0
      vertex 8.13387 4.66161 4
      vertex 8.15289 4.6725 4
    endloop
  endfacet
  facet normal -0.496876 0.867822 0
    outer loop
      vertex 8.13387 4.66161 4
      vertex 8.15289 4.6725 0
      vertex 8.13387 4.66161 0
    endloop
  endfacet
  facet normal 0.852634 0.522508 0
    outer loop
      vertex 8.13387 4.66161 4
      vertex 7.84622 5.131 0
      vertex 7.84622 5.131 4
    endloop
  endfacet
  facet normal 0.852634 0.522508 0
    outer loop
      vertex 7.84622 5.131 0
      vertex 8.13387 4.66161 4
      vertex 8.13387 4.66161 0
    endloop
  endfacet
  facet normal 0.547421 -0.836857 0
    outer loop
      vertex 7.84622 5.131 0
      vertex 7.86458 5.14301 4
      vertex 7.84622 5.131 4
    endloop
  endfacet
  facet normal 0.547421 -0.836857 0
    outer loop
      vertex 7.86458 5.14301 4
      vertex 7.84622 5.131 0
      vertex 7.86458 5.14301 0
    endloop
  endfacet
  facet normal 0.639468 -0.768818 0
    outer loop
      vertex 7.86458 5.14301 0
      vertex 7.97127 5.23175 4
      vertex 7.86458 5.14301 4
    endloop
  endfacet
  facet normal 0.639468 -0.768818 0
    outer loop
      vertex 7.97127 5.23175 4
      vertex 7.86458 5.14301 0
      vertex 7.97127 5.23175 0
    endloop
  endfacet
  facet normal 0.709834 -0.704369 0
    outer loop
      vertex 7.97127 5.23175 4
      vertex 8.07051 5.33176 0
      vertex 8.07051 5.33176 4
    endloop
  endfacet
  facet normal 0.709834 -0.704369 0
    outer loop
      vertex 8.07051 5.33176 0
      vertex 7.97127 5.23175 4
      vertex 7.97127 5.23175 0
    endloop
  endfacet
  facet normal 0.752659 -0.65841 0
    outer loop
      vertex 8.07051 5.33176 4
      vertex 8.16461 5.43933 0
      vertex 8.16461 5.43933 4
    endloop
  endfacet
  facet normal 0.752659 -0.65841 0
    outer loop
      vertex 8.16461 5.43933 0
      vertex 8.07051 5.33176 4
      vertex 8.07051 5.33176 0
    endloop
  endfacet
  facet normal 0.785485 -0.618881 0
    outer loop
      vertex 8.16461 5.43933 4
      vertex 8.25432 5.55319 0
      vertex 8.25432 5.55319 4
    endloop
  endfacet
  facet normal 0.785485 -0.618881 0
    outer loop
      vertex 8.25432 5.55319 0
      vertex 8.16461 5.43933 4
      vertex 8.16461 5.43933 0
    endloop
  endfacet
  facet normal 0.81243 -0.583058 0
    outer loop
      vertex 8.25432 5.55319 4
      vertex 8.34001 5.67259 0
      vertex 8.34001 5.67259 4
    endloop
  endfacet
  facet normal 0.81243 -0.583058 0
    outer loop
      vertex 8.34001 5.67259 0
      vertex 8.25432 5.55319 4
      vertex 8.25432 5.55319 0
    endloop
  endfacet
  facet normal 0.83537 -0.549688 0
    outer loop
      vertex 8.34001 5.67259 4
      vertex 8.42192 5.79707 0
      vertex 8.42192 5.79707 4
    endloop
  endfacet
  facet normal 0.83537 -0.549688 0
    outer loop
      vertex 8.42192 5.79707 0
      vertex 8.34001 5.67259 4
      vertex 8.34001 5.67259 0
    endloop
  endfacet
  facet normal 0.855318 -0.518104 0
    outer loop
      vertex 8.42192 5.79707 4
      vertex 8.50017 5.92625 0
      vertex 8.50017 5.92625 4
    endloop
  endfacet
  facet normal 0.855318 -0.518104 0
    outer loop
      vertex 8.50017 5.92625 0
      vertex 8.42192 5.79707 4
      vertex 8.42192 5.79707 0
    endloop
  endfacet
  facet normal 0.872826 -0.488032 0
    outer loop
      vertex 8.50017 5.92625 4
      vertex 8.57486 6.05983 0
      vertex 8.57486 6.05983 4
    endloop
  endfacet
  facet normal 0.872826 -0.488032 0
    outer loop
      vertex 8.57486 6.05983 0
      vertex 8.50017 5.92625 4
      vertex 8.50017 5.92625 0
    endloop
  endfacet
  facet normal 0.809012 0.587792 0
    outer loop
      vertex 8.57486 6.05983 4
      vertex 8.41302 6.28258 0
      vertex 8.41302 6.28258 4
    endloop
  endfacet
  facet normal 0.809012 0.587792 0
    outer loop
      vertex 8.41302 6.28258 0
      vertex 8.57486 6.05983 4
      vertex 8.57486 6.05983 0
    endloop
  endfacet
  facet normal -0.194445 0.980913 0
    outer loop
      vertex 8.41302 6.28258 0
      vertex 8.26289 6.25282 4
      vertex 8.41302 6.28258 4
    endloop
  endfacet
  facet normal -0.194445 0.980913 0
    outer loop
      vertex 8.26289 6.25282 4
      vertex 8.41302 6.28258 0
      vertex 8.26289 6.25282 0
    endloop
  endfacet
  facet normal -0.228441 0.973558 0
    outer loop
      vertex 8.26289 6.25282 0
      vertex 8.11586 6.21832 4
      vertex 8.26289 6.25282 4
    endloop
  endfacet
  facet normal -0.228441 0.973558 0
    outer loop
      vertex 8.11586 6.21832 4
      vertex 8.26289 6.25282 0
      vertex 8.11586 6.21832 0
    endloop
  endfacet
  facet normal -0.264628 0.964351 0
    outer loop
      vertex 8.11586 6.21832 0
      vertex 7.97217 6.17889 4
      vertex 8.11586 6.21832 4
    endloop
  endfacet
  facet normal -0.264628 0.964351 0
    outer loop
      vertex 7.97217 6.17889 4
      vertex 8.11586 6.21832 0
      vertex 7.97217 6.17889 0
    endloop
  endfacet
  facet normal -0.303442 0.95285 0
    outer loop
      vertex 7.97217 6.17889 0
      vertex 7.83212 6.13429 4
      vertex 7.97217 6.17889 4
    endloop
  endfacet
  facet normal -0.303442 0.95285 0
    outer loop
      vertex 7.83212 6.13429 4
      vertex 7.97217 6.17889 0
      vertex 7.83212 6.13429 0
    endloop
  endfacet
  facet normal -0.345772 0.938318 0
    outer loop
      vertex 7.83212 6.13429 0
      vertex 7.69611 6.08417 4
      vertex 7.83212 6.13429 4
    endloop
  endfacet
  facet normal -0.345772 0.938318 0
    outer loop
      vertex 7.69611 6.08417 4
      vertex 7.83212 6.13429 0
      vertex 7.69611 6.08417 0
    endloop
  endfacet
  facet normal -0.393649 0.919261 0
    outer loop
      vertex 7.69611 6.08417 0
      vertex 7.56473 6.02791 4
      vertex 7.69611 6.08417 4
    endloop
  endfacet
  facet normal -0.393649 0.919261 0
    outer loop
      vertex 7.56473 6.02791 4
      vertex 7.69611 6.08417 0
      vertex 7.56473 6.02791 0
    endloop
  endfacet
  facet normal -0.450561 0.892746 0
    outer loop
      vertex 7.56473 6.02791 0
      vertex 7.43895 5.96443 4
      vertex 7.56473 6.02791 4
    endloop
  endfacet
  facet normal -0.450561 0.892746 0
    outer loop
      vertex 7.43895 5.96443 4
      vertex 7.56473 6.02791 0
      vertex 7.43895 5.96443 0
    endloop
  endfacet
  facet normal -0.533589 0.845744 0
    outer loop
      vertex 7.43895 5.96443 0
      vertex 7.32158 5.89038 4
      vertex 7.43895 5.96443 4
    endloop
  endfacet
  facet normal -0.533589 0.845744 0
    outer loop
      vertex 7.32158 5.89038 4
      vertex 7.43895 5.96443 0
      vertex 7.32158 5.89038 0
    endloop
  endfacet
  facet normal -0.626861 0.779131 0
    outer loop
      vertex 7.32158 5.89038 0
      vertex 7.30449 5.87663 4
      vertex 7.32158 5.89038 4
    endloop
  endfacet
  facet normal -0.626861 0.779131 0
    outer loop
      vertex 7.30449 5.87663 4
      vertex 7.32158 5.89038 0
      vertex 7.30449 5.87663 0
    endloop
  endfacet
  facet normal 0.760418 0.649434 0
    outer loop
      vertex 7.30449 5.87663 4
      vertex 6.94696 6.29526 0
      vertex 6.94696 6.29526 4
    endloop
  endfacet
  facet normal 0.760418 0.649434 0
    outer loop
      vertex 6.94696 6.29526 0
      vertex 7.30449 5.87663 4
      vertex 7.30449 5.87663 0
    endloop
  endfacet
  facet normal 0.671355 -0.741136 0
    outer loop
      vertex 6.94696 6.29526 0
      vertex 6.96321 6.30998 4
      vertex 6.94696 6.29526 4
    endloop
  endfacet
  facet normal 0.671355 -0.741136 0
    outer loop
      vertex 6.96321 6.30998 4
      vertex 6.94696 6.29526 0
      vertex 6.96321 6.30998 0
    endloop
  endfacet
  facet normal 0.751889 -0.65929 0
    outer loop
      vertex 6.96321 6.30998 4
      vertex 7.0547 6.41432 0
      vertex 7.0547 6.41432 4
    endloop
  endfacet
  facet normal 0.751889 -0.65929 0
    outer loop
      vertex 7.0547 6.41432 0
      vertex 6.96321 6.30998 4
      vertex 6.96321 6.30998 0
    endloop
  endfacet
  facet normal 0.811227 -0.584731 0
    outer loop
      vertex 7.0547 6.41432 4
      vertex 7.13708 6.52861 0
      vertex 7.13708 6.52861 4
    endloop
  endfacet
  facet normal 0.811227 -0.584731 0
    outer loop
      vertex 7.13708 6.52861 0
      vertex 7.0547 6.41432 4
      vertex 7.0547 6.41432 0
    endloop
  endfacet
  facet normal 0.846379 -0.532581 0
    outer loop
      vertex 7.13708 6.52861 4
      vertex 7.2132 6.64958 0
      vertex 7.2132 6.64958 4
    endloop
  endfacet
  facet normal 0.846379 -0.532581 0
    outer loop
      vertex 7.2132 6.64958 0
      vertex 7.13708 6.52861 4
      vertex 7.13708 6.52861 0
    endloop
  endfacet
  facet normal 0.872682 -0.488288 0
    outer loop
      vertex 7.2132 6.64958 4
      vertex 7.28398 6.77608 0
      vertex 7.28398 6.77608 4
    endloop
  endfacet
  facet normal 0.872682 -0.488288 0
    outer loop
      vertex 7.28398 6.77608 0
      vertex 7.2132 6.64958 4
      vertex 7.2132 6.64958 0
    endloop
  endfacet
  facet normal 0.893609 -0.448846 0
    outer loop
      vertex 7.28398 6.77608 4
      vertex 7.34995 6.90742 0
      vertex 7.34995 6.90742 4
    endloop
  endfacet
  facet normal 0.893609 -0.448846 0
    outer loop
      vertex 7.34995 6.90742 0
      vertex 7.28398 6.77608 4
      vertex 7.28398 6.77608 0
    endloop
  endfacet
  facet normal 0.911121 -0.412139 0
    outer loop
      vertex 7.34995 6.90742 4
      vertex 7.41136 7.04318 0
      vertex 7.41136 7.04318 4
    endloop
  endfacet
  facet normal 0.911121 -0.412139 0
    outer loop
      vertex 7.41136 7.04318 0
      vertex 7.34995 6.90742 4
      vertex 7.34995 6.90742 0
    endloop
  endfacet
  facet normal 0.925823 -0.377957 0
    outer loop
      vertex 7.41136 7.04318 4
      vertex 7.46844 7.183 0
      vertex 7.46844 7.183 4
    endloop
  endfacet
  facet normal 0.925823 -0.377957 0
    outer loop
      vertex 7.46844 7.183 0
      vertex 7.41136 7.04318 4
      vertex 7.41136 7.04318 0
    endloop
  endfacet
  facet normal 0.93842 -0.345496 0
    outer loop
      vertex 7.46844 7.183 4
      vertex 7.52132 7.32663 0
      vertex 7.52132 7.32663 4
    endloop
  endfacet
  facet normal 0.93842 -0.345496 0
    outer loop
      vertex 7.52132 7.32663 0
      vertex 7.46844 7.183 4
      vertex 7.46844 7.183 0
    endloop
  endfacet
  facet normal 0.707107 0.707107 0
    outer loop
      vertex 7.52132 7.32663 4
      vertex 7.32663 7.52132 0
      vertex 7.32663 7.52132 4
    endloop
  endfacet
  facet normal 0.707107 0.707107 0
    outer loop
      vertex 7.32663 7.52132 0
      vertex 7.52132 7.32663 4
      vertex 7.52132 7.32663 0
    endloop
  endfacet
  facet normal -0.345496 0.93842 0
    outer loop
      vertex 7.32663 7.52132 0
      vertex 7.183 7.46844 4
      vertex 7.32663 7.52132 4
    endloop
  endfacet
  facet normal -0.345496 0.93842 0
    outer loop
      vertex 7.183 7.46844 4
      vertex 7.32663 7.52132 0
      vertex 7.183 7.46844 0
    endloop
  endfacet
  facet normal -0.377957 0.925823 0
    outer loop
      vertex 7.183 7.46844 0
      vertex 7.04318 7.41136 4
      vertex 7.183 7.46844 4
    endloop
  endfacet
  facet normal -0.377957 0.925823 0
    outer loop
      vertex 7.04318 7.41136 4
      vertex 7.183 7.46844 0
      vertex 7.04318 7.41136 0
    endloop
  endfacet
  facet normal -0.412139 0.911121 0
    outer loop
      vertex 7.04318 7.41136 0
      vertex 6.90742 7.34995 4
      vertex 7.04318 7.41136 4
    endloop
  endfacet
  facet normal -0.412139 0.911121 0
    outer loop
      vertex 6.90742 7.34995 4
      vertex 7.04318 7.41136 0
      vertex 6.90742 7.34995 0
    endloop
  endfacet
  facet normal -0.448846 0.893609 0
    outer loop
      vertex 6.90742 7.34995 0
      vertex 6.77608 7.28398 4
      vertex 6.90742 7.34995 4
    endloop
  endfacet
  facet normal -0.448846 0.893609 0
    outer loop
      vertex 6.77608 7.28398 4
      vertex 6.90742 7.34995 0
      vertex 6.77608 7.28398 0
    endloop
  endfacet
  facet normal -0.488288 0.872682 0
    outer loop
      vertex 6.77608 7.28398 0
      vertex 6.64958 7.2132 4
      vertex 6.77608 7.28398 4
    endloop
  endfacet
  facet normal -0.488288 0.872682 0
    outer loop
      vertex 6.64958 7.2132 4
      vertex 6.77608 7.28398 0
      vertex 6.64958 7.2132 0
    endloop
  endfacet
  facet normal -0.532581 0.846379 0
    outer loop
      vertex 6.64958 7.2132 0
      vertex 6.52861 7.13708 4
      vertex 6.64958 7.2132 4
    endloop
  endfacet
  facet normal -0.532581 0.846379 0
    outer loop
      vertex 6.52861 7.13708 4
      vertex 6.64958 7.2132 0
      vertex 6.52861 7.13708 0
    endloop
  endfacet
  facet normal -0.584731 0.811227 0
    outer loop
      vertex 6.52861 7.13708 0
      vertex 6.41432 7.0547 4
      vertex 6.52861 7.13708 4
    endloop
  endfacet
  facet normal -0.584731 0.811227 0
    outer loop
      vertex 6.41432 7.0547 4
      vertex 6.52861 7.13708 0
      vertex 6.41432 7.0547 0
    endloop
  endfacet
  facet normal -0.65929 0.751889 0
    outer loop
      vertex 6.41432 7.0547 0
      vertex 6.30998 6.96321 4
      vertex 6.41432 7.0547 4
    endloop
  endfacet
  facet normal -0.65929 0.751889 0
    outer loop
      vertex 6.30998 6.96321 4
      vertex 6.41432 7.0547 0
      vertex 6.30998 6.96321 0
    endloop
  endfacet
  facet normal -0.741136 0.671355 0
    outer loop
      vertex 6.29526 6.94696 0
      vertex 6.30998 6.96321 4
      vertex 6.30998 6.96321 0
    endloop
  endfacet
  facet normal -0.741136 0.671355 0
    outer loop
      vertex 6.30998 6.96321 4
      vertex 6.29526 6.94696 0
      vertex 6.29526 6.94696 4
    endloop
  endfacet
  facet normal 0.649434 0.760418 -0
    outer loop
      vertex 6.29526 6.94696 0
      vertex 5.87663 7.30449 4
      vertex 6.29526 6.94696 4
    endloop
  endfacet
  facet normal 0.649434 0.760418 0
    outer loop
      vertex 5.87663 7.30449 4
      vertex 6.29526 6.94696 0
      vertex 5.87663 7.30449 0
    endloop
  endfacet
  facet normal 0.779131 -0.626861 0
    outer loop
      vertex 5.87663 7.30449 4
      vertex 5.89038 7.32158 0
      vertex 5.89038 7.32158 4
    endloop
  endfacet
  facet normal 0.779131 -0.626861 0
    outer loop
      vertex 5.89038 7.32158 0
      vertex 5.87663 7.30449 4
      vertex 5.87663 7.30449 0
    endloop
  endfacet
  facet normal 0.845744 -0.533589 0
    outer loop
      vertex 5.89038 7.32158 4
      vertex 5.96443 7.43895 0
      vertex 5.96443 7.43895 4
    endloop
  endfacet
  facet normal 0.845744 -0.533589 0
    outer loop
      vertex 5.96443 7.43895 0
      vertex 5.89038 7.32158 4
      vertex 5.89038 7.32158 0
    endloop
  endfacet
  facet normal 0.892746 -0.450561 0
    outer loop
      vertex 5.96443 7.43895 4
      vertex 6.02791 7.56473 0
      vertex 6.02791 7.56473 4
    endloop
  endfacet
  facet normal 0.892746 -0.450561 0
    outer loop
      vertex 6.02791 7.56473 0
      vertex 5.96443 7.43895 4
      vertex 5.96443 7.43895 0
    endloop
  endfacet
  facet normal 0.919261 -0.393649 0
    outer loop
      vertex 6.02791 7.56473 4
      vertex 6.08417 7.69611 0
      vertex 6.08417 7.69611 4
    endloop
  endfacet
  facet normal 0.919261 -0.393649 0
    outer loop
      vertex 6.08417 7.69611 0
      vertex 6.02791 7.56473 4
      vertex 6.02791 7.56473 0
    endloop
  endfacet
  facet normal 0.938318 -0.345772 0
    outer loop
      vertex 6.08417 7.69611 4
      vertex 6.13429 7.83212 0
      vertex 6.13429 7.83212 4
    endloop
  endfacet
  facet normal 0.938318 -0.345772 0
    outer loop
      vertex 6.13429 7.83212 0
      vertex 6.08417 7.69611 4
      vertex 6.08417 7.69611 0
    endloop
  endfacet
  facet normal 0.95285 -0.303442 0
    outer loop
      vertex 6.13429 7.83212 4
      vertex 6.17889 7.97217 0
      vertex 6.17889 7.97217 4
    endloop
  endfacet
  facet normal 0.95285 -0.303442 0
    outer loop
      vertex 6.17889 7.97217 0
      vertex 6.13429 7.83212 4
      vertex 6.13429 7.83212 0
    endloop
  endfacet
  facet normal 0.964351 -0.264628 0
    outer loop
      vertex 6.17889 7.97217 4
      vertex 6.21832 8.11586 0
      vertex 6.21832 8.11586 4
    endloop
  endfacet
  facet normal 0.964351 -0.264628 0
    outer loop
      vertex 6.21832 8.11586 0
      vertex 6.17889 7.97217 4
      vertex 6.17889 7.97217 0
    endloop
  endfacet
  facet normal 0.973558 -0.228441 0
    outer loop
      vertex 6.21832 8.11586 4
      vertex 6.25282 8.26289 0
      vertex 6.25282 8.26289 4
    endloop
  endfacet
  facet normal 0.973558 -0.228441 0
    outer loop
      vertex 6.25282 8.26289 0
      vertex 6.21832 8.11586 4
      vertex 6.21832 8.11586 0
    endloop
  endfacet
  facet normal 0.980913 -0.194445 0
    outer loop
      vertex 6.25282 8.26289 4
      vertex 6.28258 8.41302 0
      vertex 6.28258 8.41302 4
    endloop
  endfacet
  facet normal 0.980913 -0.194445 0
    outer loop
      vertex 6.28258 8.41302 0
      vertex 6.25282 8.26289 4
      vertex 6.25282 8.26289 0
    endloop
  endfacet
  facet normal 0.587792 0.809012 -0
    outer loop
      vertex 6.28258 8.41302 0
      vertex 6.05983 8.57486 4
      vertex 6.28258 8.41302 4
    endloop
  endfacet
  facet normal 0.587792 0.809012 0
    outer loop
      vertex 6.05983 8.57486 4
      vertex 6.28258 8.41302 0
      vertex 6.05983 8.57486 0
    endloop
  endfacet
  facet normal -0.488032 0.872826 0
    outer loop
      vertex 6.05983 8.57486 0
      vertex 5.92625 8.50017 4
      vertex 6.05983 8.57486 4
    endloop
  endfacet
  facet normal -0.488032 0.872826 0
    outer loop
      vertex 5.92625 8.50017 4
      vertex 6.05983 8.57486 0
      vertex 5.92625 8.50017 0
    endloop
  endfacet
  facet normal -0.518104 0.855318 0
    outer loop
      vertex 5.92625 8.50017 0
      vertex 5.79707 8.42192 4
      vertex 5.92625 8.50017 4
    endloop
  endfacet
  facet normal -0.518104 0.855318 0
    outer loop
      vertex 5.79707 8.42192 4
      vertex 5.92625 8.50017 0
      vertex 5.79707 8.42192 0
    endloop
  endfacet
  facet normal -0.549688 0.83537 0
    outer loop
      vertex 5.79707 8.42192 0
      vertex 5.67259 8.34001 4
      vertex 5.79707 8.42192 4
    endloop
  endfacet
  facet normal -0.549688 0.83537 0
    outer loop
      vertex 5.67259 8.34001 4
      vertex 5.79707 8.42192 0
      vertex 5.67259 8.34001 0
    endloop
  endfacet
  facet normal -0.583058 0.81243 0
    outer loop
      vertex 5.67259 8.34001 0
      vertex 5.55319 8.25432 4
      vertex 5.67259 8.34001 4
    endloop
  endfacet
  facet normal -0.583058 0.81243 0
    outer loop
      vertex 5.55319 8.25432 4
      vertex 5.67259 8.34001 0
      vertex 5.55319 8.25432 0
    endloop
  endfacet
  facet normal -0.618881 0.785485 0
    outer loop
      vertex 5.55319 8.25432 0
      vertex 5.43933 8.16461 4
      vertex 5.55319 8.25432 4
    endloop
  endfacet
  facet normal -0.618881 0.785485 0
    outer loop
      vertex 5.43933 8.16461 4
      vertex 5.55319 8.25432 0
      vertex 5.43933 8.16461 0
    endloop
  endfacet
  facet normal -0.65841 0.752659 0
    outer loop
      vertex 5.43933 8.16461 0
      vertex 5.33176 8.07051 4
      vertex 5.43933 8.16461 4
    endloop
  endfacet
  facet normal -0.65841 0.752659 0
    outer loop
      vertex 5.33176 8.07051 4
      vertex 5.43933 8.16461 0
      vertex 5.33176 8.07051 0
    endloop
  endfacet
  facet normal -0.704369 0.709834 0
    outer loop
      vertex 5.33176 8.07051 0
      vertex 5.23175 7.97127 4
      vertex 5.33176 8.07051 4
    endloop
  endfacet
  facet normal -0.704369 0.709834 0
    outer loop
      vertex 5.23175 7.97127 4
      vertex 5.33176 8.07051 0
      vertex 5.23175 7.97127 0
    endloop
  endfacet
  facet normal -0.768818 0.639468 0
    outer loop
      vertex 5.14301 7.86458 0
      vertex 5.23175 7.97127 4
      vertex 5.23175 7.97127 0
    endloop
  endfacet
  facet normal -0.768818 0.639468 0
    outer loop
      vertex 5.23175 7.97127 4
      vertex 5.14301 7.86458 0
      vertex 5.14301 7.86458 4
    endloop
  endfacet
  facet normal -0.836857 0.547421 0
    outer loop
      vertex 5.131 7.84622 0
      vertex 5.14301 7.86458 4
      vertex 5.14301 7.86458 0
    endloop
  endfacet
  facet normal -0.836857 0.547421 0
    outer loop
      vertex 5.14301 7.86458 4
      vertex 5.131 7.84622 0
      vertex 5.131 7.84622 4
    endloop
  endfacet
  facet normal 0.522508 0.852634 -0
    outer loop
      vertex 5.131 7.84622 0
      vertex 4.66161 8.13387 4
      vertex 5.131 7.84622 4
    endloop
  endfacet
  facet normal 0.522508 0.852634 0
    outer loop
      vertex 4.66161 8.13387 4
      vertex 5.131 7.84622 0
      vertex 4.66161 8.13387 0
    endloop
  endfacet
  facet normal 0.867822 -0.496876 0
    outer loop
      vertex 4.66161 8.13387 4
      vertex 4.6725 8.15289 0
      vertex 4.6725 8.15289 4
    endloop
  endfacet
  facet normal 0.867822 -0.496876 0
    outer loop
      vertex 4.6725 8.15289 0
      vertex 4.66161 8.13387 4
      vertex 4.66161 8.13387 0
    endloop
  endfacet
  facet normal 0.918783 -0.394763 0
    outer loop
      vertex 4.6725 8.15289 4
      vertex 4.72729 8.28041 0
      vertex 4.72729 8.28041 4
    endloop
  endfacet
  facet normal 0.918783 -0.394763 0
    outer loop
      vertex 4.72729 8.28041 0
      vertex 4.6725 8.15289 4
      vertex 4.6725 8.15289 0
    endloop
  endfacet
  facet normal 0.952241 -0.305347 0
    outer loop
      vertex 4.72729 8.28041 4
      vertex 4.77031 8.41457 0
      vertex 4.77031 8.41457 4
    endloop
  endfacet
  facet normal 0.952241 -0.305347 0
    outer loop
      vertex 4.77031 8.41457 0
      vertex 4.72729 8.28041 4
      vertex 4.72729 8.28041 0
    endloop
  endfacet
  facet normal 0.969514 -0.245037 0
    outer loop
      vertex 4.77031 8.41457 4
      vertex 4.80533 8.55313 0
      vertex 4.80533 8.55313 4
    endloop
  endfacet
  facet normal 0.969514 -0.245037 0
    outer loop
      vertex 4.80533 8.55313 0
      vertex 4.77031 8.41457 4
      vertex 4.77031 8.41457 0
    endloop
  endfacet
  facet normal 0.980853 -0.194749 0
    outer loop
      vertex 4.80533 8.55313 4
      vertex 4.83356 8.69531 0
      vertex 4.83356 8.69531 4
    endloop
  endfacet
  facet normal 0.980853 -0.194749 0
    outer loop
      vertex 4.83356 8.69531 0
      vertex 4.80533 8.55313 4
      vertex 4.80533 8.55313 0
    endloop
  endfacet
  facet normal 0.988589 -0.150636 0
    outer loop
      vertex 4.83356 8.69531 4
      vertex 4.8557 8.84061 0
      vertex 4.8557 8.84061 4
    endloop
  endfacet
  facet normal 0.988589 -0.150636 0
    outer loop
      vertex 4.8557 8.84061 0
      vertex 4.83356 8.69531 4
      vertex 4.83356 8.69531 0
    endloop
  endfacet
  facet normal 0.99388 -0.110461 0
    outer loop
      vertex 4.8557 8.84061 4
      vertex 4.87216 8.98871 0
      vertex 4.87216 8.98871 4
    endloop
  endfacet
  facet normal 0.99388 -0.110461 0
    outer loop
      vertex 4.87216 8.98871 0
      vertex 4.8557 8.84061 4
      vertex 4.8557 8.84061 0
    endloop
  endfacet
  facet normal 0.997305 -0.0733644 0
    outer loop
      vertex 4.87216 8.98871 4
      vertex 4.88324 9.13933 0
      vertex 4.88324 9.13933 4
    endloop
  endfacet
  facet normal 0.997305 -0.0733644 0
    outer loop
      vertex 4.88324 9.13933 0
      vertex 4.87216 8.98871 4
      vertex 4.87216 8.98871 0
    endloop
  endfacet
  facet normal 0.999257 -0.0385485 0
    outer loop
      vertex 4.88324 9.13933 4
      vertex 4.88914 9.29227 0
      vertex 4.88914 9.29227 4
    endloop
  endfacet
  facet normal 0.999257 -0.0385485 0
    outer loop
      vertex 4.88914 9.29227 0
      vertex 4.88324 9.13933 4
      vertex 4.88324 9.13933 0
    endloop
  endfacet
  facet normal 0.453957 0.891024 -0
    outer loop
      vertex 4.88914 9.29227 0
      vertex 4.64383 9.41725 4
      vertex 4.88914 9.29227 4
    endloop
  endfacet
  facet normal 0.453957 0.891024 0
    outer loop
      vertex 4.64383 9.41725 4
      vertex 4.88914 9.29227 0
      vertex 4.64383 9.41725 0
    endloop
  endfacet
  facet normal -0.618476 0.785803 0
    outer loop
      vertex 4.64383 9.41725 0
      vertex 4.52356 9.32259 4
      vertex 4.64383 9.41725 4
    endloop
  endfacet
  facet normal -0.618476 0.785803 0
    outer loop
      vertex 4.52356 9.32259 4
      vertex 4.64383 9.41725 0
      vertex 4.52356 9.32259 0
    endloop
  endfacet
  facet normal -0.645613 0.763665 0
    outer loop
      vertex 4.52356 9.32259 0
      vertex 4.40822 9.22508 4
      vertex 4.52356 9.32259 4
    endloop
  endfacet
  facet normal -0.645613 0.763665 0
    outer loop
      vertex 4.40822 9.22508 4
      vertex 4.52356 9.32259 0
      vertex 4.40822 9.22508 0
    endloop
  endfacet
  facet normal -0.673558 0.739135 0
    outer loop
      vertex 4.40822 9.22508 0
      vertex 4.2981 9.12473 4
      vertex 4.40822 9.22508 4
    endloop
  endfacet
  facet normal -0.673558 0.739135 0
    outer loop
      vertex 4.2981 9.12473 4
      vertex 4.40822 9.22508 0
      vertex 4.2981 9.12473 0
    endloop
  endfacet
  facet normal -0.702944 0.711245 0
    outer loop
      vertex 4.2981 9.12473 0
      vertex 4.19356 9.02141 4
      vertex 4.2981 9.12473 4
    endloop
  endfacet
  facet normal -0.702944 0.711245 0
    outer loop
      vertex 4.19356 9.02141 4
      vertex 4.2981 9.12473 0
      vertex 4.19356 9.02141 0
    endloop
  endfacet
  facet normal -0.734094 0.679048 0
    outer loop
      vertex 4.09512 8.91499 0
      vertex 4.19356 9.02141 4
      vertex 4.19356 9.02141 0
    endloop
  endfacet
  facet normal -0.734094 0.679048 0
    outer loop
      vertex 4.19356 9.02141 4
      vertex 4.09512 8.91499 0
      vertex 4.09512 8.91499 4
    endloop
  endfacet
  facet normal -0.768066 0.64037 0
    outer loop
      vertex 4.0036 8.80522 0
      vertex 4.09512 8.91499 4
      vertex 4.09512 8.91499 0
    endloop
  endfacet
  facet normal -0.768066 0.64037 0
    outer loop
      vertex 4.09512 8.91499 4
      vertex 4.0036 8.80522 0
      vertex 4.0036 8.80522 4
    endloop
  endfacet
  facet normal -0.806746 0.590899 0
    outer loop
      vertex 3.92035 8.69156 0
      vertex 4.0036 8.80522 4
      vertex 4.0036 8.80522 0
    endloop
  endfacet
  facet normal -0.806746 0.590899 0
    outer loop
      vertex 4.0036 8.80522 4
      vertex 3.92035 8.69156 0
      vertex 3.92035 8.69156 4
    endloop
  endfacet
  facet normal -0.859414 0.511281 0
    outer loop
      vertex 3.8494 8.5723 0
      vertex 3.92035 8.69156 4
      vertex 3.92035 8.69156 0
    endloop
  endfacet
  facet normal -0.859414 0.511281 0
    outer loop
      vertex 3.92035 8.69156 4
      vertex 3.8494 8.5723 0
      vertex 3.8494 8.5723 4
    endloop
  endfacet
  facet normal -0.912169 0.409815 0
    outer loop
      vertex 3.84041 8.55229 0
      vertex 3.8494 8.5723 4
      vertex 3.8494 8.5723 0
    endloop
  endfacet
  facet normal -0.912169 0.409815 0
    outer loop
      vertex 3.8494 8.5723 4
      vertex 3.84041 8.55229 0
      vertex 3.84041 8.55229 4
    endloop
  endfacet
  facet normal 0.382688 0.923878 -0
    outer loop
      vertex 3.84041 8.55229 0
      vertex 3.33179 8.76297 4
      vertex 3.84041 8.55229 4
    endloop
  endfacet
  facet normal 0.382688 0.923878 0
    outer loop
      vertex 3.33179 8.76297 4
      vertex 3.84041 8.55229 0
      vertex 3.33179 8.76297 0
    endloop
  endfacet
  facet normal 0.934726 -0.355369 0
    outer loop
      vertex 3.33179 8.76297 4
      vertex 3.33958 8.78346 0
      vertex 3.33958 8.78346 4
    endloop
  endfacet
  facet normal 0.934726 -0.355369 0
    outer loop
      vertex 3.33958 8.78346 0
      vertex 3.33179 8.76297 4
      vertex 3.33179 8.76297 0
    endloop
  endfacet
  facet normal 0.969216 -0.246213 0
    outer loop
      vertex 3.33958 8.78346 4
      vertex 3.37375 8.91797 0
      vertex 3.37375 8.91797 4
    endloop
  endfacet
  facet normal 0.969216 -0.246213 0
    outer loop
      vertex 3.37375 8.91797 0
      vertex 3.33958 8.78346 4
      vertex 3.33958 8.78346 0
    endloop
  endfacet
  facet normal 0.988288 -0.152601 0
    outer loop
      vertex 3.37375 8.91797 4
      vertex 3.39525 9.05721 0
      vertex 3.39525 9.05721 4
    endloop
  endfacet
  facet normal 0.988288 -0.152601 0
    outer loop
      vertex 3.39525 9.05721 0
      vertex 3.37375 8.91797 4
      vertex 3.37375 8.91797 0
    endloop
  endfacet
  facet normal 0.995912 -0.0903276 0
    outer loop
      vertex 3.39525 9.05721 4
      vertex 3.40816 9.19955 0
      vertex 3.40816 9.19955 4
    endloop
  endfacet
  facet normal 0.995912 -0.0903276 0
    outer loop
      vertex 3.40816 9.19955 0
      vertex 3.39525 9.05721 4
      vertex 3.39525 9.05721 0
    endloop
  endfacet
  facet normal 0.999243 -0.03891 0
    outer loop
      vertex 3.40816 9.19955 4
      vertex 3.4138 9.34439 0
      vertex 3.4138 9.34439 4
    endloop
  endfacet
  facet normal 0.999243 -0.03891 0
    outer loop
      vertex 3.4138 9.34439 0
      vertex 3.40816 9.19955 4
      vertex 3.40816 9.19955 0
    endloop
  endfacet
  facet normal 0.999982 0.00591947 0
    outer loop
      vertex 3.4138 9.34439 4
      vertex 3.41293 9.49136 0
      vertex 3.41293 9.49136 4
    endloop
  endfacet
  facet normal 0.999982 0.00591947 0
    outer loop
      vertex 3.41293 9.49136 0
      vertex 3.4138 9.34439 4
      vertex 3.4138 9.34439 0
    endloop
  endfacet
  facet normal 0.99893 0.0462387 0
    outer loop
      vertex 3.41293 9.49136 4
      vertex 3.40604 9.64021 0
      vertex 3.40604 9.64021 4
    endloop
  endfacet
  facet normal 0.99893 0.0462387 0
    outer loop
      vertex 3.40604 9.64021 0
      vertex 3.41293 9.49136 4
      vertex 3.41293 9.49136 0
    endloop
  endfacet
  facet normal 0.996503 0.0835606 0
    outer loop
      vertex 3.40604 9.64021 4
      vertex 3.39342 9.79071 0
      vertex 3.39342 9.79071 4
    endloop
  endfacet
  facet normal 0.996503 0.0835606 0
    outer loop
      vertex 3.39342 9.79071 0
      vertex 3.40604 9.64021 4
      vertex 3.40604 9.64021 0
    endloop
  endfacet
  facet normal 0.992983 0.118259 0
    outer loop
      vertex 3.39342 9.79071 4
      vertex 3.37532 9.94269 0
      vertex 3.37532 9.94269 4
    endloop
  endfacet
  facet normal 0.992983 0.118259 0
    outer loop
      vertex 3.37532 9.94269 0
      vertex 3.39342 9.79071 4
      vertex 3.39342 9.79071 0
    endloop
  endfacet
  facet normal 0.309104 0.951028 -0
    outer loop
      vertex 3.37532 9.94269 0
      vertex 3.11346 10.0278 4
      vertex 3.37532 9.94269 4
    endloop
  endfacet
  facet normal 0.309104 0.951028 0
    outer loop
      vertex 3.11346 10.0278 4
      vertex 3.37532 9.94269 0
      vertex 3.11346 10.0278 0
    endloop
  endfacet
  facet normal -0.733949 0.679205 0
    outer loop
      vertex 3.00949 9.91545 0
      vertex 3.11346 10.0278 4
      vertex 3.11346 10.0278 0
    endloop
  endfacet
  facet normal -0.733949 0.679205 0
    outer loop
      vertex 3.11346 10.0278 4
      vertex 3.00949 9.91545 0
      vertex 3.00949 9.91545 4
    endloop
  endfacet
  facet normal -0.757084 0.653318 0
    outer loop
      vertex 2.91083 9.80112 0
      vertex 3.00949 9.91545 4
      vertex 3.00949 9.91545 0
    endloop
  endfacet
  facet normal -0.757084 0.653318 0
    outer loop
      vertex 3.00949 9.91545 4
      vertex 2.91083 9.80112 0
      vertex 2.91083 9.80112 4
    endloop
  endfacet
  facet normal -0.780921 0.62463 0
    outer loop
      vertex 2.81775 9.68475 0
      vertex 2.91083 9.80112 4
      vertex 2.91083 9.80112 0
    endloop
  endfacet
  facet normal -0.780921 0.62463 0
    outer loop
      vertex 2.91083 9.80112 4
      vertex 2.81775 9.68475 0
      vertex 2.81775 9.68475 4
    endloop
  endfacet
  facet normal -0.805558 0.592516 0
    outer loop
      vertex 2.73067 9.56636 0
      vertex 2.81775 9.68475 4
      vertex 2.81775 9.68475 0
    endloop
  endfacet
  facet normal -0.805558 0.592516 0
    outer loop
      vertex 2.81775 9.68475 4
      vertex 2.73067 9.56636 0
      vertex 2.73067 9.56636 4
    endloop
  endfacet
  facet normal -0.831296 0.55583 0
    outer loop
      vertex 2.6501 9.44586 0
      vertex 2.73067 9.56636 4
      vertex 2.73067 9.56636 0
    endloop
  endfacet
  facet normal -0.831296 0.55583 0
    outer loop
      vertex 2.73067 9.56636 4
      vertex 2.6501 9.44586 0
      vertex 2.6501 9.44586 4
    endloop
  endfacet
  facet normal -0.858768 0.512364 0
    outer loop
      vertex 2.57687 9.32312 0
      vertex 2.6501 9.44586 4
      vertex 2.6501 9.44586 0
    endloop
  endfacet
  facet normal -0.858768 0.512364 0
    outer loop
      vertex 2.6501 9.44586 4
      vertex 2.57687 9.32312 0
      vertex 2.57687 9.32312 4
    endloop
  endfacet
  facet normal -0.889244 0.457433 0
    outer loop
      vertex 2.51242 9.19783 0
      vertex 2.57687 9.32312 4
      vertex 2.57687 9.32312 0
    endloop
  endfacet
  facet normal -0.889244 0.457433 0
    outer loop
      vertex 2.57687 9.32312 4
      vertex 2.51242 9.19783 0
      vertex 2.51242 9.19783 4
    endloop
  endfacet
  facet normal -0.928814 0.370546 0
    outer loop
      vertex 2.461 9.06894 0
      vertex 2.51242 9.19783 4
      vertex 2.51242 9.19783 0
    endloop
  endfacet
  facet normal -0.928814 0.370546 0
    outer loop
      vertex 2.51242 9.19783 4
      vertex 2.461 9.06894 0
      vertex 2.461 9.06894 4
    endloop
  endfacet
  facet normal -0.965121 0.261805 0
    outer loop
      vertex 2.45526 9.04778 0
      vertex 2.461 9.06894 4
      vertex 2.461 9.06894 0
    endloop
  endfacet
  facet normal -0.965121 0.261805 0
    outer loop
      vertex 2.461 9.06894 4
      vertex 2.45526 9.04778 0
      vertex 2.45526 9.04778 4
    endloop
  endfacet
  facet normal 0.233413 0.972378 -0
    outer loop
      vertex 2.45526 9.04778 0
      vertex 1.91994 9.17628 4
      vertex 2.45526 9.04778 4
    endloop
  endfacet
  facet normal 0.233413 0.972378 0
    outer loop
      vertex 1.91994 9.17628 4
      vertex 2.45526 9.04778 0
      vertex 1.91994 9.17628 0
    endloop
  endfacet
  facet normal 0.978733 -0.205137 0
    outer loop
      vertex 1.91994 9.17628 4
      vertex 1.92444 9.19775 0
      vertex 1.92444 9.19775 4
    endloop
  endfacet
  facet normal 0.978733 -0.205137 0
    outer loop
      vertex 1.92444 9.19775 0
      vertex 1.91994 9.17628 4
      vertex 1.91994 9.17628 0
    endloop
  endfacet
  facet normal 0.995811 -0.0914388 0
    outer loop
      vertex 1.92444 9.19775 4
      vertex 1.93713 9.33595 0
      vertex 1.93713 9.33595 4
    endloop
  endfacet
  facet normal 0.995811 -0.0914388 0
    outer loop
      vertex 1.93713 9.33595 0
      vertex 1.92444 9.19775 4
      vertex 1.92444 9.19775 0
    endloop
  endfacet
  facet normal 0.999993 0.00376177 0
    outer loop
      vertex 1.93713 9.33595 4
      vertex 1.9366 9.47684 0
      vertex 1.9366 9.47684 4
    endloop
  endfacet
  facet normal 0.999993 0.00376177 0
    outer loop
      vertex 1.9366 9.47684 0
      vertex 1.93713 9.33595 4
      vertex 1.93713 9.33595 0
    endloop
  endfacet
  facet normal 0.99777 0.0667465 0
    outer loop
      vertex 1.9366 9.47684 4
      vertex 1.92706 9.61945 0
      vertex 1.92706 9.61945 4
    endloop
  endfacet
  facet normal 0.99777 0.0667465 0
    outer loop
      vertex 1.92706 9.61945 0
      vertex 1.9366 9.47684 4
      vertex 1.9366 9.47684 0
    endloop
  endfacet
  facet normal 0.99304 0.117774 0
    outer loop
      vertex 1.92706 9.61945 4
      vertex 1.90999 9.76338 0
      vertex 1.90999 9.76338 4
    endloop
  endfacet
  facet normal 0.99304 0.117774 0
    outer loop
      vertex 1.90999 9.76338 0
      vertex 1.92706 9.61945 4
      vertex 1.92706 9.61945 0
    endloop
  endfacet
  facet normal 0.986748 0.162258 0
    outer loop
      vertex 1.90999 9.76338 4
      vertex 1.88614 9.90842 0
      vertex 1.88614 9.90842 4
    endloop
  endfacet
  facet normal 0.986748 0.162258 0
    outer loop
      vertex 1.88614 9.90842 0
      vertex 1.90999 9.76338 4
      vertex 1.90999 9.76338 0
    endloop
  endfacet
  facet normal 0.979384 0.202009 0
    outer loop
      vertex 1.88614 9.90842 4
      vertex 1.85603 10.0544 0
      vertex 1.85603 10.0544 4
    endloop
  endfacet
  facet normal 0.979384 0.202009 0
    outer loop
      vertex 1.85603 10.0544 0
      vertex 1.88614 9.90842 4
      vertex 1.88614 9.90842 0
    endloop
  endfacet
  facet normal 0.971132 0.238543 0
    outer loop
      vertex 1.85603 10.0544 4
      vertex 1.82002 10.201 0
      vertex 1.82002 10.201 4
    endloop
  endfacet
  facet normal 0.971132 0.238543 0
    outer loop
      vertex 1.82002 10.201 0
      vertex 1.85603 10.0544 4
      vertex 1.85603 10.0544 0
    endloop
  endfacet
  facet normal 0.962289 0.272028 0
    outer loop
      vertex 1.82002 10.201 4
      vertex 1.77838 10.3483 0
      vertex 1.77838 10.3483 4
    endloop
  endfacet
  facet normal 0.962289 0.272028 0
    outer loop
      vertex 1.77838 10.3483 0
      vertex 1.82002 10.201 4
      vertex 1.82002 10.201 0
    endloop
  endfacet
  facet normal 0.156537 0.987672 -0
    outer loop
      vertex 1.77838 10.3483 0
      vertex 1.50644 10.3914 4
      vertex 1.77838 10.3483 4
    endloop
  endfacet
  facet normal 0.156537 0.987672 0
    outer loop
      vertex 1.50644 10.3914 4
      vertex 1.77838 10.3483 0
      vertex 1.50644 10.3914 0
    endloop
  endfacet
  facet normal -0.831114 0.556102 0
    outer loop
      vertex 1.42133 10.2642 0
      vertex 1.50644 10.3914 4
      vertex 1.50644 10.3914 0
    endloop
  endfacet
  facet normal -0.831114 0.556102 0
    outer loop
      vertex 1.50644 10.3914 4
      vertex 1.42133 10.2642 0
      vertex 1.42133 10.2642 4
    endloop
  endfacet
  facet normal -0.849986 0.526806 0
    outer loop
      vertex 1.34175 10.1358 0
      vertex 1.42133 10.2642 4
      vertex 1.42133 10.2642 0
    endloop
  endfacet
  facet normal -0.849986 0.526806 0
    outer loop
      vertex 1.42133 10.2642 4
      vertex 1.34175 10.1358 0
      vertex 1.34175 10.1358 4
    endloop
  endfacet
  facet normal -0.86908 0.494671 0
    outer loop
      vertex 1.26804 10.0063 0
      vertex 1.34175 10.1358 4
      vertex 1.34175 10.1358 0
    endloop
  endfacet
  facet normal -0.86908 0.494671 0
    outer loop
      vertex 1.34175 10.1358 4
      vertex 1.26804 10.0063 0
      vertex 1.26804 10.0063 4
    endloop
  endfacet
  facet normal -0.888262 0.459338 0
    outer loop
      vertex 1.20053 9.87575 0
      vertex 1.26804 10.0063 4
      vertex 1.26804 10.0063 0
    endloop
  endfacet
  facet normal -0.888262 0.459338 0
    outer loop
      vertex 1.26804 10.0063 4
      vertex 1.20053 9.87575 0
      vertex 1.20053 9.87575 4
    endloop
  endfacet
  facet normal -0.908058 0.418844 0
    outer loop
      vertex 1.13982 9.74413 0
      vertex 1.20053 9.87575 4
      vertex 1.20053 9.87575 0
    endloop
  endfacet
  facet normal -0.908058 0.418844 0
    outer loop
      vertex 1.20053 9.87575 4
      vertex 1.13982 9.74413 0
      vertex 1.13982 9.74413 4
    endloop
  endfacet
  facet normal -0.928337 0.37174 0
    outer loop
      vertex 1.08669 9.61145 0
      vertex 1.13982 9.74413 4
      vertex 1.13982 9.74413 0
    endloop
  endfacet
  facet normal -0.928337 0.37174 0
    outer loop
      vertex 1.13982 9.74413 4
      vertex 1.08669 9.61145 0
      vertex 1.08669 9.61145 4
    endloop
  endfacet
  facet normal -0.949841 0.312733 0
    outer loop
      vertex 1.04263 9.47763 0
      vertex 1.08669 9.61145 4
      vertex 1.08669 9.61145 0
    endloop
  endfacet
  facet normal -0.949841 0.312733 0
    outer loop
      vertex 1.08669 9.61145 4
      vertex 1.04263 9.47763 0
      vertex 1.04263 9.47763 4
    endloop
  endfacet
  facet normal -0.975356 0.220637 0
    outer loop
      vertex 1.01201 9.34227 0
      vertex 1.04263 9.47763 4
      vertex 1.04263 9.47763 0
    endloop
  endfacet
  facet normal -0.975356 0.220637 0
    outer loop
      vertex 1.04263 9.47763 4
      vertex 1.01201 9.34227 0
      vertex 1.01201 9.34227 4
    endloop
  endfacet
  facet normal -0.994142 0.108079 0
    outer loop
      vertex 1.00964 9.32047 0
      vertex 1.01201 9.34227 4
      vertex 1.01201 9.34227 0
    endloop
  endfacet
  facet normal -0.994142 0.108079 0
    outer loop
      vertex 1.01201 9.34227 4
      vertex 1.00964 9.32047 0
      vertex 1.00964 9.32047 4
    endloop
  endfacet
  facet normal 0.0784528 0.996918 -0
    outer loop
      vertex 1.00964 9.32047 0
      vertex 0.460815 9.36366 4
      vertex 1.00964 9.32047 4
    endloop
  endfacet
  facet normal 0.0784528 0.996918 0
    outer loop
      vertex 0.460815 9.36366 4
      vertex 1.00964 9.32047 0
      vertex 0.460815 9.36366 0
    endloop
  endfacet
  facet normal 0.998777 -0.0494372 0
    outer loop
      vertex 0.460815 9.36366 4
      vertex 0.461899 9.38556 0
      vertex 0.461899 9.38556 4
    endloop
  endfacet
  facet normal 0.998777 -0.0494372 0
    outer loop
      vertex 0.461899 9.38556 0
      vertex 0.460815 9.36366 4
      vertex 0.460815 9.36366 0
    endloop
  endfacet
  facet normal 0.997858 0.0654167 0
    outer loop
      vertex 0.461899 9.38556 4
      vertex 0.45282 9.52405 0
      vertex 0.45282 9.52405 4
    endloop
  endfacet
  facet normal 0.997858 0.0654167 0
    outer loop
      vertex 0.45282 9.52405 0
      vertex 0.461899 9.38556 4
      vertex 0.461899 9.38556 0
    endloop
  endfacet
  facet normal 0.987087 0.160183 0
    outer loop
      vertex 0.45282 9.52405 4
      vertex 0.430252 9.66312 0
      vertex 0.430252 9.66312 4
    endloop
  endfacet
  facet normal 0.987087 0.160183 0
    outer loop
      vertex 0.430252 9.66312 0
      vertex 0.45282 9.52405 4
      vertex 0.45282 9.52405 0
    endloop
  endfacet
  facet normal 0.975053 0.221971 0
    outer loop
      vertex 0.430252 9.66312 4
      vertex 0.398529 9.80247 0
      vertex 0.398529 9.80247 4
    endloop
  endfacet
  facet normal 0.975053 0.221971 0
    outer loop
      vertex 0.398529 9.80247 0
      vertex 0.430252 9.66312 4
      vertex 0.430252 9.66312 0
    endloop
  endfacet
  facet normal 0.962383 0.271696 0
    outer loop
      vertex 0.398529 9.80247 4
      vertex 0.359146 9.94197 0
      vertex 0.359146 9.94197 4
    endloop
  endfacet
  facet normal 0.962383 0.271696 0
    outer loop
      vertex 0.359146 9.94197 0
      vertex 0.398529 9.80247 4
      vertex 0.398529 9.80247 0
    endloop
  endfacet
  facet normal 0.949215 0.314629 0
    outer loop
      vertex 0.359146 9.94197 4
      vertex 0.312897 10.0815 0
      vertex 0.312897 10.0815 4
    endloop
  endfacet
  facet normal 0.949215 0.314629 0
    outer loop
      vertex 0.312897 10.0815 0
      vertex 0.359146 9.94197 4
      vertex 0.359146 9.94197 0
    endloop
  endfacet
  facet normal 0.935683 0.352841 0
    outer loop
      vertex 0.312897 10.0815 4
      vertex 0.26033 10.2209 0
      vertex 0.26033 10.2209 4
    endloop
  endfacet
  facet normal 0.935683 0.352841 0
    outer loop
      vertex 0.26033 10.2209 0
      vertex 0.312897 10.0815 4
      vertex 0.312897 10.0815 0
    endloop
  endfacet
  facet normal 0.921892 0.387446 0
    outer loop
      vertex 0.26033 10.2209 4
      vertex 0.201828 10.3601 0
      vertex 0.201828 10.3601 4
    endloop
  endfacet
  facet normal 0.921892 0.387446 0
    outer loop
      vertex 0.201828 10.3601 0
      vertex 0.26033 10.2209 4
      vertex 0.26033 10.2209 0
    endloop
  endfacet
  facet normal 0.907899 0.419188 0
    outer loop
      vertex 0.201828 10.3601 4
      vertex 0.13765 10.4991 0
      vertex 0.13765 10.4991 4
    endloop
  endfacet
  facet normal 0.907899 0.419188 0
    outer loop
      vertex 0.13765 10.4991 0
      vertex 0.201828 10.3601 4
      vertex 0.201828 10.3601 0
    endloop
  endfacet
  facet normal 0 1 -0
    outer loop
      vertex 0.13765 10.4991 0
      vertex -0.13765 10.4991 4
      vertex 0.13765 10.4991 4
    endloop
  endfacet
  facet normal 0 1 0
    outer loop
      vertex -0.13765 10.4991 4
      vertex 0.13765 10.4991 0
      vertex -0.13765 10.4991 0
    endloop
  endfacet
  facet normal -0.907899 0.419188 0
    outer loop
      vertex -0.201828 10.3601 0
      vertex -0.13765 10.4991 4
      vertex -0.13765 10.4991 0
    endloop
  endfacet
  facet normal -0.907899 0.419188 0
    outer loop
      vertex -0.13765 10.4991 4
      vertex -0.201828 10.3601 0
      vertex -0.201828 10.3601 4
    endloop
  endfacet
  facet normal -0.921892 0.387446 0
    outer loop
      vertex -0.26033 10.2209 0
      vertex -0.201828 10.3601 4
      vertex -0.201828 10.3601 0
    endloop
  endfacet
  facet normal -0.921892 0.387446 0
    outer loop
      vertex -0.201828 10.3601 4
      vertex -0.26033 10.2209 0
      vertex -0.26033 10.2209 4
    endloop
  endfacet
  facet normal -0.935683 0.352841 0
    outer loop
      vertex -0.312897 10.0815 0
      vertex -0.26033 10.2209 4
      vertex -0.26033 10.2209 0
    endloop
  endfacet
  facet normal -0.935683 0.352841 0
    outer loop
      vertex -0.26033 10.2209 4
      vertex -0.312897 10.0815 0
      vertex -0.312897 10.0815 4
    endloop
  endfacet
  facet normal -0.949215 0.314629 0
    outer loop
      vertex -0.359146 9.94197 0
      vertex -0.312897 10.0815 4
      vertex -0.312897 10.0815 0
    endloop
  endfacet
  facet normal -0.949215 0.314629 0
    outer loop
      vertex -0.312897 10.0815 4
      vertex -0.359146 9.94197 0
      vertex -0.359146 9.94197 4
    endloop
  endfacet
  facet normal -0.962383 0.271696 0
    outer loop
      vertex -0.398529 9.80247 0
      vertex -0.359146 9.94197 4
      vertex -0.359146 9.94197 0
    endloop
  endfacet
  facet normal -0.962383 0.271696 0
    outer loop
      vertex -0.359146 9.94197 4
      vertex -0.398529 9.80247 0
      vertex -0.398529 9.80247 4
    endloop
  endfacet
  facet normal -0.975053 0.221971 0
    outer loop
      vertex -0.430252 9.66312 0
      vertex -0.398529 9.80247 4
      vertex -0.398529 9.80247 0
    endloop
  endfacet
  facet normal -0.975053 0.221971 0
    outer loop
      vertex -0.398529 9.80247 4
      vertex -0.430252 9.66312 0
      vertex -0.430252 9.66312 4
    endloop
  endfacet
  facet normal -0.987087 0.160183 0
    outer loop
      vertex -0.45282 9.52405 0
      vertex -0.430252 9.66312 4
      vertex -0.430252 9.66312 0
    endloop
  endfacet
  facet normal -0.987087 0.160183 0
    outer loop
      vertex -0.430252 9.66312 4
      vertex -0.45282 9.52405 0
      vertex -0.45282 9.52405 4
    endloop
  endfacet
  facet normal -0.997858 0.0654167 0
    outer loop
      vertex -0.461899 9.38556 0
      vertex -0.45282 9.52405 4
      vertex -0.45282 9.52405 0
    endloop
  endfacet
  facet normal -0.997858 0.0654167 0
    outer loop
      vertex -0.45282 9.52405 4
      vertex -0.461899 9.38556 0
      vertex -0.461899 9.38556 4
    endloop
  endfacet
  facet normal -0.998777 -0.0494372 0
    outer loop
      vertex -0.460815 9.36366 0
      vertex -0.461899 9.38556 4
      vertex -0.461899 9.38556 0
    endloop
  endfacet
  facet normal -0.998777 -0.0494372 0
    outer loop
      vertex -0.461899 9.38556 4
      vertex -0.460815 9.36366 0
      vertex -0.460815 9.36366 4
    endloop
  endfacet
  facet normal -0.0784528 0.996918 0
    outer loop
      vertex -0.460815 9.36366 0
      vertex -1.00964 9.32047 4
      vertex -0.460815 9.36366 4
    endloop
  endfacet
  facet normal -0.0784528 0.996918 0
    outer loop
      vertex -1.00964 9.32047 4
      vertex -0.460815 9.36366 0
      vertex -1.00964 9.32047 0
    endloop
  endfacet
  facet normal 0.994142 0.108079 0
    outer loop
      vertex -1.00964 9.32047 4
      vertex -1.01201 9.34227 0
      vertex -1.01201 9.34227 4
    endloop
  endfacet
  facet normal 0.994142 0.108079 0
    outer loop
      vertex -1.01201 9.34227 0
      vertex -1.00964 9.32047 4
      vertex -1.00964 9.32047 0
    endloop
  endfacet
  facet normal 0.975356 0.220637 0
    outer loop
      vertex -1.01201 9.34227 4
      vertex -1.04263 9.47763 0
      vertex -1.04263 9.47763 4
    endloop
  endfacet
  facet normal 0.975356 0.220637 0
    outer loop
      vertex -1.04263 9.47763 0
      vertex -1.01201 9.34227 4
      vertex -1.01201 9.34227 0
    endloop
  endfacet
  facet normal 0.949841 0.312733 0
    outer loop
      vertex -1.04263 9.47763 4
      vertex -1.08669 9.61145 0
      vertex -1.08669 9.61145 4
    endloop
  endfacet
  facet normal 0.949841 0.312733 0
    outer loop
      vertex -1.08669 9.61145 0
      vertex -1.04263 9.47763 4
      vertex -1.04263 9.47763 0
    endloop
  endfacet
  facet normal 0.928337 0.37174 0
    outer loop
      vertex -1.08669 9.61145 4
      vertex -1.13982 9.74413 0
      vertex -1.13982 9.74413 4
    endloop
  endfacet
  facet normal 0.928337 0.37174 0
    outer loop
      vertex -1.13982 9.74413 0
      vertex -1.08669 9.61145 4
      vertex -1.08669 9.61145 0
    endloop
  endfacet
  facet normal 0.908058 0.418844 0
    outer loop
      vertex -1.13982 9.74413 4
      vertex -1.20053 9.87575 0
      vertex -1.20053 9.87575 4
    endloop
  endfacet
  facet normal 0.908058 0.418844 0
    outer loop
      vertex -1.20053 9.87575 0
      vertex -1.13982 9.74413 4
      vertex -1.13982 9.74413 0
    endloop
  endfacet
  facet normal 0.888262 0.459338 0
    outer loop
      vertex -1.20053 9.87575 4
      vertex -1.26804 10.0063 0
      vertex -1.26804 10.0063 4
    endloop
  endfacet
  facet normal 0.888262 0.459338 0
    outer loop
      vertex -1.26804 10.0063 0
      vertex -1.20053 9.87575 4
      vertex -1.20053 9.87575 0
    endloop
  endfacet
  facet normal 0.86908 0.494671 0
    outer loop
      vertex -1.26804 10.0063 4
      vertex -1.34175 10.1358 0
      vertex -1.34175 10.1358 4
    endloop
  endfacet
  facet normal 0.86908 0.494671 0
    outer loop
      vertex -1.34175 10.1358 0
      vertex -1.26804 10.0063 4
      vertex -1.26804 10.0063 0
    endloop
  endfacet
  facet normal 0.849986 0.526806 0
    outer loop
      vertex -1.34175 10.1358 4
      vertex -1.42133 10.2642 0
      vertex -1.42133 10.2642 4
    endloop
  endfacet
  facet normal 0.849986 0.526806 0
    outer loop
      vertex -1.42133 10.2642 0
      vertex -1.34175 10.1358 4
      vertex -1.34175 10.1358 0
    endloop
  endfacet
  facet normal 0.831114 0.556102 0
    outer loop
      vertex -1.42133 10.2642 4
      vertex -1.50644 10.3914 0
      vertex -1.50644 10.3914 4
    endloop
  endfacet
  facet normal 0.831114 0.556102 0
    outer loop
      vertex -1.50644 10.3914 0
      vertex -1.42133 10.2642 4
      vertex -1.42133 10.2642 0
    endloop
  endfacet
  facet normal -0.156537 0.987672 0
    outer loop
      vertex -1.50644 10.3914 0
      vertex -1.77838 10.3483 4
      vertex -1.50644 10.3914 4
    endloop
  endfacet
  facet normal -0.156537 0.987672 0
    outer loop
      vertex -1.77838 10.3483 4
      vertex -1.50644 10.3914 0
      vertex -1.77838 10.3483 0
    endloop
  endfacet
  facet normal -0.962289 0.272028 0
    outer loop
      vertex -1.82002 10.201 0
      vertex -1.77838 10.3483 4
      vertex -1.77838 10.3483 0
    endloop
  endfacet
  facet normal -0.962289 0.272028 0
    outer loop
      vertex -1.77838 10.3483 4
      vertex -1.82002 10.201 0
      vertex -1.82002 10.201 4
    endloop
  endfacet
  facet normal -0.971132 0.238543 0
    outer loop
      vertex -1.85603 10.0544 0
      vertex -1.82002 10.201 4
      vertex -1.82002 10.201 0
    endloop
  endfacet
  facet normal -0.971132 0.238543 0
    outer loop
      vertex -1.82002 10.201 4
      vertex -1.85603 10.0544 0
      vertex -1.85603 10.0544 4
    endloop
  endfacet
  facet normal -0.979384 0.202009 0
    outer loop
      vertex -1.88614 9.90842 0
      vertex -1.85603 10.0544 4
      vertex -1.85603 10.0544 0
    endloop
  endfacet
  facet normal -0.979384 0.202009 0
    outer loop
      vertex -1.85603 10.0544 4
      vertex -1.88614 9.90842 0
      vertex -1.88614 9.90842 4
    endloop
  endfacet
  facet normal -0.986748 0.162258 0
    outer loop
      vertex -1.90999 9.76338 0
      vertex -1.88614 9.90842 4
      vertex -1.88614 9.90842 0
    endloop
  endfacet
  facet normal -0.986748 0.162258 0
    outer loop
      vertex -1.88614 9.90842 4
      vertex -1.90999 9.76338 0
      vertex -1.90999 9.76338 4
    endloop
  endfacet
  facet normal -0.99304 0.117774 0
    outer loop
      vertex -1.92706 9.61945 0
      vertex -1.90999 9.76338 4
      vertex -1.90999 9.76338 0
    endloop
  endfacet
  facet normal -0.99304 0.117774 0
    outer loop
      vertex -1.90999 9.76338 4
      vertex -1.92706 9.61945 0
      vertex -1.92706 9.61945 4
    endloop
  endfacet
  facet normal -0.99777 0.0667465 0
    outer loop
      vertex -1.9366 9.47684 0
      vertex -1.92706 9.61945 4
      vertex -1.92706 9.61945 0
    endloop
  endfacet
  facet normal -0.99777 0.0667465 0
    outer loop
      vertex -1.92706 9.61945 4
      vertex -1.9366 9.47684 0
      vertex -1.9366 9.47684 4
    endloop
  endfacet
  facet normal -0.999993 0.00376177 0
    outer loop
      vertex -1.93713 9.33595 0
      vertex -1.9366 9.47684 4
      vertex -1.9366 9.47684 0
    endloop
  endfacet
  facet normal -0.999993 0.00376177 0
    outer loop
      vertex -1.9366 9.47684 4
      vertex -1.93713 9.33595 0
      vertex -1.93713 9.33595 4
    endloop
  endfacet
  facet normal -0.995811 -0.0914388 0
    outer loop
      vertex -1.92444 9.19775 0
      vertex -1.93713 9.33595 4
      vertex -1.93713 9.33595 0
    endloop
  endfacet
  facet normal -0.995811 -0.0914388 0
    outer loop
      vertex -1.93713 9.33595 4
      vertex -1.92444 9.19775 0
      vertex -1.92444 9.19775 4
    endloop
  endfacet
  facet normal -0.978733 -0.205137 0
    outer loop
      vertex -1.91994 9.17628 0
      vertex -1.92444 9.19775 4
      vertex -1.92444 9.19775 0
    endloop
  endfacet
  facet normal -0.978733 -0.205137 0
    outer loop
      vertex -1.92444 9.19775 4
      vertex -1.91994 9.17628 0
      vertex -1.91994 9.17628 4
    endloop
  endfacet
  facet normal -0.233413 0.972378 0
    outer loop
      vertex -1.91994 9.17628 0
      vertex -2.45526 9.04778 4
      vertex -1.91994 9.17628 4
    endloop
  endfacet
  facet normal -0.233413 0.972378 0
    outer loop
      vertex -2.45526 9.04778 4
      vertex -1.91994 9.17628 0
      vertex -2.45526 9.04778 0
    endloop
  endfacet
  facet normal 0.965121 0.261805 0
    outer loop
      vertex -2.45526 9.04778 4
      vertex -2.461 9.06894 0
      vertex -2.461 9.06894 4
    endloop
  endfacet
  facet normal 0.965121 0.261805 0
    outer loop
      vertex -2.461 9.06894 0
      vertex -2.45526 9.04778 4
      vertex -2.45526 9.04778 0
    endloop
  endfacet
  facet normal 0.928814 0.370546 0
    outer loop
      vertex -2.461 9.06894 4
      vertex -2.51242 9.19783 0
      vertex -2.51242 9.19783 4
    endloop
  endfacet
  facet normal 0.928814 0.370546 0
    outer loop
      vertex -2.51242 9.19783 0
      vertex -2.461 9.06894 4
      vertex -2.461 9.06894 0
    endloop
  endfacet
  facet normal 0.889244 0.457433 0
    outer loop
      vertex -2.51242 9.19783 4
      vertex -2.57687 9.32312 0
      vertex -2.57687 9.32312 4
    endloop
  endfacet
  facet normal 0.889244 0.457433 0
    outer loop
      vertex -2.57687 9.32312 0
      vertex -2.51242 9.19783 4
      vertex -2.51242 9.19783 0
    endloop
  endfacet
  facet normal 0.858768 0.512364 0
    outer loop
      vertex -2.57687 9.32312 4
      vertex -2.6501 9.44586 0
      vertex -2.6501 9.44586 4
    endloop
  endfacet
  facet normal 0.858768 0.512364 0
    outer loop
      vertex -2.6501 9.44586 0
      vertex -2.57687 9.32312 4
      vertex -2.57687 9.32312 0
    endloop
  endfacet
  facet normal 0.831296 0.55583 0
    outer loop
      vertex -2.6501 9.44586 4
      vertex -2.73067 9.56636 0
      vertex -2.73067 9.56636 4
    endloop
  endfacet
  facet normal 0.831296 0.55583 0
    outer loop
      vertex -2.73067 9.56636 0
      vertex -2.6501 9.44586 4
      vertex -2.6501 9.44586 0
    endloop
  endfacet
  facet normal 0.805558 0.592516 0
    outer loop
      vertex -2.73067 9.56636 4
      vertex -2.81775 9.68475 0
      vertex -2.81775 9.68475 4
    endloop
  endfacet
  facet normal 0.805558 0.592516 0
    outer loop
      vertex -2.81775 9.68475 0
      vertex -2.73067 9.56636 4
      vertex -2.73067 9.56636 0
    endloop
  endfacet
  facet normal 0.780921 0.62463 0
    outer loop
      vertex -2.81775 9.68475 4
      vertex -2.91083 9.80112 0
      vertex -2.91083 9.80112 4
    endloop
  endfacet
  facet normal 0.780921 0.62463 0
    outer loop
      vertex -2.91083 9.80112 0
      vertex -2.81775 9.68475 4
      vertex -2.81775 9.68475 0
    endloop
  endfacet
  facet normal 0.757084 0.653318 0
    outer loop
      vertex -2.91083 9.80112 4
      vertex -3.00949 9.91545 0
      vertex -3.00949 9.91545 4
    endloop
  endfacet
  facet normal 0.757084 0.653318 0
    outer loop
      vertex -3.00949 9.91545 0
      vertex -2.91083 9.80112 4
      vertex -2.91083 9.80112 0
    endloop
  endfacet
  facet normal 0.733949 0.679205 0
    outer loop
      vertex -3.00949 9.91545 4
      vertex -3.11346 10.0278 0
      vertex -3.11346 10.0278 4
    endloop
  endfacet
  facet normal 0.733949 0.679205 0
    outer loop
      vertex -3.11346 10.0278 0
      vertex -3.00949 9.91545 4
      vertex -3.00949 9.91545 0
    endloop
  endfacet
  facet normal -0.309104 0.951028 0
    outer loop
      vertex -3.11346 10.0278 0
      vertex -3.37532 9.94269 4
      vertex -3.11346 10.0278 4
    endloop
  endfacet
  facet normal -0.309104 0.951028 0
    outer loop
      vertex -3.37532 9.94269 4
      vertex -3.11346 10.0278 0
      vertex -3.37532 9.94269 0
    endloop
  endfacet
  facet normal -0.992983 0.118259 0
    outer loop
      vertex -3.39342 9.79071 0
      vertex -3.37532 9.94269 4
      vertex -3.37532 9.94269 0
    endloop
  endfacet
  facet normal -0.992983 0.118259 0
    outer loop
      vertex -3.37532 9.94269 4
      vertex -3.39342 9.79071 0
      vertex -3.39342 9.79071 4
    endloop
  endfacet
  facet normal -0.996503 0.0835606 0
    outer loop
      vertex -3.40604 9.64021 0
      vertex -3.39342 9.79071 4
      vertex -3.39342 9.79071 0
    endloop
  endfacet
  facet normal -0.996503 0.0835606 0
    outer loop
      vertex -3.39342 9.79071 4
      vertex -3.40604 9.64021 0
      vertex -3.40604 9.64021 4
    endloop
  endfacet
  facet normal -0.99893 0.0462387 0
    outer loop
      vertex -3.41293 9.49136 0
      vertex -3.40604 9.64021 4
      vertex -3.40604 9.64021 0
    endloop
  endfacet
  facet normal -0.99893 0.0462387 0
    outer loop
      vertex -3.40604 9.64021 4
      vertex -3.41293 9.49136 0
      vertex -3.41293 9.49136 4
    endloop
  endfacet
  facet normal -0.999982 0.00591947 0
    outer loop
      vertex -3.4138 9.34439 0
      vertex -3.41293 9.49136 4
      vertex -3.41293 9.49136 0
    endloop
  endfacet
  facet normal -0.999982 0.00591947 0
    outer loop
      vertex -3.41293 9.49136 4
      vertex -3.4138 9.34439 0
      vertex -3.4138 9.34439 4
    endloop
  endfacet
  facet normal -0.999243 -0.03891 0
    outer loop
      vertex -3.40816 9.19955 0
      vertex -3.4138 9.34439 4
      vertex -3.4138 9.34439 0
    endloop
  endfacet
  facet normal -0.999243 -0.03891 0
    outer loop
      vertex -3.4138 9.34439 4
      vertex -3.40816 9.19955 0
      vertex -3.40816 9.19955 4
    endloop
  endfacet
  facet normal -0.995912 -0.0903276 0
    outer loop
      vertex -3.39525 9.05721 0
      vertex -3.40816 9.19955 4
      vertex -3.40816 9.19955 0
    endloop
  endfacet
  facet normal -0.995912 -0.0903276 0
    outer loop
      vertex -3.40816 9.19955 4
      vertex -3.39525 9.05721 0
      vertex -3.39525 9.05721 4
    endloop
  endfacet
  facet normal -0.988288 -0.152601 0
    outer loop
      vertex -3.37375 8.91797 0
      vertex -3.39525 9.05721 4
      vertex -3.39525 9.05721 0
    endloop
  endfacet
  facet normal -0.988288 -0.152601 0
    outer loop
      vertex -3.39525 9.05721 4
      vertex -3.37375 8.91797 0
      vertex -3.37375 8.91797 4
    endloop
  endfacet
  facet normal -0.969216 -0.246213 0
    outer loop
      vertex -3.33958 8.78346 0
      vertex -3.37375 8.91797 4
      vertex -3.37375 8.91797 0
    endloop
  endfacet
  facet normal -0.969216 -0.246213 0
    outer loop
      vertex -3.37375 8.91797 4
      vertex -3.33958 8.78346 0
      vertex -3.33958 8.78346 4
    endloop
  endfacet
  facet normal -0.934726 -0.355369 0
    outer loop
      vertex -3.33179 8.76297 0
      vertex -3.33958 8.78346 4
      vertex -3.33958 8.78346 0
    endloop
  endfacet
  facet normal -0.934726 -0.355369 0
    outer loop
      vertex -3.33958 8.78346 4
      vertex -3.33179 8.76297 0
      vertex -3.33179 8.76297 4
    endloop
  endfacet
  facet normal -0.382688 0.923878 0
    outer loop
      vertex -3.33179 8.76297 0
      vertex -3.84041 8.55229 4
      vertex -3.33179 8.76297 4
    endloop
  endfacet
  facet normal -0.382688 0.923878 0
    outer loop
      vertex -3.84041 8.55229 4
      vertex -3.33179 8.76297 0
      vertex -3.84041 8.55229 0
    endloop
  endfacet
  facet normal 0.912169 0.409815 0
    outer loop
      vertex -3.84041 8.55229 4
      vertex -3.8494 8.5723 0
      vertex -3.8494 8.5723 4
    endloop
  endfacet
  facet normal 0.912169 0.409815 0
    outer loop
      vertex -3.8494 8.5723 0
      vertex -3.84041 8.55229 4
      vertex -3.84041 8.55229 0
    endloop
  endfacet
  facet normal 0.859414 0.511281 0
    outer loop
      vertex -3.8494 8.5723 4
      vertex -3.92035 8.69156 0
      vertex -3.92035 8.69156 4
    endloop
  endfacet
  facet normal 0.859414 0.511281 0
    outer loop
      vertex -3.92035 8.69156 0
      vertex -3.8494 8.5723 4
      vertex -3.8494 8.5723 0
    endloop
  endfacet
  facet normal 0.806746 0.590899 0
    outer loop
      vertex -3.92035 8.69156 4
      vertex -4.0036 8.80522 0
      vertex -4.0036 8.80522 4
    endloop
  endfacet
  facet normal 0.806746 0.590899 0
    outer loop
      vertex -4.0036 8.80522 0
      vertex -3.92035 8.69156 4
      vertex -3.92035 8.69156 0
    endloop
  endfacet
  facet normal 0.768066 0.64037 0
    outer loop
      vertex -4.0036 8.80522 4
      vertex -4.09512 8.91499 0
      vertex -4.09512 8.91499 4
    endloop
  endfacet
  facet normal 0.768066 0.64037 0
    outer loop
      vertex -4.09512 8.91499 0
      vertex -4.0036 8.80522 4
      vertex -4.0036 8.80522 0
    endloop
  endfacet
  facet normal 0.734094 0.679048 0
    outer loop
      vertex -4.09512 8.91499 4
      vertex -4.19356 9.02141 0
      vertex -4.19356 9.02141 4
    endloop
  endfacet
  facet normal 0.734094 0.679048 0
    outer loop
      vertex -4.19356 9.02141 0
      vertex -4.09512 8.91499 4
      vertex -4.09512 8.91499 0
    endloop
  endfacet
  facet normal 0.702944 0.711245 -0
    outer loop
      vertex -4.19356 9.02141 0
      vertex -4.2981 9.12473 4
      vertex -4.19356 9.02141 4
    endloop
  endfacet
  facet normal 0.702944 0.711245 0
    outer loop
      vertex -4.2981 9.12473 4
      vertex -4.19356 9.02141 0
      vertex -4.2981 9.12473 0
    endloop
  endfacet
  facet normal 0.673558 0.739135 -0
    outer loop
      vertex -4.2981 9.12473 0
      vertex -4.40822 9.22508 4
      vertex -4.2981 9.12473 4
    endloop
  endfacet
  facet normal 0.673558 0.739135 0
    outer loop
      vertex -4.40822 9.22508 4
      vertex -4.2981 9.12473 0
      vertex -4.40822 9.22508 0
    endloop
  endfacet
  facet normal 0.645613 0.763665 -0
    outer loop
      vertex -4.40822 9.22508 0
      vertex -4.52356 9.32259 4
      vertex -4.40822 9.22508 4
    endloop
  endfacet
  facet normal 0.645613 0.763665 0
    outer loop
      vertex -4.52356 9.32259 4
      vertex -4.40822 9.22508 0
      vertex -4.52356 9.32259 0
    endloop
  endfacet
  facet normal 0.618476 0.785803 -0
    outer loop
      vertex -4.52356 9.32259 0
      vertex -4.64383 9.41725 4
      vertex -4.52356 9.32259 4
    endloop
  endfacet
  facet normal 0.618476 0.785803 0
    outer loop
      vertex -4.64383 9.41725 4
      vertex -4.52356 9.32259 0
      vertex -4.64383 9.41725 0
    endloop
  endfacet
  facet normal -0.453957 0.891024 0
    outer loop
      vertex -4.64383 9.41725 0
      vertex -4.88914 9.29227 4
      vertex -4.64383 9.41725 4
    endloop
  endfacet
  facet normal -0.453957 0.891024 0
    outer loop
      vertex -4.88914 9.29227 4
      vertex -4.64383 9.41725 0
      vertex -4.88914 9.29227 0
    endloop
  endfacet
  facet normal -0.999257 -0.0385485 0
    outer loop
      vertex -4.88324 9.13933 0
      vertex -4.88914 9.29227 4
      vertex -4.88914 9.29227 0
    endloop
  endfacet
  facet normal -0.999257 -0.0385485 0
    outer loop
      vertex -4.88914 9.29227 4
      vertex -4.88324 9.13933 0
      vertex -4.88324 9.13933 4
    endloop
  endfacet
  facet normal -0.997305 -0.0733644 0
    outer loop
      vertex -4.87216 8.98871 0
      vertex -4.88324 9.13933 4
      vertex -4.88324 9.13933 0
    endloop
  endfacet
  facet normal -0.997305 -0.0733644 0
    outer loop
      vertex -4.88324 9.13933 4
      vertex -4.87216 8.98871 0
      vertex -4.87216 8.98871 4
    endloop
  endfacet
  facet normal -0.99388 -0.110461 0
    outer loop
      vertex -4.8557 8.84061 0
      vertex -4.87216 8.98871 4
      vertex -4.87216 8.98871 0
    endloop
  endfacet
  facet normal -0.99388 -0.110461 0
    outer loop
      vertex -4.87216 8.98871 4
      vertex -4.8557 8.84061 0
      vertex -4.8557 8.84061 4
    endloop
  endfacet
  facet normal -0.988589 -0.150636 0
    outer loop
      vertex -4.83356 8.69531 0
      vertex -4.8557 8.84061 4
      vertex -4.8557 8.84061 0
    endloop
  endfacet
  facet normal -0.988589 -0.150636 0
    outer loop
      vertex -4.8557 8.84061 4
      vertex -4.83356 8.69531 0
      vertex -4.83356 8.69531 4
    endloop
  endfacet
  facet normal -0.980853 -0.194749 0
    outer loop
      vertex -4.80533 8.55313 0
      vertex -4.83356 8.69531 4
      vertex -4.83356 8.69531 0
    endloop
  endfacet
  facet normal -0.980853 -0.194749 0
    outer loop
      vertex -4.83356 8.69531 4
      vertex -4.80533 8.55313 0
      vertex -4.80533 8.55313 4
    endloop
  endfacet
  facet normal -0.969514 -0.245037 0
    outer loop
      vertex -4.77031 8.41457 0
      vertex -4.80533 8.55313 4
      vertex -4.80533 8.55313 0
    endloop
  endfacet
  facet normal -0.969514 -0.245037 0
    outer loop
      vertex -4.80533 8.55313 4
      vertex -4.77031 8.41457 0
      vertex -4.77031 8.41457 4
    endloop
  endfacet
  facet normal -0.952241 -0.305347 0
    outer loop
      vertex -4.72729 8.28041 0
      vertex -4.77031 8.41457 4
      vertex -4.77031 8.41457 0
    endloop
  endfacet
  facet normal -0.952241 -0.305347 0
    outer loop
      vertex -4.77031 8.41457 4
      vertex -4.72729 8.28041 0
      vertex -4.72729 8.28041 4
    endloop
  endfacet
  facet normal -0.918783 -0.394763 0
    outer loop
      vertex -4.6725 8.15289 0
      vertex -4.72729 8.28041 4
      vertex -4.72729 8.28041 0
    endloop
  endfacet
  facet normal -0.918783 -0.394763 0
    outer loop
      vertex -4.72729 8.28041 4
      vertex -4.6725 8.15289 0
      vertex -4.6725 8.15289 4
    endloop
  endfacet
  facet normal -0.867822 -0.496876 0
    outer loop
      vertex -4.66161 8.13387 0
      vertex -4.6725 8.15289 4
      vertex -4.6725 8.15289 0
    endloop
  endfacet
  facet normal -0.867822 -0.496876 0
    outer loop
      vertex -4.6725 8.15289 4
      vertex -4.66161 8.13387 0
      vertex -4.66161 8.13387 4
    endloop
  endfacet
  facet normal -0.522508 0.852634 0
    outer loop
      vertex -4.66161 8.13387 0
      vertex -5.131 7.84622 4
      vertex -4.66161 8.13387 4
    endloop
  endfacet
  facet normal -0.522508 0.852634 0
    outer loop
      vertex -5.131 7.84622 4
      vertex -4.66161 8.13387 0
      vertex -5.131 7.84622 0
    endloop
  endfacet
  facet normal 0.836857 0.547421 0
    outer loop
      vertex -5.131 7.84622 4
      vertex -5.14301 7.86458 0
      vertex -5.14301 7.86458 4
    endloop
  endfacet
  facet normal 0.836857 0.547421 0
    outer loop
      vertex -5.14301 7.86458 0
      vertex -5.131 7.84622 4
      vertex -5.131 7.84622 0
    endloop
  endfacet
  facet normal 0.768818 0.639468 0
    outer loop
      vertex -5.14301 7.86458 4
      vertex -5.23175 7.97127 0
      vertex -5.23175 7.97127 4
    endloop
  endfacet
  facet normal 0.768818 0.639468 0
    outer loop
      vertex -5.23175 7.97127 0
      vertex -5.14301 7.86458 4
      vertex -5.14301 7.86458 0
    endloop
  endfacet
  facet normal 0.704369 0.709834 -0
    outer loop
      vertex -5.23175 7.97127 0
      vertex -5.33176 8.07051 4
      vertex -5.23175 7.97127 4
    endloop
  endfacet
  facet normal 0.704369 0.709834 0
    outer loop
      vertex -5.33176 8.07051 4
      vertex -5.23175 7.97127 0
      vertex -5.33176 8.07051 0
    endloop
  endfacet
  facet normal 0.65841 0.752659 -0
    outer loop
      vertex -5.33176 8.07051 0
      vertex -5.43933 8.16461 4
      vertex -5.33176 8.07051 4
    endloop
  endfacet
  facet normal 0.65841 0.752659 0
    outer loop
      vertex -5.43933 8.16461 4
      vertex -5.33176 8.07051 0
      vertex -5.43933 8.16461 0
    endloop
  endfacet
  facet normal 0.618881 0.785485 -0
    outer loop
      vertex -5.43933 8.16461 0
      vertex -5.55319 8.25432 4
      vertex -5.43933 8.16461 4
    endloop
  endfacet
  facet normal 0.618881 0.785485 0
    outer loop
      vertex -5.55319 8.25432 4
      vertex -5.43933 8.16461 0
      vertex -5.55319 8.25432 0
    endloop
  endfacet
  facet normal 0.583058 0.81243 -0
    outer loop
      vertex -5.55319 8.25432 0
      vertex -5.67259 8.34001 4
      vertex -5.55319 8.25432 4
    endloop
  endfacet
  facet normal 0.583058 0.81243 0
    outer loop
      vertex -5.67259 8.34001 4
      vertex -5.55319 8.25432 0
      vertex -5.67259 8.34001 0
    endloop
  endfacet
  facet normal 0.549688 0.83537 -0
    outer loop
      vertex -5.67259 8.34001 0
      vertex -5.79707 8.42192 4
      vertex -5.67259 8.34001 4
    endloop
  endfacet
  facet normal 0.549688 0.83537 0
    outer loop
      vertex -5.79707 8.42192 4
      vertex -5.67259 8.34001 0
      vertex -5.79707 8.42192 0
    endloop
  endfacet
  facet normal 0.518104 0.855318 -0
    outer loop
      vertex -5.79707 8.42192 0
      vertex -5.92625 8.50017 4
      vertex -5.79707 8.42192 4
    endloop
  endfacet
  facet normal 0.518104 0.855318 0
    outer loop
      vertex -5.92625 8.50017 4
      vertex -5.79707 8.42192 0
      vertex -5.92625 8.50017 0
    endloop
  endfacet
  facet normal 0.488032 0.872826 -0
    outer loop
      vertex -5.92625 8.50017 0
      vertex -6.05983 8.57486 4
      vertex -5.92625 8.50017 4
    endloop
  endfacet
  facet normal 0.488032 0.872826 0
    outer loop
      vertex -6.05983 8.57486 4
      vertex -5.92625 8.50017 0
      vertex -6.05983 8.57486 0
    endloop
  endfacet
  facet normal -0.587792 0.809012 0
    outer loop
      vertex -6.05983 8.57486 0
      vertex -6.28258 8.41302 4
      vertex -6.05983 8.57486 4
    endloop
  endfacet
  facet normal -0.587792 0.809012 0
    outer loop
      vertex -6.28258 8.41302 4
      vertex -6.05983 8.57486 0
      vertex -6.28258 8.41302 0
    endloop
  endfacet
  facet normal -0.980913 -0.194445 0
    outer loop
      vertex -6.25282 8.26289 0
      vertex -6.28258 8.41302 4
      vertex -6.28258 8.41302 0
    endloop
  endfacet
  facet normal -0.980913 -0.194445 0
    outer loop
      vertex -6.28258 8.41302 4
      vertex -6.25282 8.26289 0
      vertex -6.25282 8.26289 4
    endloop
  endfacet
  facet normal -0.973558 -0.228441 0
    outer loop
      vertex -6.21832 8.11586 0
      vertex -6.25282 8.26289 4
      vertex -6.25282 8.26289 0
    endloop
  endfacet
  facet normal -0.973558 -0.228441 0
    outer loop
      vertex -6.25282 8.26289 4
      vertex -6.21832 8.11586 0
      vertex -6.21832 8.11586 4
    endloop
  endfacet
  facet normal -0.964351 -0.264628 0
    outer loop
      vertex -6.17889 7.97217 0
      vertex -6.21832 8.11586 4
      vertex -6.21832 8.11586 0
    endloop
  endfacet
  facet normal -0.964351 -0.264628 0
    outer loop
      vertex -6.21832 8.11586 4
      vertex -6.17889 7.97217 0
      vertex -6.17889 7.97217 4
    endloop
  endfacet
  facet normal -0.95285 -0.303442 0
    outer loop
      vertex -6.13429 7.83212 0
      vertex -6.17889 7.97217 4
      vertex -6.17889 7.97217 0
    endloop
  endfacet
  facet normal -0.95285 -0.303442 0
    outer loop
      vertex -6.17889 7.97217 4
      vertex -6.13429 7.83212 0
      vertex -6.13429 7.83212 4
    endloop
  endfacet
  facet normal -0.938318 -0.345772 0
    outer loop
      vertex -6.08417 7.69611 0
      vertex -6.13429 7.83212 4
      vertex -6.13429 7.83212 0
    endloop
  endfacet
  facet normal -0.938318 -0.345772 0
    outer loop
      vertex -6.13429 7.83212 4
      vertex -6.08417 7.69611 0
      vertex -6.08417 7.69611 4
    endloop
  endfacet
  facet normal -0.919261 -0.393649 0
    outer loop
      vertex -6.02791 7.56473 0
      vertex -6.08417 7.69611 4
      vertex -6.08417 7.69611 0
    endloop
  endfacet
  facet normal -0.919261 -0.393649 0
    outer loop
      vertex -6.08417 7.69611 4
      vertex -6.02791 7.56473 0
      vertex -6.02791 7.56473 4
    endloop
  endfacet
  facet normal -0.892746 -0.450561 0
    outer loop
      vertex -5.96443 7.43895 0
      vertex -6.02791 7.56473 4
      vertex -6.02791 7.56473 0
    endloop
  endfacet
  facet normal -0.892746 -0.450561 0
    outer loop
      vertex -6.02791 7.56473 4
      vertex -5.96443 7.43895 0
      vertex -5.96443 7.43895 4
    endloop
  endfacet
  facet normal -0.845744 -0.533589 0
    outer loop
      vertex -5.89038 7.32158 0
      vertex -5.96443 7.43895 4
      vertex -5.96443 7.43895 0
    endloop
  endfacet
  facet normal -0.845744 -0.533589 0
    outer loop
      vertex -5.96443 7.43895 4
      vertex -5.89038 7.32158 0
      vertex -5.89038 7.32158 4
    endloop
  endfacet
  facet normal -0.779131 -0.626861 0
    outer loop
      vertex -5.87663 7.30449 0
      vertex -5.89038 7.32158 4
      vertex -5.89038 7.32158 0
    endloop
  endfacet
  facet normal -0.779131 -0.626861 0
    outer loop
      vertex -5.89038 7.32158 4
      vertex -5.87663 7.30449 0
      vertex -5.87663 7.30449 4
    endloop
  endfacet
  facet normal -0.649434 0.760418 0
    outer loop
      vertex -5.87663 7.30449 0
      vertex -6.29526 6.94696 4
      vertex -5.87663 7.30449 4
    endloop
  endfacet
  facet normal -0.649434 0.760418 0
    outer loop
      vertex -6.29526 6.94696 4
      vertex -5.87663 7.30449 0
      vertex -6.29526 6.94696 0
    endloop
  endfacet
  facet normal 0.741136 0.671355 0
    outer loop
      vertex -6.29526 6.94696 4
      vertex -6.30998 6.96321 0
      vertex -6.30998 6.96321 4
    endloop
  endfacet
  facet normal 0.741136 0.671355 0
    outer loop
      vertex -6.30998 6.96321 0
      vertex -6.29526 6.94696 4
      vertex -6.29526 6.94696 0
    endloop
  endfacet
  facet normal 0.65929 0.751889 -0
    outer loop
      vertex -6.30998 6.96321 0
      vertex -6.41432 7.0547 4
      vertex -6.30998 6.96321 4
    endloop
  endfacet
  facet normal 0.65929 0.751889 0
    outer loop
      vertex -6.41432 7.0547 4
      vertex -6.30998 6.96321 0
      vertex -6.41432 7.0547 0
    endloop
  endfacet
  facet normal 0.584731 0.811227 -0
    outer loop
      vertex -6.41432 7.0547 0
      vertex -6.52861 7.13708 4
      vertex -6.41432 7.0547 4
    endloop
  endfacet
  facet normal 0.584731 0.811227 0
    outer loop
      vertex -6.52861 7.13708 4
      vertex -6.41432 7.0547 0
      vertex -6.52861 7.13708 0
    endloop
  endfacet
  facet normal 0.532581 0.846379 -0
    outer loop
      vertex -6.52861 7.13708 0
      vertex -6.64958 7.2132 4
      vertex -6.52861 7.13708 4
    endloop
  endfacet
  facet normal 0.532581 0.846379 0
    outer loop
      vertex -6.64958 7.2132 4
      vertex -6.52861 7.13708 0
      vertex -6.64958 7.2132 0
    endloop
  endfacet
  facet normal 0.488288 0.872682 -0
    outer loop
      vertex -6.64958 7.2132 0
      vertex -6.77608 7.28398 4
      vertex -6.64958 7.2132 4
    endloop
  endfacet
  facet normal 0.488288 0.872682 0
    outer loop
      vertex -6.77608 7.28398 4
      vertex -6.64958 7.2132 0
      vertex -6.77608 7.28398 0
    endloop
  endfacet
  facet normal 0.448846 0.893609 -0
    outer loop
      vertex -6.77608 7.28398 0
      vertex -6.90742 7.34995 4
      vertex -6.77608 7.28398 4
    endloop
  endfacet
  facet normal 0.448846 0.893609 0
    outer loop
      vertex -6.90742 7.34995 4
      vertex -6.77608 7.28398 0
      vertex -6.90742 7.34995 0
    endloop
  endfacet
  facet normal 0.412139 0.911121 -0
    outer loop
      vertex -6.90742 7.34995 0
      vertex -7.04318 7.41136 4
      vertex -6.90742 7.34995 4
    endloop
  endfacet
  facet normal 0.412139 0.911121 0
    outer loop
      vertex -7.04318 7.41136 4
      vertex -6.90742 7.34995 0
      vertex -7.04318 7.41136 0
    endloop
  endfacet
  facet normal 0.377957 0.925823 -0
    outer loop
      vertex -7.04318 7.41136 0
      vertex -7.183 7.46844 4
      vertex -7.04318 7.41136 4
    endloop
  endfacet
  facet normal 0.377957 0.925823 0
    outer loop
      vertex -7.183 7.46844 4
      vertex -7.04318 7.41136 0
      vertex -7.183 7.46844 0
    endloop
  endfacet
  facet normal 0.345496 0.93842 -0
    outer loop
      vertex -7.183 7.46844 0
      vertex -7.32663 7.52132 4
      vertex -7.183 7.46844 4
    endloop
  endfacet
  facet normal 0.345496 0.93842 0
    outer loop
      vertex -7.32663 7.52132 4
      vertex -7.183 7.46844 0
      vertex -7.32663 7.52132 0
    endloop
  endfacet
  facet normal -0.707107 0.707107 0
    outer loop
      vertex -7.52132 7.32663 0
      vertex -7.32663 7.52132 4
      vertex -7.32663 7.52132 0
    endloop
  endfacet
  facet normal -0.707107 0.707107 0
    outer loop
      vertex -7.32663 7.52132 4
      vertex -7.52132 7.32663 0
      vertex -7.52132 7.32663 4
    endloop
  endfacet
  facet normal -0.93842 -0.345496 0
    outer loop
      vertex -7.46844 7.183 0
      vertex -7.52132 7.32663 4
      vertex -7.52132 7.32663 0
    endloop
  endfacet
  facet normal -0.93842 -0.345496 0
    outer loop
      vertex -7.52132 7.32663 4
      vertex -7.46844 7.183 0
      vertex -7.46844 7.183 4
    endloop
  endfacet
  facet normal -0.925823 -0.377957 0
    outer loop
      vertex -7.41136 7.04318 0
      vertex -7.46844 7.183 4
      vertex -7.46844 7.183 0
    endloop
  endfacet
  facet normal -0.925823 -0.377957 0
    outer loop
      vertex -7.46844 7.183 4
      vertex -7.41136 7.04318 0
      vertex -7.41136 7.04318 4
    endloop
  endfacet
  facet normal -0.911121 -0.412139 0
    outer loop
      vertex -7.34995 6.90742 0
      vertex -7.41136 7.04318 4
      vertex -7.41136 7.04318 0
    endloop
  endfacet
  facet normal -0.911121 -0.412139 0
    outer loop
      vertex -7.41136 7.04318 4
      vertex -7.34995 6.90742 0
      vertex -7.34995 6.90742 4
    endloop
  endfacet
  facet normal -0.893609 -0.448846 0
    outer loop
      vertex -7.28398 6.77608 0
      vertex -7.34995 6.90742 4
      vertex -7.34995 6.90742 0
    endloop
  endfacet
  facet normal -0.893609 -0.448846 0
    outer loop
      vertex -7.34995 6.90742 4
      vertex -7.28398 6.77608 0
      vertex -7.28398 6.77608 4
    endloop
  endfacet
  facet normal -0.872682 -0.488288 0
    outer loop
      vertex -7.2132 6.64958 0
      vertex -7.28398 6.77608 4
      vertex -7.28398 6.77608 0
    endloop
  endfacet
  facet normal -0.872682 -0.488288 0
    outer loop
      vertex -7.28398 6.77608 4
      vertex -7.2132 6.64958 0
      vertex -7.2132 6.64958 4
    endloop
  endfacet
  facet normal -0.846379 -0.532581 0
    outer loop
      vertex -7.13708 6.52861 0
      vertex -7.2132 6.64958 4
      vertex -7.2132 6.64958 0
    endloop
  endfacet
  facet normal -0.846379 -0.532581 0
    outer loop
      vertex -7.2132 6.64958 4
      vertex -7.13708 6.52861 0
      vertex -7.13708 6.52861 4
    endloop
  endfacet
  facet normal -0.811227 -0.584731 0
    outer loop
      vertex -7.0547 6.41432 0
      vertex -7.13708 6.52861 4
      vertex -7.13708 6.52861 0
    endloop
  endfacet
  facet normal -0.811227 -0.584731 0
    outer loop
      vertex -7.13708 6.52861 4
      vertex -7.0547 6.41432 0
      vertex -7.0547 6.41432 4
    endloop
  endfacet
  facet normal -0.751889 -0.65929 0
    outer loop
      vertex -6.96321 6.30998 0
      vertex -7.0547 6.41432 4
      vertex -7.0547 6.41432 0
    endloop
  endfacet
  facet normal -0.751889 -0.65929 0
    outer loop
      vertex -7.0547 6.41432 4
      vertex -6.96321 6.30998 0
      vertex -6.96321 6.30998 4
    endloop
  endfacet
  facet normal -0.671355 -0.741136 0
    outer loop
      vertex -6.96321 6.30998 0
      vertex -6.94696 6.29526 4
      vertex -6.96321 6.30998 4
    endloop
  endfacet
  facet normal -0.671355 -0.741136 -0
    outer loop
      vertex -6.94696 6.29526 4
      vertex -6.96321 6.30998 0
      vertex -6.94696 6.29526 0
    endloop
  endfacet
  facet normal -0.760418 0.649434 0
    outer loop
      vertex -7.30449 5.87663 0
      vertex -6.94696 6.29526 4
      vertex -6.94696 6.29526 0
    endloop
  endfacet
  facet normal -0.760418 0.649434 0
    outer loop
      vertex -6.94696 6.29526 4
      vertex -7.30449 5.87663 0
      vertex -7.30449 5.87663 4
    endloop
  endfacet
  facet normal 0.626861 0.779131 -0
    outer loop
      vertex -7.30449 5.87663 0
      vertex -7.32158 5.89038 4
      vertex -7.30449 5.87663 4
    endloop
  endfacet
  facet normal 0.626861 0.779131 0
    outer loop
      vertex -7.32158 5.89038 4
      vertex -7.30449 5.87663 0
      vertex -7.32158 5.89038 0
    endloop
  endfacet
  facet normal 0.533589 0.845744 -0
    outer loop
      vertex -7.32158 5.89038 0
      vertex -7.43895 5.96443 4
      vertex -7.32158 5.89038 4
    endloop
  endfacet
  facet normal 0.533589 0.845744 0
    outer loop
      vertex -7.43895 5.96443 4
      vertex -7.32158 5.89038 0
      vertex -7.43895 5.96443 0
    endloop
  endfacet
  facet normal 0.450561 0.892746 -0
    outer loop
      vertex -7.43895 5.96443 0
      vertex -7.56473 6.02791 4
      vertex -7.43895 5.96443 4
    endloop
  endfacet
  facet normal 0.450561 0.892746 0
    outer loop
      vertex -7.56473 6.02791 4
      vertex -7.43895 5.96443 0
      vertex -7.56473 6.02791 0
    endloop
  endfacet
  facet normal 0.393649 0.919261 -0
    outer loop
      vertex -7.56473 6.02791 0
      vertex -7.69611 6.08417 4
      vertex -7.56473 6.02791 4
    endloop
  endfacet
  facet normal 0.393649 0.919261 0
    outer loop
      vertex -7.69611 6.08417 4
      vertex -7.56473 6.02791 0
      vertex -7.69611 6.08417 0
    endloop
  endfacet
  facet normal 0.345772 0.938318 -0
    outer loop
      vertex -7.69611 6.08417 0
      vertex -7.83212 6.13429 4
      vertex -7.69611 6.08417 4
    endloop
  endfacet
  facet normal 0.345772 0.938318 0
    outer loop
      vertex -7.83212 6.13429 4
      vertex -7.69611 6.08417 0
      vertex -7.83212 6.13429 0
    endloop
  endfacet
  facet normal 0.303442 0.95285 -0
    outer loop
      vertex -7.83212 6.13429 0
      vertex -7.97217 6.17889 4
      vertex -7.83212 6.13429 4
    endloop
  endfacet
  facet normal 0.303442 0.95285 0
    outer loop
      vertex -7.97217 6.17889 4
      vertex -7.83212 6.13429 0
      vertex -7.97217 6.17889 0
    endloop
  endfacet
  facet normal 0.264628 0.964351 -0
    outer loop
      vertex -7.97217 6.17889 0
      vertex -8.11586 6.21832 4
      vertex -7.97217 6.17889 4
    endloop
  endfacet
  facet normal 0.264628 0.964351 0
    outer loop
      vertex -8.11586 6.21832 4
      vertex -7.97217 6.17889 0
      vertex -8.11586 6.21832 0
    endloop
  endfacet
  facet normal 0.228441 0.973558 -0
    outer loop
      vertex -8.11586 6.21832 0
      vertex -8.26289 6.25282 4
      vertex -8.11586 6.21832 4
    endloop
  endfacet
  facet normal 0.228441 0.973558 0
    outer loop
      vertex -8.26289 6.25282 4
      vertex -8.11586 6.21832 0
      vertex -8.26289 6.25282 0
    endloop
  endfacet
  facet normal 0.194445 0.980913 -0
    outer loop
      vertex -8.26289 6.25282 0
      vertex -8.41302 6.28258 4
      vertex -8.26289 6.25282 4
    endloop
  endfacet
  facet normal 0.194445 0.980913 0
    outer loop
      vertex -8.41302 6.28258 4
      vertex -8.26289 6.25282 0
      vertex -8.41302 6.28258 0
    endloop
  endfacet
  facet normal -0.809012 0.587792 0
    outer loop
      vertex -8.57486 6.05983 0
      vertex -8.41302 6.28258 4
      vertex -8.41302 6.28258 0
    endloop
  endfacet
  facet normal -0.809012 0.587792 0
    outer loop
      vertex -8.41302 6.28258 4
      vertex -8.57486 6.05983 0
      vertex -8.57486 6.05983 4
    endloop
  endfacet
  facet normal -0.872826 -0.488032 0
    outer loop
      vertex -8.50017 5.92625 0
      vertex -8.57486 6.05983 4
      vertex -8.57486 6.05983 0
    endloop
  endfacet
  facet normal -0.872826 -0.488032 0
    outer loop
      vertex -8.57486 6.05983 4
      vertex -8.50017 5.92625 0
      vertex -8.50017 5.92625 4
    endloop
  endfacet
  facet normal -0.855318 -0.518104 0
    outer loop
      vertex -8.42192 5.79707 0
      vertex -8.50017 5.92625 4
      vertex -8.50017 5.92625 0
    endloop
  endfacet
  facet normal -0.855318 -0.518104 0
    outer loop
      vertex -8.50017 5.92625 4
      vertex -8.42192 5.79707 0
      vertex -8.42192 5.79707 4
    endloop
  endfacet
  facet normal -0.83537 -0.549688 0
    outer loop
      vertex -8.34001 5.67259 0
      vertex -8.42192 5.79707 4
      vertex -8.42192 5.79707 0
    endloop
  endfacet
  facet normal -0.83537 -0.549688 0
    outer loop
      vertex -8.42192 5.79707 4
      vertex -8.34001 5.67259 0
      vertex -8.34001 5.67259 4
    endloop
  endfacet
  facet normal -0.81243 -0.583058 0
    outer loop
      vertex -8.25432 5.55319 0
      vertex -8.34001 5.67259 4
      vertex -8.34001 5.67259 0
    endloop
  endfacet
  facet normal -0.81243 -0.583058 0
    outer loop
      vertex -8.34001 5.67259 4
      vertex -8.25432 5.55319 0
      vertex -8.25432 5.55319 4
    endloop
  endfacet
  facet normal -0.785485 -0.618881 0
    outer loop
      vertex -8.16461 5.43933 0
      vertex -8.25432 5.55319 4
      vertex -8.25432 5.55319 0
    endloop
  endfacet
  facet normal -0.785485 -0.618881 0
    outer loop
      vertex -8.25432 5.55319 4
      vertex -8.16461 5.43933 0
      vertex -8.16461 5.43933 4
    endloop
  endfacet
  facet normal -0.752659 -0.65841 0
    outer loop
      vertex -8.07051 5.33176 0
      vertex -8.16461 5.43933 4
      vertex -8.16461 5.43933 0
    endloop
  endfacet
  facet normal -0.752659 -0.65841 0
    outer loop
      vertex -8.16461 5.43933 4
      vertex -8.07051 5.33176 0
      vertex -8.07051 5.33176 4
    endloop
  endfacet
  facet normal -0.709834 -0.704369 0
    outer loop
      vertex -7.97127 5.23175 0
      vertex -8.07051 5.33176 4
      vertex -8.07051 5.33176 0
    endloop
  endfacet
  facet normal -0.709834 -0.704369 0
    outer loop
      vertex -8.07051 5.33176 4
      vertex -7.97127 5.23175 0
      vertex -7.97127 5.23175 4
    endloop
  endfacet
  facet normal -0.639468 -0.768818 0
    outer loop
      vertex -7.97127 5.23175 0
      vertex -7.86458 5.14301 4
      vertex -7.97127 5.23175 4
    endloop
  endfacet
  facet normal -0.639468 -0.768818 -0
    outer loop
      vertex -7.86458 5.14301 4
      vertex -7.97127 5.23175 0
      vertex -7.86458 5.14301 0
    endloop
  endfacet
  facet normal -0.547421 -0.836857 0
    outer loop
      vertex -7.86458 5.14301 0
      vertex -7.84622 5.131 4
      vertex -7.86458 5.14301 4
    endloop
  endfacet
  facet normal -0.547421 -0.836857 -0
    outer loop
      vertex -7.84622 5.131 4
      vertex -7.86458 5.14301 0
      vertex -7.84622 5.131 0
    endloop
  endfacet
  facet normal -0.852634 0.522508 0
    outer loop
      vertex -8.13387 4.66161 0
      vertex -7.84622 5.131 4
      vertex -7.84622 5.131 0
    endloop
  endfacet
  facet normal -0.852634 0.522508 0
    outer loop
      vertex -7.84622 5.131 4
      vertex -8.13387 4.66161 0
      vertex -8.13387 4.66161 4
    endloop
  endfacet
  facet normal 0.496876 0.867822 -0
    outer loop
      vertex -8.13387 4.66161 0
      vertex -8.15289 4.6725 4
      vertex -8.13387 4.66161 4
    endloop
  endfacet
  facet normal 0.496876 0.867822 0
    outer loop
      vertex -8.15289 4.6725 4
      vertex -8.13387 4.66161 0
      vertex -8.15289 4.6725 0
    endloop
  endfacet
  facet normal 0.394763 0.918783 -0
    outer loop
      vertex -8.15289 4.6725 0
      vertex -8.28041 4.72729 4
      vertex -8.15289 4.6725 4
    endloop
  endfacet
  facet normal 0.394763 0.918783 0
    outer loop
      vertex -8.28041 4.72729 4
      vertex -8.15289 4.6725 0
      vertex -8.28041 4.72729 0
    endloop
  endfacet
  facet normal 0.305347 0.952241 -0
    outer loop
      vertex -8.28041 4.72729 0
      vertex -8.41457 4.77031 4
      vertex -8.28041 4.72729 4
    endloop
  endfacet
  facet normal 0.305347 0.952241 0
    outer loop
      vertex -8.41457 4.77031 4
      vertex -8.28041 4.72729 0
      vertex -8.41457 4.77031 0
    endloop
  endfacet
  facet normal 0.245037 0.969514 -0
    outer loop
      vertex -8.41457 4.77031 0
      vertex -8.55313 4.80533 4
      vertex -8.41457 4.77031 4
    endloop
  endfacet
  facet normal 0.245037 0.969514 0
    outer loop
      vertex -8.55313 4.80533 4
      vertex -8.41457 4.77031 0
      vertex -8.55313 4.80533 0
    endloop
  endfacet
  facet normal 0.194749 0.980853 -0
    outer loop
      vertex -8.55313 4.80533 0
      vertex -8.69531 4.83356 4
      vertex -8.55313 4.80533 4
    endloop
  endfacet
  facet normal 0.194749 0.980853 0
    outer loop
      vertex -8.69531 4.83356 4
      vertex -8.55313 4.80533 0
      vertex -8.69531 4.83356 0
    endloop
  endfacet
  facet normal 0.150636 0.988589 -0
    outer loop
      vertex -8.69531 4.83356 0
      vertex -8.84061 4.8557 4
      vertex -8.69531 4.83356 4
    endloop
  endfacet
  facet normal 0.150636 0.988589 0
    outer loop
      vertex -8.84061 4.8557 4
      vertex -8.69531 4.83356 0
      vertex -8.84061 4.8557 0
    endloop
  endfacet
  facet normal 0.110461 0.99388 -0
    outer loop
      vertex -8.84061 4.8557 0
      vertex -8.98871 4.87216 4
      vertex -8.84061 4.8557 4
    endloop
  endfacet
  facet normal 0.110461 0.99388 0
    outer loop
      vertex -8.98871 4.87216 4
      vertex -8.84061 4.8557 0
      vertex -8.98871 4.87216 0
    endloop
  endfacet
  facet normal 0.0733644 0.997305 -0
    outer loop
      vertex -8.98871 4.87216 0
      vertex -9.13933 4.88324 4
      vertex -8.98871 4.87216 4
    endloop
  endfacet
  facet normal 0.0733644 0.997305 0
    outer loop
      vertex -9.13933 4.88324 4
      vertex -8.98871 4.87216 0
      vertex -9.13933 4.88324 0
    endloop
  endfacet
  facet normal 0.0385485 0.999257 -0
    outer loop
      vertex -9.13933 4.88324 0
      vertex -9.29227 4.88914 4
      vertex -9.13933 4.88324 4
    endloop
  endfacet
  facet normal 0.0385485 0.999257 0
    outer loop
      vertex -9.29227 4.88914 4
      vertex -9.13933 4.88324 0
      vertex -9.29227 4.88914 0
    endloop
  endfacet
  facet normal -0.891024 0.453957 0
    outer loop
      vertex -9.41725 4.64383 0
      vertex -9.29227 4.88914 4
      vertex -9.29227 4.88914 0
    endloop
  endfacet
  facet normal -0.891024 0.453957 0
    outer loop
      vertex -9.29227 4.88914 4
      vertex -9.41725 4.64383 0
      vertex -9.41725 4.64383 4
    endloop
  endfacet
  facet normal -0.785803 -0.618476 0
    outer loop
      vertex -9.32259 4.52356 0
      vertex -9.41725 4.64383 4
      vertex -9.41725 4.64383 0
    endloop
  endfacet
  facet normal -0.785803 -0.618476 0
    outer loop
      vertex -9.41725 4.64383 4
      vertex -9.32259 4.52356 0
      vertex -9.32259 4.52356 4
    endloop
  endfacet
  facet normal -0.763665 -0.645613 0
    outer loop
      vertex -9.22508 4.40822 0
      vertex -9.32259 4.52356 4
      vertex -9.32259 4.52356 0
    endloop
  endfacet
  facet normal -0.763665 -0.645613 0
    outer loop
      vertex -9.32259 4.52356 4
      vertex -9.22508 4.40822 0
      vertex -9.22508 4.40822 4
    endloop
  endfacet
  facet normal -0.739135 -0.673558 0
    outer loop
      vertex -9.12473 4.2981 0
      vertex -9.22508 4.40822 4
      vertex -9.22508 4.40822 0
    endloop
  endfacet
  facet normal -0.739135 -0.673558 0
    outer loop
      vertex -9.22508 4.40822 4
      vertex -9.12473 4.2981 0
      vertex -9.12473 4.2981 4
    endloop
  endfacet
  facet normal -0.711245 -0.702944 0
    outer loop
      vertex -9.02141 4.19356 0
      vertex -9.12473 4.2981 4
      vertex -9.12473 4.2981 0
    endloop
  endfacet
  facet normal -0.711245 -0.702944 0
    outer loop
      vertex -9.12473 4.2981 4
      vertex -9.02141 4.19356 0
      vertex -9.02141 4.19356 4
    endloop
  endfacet
  facet normal -0.679048 -0.734094 0
    outer loop
      vertex -9.02141 4.19356 0
      vertex -8.91499 4.09512 4
      vertex -9.02141 4.19356 4
    endloop
  endfacet
  facet normal -0.679048 -0.734094 -0
    outer loop
      vertex -8.91499 4.09512 4
      vertex -9.02141 4.19356 0
      vertex -8.91499 4.09512 0
    endloop
  endfacet
  facet normal -0.64037 -0.768066 0
    outer loop
      vertex -8.91499 4.09512 0
      vertex -8.80522 4.0036 4
      vertex -8.91499 4.09512 4
    endloop
  endfacet
  facet normal -0.64037 -0.768066 -0
    outer loop
      vertex -8.80522 4.0036 4
      vertex -8.91499 4.09512 0
      vertex -8.80522 4.0036 0
    endloop
  endfacet
  facet normal -0.590899 -0.806746 0
    outer loop
      vertex -8.80522 4.0036 0
      vertex -8.69156 3.92035 4
      vertex -8.80522 4.0036 4
    endloop
  endfacet
  facet normal -0.590899 -0.806746 -0
    outer loop
      vertex -8.69156 3.92035 4
      vertex -8.80522 4.0036 0
      vertex -8.69156 3.92035 0
    endloop
  endfacet
  facet normal -0.511281 -0.859414 0
    outer loop
      vertex -8.69156 3.92035 0
      vertex -8.5723 3.8494 4
      vertex -8.69156 3.92035 4
    endloop
  endfacet
  facet normal -0.511281 -0.859414 -0
    outer loop
      vertex -8.5723 3.8494 4
      vertex -8.69156 3.92035 0
      vertex -8.5723 3.8494 0
    endloop
  endfacet
  facet normal -0.409815 -0.912169 0
    outer loop
      vertex -8.5723 3.8494 0
      vertex -8.55229 3.84041 4
      vertex -8.5723 3.8494 4
    endloop
  endfacet
  facet normal -0.409815 -0.912169 -0
    outer loop
      vertex -8.55229 3.84041 4
      vertex -8.5723 3.8494 0
      vertex -8.55229 3.84041 0
    endloop
  endfacet
  facet normal -0.923878 0.382688 0
    outer loop
      vertex -8.76297 3.33179 0
      vertex -8.55229 3.84041 4
      vertex -8.55229 3.84041 0
    endloop
  endfacet
  facet normal -0.923878 0.382688 0
    outer loop
      vertex -8.55229 3.84041 4
      vertex -8.76297 3.33179 0
      vertex -8.76297 3.33179 4
    endloop
  endfacet
  facet normal 0.355369 0.934726 -0
    outer loop
      vertex -8.76297 3.33179 0
      vertex -8.78346 3.33958 4
      vertex -8.76297 3.33179 4
    endloop
  endfacet
  facet normal 0.355369 0.934726 0
    outer loop
      vertex -8.78346 3.33958 4
      vertex -8.76297 3.33179 0
      vertex -8.78346 3.33958 0
    endloop
  endfacet
  facet normal 0.246213 0.969216 -0
    outer loop
      vertex -8.78346 3.33958 0
      vertex -8.91797 3.37375 4
      vertex -8.78346 3.33958 4
    endloop
  endfacet
  facet normal 0.246213 0.969216 0
    outer loop
      vertex -8.91797 3.37375 4
      vertex -8.78346 3.33958 0
      vertex -8.91797 3.37375 0
    endloop
  endfacet
  facet normal 0.152601 0.988288 -0
    outer loop
      vertex -8.91797 3.37375 0
      vertex -9.05721 3.39525 4
      vertex -8.91797 3.37375 4
    endloop
  endfacet
  facet normal 0.152601 0.988288 0
    outer loop
      vertex -9.05721 3.39525 4
      vertex -8.91797 3.37375 0
      vertex -9.05721 3.39525 0
    endloop
  endfacet
  facet normal 0.0903276 0.995912 -0
    outer loop
      vertex -9.05721 3.39525 0
      vertex -9.19955 3.40816 4
      vertex -9.05721 3.39525 4
    endloop
  endfacet
  facet normal 0.0903276 0.995912 0
    outer loop
      vertex -9.19955 3.40816 4
      vertex -9.05721 3.39525 0
      vertex -9.19955 3.40816 0
    endloop
  endfacet
  facet normal 0.03891 0.999243 -0
    outer loop
      vertex -9.19955 3.40816 0
      vertex -9.34439 3.4138 4
      vertex -9.19955 3.40816 4
    endloop
  endfacet
  facet normal 0.03891 0.999243 0
    outer loop
      vertex -9.34439 3.4138 4
      vertex -9.19955 3.40816 0
      vertex -9.34439 3.4138 0
    endloop
  endfacet
  facet normal -0.00591947 0.999982 0
    outer loop
      vertex -9.34439 3.4138 0
      vertex -9.49136 3.41293 4
      vertex -9.34439 3.4138 4
    endloop
  endfacet
  facet normal -0.00591947 0.999982 0
    outer loop
      vertex -9.49136 3.41293 4
      vertex -9.34439 3.4138 0
      vertex -9.49136 3.41293 0
    endloop
  endfacet
  facet normal -0.0462387 0.99893 0
    outer loop
      vertex -9.49136 3.41293 0
      vertex -9.64021 3.40604 4
      vertex -9.49136 3.41293 4
    endloop
  endfacet
  facet normal -0.0462387 0.99893 0
    outer loop
      vertex -9.64021 3.40604 4
      vertex -9.49136 3.41293 0
      vertex -9.64021 3.40604 0
    endloop
  endfacet
  facet normal -0.0835606 0.996503 0
    outer loop
      vertex -9.64021 3.40604 0
      vertex -9.79071 3.39342 4
      vertex -9.64021 3.40604 4
    endloop
  endfacet
  facet normal -0.0835606 0.996503 0
    outer loop
      vertex -9.79071 3.39342 4
      vertex -9.64021 3.40604 0
      vertex -9.79071 3.39342 0
    endloop
  endfacet
  facet normal -0.118259 0.992983 0
    outer loop
      vertex -9.79071 3.39342 0
      vertex -9.94269 3.37532 4
      vertex -9.79071 3.39342 4
    endloop
  endfacet
  facet normal -0.118259 0.992983 0
    outer loop
      vertex -9.94269 3.37532 4
      vertex -9.79071 3.39342 0
      vertex -9.94269 3.37532 0
    endloop
  endfacet
  facet normal -0.951028 0.309104 0
    outer loop
      vertex -10.0278 3.11346 0
      vertex -9.94269 3.37532 4
      vertex -9.94269 3.37532 0
    endloop
  endfacet
  facet normal -0.951028 0.309104 0
    outer loop
      vertex -9.94269 3.37532 4
      vertex -10.0278 3.11346 0
      vertex -10.0278 3.11346 4
    endloop
  endfacet
  facet normal -0.679205 -0.733949 0
    outer loop
      vertex -10.0278 3.11346 0
      vertex -9.91545 3.00949 4
      vertex -10.0278 3.11346 4
    endloop
  endfacet
  facet normal -0.679205 -0.733949 -0
    outer loop
      vertex -9.91545 3.00949 4
      vertex -10.0278 3.11346 0
      vertex -9.91545 3.00949 0
    endloop
  endfacet
  facet normal -0.653318 -0.757084 0
    outer loop
      vertex -9.91545 3.00949 0
      vertex -9.80112 2.91083 4
      vertex -9.91545 3.00949 4
    endloop
  endfacet
  facet normal -0.653318 -0.757084 -0
    outer loop
      vertex -9.80112 2.91083 4
      vertex -9.91545 3.00949 0
      vertex -9.80112 2.91083 0
    endloop
  endfacet
  facet normal -0.62463 -0.780921 0
    outer loop
      vertex -9.80112 2.91083 0
      vertex -9.68475 2.81775 4
      vertex -9.80112 2.91083 4
    endloop
  endfacet
  facet normal -0.62463 -0.780921 -0
    outer loop
      vertex -9.68475 2.81775 4
      vertex -9.80112 2.91083 0
      vertex -9.68475 2.81775 0
    endloop
  endfacet
  facet normal -0.592516 -0.805558 0
    outer loop
      vertex -9.68475 2.81775 0
      vertex -9.56636 2.73067 4
      vertex -9.68475 2.81775 4
    endloop
  endfacet
  facet normal -0.592516 -0.805558 -0
    outer loop
      vertex -9.56636 2.73067 4
      vertex -9.68475 2.81775 0
      vertex -9.56636 2.73067 0
    endloop
  endfacet
  facet normal -0.55583 -0.831296 0
    outer loop
      vertex -9.56636 2.73067 0
      vertex -9.44586 2.6501 4
      vertex -9.56636 2.73067 4
    endloop
  endfacet
  facet normal -0.55583 -0.831296 -0
    outer loop
      vertex -9.44586 2.6501 4
      vertex -9.56636 2.73067 0
      vertex -9.44586 2.6501 0
    endloop
  endfacet
  facet normal -0.512364 -0.858768 0
    outer loop
      vertex -9.44586 2.6501 0
      vertex -9.32312 2.57687 4
      vertex -9.44586 2.6501 4
    endloop
  endfacet
  facet normal -0.512364 -0.858768 -0
    outer loop
      vertex -9.32312 2.57687 4
      vertex -9.44586 2.6501 0
      vertex -9.32312 2.57687 0
    endloop
  endfacet
  facet normal -0.457433 -0.889244 0
    outer loop
      vertex -9.32312 2.57687 0
      vertex -9.19783 2.51242 4
      vertex -9.32312 2.57687 4
    endloop
  endfacet
  facet normal -0.457433 -0.889244 -0
    outer loop
      vertex -9.19783 2.51242 4
      vertex -9.32312 2.57687 0
      vertex -9.19783 2.51242 0
    endloop
  endfacet
  facet normal -0.370546 -0.928814 0
    outer loop
      vertex -9.19783 2.51242 0
      vertex -9.06894 2.461 4
      vertex -9.19783 2.51242 4
    endloop
  endfacet
  facet normal -0.370546 -0.928814 -0
    outer loop
      vertex -9.06894 2.461 4
      vertex -9.19783 2.51242 0
      vertex -9.06894 2.461 0
    endloop
  endfacet
  facet normal -0.261805 -0.965121 0
    outer loop
      vertex -9.06894 2.461 0
      vertex -9.04778 2.45526 4
      vertex -9.06894 2.461 4
    endloop
  endfacet
  facet normal -0.261805 -0.965121 -0
    outer loop
      vertex -9.04778 2.45526 4
      vertex -9.06894 2.461 0
      vertex -9.04778 2.45526 0
    endloop
  endfacet
  facet normal -0.972378 0.233413 0
    outer loop
      vertex -9.17628 1.91994 0
      vertex -9.04778 2.45526 4
      vertex -9.04778 2.45526 0
    endloop
  endfacet
  facet normal -0.972378 0.233413 0
    outer loop
      vertex -9.04778 2.45526 4
      vertex -9.17628 1.91994 0
      vertex -9.17628 1.91994 4
    endloop
  endfacet
  facet normal 0.205137 0.978733 -0
    outer loop
      vertex -9.17628 1.91994 0
      vertex -9.19775 1.92444 4
      vertex -9.17628 1.91994 4
    endloop
  endfacet
  facet normal 0.205137 0.978733 0
    outer loop
      vertex -9.19775 1.92444 4
      vertex -9.17628 1.91994 0
      vertex -9.19775 1.92444 0
    endloop
  endfacet
  facet normal 0.0914388 0.995811 -0
    outer loop
      vertex -9.19775 1.92444 0
      vertex -9.33595 1.93713 4
      vertex -9.19775 1.92444 4
    endloop
  endfacet
  facet normal 0.0914388 0.995811 0
    outer loop
      vertex -9.33595 1.93713 4
      vertex -9.19775 1.92444 0
      vertex -9.33595 1.93713 0
    endloop
  endfacet
  facet normal -0.00376177 0.999993 0
    outer loop
      vertex -9.33595 1.93713 0
      vertex -9.47684 1.9366 4
      vertex -9.33595 1.93713 4
    endloop
  endfacet
  facet normal -0.00376177 0.999993 0
    outer loop
      vertex -9.47684 1.9366 4
      vertex -9.33595 1.93713 0
      vertex -9.47684 1.9366 0
    endloop
  endfacet
  facet normal -0.0667465 0.99777 0
    outer loop
      vertex -9.47684 1.9366 0
      vertex -9.61945 1.92706 4
      vertex -9.47684 1.9366 4
    endloop
  endfacet
  facet normal -0.0667465 0.99777 0
    outer loop
      vertex -9.61945 1.92706 4
      vertex -9.47684 1.9366 0
      vertex -9.61945 1.92706 0
    endloop
  endfacet
  facet normal -0.117774 0.99304 0
    outer loop
      vertex -9.61945 1.92706 0
      vertex -9.76338 1.90999 4
      vertex -9.61945 1.92706 4
    endloop
  endfacet
  facet normal -0.117774 0.99304 0
    outer loop
      vertex -9.76338 1.90999 4
      vertex -9.61945 1.92706 0
      vertex -9.76338 1.90999 0
    endloop
  endfacet
  facet normal -0.162258 0.986748 0
    outer loop
      vertex -9.76338 1.90999 0
      vertex -9.90842 1.88614 4
      vertex -9.76338 1.90999 4
    endloop
  endfacet
  facet normal -0.162258 0.986748 0
    outer loop
      vertex -9.90842 1.88614 4
      vertex -9.76338 1.90999 0
      vertex -9.90842 1.88614 0
    endloop
  endfacet
  facet normal -0.202009 0.979384 0
    outer loop
      vertex -9.90842 1.88614 0
      vertex -10.0544 1.85603 4
      vertex -9.90842 1.88614 4
    endloop
  endfacet
  facet normal -0.202009 0.979384 0
    outer loop
      vertex -10.0544 1.85603 4
      vertex -9.90842 1.88614 0
      vertex -10.0544 1.85603 0
    endloop
  endfacet
  facet normal -0.238543 0.971132 0
    outer loop
      vertex -10.0544 1.85603 0
      vertex -10.201 1.82002 4
      vertex -10.0544 1.85603 4
    endloop
  endfacet
  facet normal -0.238543 0.971132 0
    outer loop
      vertex -10.201 1.82002 4
      vertex -10.0544 1.85603 0
      vertex -10.201 1.82002 0
    endloop
  endfacet
  facet normal -0.272028 0.962289 0
    outer loop
      vertex -10.201 1.82002 0
      vertex -10.3483 1.77838 4
      vertex -10.201 1.82002 4
    endloop
  endfacet
  facet normal -0.272028 0.962289 0
    outer loop
      vertex -10.3483 1.77838 4
      vertex -10.201 1.82002 0
      vertex -10.3483 1.77838 0
    endloop
  endfacet
  facet normal -0.987672 0.156537 0
    outer loop
      vertex -10.3914 1.50644 0
      vertex -10.3483 1.77838 4
      vertex -10.3483 1.77838 0
    endloop
  endfacet
  facet normal -0.987672 0.156537 0
    outer loop
      vertex -10.3483 1.77838 4
      vertex -10.3914 1.50644 0
      vertex -10.3914 1.50644 4
    endloop
  endfacet
  facet normal -0.556102 -0.831114 0
    outer loop
      vertex -10.3914 1.50644 0
      vertex -10.2642 1.42133 4
      vertex -10.3914 1.50644 4
    endloop
  endfacet
  facet normal -0.556102 -0.831114 -0
    outer loop
      vertex -10.2642 1.42133 4
      vertex -10.3914 1.50644 0
      vertex -10.2642 1.42133 0
    endloop
  endfacet
  facet normal -0.526806 -0.849986 0
    outer loop
      vertex -10.2642 1.42133 0
      vertex -10.1358 1.34175 4
      vertex -10.2642 1.42133 4
    endloop
  endfacet
  facet normal -0.526806 -0.849986 -0
    outer loop
      vertex -10.1358 1.34175 4
      vertex -10.2642 1.42133 0
      vertex -10.1358 1.34175 0
    endloop
  endfacet
  facet normal -0.494671 -0.86908 0
    outer loop
      vertex -10.1358 1.34175 0
      vertex -10.0063 1.26804 4
      vertex -10.1358 1.34175 4
    endloop
  endfacet
  facet normal -0.494671 -0.86908 -0
    outer loop
      vertex -10.0063 1.26804 4
      vertex -10.1358 1.34175 0
      vertex -10.0063 1.26804 0
    endloop
  endfacet
  facet normal -0.459338 -0.888262 0
    outer loop
      vertex -10.0063 1.26804 0
      vertex -9.87575 1.20053 4
      vertex -10.0063 1.26804 4
    endloop
  endfacet
  facet normal -0.459338 -0.888262 -0
    outer loop
      vertex -9.87575 1.20053 4
      vertex -10.0063 1.26804 0
      vertex -9.87575 1.20053 0
    endloop
  endfacet
  facet normal -0.418844 -0.908058 0
    outer loop
      vertex -9.87575 1.20053 0
      vertex -9.74413 1.13982 4
      vertex -9.87575 1.20053 4
    endloop
  endfacet
  facet normal -0.418844 -0.908058 -0
    outer loop
      vertex -9.74413 1.13982 4
      vertex -9.87575 1.20053 0
      vertex -9.74413 1.13982 0
    endloop
  endfacet
  facet normal -0.37174 -0.928337 0
    outer loop
      vertex -9.74413 1.13982 0
      vertex -9.61145 1.08669 4
      vertex -9.74413 1.13982 4
    endloop
  endfacet
  facet normal -0.37174 -0.928337 -0
    outer loop
      vertex -9.61145 1.08669 4
      vertex -9.74413 1.13982 0
      vertex -9.61145 1.08669 0
    endloop
  endfacet
  facet normal -0.312733 -0.949841 0
    outer loop
      vertex -9.61145 1.08669 0
      vertex -9.47763 1.04263 4
      vertex -9.61145 1.08669 4
    endloop
  endfacet
  facet normal -0.312733 -0.949841 -0
    outer loop
      vertex -9.47763 1.04263 4
      vertex -9.61145 1.08669 0
      vertex -9.47763 1.04263 0
    endloop
  endfacet
  facet normal -0.220637 -0.975356 0
    outer loop
      vertex -9.47763 1.04263 0
      vertex -9.34227 1.01201 4
      vertex -9.47763 1.04263 4
    endloop
  endfacet
  facet normal -0.220637 -0.975356 -0
    outer loop
      vertex -9.34227 1.01201 4
      vertex -9.47763 1.04263 0
      vertex -9.34227 1.01201 0
    endloop
  endfacet
  facet normal -0.108079 -0.994142 0
    outer loop
      vertex -9.34227 1.01201 0
      vertex -9.32047 1.00964 4
      vertex -9.34227 1.01201 4
    endloop
  endfacet
  facet normal -0.108079 -0.994142 -0
    outer loop
      vertex -9.32047 1.00964 4
      vertex -9.34227 1.01201 0
      vertex -9.32047 1.00964 0
    endloop
  endfacet
  facet normal -0.996918 0.0784528 0
    outer loop
      vertex -9.36366 0.460815 0
      vertex -9.32047 1.00964 4
      vertex -9.32047 1.00964 0
    endloop
  endfacet
  facet normal -0.996918 0.0784528 0
    outer loop
      vertex -9.32047 1.00964 4
      vertex -9.36366 0.460815 0
      vertex -9.36366 0.460815 4
    endloop
  endfacet
  facet normal 0.0494372 0.998777 -0
    outer loop
      vertex -9.36366 0.460815 0
      vertex -9.38556 0.461899 4
      vertex -9.36366 0.460815 4
    endloop
  endfacet
  facet normal 0.0494372 0.998777 0
    outer loop
      vertex -9.38556 0.461899 4
      vertex -9.36366 0.460815 0
      vertex -9.38556 0.461899 0
    endloop
  endfacet
  facet normal -0.0654167 0.997858 0
    outer loop
      vertex -9.38556 0.461899 0
      vertex -9.52405 0.45282 4
      vertex -9.38556 0.461899 4
    endloop
  endfacet
  facet normal -0.0654167 0.997858 0
    outer loop
      vertex -9.52405 0.45282 4
      vertex -9.38556 0.461899 0
      vertex -9.52405 0.45282 0
    endloop
  endfacet
  facet normal -0.160183 0.987087 0
    outer loop
      vertex -9.52405 0.45282 0
      vertex -9.66312 0.430252 4
      vertex -9.52405 0.45282 4
    endloop
  endfacet
  facet normal -0.160183 0.987087 0
    outer loop
      vertex -9.66312 0.430252 4
      vertex -9.52405 0.45282 0
      vertex -9.66312 0.430252 0
    endloop
  endfacet
  facet normal -0.221971 0.975053 0
    outer loop
      vertex -9.66312 0.430252 0
      vertex -9.80247 0.398529 4
      vertex -9.66312 0.430252 4
    endloop
  endfacet
  facet normal -0.221971 0.975053 0
    outer loop
      vertex -9.80247 0.398529 4
      vertex -9.66312 0.430252 0
      vertex -9.80247 0.398529 0
    endloop
  endfacet
  facet normal -0.271696 0.962383 0
    outer loop
      vertex -9.80247 0.398529 0
      vertex -9.94197 0.359146 4
      vertex -9.80247 0.398529 4
    endloop
  endfacet
  facet normal -0.271696 0.962383 0
    outer loop
      vertex -9.94197 0.359146 4
      vertex -9.80247 0.398529 0
      vertex -9.94197 0.359146 0
    endloop
  endfacet
  facet normal -0.314629 0.949215 0
    outer loop
      vertex -9.94197 0.359146 0
      vertex -10.0815 0.312897 4
      vertex -9.94197 0.359146 4
    endloop
  endfacet
  facet normal -0.314629 0.949215 0
    outer loop
      vertex -10.0815 0.312897 4
      vertex -9.94197 0.359146 0
      vertex -10.0815 0.312897 0
    endloop
  endfacet
  facet normal -0.352841 0.935683 0
    outer loop
      vertex -10.0815 0.312897 0
      vertex -10.2209 0.26033 4
      vertex -10.0815 0.312897 4
    endloop
  endfacet
  facet normal -0.352841 0.935683 0
    outer loop
      vertex -10.2209 0.26033 4
      vertex -10.0815 0.312897 0
      vertex -10.2209 0.26033 0
    endloop
  endfacet
  facet normal -0.387446 0.921892 0
    outer loop
      vertex -10.2209 0.26033 0
      vertex -10.3601 0.201828 4
      vertex -10.2209 0.26033 4
    endloop
  endfacet
  facet normal -0.387446 0.921892 0
    outer loop
      vertex -10.3601 0.201828 4
      vertex -10.2209 0.26033 0
      vertex -10.3601 0.201828 0
    endloop
  endfacet
  facet normal -0.419188 0.907899 0
    outer loop
      vertex -10.3601 0.201828 0
      vertex -10.4991 0.13765 4
      vertex -10.3601 0.201828 4
    endloop
  endfacet
  facet normal -0.419188 0.907899 0
    outer loop
      vertex -10.4991 0.13765 4
      vertex -10.3601 0.201828 0
      vertex -10.4991 0.13765 0
    endloop
  endfacet
  facet normal -1 0 0
    outer loop
      vertex -10.4991 -0.13765 0
      vertex -10.4991 0.13765 4
      vertex -10.4991 0.13765 0
    endloop
  endfacet
  facet normal -1 -0 0
    outer loop
      vertex -10.4991 0.13765 4
      vertex -10.4991 -0.13765 0
      vertex -10.4991 -0.13765 4
    endloop
  endfacet
  facet normal -0.419188 -0.907899 0
    outer loop
      vertex -10.4991 -0.13765 0
      vertex -10.3601 -0.201828 4
      vertex -10.4991 -0.13765 4
    endloop
  endfacet
  facet normal -0.419188 -0.907899 -0
    outer loop
      vertex -10.3601 -0.201828 4
      vertex -10.4991 -0.13765 0
      vertex -10.3601 -0.201828 0
    endloop
  endfacet
  facet normal -0.387446 -0.921892 0
    outer loop
      vertex -10.3601 -0.201828 0
      vertex -10.2209 -0.26033 4
      vertex -10.3601 -0.201828 4
    endloop
  endfacet
  facet normal -0.387446 -0.921892 -0
    outer loop
      vertex -10.2209 -0.26033 4
      vertex -10.3601 -0.201828 0
      vertex -10.2209 -0.26033 0
    endloop
  endfacet
  facet normal -0.352841 -0.935683 0
    outer loop
      vertex -10.2209 -0.26033 0
      vertex -10.0815 -0.312897 4
      vertex -10.2209 -0.26033 4
    endloop
  endfacet
  facet normal -0.352841 -0.935683 -0
    outer loop
      vertex -10.0815 -0.312897 4
      vertex -10.2209 -0.26033 0
      vertex -10.0815 -0.312897 0
    endloop
  endfacet
  facet normal -0.314629 -0.949215 0
    outer loop
      vertex -10.0815 -0.312897 0
      vertex -9.94197 -0.359146 4
      vertex -10.0815 -0.312897 4
    endloop
  endfacet
  facet normal -0.314629 -0.949215 -0
    outer loop
      vertex -9.94197 -0.359146 4
      vertex -10.0815 -0.312897 0
      vertex -9.94197 -0.359146 0
    endloop
  endfacet
  facet normal -0.271696 -0.962383 0
    outer loop
      vertex -9.94197 -0.359146 0
      vertex -9.80247 -0.398529 4
      vertex -9.94197 -0.359146 4
    endloop
  endfacet
  facet normal -0.271696 -0.962383 -0
    outer loop
      vertex -9.80247 -0.398529 4
      vertex -9.94197 -0.359146 0
      vertex -9.80247 -0.398529 0
    endloop
  endfacet
  facet normal -0.221971 -0.975053 0
    outer loop
      vertex -9.80247 -0.398529 0
      vertex -9.66312 -0.430252 4
      vertex -9.80247 -0.398529 4
    endloop
  endfacet
  facet normal -0.221971 -0.975053 -0
    outer loop
      vertex -9.66312 -0.430252 4
      vertex -9.80247 -0.398529 0
      vertex -9.66312 -0.430252 0
    endloop
  endfacet
  facet normal -0.160183 -0.987087 0
    outer loop
      vertex -9.66312 -0.430252 0
      vertex -9.52405 -0.45282 4
      vertex -9.66312 -0.430252 4
    endloop
  endfacet
  facet normal -0.160183 -0.987087 -0
    outer loop
      vertex -9.52405 -0.45282 4
      vertex -9.66312 -0.430252 0
      vertex -9.52405 -0.45282 0
    endloop
  endfacet
  facet normal -0.0654167 -0.997858 0
    outer loop
      vertex -9.52405 -0.45282 0
      vertex -9.38556 -0.461899 4
      vertex -9.52405 -0.45282 4
    endloop
  endfacet
  facet normal -0.0654167 -0.997858 -0
    outer loop
      vertex -9.38556 -0.461899 4
      vertex -9.52405 -0.45282 0
      vertex -9.38556 -0.461899 0
    endloop
  endfacet
  facet normal 0.0494372 -0.998777 0
    outer loop
      vertex -9.38556 -0.461899 0
      vertex -9.36366 -0.460815 4
      vertex -9.38556 -0.461899 4
    endloop
  endfacet
  facet normal 0.0494372 -0.998777 0
    outer loop
      vertex -9.36366 -0.460815 4
      vertex -9.38556 -0.461899 0
      vertex -9.36366 -0.460815 0
    endloop
  endfacet
  facet normal -0.996918 -0.0784528 0
    outer loop
      vertex -9.32047 -1.00964 0
      vertex -9.36366 -0.460815 4
      vertex -9.36366 -0.460815 0
    endloop
  endfacet
  facet normal -0.996918 -0.0784528 0
    outer loop
      vertex -9.36366 -0.460815 4
      vertex -9.32047 -1.00964 0
      vertex -9.32047 -1.00964 4
    endloop
  endfacet
  facet normal -0.108079 0.994142 0
    outer loop
      vertex -9.32047 -1.00964 0
      vertex -9.34227 -1.01201 4
      vertex -9.32047 -1.00964 4
    endloop
  endfacet
  facet normal -0.108079 0.994142 0
    outer loop
      vertex -9.34227 -1.01201 4
      vertex -9.32047 -1.00964 0
      vertex -9.34227 -1.01201 0
    endloop
  endfacet
  facet normal -0.220637 0.975356 0
    outer loop
      vertex -9.34227 -1.01201 0
      vertex -9.47763 -1.04263 4
      vertex -9.34227 -1.01201 4
    endloop
  endfacet
  facet normal -0.220637 0.975356 0
    outer loop
      vertex -9.47763 -1.04263 4
      vertex -9.34227 -1.01201 0
      vertex -9.47763 -1.04263 0
    endloop
  endfacet
  facet normal -0.312733 0.949841 0
    outer loop
      vertex -9.47763 -1.04263 0
      vertex -9.61145 -1.08669 4
      vertex -9.47763 -1.04263 4
    endloop
  endfacet
  facet normal -0.312733 0.949841 0
    outer loop
      vertex -9.61145 -1.08669 4
      vertex -9.47763 -1.04263 0
      vertex -9.61145 -1.08669 0
    endloop
  endfacet
  facet normal -0.37174 0.928337 0
    outer loop
      vertex -9.61145 -1.08669 0
      vertex -9.74413 -1.13982 4
      vertex -9.61145 -1.08669 4
    endloop
  endfacet
  facet normal -0.37174 0.928337 0
    outer loop
      vertex -9.74413 -1.13982 4
      vertex -9.61145 -1.08669 0
      vertex -9.74413 -1.13982 0
    endloop
  endfacet
  facet normal -0.418844 0.908058 0
    outer loop
      vertex -9.74413 -1.13982 0
      vertex -9.87575 -1.20053 4
      vertex -9.74413 -1.13982 4
    endloop
  endfacet
  facet normal -0.418844 0.908058 0
    outer loop
      vertex -9.87575 -1.20053 4
      vertex -9.74413 -1.13982 0
      vertex -9.87575 -1.20053 0
    endloop
  endfacet
  facet normal -0.459338 0.888262 0
    outer loop
      vertex -9.87575 -1.20053 0
      vertex -10.0063 -1.26804 4
      vertex -9.87575 -1.20053 4
    endloop
  endfacet
  facet normal -0.459338 0.888262 0
    outer loop
      vertex -10.0063 -1.26804 4
      vertex -9.87575 -1.20053 0
      vertex -10.0063 -1.26804 0
    endloop
  endfacet
  facet normal -0.494671 0.86908 0
    outer loop
      vertex -10.0063 -1.26804 0
      vertex -10.1358 -1.34175 4
      vertex -10.0063 -1.26804 4
    endloop
  endfacet
  facet normal -0.494671 0.86908 0
    outer loop
      vertex -10.1358 -1.34175 4
      vertex -10.0063 -1.26804 0
      vertex -10.1358 -1.34175 0
    endloop
  endfacet
  facet normal -0.526806 0.849986 0
    outer loop
      vertex -10.1358 -1.34175 0
      vertex -10.2642 -1.42133 4
      vertex -10.1358 -1.34175 4
    endloop
  endfacet
  facet normal -0.526806 0.849986 0
    outer loop
      vertex -10.2642 -1.42133 4
      vertex -10.1358 -1.34175 0
      vertex -10.2642 -1.42133 0
    endloop
  endfacet
  facet normal -0.556102 0.831114 0
    outer loop
      vertex -10.2642 -1.42133 0
      vertex -10.3914 -1.50644 4
      vertex -10.2642 -1.42133 4
    endloop
  endfacet
  facet normal -0.556102 0.831114 0
    outer loop
      vertex -10.3914 -1.50644 4
      vertex -10.2642 -1.42133 0
      vertex -10.3914 -1.50644 0
    endloop
  endfacet
  facet normal -0.987672 -0.156537 0
    outer loop
      vertex -10.3483 -1.77838 0
      vertex -10.3914 -1.50644 4
      vertex -10.3914 -1.50644 0
    endloop
  endfacet
  facet normal -0.987672 -0.156537 0
    outer loop
      vertex -10.3914 -1.50644 4
      vertex -10.3483 -1.77838 0
      vertex -10.3483 -1.77838 4
    endloop
  endfacet
  facet normal -0.272028 -0.962289 0
    outer loop
      vertex -10.3483 -1.77838 0
      vertex -10.201 -1.82002 4
      vertex -10.3483 -1.77838 4
    endloop
  endfacet
  facet normal -0.272028 -0.962289 -0
    outer loop
      vertex -10.201 -1.82002 4
      vertex -10.3483 -1.77838 0
      vertex -10.201 -1.82002 0
    endloop
  endfacet
  facet normal -0.238543 -0.971132 0
    outer loop
      vertex -10.201 -1.82002 0
      vertex -10.0544 -1.85603 4
      vertex -10.201 -1.82002 4
    endloop
  endfacet
  facet normal -0.238543 -0.971132 -0
    outer loop
      vertex -10.0544 -1.85603 4
      vertex -10.201 -1.82002 0
      vertex -10.0544 -1.85603 0
    endloop
  endfacet
  facet normal -0.202009 -0.979384 0
    outer loop
      vertex -10.0544 -1.85603 0
      vertex -9.90842 -1.88614 4
      vertex -10.0544 -1.85603 4
    endloop
  endfacet
  facet normal -0.202009 -0.979384 -0
    outer loop
      vertex -9.90842 -1.88614 4
      vertex -10.0544 -1.85603 0
      vertex -9.90842 -1.88614 0
    endloop
  endfacet
  facet normal -0.162258 -0.986748 0
    outer loop
      vertex -9.90842 -1.88614 0
      vertex -9.76338 -1.90999 4
      vertex -9.90842 -1.88614 4
    endloop
  endfacet
  facet normal -0.162258 -0.986748 -0
    outer loop
      vertex -9.76338 -1.90999 4
      vertex -9.90842 -1.88614 0
      vertex -9.76338 -1.90999 0
    endloop
  endfacet
  facet normal -0.117774 -0.99304 0
    outer loop
      vertex -9.76338 -1.90999 0
      vertex -9.61945 -1.92706 4
      vertex -9.76338 -1.90999 4
    endloop
  endfacet
  facet normal -0.117774 -0.99304 -0
    outer loop
      vertex -9.61945 -1.92706 4
      vertex -9.76338 -1.90999 0
      vertex -9.61945 -1.92706 0
    endloop
  endfacet
  facet normal -0.0667465 -0.99777 0
    outer loop
      vertex -9.61945 -1.92706 0
      vertex -9.47684 -1.9366 4
      vertex -9.61945 -1.92706 4
    endloop
  endfacet
  facet normal -0.0667465 -0.99777 -0
    outer loop
      vertex -9.47684 -1.9366 4
      vertex -9.61945 -1.92706 0
      vertex -9.47684 -1.9366 0
    endloop
  endfacet
  facet normal -0.00376177 -0.999993 0
    outer loop
      vertex -9.47684 -1.9366 0
      vertex -9.33595 -1.93713 4
      vertex -9.47684 -1.9366 4
    endloop
  endfacet
  facet normal -0.00376177 -0.999993 -0
    outer loop
      vertex -9.33595 -1.93713 4
      vertex -9.47684 -1.9366 0
      vertex -9.33595 -1.93713 0
    endloop
  endfacet
  facet normal 0.0914388 -0.995811 0
    outer loop
      vertex -9.33595 -1.93713 0
      vertex -9.19775 -1.92444 4
      vertex -9.33595 -1.93713 4
    endloop
  endfacet
  facet normal 0.0914388 -0.995811 0
    outer loop
      vertex -9.19775 -1.92444 4
      vertex -9.33595 -1.93713 0
      vertex -9.19775 -1.92444 0
    endloop
  endfacet
  facet normal 0.205137 -0.978733 0
    outer loop
      vertex -9.19775 -1.92444 0
      vertex -9.17628 -1.91994 4
      vertex -9.19775 -1.92444 4
    endloop
  endfacet
  facet normal 0.205137 -0.978733 0
    outer loop
      vertex -9.17628 -1.91994 4
      vertex -9.19775 -1.92444 0
      vertex -9.17628 -1.91994 0
    endloop
  endfacet
  facet normal -0.972378 -0.233413 0
    outer loop
      vertex -9.04778 -2.45526 0
      vertex -9.17628 -1.91994 4
      vertex -9.17628 -1.91994 0
    endloop
  endfacet
  facet normal -0.972378 -0.233413 0
    outer loop
      vertex -9.17628 -1.91994 4
      vertex -9.04778 -2.45526 0
      vertex -9.04778 -2.45526 4
    endloop
  endfacet
  facet normal -0.261805 0.965121 0
    outer loop
      vertex -9.04778 -2.45526 0
      vertex -9.06894 -2.461 4
      vertex -9.04778 -2.45526 4
    endloop
  endfacet
  facet normal -0.261805 0.965121 0
    outer loop
      vertex -9.06894 -2.461 4
      vertex -9.04778 -2.45526 0
      vertex -9.06894 -2.461 0
    endloop
  endfacet
  facet normal -0.370546 0.928814 0
    outer loop
      vertex -9.06894 -2.461 0
      vertex -9.19783 -2.51242 4
      vertex -9.06894 -2.461 4
    endloop
  endfacet
  facet normal -0.370546 0.928814 0
    outer loop
      vertex -9.19783 -2.51242 4
      vertex -9.06894 -2.461 0
      vertex -9.19783 -2.51242 0
    endloop
  endfacet
  facet normal -0.457433 0.889244 0
    outer loop
      vertex -9.19783 -2.51242 0
      vertex -9.32312 -2.57687 4
      vertex -9.19783 -2.51242 4
    endloop
  endfacet
  facet normal -0.457433 0.889244 0
    outer loop
      vertex -9.32312 -2.57687 4
      vertex -9.19783 -2.51242 0
      vertex -9.32312 -2.57687 0
    endloop
  endfacet
  facet normal -0.512364 0.858768 0
    outer loop
      vertex -9.32312 -2.57687 0
      vertex -9.44586 -2.6501 4
      vertex -9.32312 -2.57687 4
    endloop
  endfacet
  facet normal -0.512364 0.858768 0
    outer loop
      vertex -9.44586 -2.6501 4
      vertex -9.32312 -2.57687 0
      vertex -9.44586 -2.6501 0
    endloop
  endfacet
  facet normal -0.55583 0.831296 0
    outer loop
      vertex -9.44586 -2.6501 0
      vertex -9.56636 -2.73067 4
      vertex -9.44586 -2.6501 4
    endloop
  endfacet
  facet normal -0.55583 0.831296 0
    outer loop
      vertex -9.56636 -2.73067 4
      vertex -9.44586 -2.6501 0
      vertex -9.56636 -2.73067 0
    endloop
  endfacet
  facet normal -0.592516 0.805558 0
    outer loop
      vertex -9.56636 -2.73067 0
      vertex -9.68475 -2.81775 4
      vertex -9.56636 -2.73067 4
    endloop
  endfacet
  facet normal -0.592516 0.805558 0
    outer loop
      vertex -9.68475 -2.81775 4
      vertex -9.56636 -2.73067 0
      vertex -9.68475 -2.81775 0
    endloop
  endfacet
  facet normal -0.62463 0.780921 0
    outer loop
      vertex -9.68475 -2.81775 0
      vertex -9.80112 -2.91083 4
      vertex -9.68475 -2.81775 4
    endloop
  endfacet
  facet normal -0.62463 0.780921 0
    outer loop
      vertex -9.80112 -2.91083 4
      vertex -9.68475 -2.81775 0
      vertex -9.80112 -2.91083 0
    endloop
  endfacet
  facet normal -0.653318 0.757084 0
    outer loop
      vertex -9.80112 -2.91083 0
      vertex -9.91545 -3.00949 4
      vertex -9.80112 -2.91083 4
    endloop
  endfacet
  facet normal -0.653318 0.757084 0
    outer loop
      vertex -9.91545 -3.00949 4
      vertex -9.80112 -2.91083 0
      vertex -9.91545 -3.00949 0
    endloop
  endfacet
  facet normal -0.679205 0.733949 0
    outer loop
      vertex -9.91545 -3.00949 0
      vertex -10.0278 -3.11346 4
      vertex -9.91545 -3.00949 4
    endloop
  endfacet
  facet normal -0.679205 0.733949 0
    outer loop
      vertex -10.0278 -3.11346 4
      vertex -9.91545 -3.00949 0
      vertex -10.0278 -3.11346 0
    endloop
  endfacet
  facet normal -0.951028 -0.309104 0
    outer loop
      vertex -9.94269 -3.37532 0
      vertex -10.0278 -3.11346 4
      vertex -10.0278 -3.11346 0
    endloop
  endfacet
  facet normal -0.951028 -0.309104 0
    outer loop
      vertex -10.0278 -3.11346 4
      vertex -9.94269 -3.37532 0
      vertex -9.94269 -3.37532 4
    endloop
  endfacet
  facet normal -0.118259 -0.992983 0
    outer loop
      vertex -9.94269 -3.37532 0
      vertex -9.79071 -3.39342 4
      vertex -9.94269 -3.37532 4
    endloop
  endfacet
  facet normal -0.118259 -0.992983 -0
    outer loop
      vertex -9.79071 -3.39342 4
      vertex -9.94269 -3.37532 0
      vertex -9.79071 -3.39342 0
    endloop
  endfacet
  facet normal -0.0835606 -0.996503 0
    outer loop
      vertex -9.79071 -3.39342 0
      vertex -9.64021 -3.40604 4
      vertex -9.79071 -3.39342 4
    endloop
  endfacet
  facet normal -0.0835606 -0.996503 -0
    outer loop
      vertex -9.64021 -3.40604 4
      vertex -9.79071 -3.39342 0
      vertex -9.64021 -3.40604 0
    endloop
  endfacet
  facet normal -0.0462387 -0.99893 0
    outer loop
      vertex -9.64021 -3.40604 0
      vertex -9.49136 -3.41293 4
      vertex -9.64021 -3.40604 4
    endloop
  endfacet
  facet normal -0.0462387 -0.99893 -0
    outer loop
      vertex -9.49136 -3.41293 4
      vertex -9.64021 -3.40604 0
      vertex -9.49136 -3.41293 0
    endloop
  endfacet
  facet normal -0.00591947 -0.999982 0
    outer loop
      vertex -9.49136 -3.41293 0
      vertex -9.34439 -3.4138 4
      vertex -9.49136 -3.41293 4
    endloop
  endfacet
  facet normal -0.00591947 -0.999982 -0
    outer loop
      vertex -9.34439 -3.4138 4
      vertex -9.49136 -3.41293 0
      vertex -9.34439 -3.4138 0
    endloop
  endfacet
  facet normal 0.03891 -0.999243 0
    outer loop
      vertex -9.34439 -3.4138 0
      vertex -9.19955 -3.40816 4
      vertex -9.34439 -3.4138 4
    endloop
  endfacet
  facet normal 0.03891 -0.999243 0
    outer loop
      vertex -9.19955 -3.40816 4
      vertex -9.34439 -3.4138 0
      vertex -9.19955 -3.40816 0
    endloop
  endfacet
  facet normal 0.0903276 -0.995912 0
    outer loop
      vertex -9.19955 -3.40816 0
      vertex -9.05721 -3.39525 4
      vertex -9.19955 -3.40816 4
    endloop
  endfacet
  facet normal 0.0903276 -0.995912 0
    outer loop
      vertex -9.05721 -3.39525 4
      vertex -9.19955 -3.40816 0
      vertex -9.05721 -3.39525 0
    endloop
  endfacet
  facet normal 0.152601 -0.988288 0
    outer loop
      vertex -9.05721 -3.39525 0
      vertex -8.91797 -3.37375 4
      vertex -9.05721 -3.39525 4
    endloop
  endfacet
  facet normal 0.152601 -0.988288 0
    outer loop
      vertex -8.91797 -3.37375 4
      vertex -9.05721 -3.39525 0
      vertex -8.91797 -3.37375 0
    endloop
  endfacet
  facet normal 0.246213 -0.969216 0
    outer loop
      vertex -8.91797 -3.37375 0
      vertex -8.78346 -3.33958 4
      vertex -8.91797 -3.37375 4
    endloop
  endfacet
  facet normal 0.246213 -0.969216 0
    outer loop
      vertex -8.78346 -3.33958 4
      vertex -8.91797 -3.37375 0
      vertex -8.78346 -3.33958 0
    endloop
  endfacet
  facet normal 0.355369 -0.934726 0
    outer loop
      vertex -8.78346 -3.33958 0
      vertex -8.76297 -3.33179 4
      vertex -8.78346 -3.33958 4
    endloop
  endfacet
  facet normal 0.355369 -0.934726 0
    outer loop
      vertex -8.76297 -3.33179 4
      vertex -8.78346 -3.33958 0
      vertex -8.76297 -3.33179 0
    endloop
  endfacet
  facet normal -0.923878 -0.382688 0
    outer loop
      vertex -8.55229 -3.84041 0
      vertex -8.76297 -3.33179 4
      vertex -8.76297 -3.33179 0
    endloop
  endfacet
  facet normal -0.923878 -0.382688 0
    outer loop
      vertex -8.76297 -3.33179 4
      vertex -8.55229 -3.84041 0
      vertex -8.55229 -3.84041 4
    endloop
  endfacet
  facet normal -0.409815 0.912169 0
    outer loop
      vertex -8.55229 -3.84041 0
      vertex -8.5723 -3.8494 4
      vertex -8.55229 -3.84041 4
    endloop
  endfacet
  facet normal -0.409815 0.912169 0
    outer loop
      vertex -8.5723 -3.8494 4
      vertex -8.55229 -3.84041 0
      vertex -8.5723 -3.8494 0
    endloop
  endfacet
  facet normal -0.511281 0.859414 0
    outer loop
      vertex -8.5723 -3.8494 0
      vertex -8.69156 -3.92035 4
      vertex -8.5723 -3.8494 4
    endloop
  endfacet
  facet normal -0.511281 0.859414 0
    outer loop
      vertex -8.69156 -3.92035 4
      vertex -8.5723 -3.8494 0
      vertex -8.69156 -3.92035 0
    endloop
  endfacet
  facet normal -0.590899 0.806746 0
    outer loop
      vertex -8.69156 -3.92035 0
      vertex -8.80522 -4.0036 4
      vertex -8.69156 -3.92035 4
    endloop
  endfacet
  facet normal -0.590899 0.806746 0
    outer loop
      vertex -8.80522 -4.0036 4
      vertex -8.69156 -3.92035 0
      vertex -8.80522 -4.0036 0
    endloop
  endfacet
  facet normal -0.64037 0.768066 0
    outer loop
      vertex -8.80522 -4.0036 0
      vertex -8.91499 -4.09512 4
      vertex -8.80522 -4.0036 4
    endloop
  endfacet
  facet normal -0.64037 0.768066 0
    outer loop
      vertex -8.91499 -4.09512 4
      vertex -8.80522 -4.0036 0
      vertex -8.91499 -4.09512 0
    endloop
  endfacet
  facet normal -0.679048 0.734094 0
    outer loop
      vertex -8.91499 -4.09512 0
      vertex -9.02141 -4.19356 4
      vertex -8.91499 -4.09512 4
    endloop
  endfacet
  facet normal -0.679048 0.734094 0
    outer loop
      vertex -9.02141 -4.19356 4
      vertex -8.91499 -4.09512 0
      vertex -9.02141 -4.19356 0
    endloop
  endfacet
  facet normal -0.711245 0.702944 0
    outer loop
      vertex -9.12473 -4.2981 0
      vertex -9.02141 -4.19356 4
      vertex -9.02141 -4.19356 0
    endloop
  endfacet
  facet normal -0.711245 0.702944 0
    outer loop
      vertex -9.02141 -4.19356 4
      vertex -9.12473 -4.2981 0
      vertex -9.12473 -4.2981 4
    endloop
  endfacet
  facet normal -0.739135 0.673558 0
    outer loop
      vertex -9.22508 -4.40822 0
      vertex -9.12473 -4.2981 4
      vertex -9.12473 -4.2981 0
    endloop
  endfacet
  facet normal -0.739135 0.673558 0
    outer loop
      vertex -9.12473 -4.2981 4
      vertex -9.22508 -4.40822 0
      vertex -9.22508 -4.40822 4
    endloop
  endfacet
  facet normal -0.763665 0.645613 0
    outer loop
      vertex -9.32259 -4.52356 0
      vertex -9.22508 -4.40822 4
      vertex -9.22508 -4.40822 0
    endloop
  endfacet
  facet normal -0.763665 0.645613 0
    outer loop
      vertex -9.22508 -4.40822 4
      vertex -9.32259 -4.52356 0
      vertex -9.32259 -4.52356 4
    endloop
  endfacet
  facet normal -0.785803 0.618476 0
    outer loop
      vertex -9.41725 -4.64383 0
      vertex -9.32259 -4.52356 4
      vertex -9.32259 -4.52356 0
    endloop
  endfacet
  facet normal -0.785803 0.618476 0
    outer loop
      vertex -9.32259 -4.52356 4
      vertex -9.41725 -4.64383 0
      vertex -9.41725 -4.64383 4
    endloop
  endfacet
  facet normal -0.891024 -0.453957 0
    outer loop
      vertex -9.29227 -4.88914 0
      vertex -9.41725 -4.64383 4
      vertex -9.41725 -4.64383 0
    endloop
  endfacet
  facet normal -0.891024 -0.453957 0
    outer loop
      vertex -9.41725 -4.64383 4
      vertex -9.29227 -4.88914 0
      vertex -9.29227 -4.88914 4
    endloop
  endfacet
  facet normal 0.0385485 -0.999257 0
    outer loop
      vertex -9.29227 -4.88914 0
      vertex -9.13933 -4.88324 4
      vertex -9.29227 -4.88914 4
    endloop
  endfacet
  facet normal 0.0385485 -0.999257 0
    outer loop
      vertex -9.13933 -4.88324 4
      vertex -9.29227 -4.88914 0
      vertex -9.13933 -4.88324 0
    endloop
  endfacet
  facet normal 0.0733644 -0.997305 0
    outer loop
      vertex -9.13933 -4.88324 0
      vertex -8.98871 -4.87216 4
      vertex -9.13933 -4.88324 4
    endloop
  endfacet
  facet normal 0.0733644 -0.997305 0
    outer loop
      vertex -8.98871 -4.87216 4
      vertex -9.13933 -4.88324 0
      vertex -8.98871 -4.87216 0
    endloop
  endfacet
  facet normal 0.110461 -0.99388 0
    outer loop
      vertex -8.98871 -4.87216 0
      vertex -8.84061 -4.8557 4
      vertex -8.98871 -4.87216 4
    endloop
  endfacet
  facet normal 0.110461 -0.99388 0
    outer loop
      vertex -8.84061 -4.8557 4
      vertex -8.98871 -4.87216 0
      vertex -8.84061 -4.8557 0
    endloop
  endfacet
  facet normal 0.150636 -0.988589 0
    outer loop
      vertex -8.84061 -4.8557 0
      vertex -8.69531 -4.83356 4
      vertex -8.84061 -4.8557 4
    endloop
  endfacet
  facet normal 0.150636 -0.988589 0
    outer loop
      vertex -8.69531 -4.83356 4
      vertex -8.84061 -4.8557 0
      vertex -8.69531 -4.83356 0
    endloop
  endfacet
  facet normal 0.194749 -0.980853 0
    outer loop
      vertex -8.69531 -4.83356 0
      vertex -8.55313 -4.80533 4
      vertex -8.69531 -4.83356 4
    endloop
  endfacet
  facet normal 0.194749 -0.980853 0
    outer loop
      vertex -8.55313 -4.80533 4
      vertex -8.69531 -4.83356 0
      vertex -8.55313 -4.80533 0
    endloop
  endfacet
  facet normal 0.245037 -0.969514 0
    outer loop
      vertex -8.55313 -4.80533 0
      vertex -8.41457 -4.77031 4
      vertex -8.55313 -4.80533 4
    endloop
  endfacet
  facet normal 0.245037 -0.969514 0
    outer loop
      vertex -8.41457 -4.77031 4
      vertex -8.55313 -4.80533 0
      vertex -8.41457 -4.77031 0
    endloop
  endfacet
  facet normal 0.305347 -0.952241 0
    outer loop
      vertex -8.41457 -4.77031 0
      vertex -8.28041 -4.72729 4
      vertex -8.41457 -4.77031 4
    endloop
  endfacet
  facet normal 0.305347 -0.952241 0
    outer loop
      vertex -8.28041 -4.72729 4
      vertex -8.41457 -4.77031 0
      vertex -8.28041 -4.72729 0
    endloop
  endfacet
  facet normal 0.394763 -0.918783 0
    outer loop
      vertex -8.28041 -4.72729 0
      vertex -8.15289 -4.6725 4
      vertex -8.28041 -4.72729 4
    endloop
  endfacet
  facet normal 0.394763 -0.918783 0
    outer loop
      vertex -8.15289 -4.6725 4
      vertex -8.28041 -4.72729 0
      vertex -8.15289 -4.6725 0
    endloop
  endfacet
  facet normal 0.496876 -0.867822 0
    outer loop
      vertex -8.15289 -4.6725 0
      vertex -8.13387 -4.66161 4
      vertex -8.15289 -4.6725 4
    endloop
  endfacet
  facet normal 0.496876 -0.867822 0
    outer loop
      vertex -8.13387 -4.66161 4
      vertex -8.15289 -4.6725 0
      vertex -8.13387 -4.66161 0
    endloop
  endfacet
  facet normal -0.852634 -0.522508 0
    outer loop
      vertex -7.84622 -5.131 0
      vertex -8.13387 -4.66161 4
      vertex -8.13387 -4.66161 0
    endloop
  endfacet
  facet normal -0.852634 -0.522508 0
    outer loop
      vertex -8.13387 -4.66161 4
      vertex -7.84622 -5.131 0
      vertex -7.84622 -5.131 4
    endloop
  endfacet
  facet normal -0.547421 0.836857 0
    outer loop
      vertex -7.84622 -5.131 0
      vertex -7.86458 -5.14301 4
      vertex -7.84622 -5.131 4
    endloop
  endfacet
  facet normal -0.547421 0.836857 0
    outer loop
      vertex -7.86458 -5.14301 4
      vertex -7.84622 -5.131 0
      vertex -7.86458 -5.14301 0
    endloop
  endfacet
  facet normal -0.639468 0.768818 0
    outer loop
      vertex -7.86458 -5.14301 0
      vertex -7.97127 -5.23175 4
      vertex -7.86458 -5.14301 4
    endloop
  endfacet
  facet normal -0.639468 0.768818 0
    outer loop
      vertex -7.97127 -5.23175 4
      vertex -7.86458 -5.14301 0
      vertex -7.97127 -5.23175 0
    endloop
  endfacet
  facet normal -0.709834 0.704369 0
    outer loop
      vertex -8.07051 -5.33176 0
      vertex -7.97127 -5.23175 4
      vertex -7.97127 -5.23175 0
    endloop
  endfacet
  facet normal -0.709834 0.704369 0
    outer loop
      vertex -7.97127 -5.23175 4
      vertex -8.07051 -5.33176 0
      vertex -8.07051 -5.33176 4
    endloop
  endfacet
  facet normal -0.752659 0.65841 0
    outer loop
      vertex -8.16461 -5.43933 0
      vertex -8.07051 -5.33176 4
      vertex -8.07051 -5.33176 0
    endloop
  endfacet
  facet normal -0.752659 0.65841 0
    outer loop
      vertex -8.07051 -5.33176 4
      vertex -8.16461 -5.43933 0
      vertex -8.16461 -5.43933 4
    endloop
  endfacet
  facet normal -0.785485 0.618881 0
    outer loop
      vertex -8.25432 -5.55319 0
      vertex -8.16461 -5.43933 4
      vertex -8.16461 -5.43933 0
    endloop
  endfacet
  facet normal -0.785485 0.618881 0
    outer loop
      vertex -8.16461 -5.43933 4
      vertex -8.25432 -5.55319 0
      vertex -8.25432 -5.55319 4
    endloop
  endfacet
  facet normal -0.81243 0.583058 0
    outer loop
      vertex -8.34001 -5.67259 0
      vertex -8.25432 -5.55319 4
      vertex -8.25432 -5.55319 0
    endloop
  endfacet
  facet normal -0.81243 0.583058 0
    outer loop
      vertex -8.25432 -5.55319 4
      vertex -8.34001 -5.67259 0
      vertex -8.34001 -5.67259 4
    endloop
  endfacet
  facet normal -0.83537 0.549688 0
    outer loop
      vertex -8.42192 -5.79707 0
      vertex -8.34001 -5.67259 4
      vertex -8.34001 -5.67259 0
    endloop
  endfacet
  facet normal -0.83537 0.549688 0
    outer loop
      vertex -8.34001 -5.67259 4
      vertex -8.42192 -5.79707 0
      vertex -8.42192 -5.79707 4
    endloop
  endfacet
  facet normal -0.855318 0.518104 0
    outer loop
      vertex -8.50017 -5.92625 0
      vertex -8.42192 -5.79707 4
      vertex -8.42192 -5.79707 0
    endloop
  endfacet
  facet normal -0.855318 0.518104 0
    outer loop
      vertex -8.42192 -5.79707 4
      vertex -8.50017 -5.92625 0
      vertex -8.50017 -5.92625 4
    endloop
  endfacet
  facet normal -0.872826 0.488032 0
    outer loop
      vertex -8.57486 -6.05983 0
      vertex -8.50017 -5.92625 4
      vertex -8.50017 -5.92625 0
    endloop
  endfacet
  facet normal -0.872826 0.488032 0
    outer loop
      vertex -8.50017 -5.92625 4
      vertex -8.57486 -6.05983 0
      vertex -8.57486 -6.05983 4
    endloop
  endfacet
  facet normal -0.809012 -0.587792 0
    outer loop
      vertex -8.41302 -6.28258 0
      vertex -8.57486 -6.05983 4
      vertex -8.57486 -6.05983 0
    endloop
  endfacet
  facet normal -0.809012 -0.587792 0
    outer loop
      vertex -8.57486 -6.05983 4
      vertex -8.41302 -6.28258 0
      vertex -8.41302 -6.28258 4
    endloop
  endfacet
  facet normal 0.194445 -0.980913 0
    outer loop
      vertex -8.41302 -6.28258 0
      vertex -8.26289 -6.25282 4
      vertex -8.41302 -6.28258 4
    endloop
  endfacet
  facet normal 0.194445 -0.980913 0
    outer loop
      vertex -8.26289 -6.25282 4
      vertex -8.41302 -6.28258 0
      vertex -8.26289 -6.25282 0
    endloop
  endfacet
  facet normal 0.228441 -0.973558 0
    outer loop
      vertex -8.26289 -6.25282 0
      vertex -8.11586 -6.21832 4
      vertex -8.26289 -6.25282 4
    endloop
  endfacet
  facet normal 0.228441 -0.973558 0
    outer loop
      vertex -8.11586 -6.21832 4
      vertex -8.26289 -6.25282 0
      vertex -8.11586 -6.21832 0
    endloop
  endfacet
  facet normal 0.264628 -0.964351 0
    outer loop
      vertex -8.11586 -6.21832 0
      vertex -7.97217 -6.17889 4
      vertex -8.11586 -6.21832 4
    endloop
  endfacet
  facet normal 0.264628 -0.964351 0
    outer loop
      vertex -7.97217 -6.17889 4
      vertex -8.11586 -6.21832 0
      vertex -7.97217 -6.17889 0
    endloop
  endfacet
  facet normal 0.303442 -0.95285 0
    outer loop
      vertex -7.97217 -6.17889 0
      vertex -7.83212 -6.13429 4
      vertex -7.97217 -6.17889 4
    endloop
  endfacet
  facet normal 0.303442 -0.95285 0
    outer loop
      vertex -7.83212 -6.13429 4
      vertex -7.97217 -6.17889 0
      vertex -7.83212 -6.13429 0
    endloop
  endfacet
  facet normal 0.345772 -0.938318 0
    outer loop
      vertex -7.83212 -6.13429 0
      vertex -7.69611 -6.08417 4
      vertex -7.83212 -6.13429 4
    endloop
  endfacet
  facet normal 0.345772 -0.938318 0
    outer loop
      vertex -7.69611 -6.08417 4
      vertex -7.83212 -6.13429 0
      vertex -7.69611 -6.08417 0
    endloop
  endfacet
  facet normal 0.393649 -0.919261 0
    outer loop
      vertex -7.69611 -6.08417 0
      vertex -7.56473 -6.02791 4
      vertex -7.69611 -6.08417 4
    endloop
  endfacet
  facet normal 0.393649 -0.919261 0
    outer loop
      vertex -7.56473 -6.02791 4
      vertex -7.69611 -6.08417 0
      vertex -7.56473 -6.02791 0
    endloop
  endfacet
  facet normal 0.450561 -0.892746 0
    outer loop
      vertex -7.56473 -6.02791 0
      vertex -7.43895 -5.96443 4
      vertex -7.56473 -6.02791 4
    endloop
  endfacet
  facet normal 0.450561 -0.892746 0
    outer loop
      vertex -7.43895 -5.96443 4
      vertex -7.56473 -6.02791 0
      vertex -7.43895 -5.96443 0
    endloop
  endfacet
  facet normal 0.533589 -0.845744 0
    outer loop
      vertex -7.43895 -5.96443 0
      vertex -7.32158 -5.89038 4
      vertex -7.43895 -5.96443 4
    endloop
  endfacet
  facet normal 0.533589 -0.845744 0
    outer loop
      vertex -7.32158 -5.89038 4
      vertex -7.43895 -5.96443 0
      vertex -7.32158 -5.89038 0
    endloop
  endfacet
  facet normal 0.626861 -0.779131 0
    outer loop
      vertex -7.32158 -5.89038 0
      vertex -7.30449 -5.87663 4
      vertex -7.32158 -5.89038 4
    endloop
  endfacet
  facet normal 0.626861 -0.779131 0
    outer loop
      vertex -7.30449 -5.87663 4
      vertex -7.32158 -5.89038 0
      vertex -7.30449 -5.87663 0
    endloop
  endfacet
  facet normal -0.760418 -0.649434 0
    outer loop
      vertex -6.94696 -6.29526 0
      vertex -7.30449 -5.87663 4
      vertex -7.30449 -5.87663 0
    endloop
  endfacet
  facet normal -0.760418 -0.649434 0
    outer loop
      vertex -7.30449 -5.87663 4
      vertex -6.94696 -6.29526 0
      vertex -6.94696 -6.29526 4
    endloop
  endfacet
  facet normal -0.671355 0.741136 0
    outer loop
      vertex -6.94696 -6.29526 0
      vertex -6.96321 -6.30998 4
      vertex -6.94696 -6.29526 4
    endloop
  endfacet
  facet normal -0.671355 0.741136 0
    outer loop
      vertex -6.96321 -6.30998 4
      vertex -6.94696 -6.29526 0
      vertex -6.96321 -6.30998 0
    endloop
  endfacet
  facet normal -0.751889 0.65929 0
    outer loop
      vertex -7.0547 -6.41432 0
      vertex -6.96321 -6.30998 4
      vertex -6.96321 -6.30998 0
    endloop
  endfacet
  facet normal -0.751889 0.65929 0
    outer loop
      vertex -6.96321 -6.30998 4
      vertex -7.0547 -6.41432 0
      vertex -7.0547 -6.41432 4
    endloop
  endfacet
  facet normal -0.811227 0.584731 0
    outer loop
      vertex -7.13708 -6.52861 0
      vertex -7.0547 -6.41432 4
      vertex -7.0547 -6.41432 0
    endloop
  endfacet
  facet normal -0.811227 0.584731 0
    outer loop
      vertex -7.0547 -6.41432 4
      vertex -7.13708 -6.52861 0
      vertex -7.13708 -6.52861 4
    endloop
  endfacet
  facet normal -0.846379 0.532581 0
    outer loop
      vertex -7.2132 -6.64958 0
      vertex -7.13708 -6.52861 4
      vertex -7.13708 -6.52861 0
    endloop
  endfacet
  facet normal -0.846379 0.532581 0
    outer loop
      vertex -7.13708 -6.52861 4
      vertex -7.2132 -6.64958 0
      vertex -7.2132 -6.64958 4
    endloop
  endfacet
  facet normal -0.872682 0.488288 0
    outer loop
      vertex -7.28398 -6.77608 0
      vertex -7.2132 -6.64958 4
      vertex -7.2132 -6.64958 0
    endloop
  endfacet
  facet normal -0.872682 0.488288 0
    outer loop
      vertex -7.2132 -6.64958 4
      vertex -7.28398 -6.77608 0
      vertex -7.28398 -6.77608 4
    endloop
  endfacet
  facet normal -0.893609 0.448846 0
    outer loop
      vertex -7.34995 -6.90742 0
      vertex -7.28398 -6.77608 4
      vertex -7.28398 -6.77608 0
    endloop
  endfacet
  facet normal -0.893609 0.448846 0
    outer loop
      vertex -7.28398 -6.77608 4
      vertex -7.34995 -6.90742 0
      vertex -7.34995 -6.90742 4
    endloop
  endfacet
  facet normal -0.911121 0.412139 0
    outer loop
      vertex -7.41136 -7.04318 0
      vertex -7.34995 -6.90742 4
      vertex -7.34995 -6.90742 0
    endloop
  endfacet
  facet normal -0.911121 0.412139 0
    outer loop
      vertex -7.34995 -6.90742 4
      vertex -7.41136 -7.04318 0
      vertex -7.41136 -7.04318 4
    endloop
  endfacet
  facet normal -0.925823 0.377957 0
    outer loop
      vertex -7.46844 -7.183 0
      vertex -7.41136 -7.04318 4
      vertex -7.41136 -7.04318 0
    endloop
  endfacet
  facet normal -0.925823 0.377957 0
    outer loop
      vertex -7.41136 -7.04318 4
      vertex -7.46844 -7.183 0
      vertex -7.46844 -7.183 4
    endloop
  endfacet
  facet normal -0.93842 0.345496 0
    outer loop
      vertex -7.52132 -7.32663 0
      vertex -7.46844 -7.183 4
      vertex -7.46844 -7.183 0
    endloop
  endfacet
  facet normal -0.93842 0.345496 0
    outer loop
      vertex -7.46844 -7.183 4
      vertex -7.52132 -7.32663 0
      vertex -7.52132 -7.32663 4
    endloop
  endfacet
  facet normal -0.707107 -0.707107 0
    outer loop
      vertex -7.32663 -7.52132 0
      vertex -7.52132 -7.32663 4
      vertex -7.52132 -7.32663 0
    endloop
  endfacet
  facet normal -0.707107 -0.707107 0
    outer loop
      vertex -7.52132 -7.32663 4
      vertex -7.32663 -7.52132 0
      vertex -7.32663 -7.52132 4
    endloop
  endfacet
  facet normal 0.345496 -0.93842 0
    outer loop
      vertex -7.32663 -7.52132 0
      vertex -7.183 -7.46844 4
      vertex -7.32663 -7.52132 4
    endloop
  endfacet
  facet normal 0.345496 -0.93842 0
    outer loop
      vertex -7.183 -7.46844 4
      vertex -7.32663 -7.52132 0
      vertex -7.183 -7.46844 0
    endloop
  endfacet
  facet normal 0.377957 -0.925823 0
    outer loop
      vertex -7.183 -7.46844 0
      vertex -7.04318 -7.41136 4
      vertex -7.183 -7.46844 4
    endloop
  endfacet
  facet normal 0.377957 -0.925823 0
    outer loop
      vertex -7.04318 -7.41136 4
      vertex -7.183 -7.46844 0
      vertex -7.04318 -7.41136 0
    endloop
  endfacet
  facet normal 0.412139 -0.911121 0
    outer loop
      vertex -7.04318 -7.41136 0
      vertex -6.90742 -7.34995 4
      vertex -7.04318 -7.41136 4
    endloop
  endfacet
  facet normal 0.412139 -0.911121 0
    outer loop
      vertex -6.90742 -7.34995 4
      vertex -7.04318 -7.41136 0
      vertex -6.90742 -7.34995 0
    endloop
  endfacet
  facet normal 0.448846 -0.893609 0
    outer loop
      vertex -6.90742 -7.34995 0
      vertex -6.77608 -7.28398 4
      vertex -6.90742 -7.34995 4
    endloop
  endfacet
  facet normal 0.448846 -0.893609 0
    outer loop
      vertex -6.77608 -7.28398 4
      vertex -6.90742 -7.34995 0
      vertex -6.77608 -7.28398 0
    endloop
  endfacet
  facet normal 0.488288 -0.872682 0
    outer loop
      vertex -6.77608 -7.28398 0
      vertex -6.64958 -7.2132 4
      vertex -6.77608 -7.28398 4
    endloop
  endfacet
  facet normal 0.488288 -0.872682 0
    outer loop
      vertex -6.64958 -7.2132 4
      vertex -6.77608 -7.28398 0
      vertex -6.64958 -7.2132 0
    endloop
  endfacet
  facet normal 0.532581 -0.846379 0
    outer loop
      vertex -6.64958 -7.2132 0
      vertex -6.52861 -7.13708 4
      vertex -6.64958 -7.2132 4
    endloop
  endfacet
  facet normal 0.532581 -0.846379 0
    outer loop
      vertex -6.52861 -7.13708 4
      vertex -6.64958 -7.2132 0
      vertex -6.52861 -7.13708 0
    endloop
  endfacet
  facet normal 0.584731 -0.811227 0
    outer loop
      vertex -6.52861 -7.13708 0
      vertex -6.41432 -7.0547 4
      vertex -6.52861 -7.13708 4
    endloop
  endfacet
  facet normal 0.584731 -0.811227 0
    outer loop
      vertex -6.41432 -7.0547 4
      vertex -6.52861 -7.13708 0
      vertex -6.41432 -7.0547 0
    endloop
  endfacet
  facet normal 0.65929 -0.751889 0
    outer loop
      vertex -6.41432 -7.0547 0
      vertex -6.30998 -6.96321 4
      vertex -6.41432 -7.0547 4
    endloop
  endfacet
  facet normal 0.65929 -0.751889 0
    outer loop
      vertex -6.30998 -6.96321 4
      vertex -6.41432 -7.0547 0
      vertex -6.30998 -6.96321 0
    endloop
  endfacet
  facet normal 0.741136 -0.671355 0
    outer loop
      vertex -6.30998 -6.96321 4
      vertex -6.29526 -6.94696 0
      vertex -6.29526 -6.94696 4
    endloop
  endfacet
  facet normal 0.741136 -0.671355 0
    outer loop
      vertex -6.29526 -6.94696 0
      vertex -6.30998 -6.96321 4
      vertex -6.30998 -6.96321 0
    endloop
  endfacet
  facet normal -0.649434 -0.760418 0
    outer loop
      vertex -6.29526 -6.94696 0
      vertex -5.87663 -7.30449 4
      vertex -6.29526 -6.94696 4
    endloop
  endfacet
  facet normal -0.649434 -0.760418 -0
    outer loop
      vertex -5.87663 -7.30449 4
      vertex -6.29526 -6.94696 0
      vertex -5.87663 -7.30449 0
    endloop
  endfacet
  facet normal -0.779131 0.626861 0
    outer loop
      vertex -5.89038 -7.32158 0
      vertex -5.87663 -7.30449 4
      vertex -5.87663 -7.30449 0
    endloop
  endfacet
  facet normal -0.779131 0.626861 0
    outer loop
      vertex -5.87663 -7.30449 4
      vertex -5.89038 -7.32158 0
      vertex -5.89038 -7.32158 4
    endloop
  endfacet
  facet normal -0.845744 0.533589 0
    outer loop
      vertex -5.96443 -7.43895 0
      vertex -5.89038 -7.32158 4
      vertex -5.89038 -7.32158 0
    endloop
  endfacet
  facet normal -0.845744 0.533589 0
    outer loop
      vertex -5.89038 -7.32158 4
      vertex -5.96443 -7.43895 0
      vertex -5.96443 -7.43895 4
    endloop
  endfacet
  facet normal -0.892746 0.450561 0
    outer loop
      vertex -6.02791 -7.56473 0
      vertex -5.96443 -7.43895 4
      vertex -5.96443 -7.43895 0
    endloop
  endfacet
  facet normal -0.892746 0.450561 0
    outer loop
      vertex -5.96443 -7.43895 4
      vertex -6.02791 -7.56473 0
      vertex -6.02791 -7.56473 4
    endloop
  endfacet
  facet normal -0.919261 0.393649 0
    outer loop
      vertex -6.08417 -7.69611 0
      vertex -6.02791 -7.56473 4
      vertex -6.02791 -7.56473 0
    endloop
  endfacet
  facet normal -0.919261 0.393649 0
    outer loop
      vertex -6.02791 -7.56473 4
      vertex -6.08417 -7.69611 0
      vertex -6.08417 -7.69611 4
    endloop
  endfacet
  facet normal -0.938318 0.345772 0
    outer loop
      vertex -6.13429 -7.83212 0
      vertex -6.08417 -7.69611 4
      vertex -6.08417 -7.69611 0
    endloop
  endfacet
  facet normal -0.938318 0.345772 0
    outer loop
      vertex -6.08417 -7.69611 4
      vertex -6.13429 -7.83212 0
      vertex -6.13429 -7.83212 4
    endloop
  endfacet
  facet normal -0.95285 0.303442 0
    outer loop
      vertex -6.17889 -7.97217 0
      vertex -6.13429 -7.83212 4
      vertex -6.13429 -7.83212 0
    endloop
  endfacet
  facet normal -0.95285 0.303442 0
    outer loop
      vertex -6.13429 -7.83212 4
      vertex -6.17889 -7.97217 0
      vertex -6.17889 -7.97217 4
    endloop
  endfacet
  facet normal -0.964351 0.264628 0
    outer loop
      vertex -6.21832 -8.11586 0
      vertex -6.17889 -7.97217 4
      vertex -6.17889 -7.97217 0
    endloop
  endfacet
  facet normal -0.964351 0.264628 0
    outer loop
      vertex -6.17889 -7.97217 4
      vertex -6.21832 -8.11586 0
      vertex -6.21832 -8.11586 4
    endloop
  endfacet
  facet normal -0.973558 0.228441 0
    outer loop
      vertex -6.25282 -8.26289 0
      vertex -6.21832 -8.11586 4
      vertex -6.21832 -8.11586 0
    endloop
  endfacet
  facet normal -0.973558 0.228441 0
    outer loop
      vertex -6.21832 -8.11586 4
      vertex -6.25282 -8.26289 0
      vertex -6.25282 -8.26289 4
    endloop
  endfacet
  facet normal -0.980913 0.194445 0
    outer loop
      vertex -6.28258 -8.41302 0
      vertex -6.25282 -8.26289 4
      vertex -6.25282 -8.26289 0
    endloop
  endfacet
  facet normal -0.980913 0.194445 0
    outer loop
      vertex -6.25282 -8.26289 4
      vertex -6.28258 -8.41302 0
      vertex -6.28258 -8.41302 4
    endloop
  endfacet
  facet normal -0.587792 -0.809012 0
    outer loop
      vertex -6.28258 -8.41302 0
      vertex -6.05983 -8.57486 4
      vertex -6.28258 -8.41302 4
    endloop
  endfacet
  facet normal -0.587792 -0.809012 -0
    outer loop
      vertex -6.05983 -8.57486 4
      vertex -6.28258 -8.41302 0
      vertex -6.05983 -8.57486 0
    endloop
  endfacet
  facet normal 0.488032 -0.872826 0
    outer loop
      vertex -6.05983 -8.57486 0
      vertex -5.92625 -8.50017 4
      vertex -6.05983 -8.57486 4
    endloop
  endfacet
  facet normal 0.488032 -0.872826 0
    outer loop
      vertex -5.92625 -8.50017 4
      vertex -6.05983 -8.57486 0
      vertex -5.92625 -8.50017 0
    endloop
  endfacet
  facet normal 0.518104 -0.855318 0
    outer loop
      vertex -5.92625 -8.50017 0
      vertex -5.79707 -8.42192 4
      vertex -5.92625 -8.50017 4
    endloop
  endfacet
  facet normal 0.518104 -0.855318 0
    outer loop
      vertex -5.79707 -8.42192 4
      vertex -5.92625 -8.50017 0
      vertex -5.79707 -8.42192 0
    endloop
  endfacet
  facet normal 0.549688 -0.83537 0
    outer loop
      vertex -5.79707 -8.42192 0
      vertex -5.67259 -8.34001 4
      vertex -5.79707 -8.42192 4
    endloop
  endfacet
  facet normal 0.549688 -0.83537 0
    outer loop
      vertex -5.67259 -8.34001 4
      vertex -5.79707 -8.42192 0
      vertex -5.67259 -8.34001 0
    endloop
  endfacet
  facet normal 0.583058 -0.81243 0
    outer loop
      vertex -5.67259 -8.34001 0
      vertex -5.55319 -8.25432 4
      vertex -5.67259 -8.34001 4
    endloop
  endfacet
  facet normal 0.583058 -0.81243 0
    outer loop
      vertex -5.55319 -8.25432 4
      vertex -5.67259 -8.34001 0
      vertex -5.55319 -8.25432 0
    endloop
  endfacet
  facet normal 0.618881 -0.785485 0
    outer loop
      vertex -5.55319 -8.25432 0
      vertex -5.43933 -8.16461 4
      vertex -5.55319 -8.25432 4
    endloop
  endfacet
  facet normal 0.618881 -0.785485 0
    outer loop
      vertex -5.43933 -8.16461 4
      vertex -5.55319 -8.25432 0
      vertex -5.43933 -8.16461 0
    endloop
  endfacet
  facet normal 0.65841 -0.752659 0
    outer loop
      vertex -5.43933 -8.16461 0
      vertex -5.33176 -8.07051 4
      vertex -5.43933 -8.16461 4
    endloop
  endfacet
  facet normal 0.65841 -0.752659 0
    outer loop
      vertex -5.33176 -8.07051 4
      vertex -5.43933 -8.16461 0
      vertex -5.33176 -8.07051 0
    endloop
  endfacet
  facet normal 0.704369 -0.709834 0
    outer loop
      vertex -5.33176 -8.07051 0
      vertex -5.23175 -7.97127 4
      vertex -5.33176 -8.07051 4
    endloop
  endfacet
  facet normal 0.704369 -0.709834 0
    outer loop
      vertex -5.23175 -7.97127 4
      vertex -5.33176 -8.07051 0
      vertex -5.23175 -7.97127 0
    endloop
  endfacet
  facet normal 0.768818 -0.639468 0
    outer loop
      vertex -5.23175 -7.97127 4
      vertex -5.14301 -7.86458 0
      vertex -5.14301 -7.86458 4
    endloop
  endfacet
  facet normal 0.768818 -0.639468 0
    outer loop
      vertex -5.14301 -7.86458 0
      vertex -5.23175 -7.97127 4
      vertex -5.23175 -7.97127 0
    endloop
  endfacet
  facet normal 0.836857 -0.547421 0
    outer loop
      vertex -5.14301 -7.86458 4
      vertex -5.131 -7.84622 0
      vertex -5.131 -7.84622 4
    endloop
  endfacet
  facet normal 0.836857 -0.547421 0
    outer loop
      vertex -5.131 -7.84622 0
      vertex -5.14301 -7.86458 4
      vertex -5.14301 -7.86458 0
    endloop
  endfacet
  facet normal -0.522508 -0.852634 0
    outer loop
      vertex -5.131 -7.84622 0
      vertex -4.66161 -8.13387 4
      vertex -5.131 -7.84622 4
    endloop
  endfacet
  facet normal -0.522508 -0.852634 -0
    outer loop
      vertex -4.66161 -8.13387 4
      vertex -5.131 -7.84622 0
      vertex -4.66161 -8.13387 0
    endloop
  endfacet
  facet normal -0.867822 0.496876 0
    outer loop
      vertex -4.6725 -8.15289 0
      vertex -4.66161 -8.13387 4
      vertex -4.66161 -8.13387 0
    endloop
  endfacet
  facet normal -0.867822 0.496876 0
    outer loop
      vertex -4.66161 -8.13387 4
      vertex -4.6725 -8.15289 0
      vertex -4.6725 -8.15289 4
    endloop
  endfacet
  facet normal -0.918783 0.394763 0
    outer loop
      vertex -4.72729 -8.28041 0
      vertex -4.6725 -8.15289 4
      vertex -4.6725 -8.15289 0
    endloop
  endfacet
  facet normal -0.918783 0.394763 0
    outer loop
      vertex -4.6725 -8.15289 4
      vertex -4.72729 -8.28041 0
      vertex -4.72729 -8.28041 4
    endloop
  endfacet
  facet normal -0.952241 0.305347 0
    outer loop
      vertex -4.77031 -8.41457 0
      vertex -4.72729 -8.28041 4
      vertex -4.72729 -8.28041 0
    endloop
  endfacet
  facet normal -0.952241 0.305347 0
    outer loop
      vertex -4.72729 -8.28041 4
      vertex -4.77031 -8.41457 0
      vertex -4.77031 -8.41457 4
    endloop
  endfacet
  facet normal -0.969514 0.245037 0
    outer loop
      vertex -4.80533 -8.55313 0
      vertex -4.77031 -8.41457 4
      vertex -4.77031 -8.41457 0
    endloop
  endfacet
  facet normal -0.969514 0.245037 0
    outer loop
      vertex -4.77031 -8.41457 4
      vertex -4.80533 -8.55313 0
      vertex -4.80533 -8.55313 4
    endloop
  endfacet
  facet normal -0.980853 0.194749 0
    outer loop
      vertex -4.83356 -8.69531 0
      vertex -4.80533 -8.55313 4
      vertex -4.80533 -8.55313 0
    endloop
  endfacet
  facet normal -0.980853 0.194749 0
    outer loop
      vertex -4.80533 -8.55313 4
      vertex -4.83356 -8.69531 0
      vertex -4.83356 -8.69531 4
    endloop
  endfacet
  facet normal -0.988589 0.150636 0
    outer loop
      vertex -4.8557 -8.84061 0
      vertex -4.83356 -8.69531 4
      vertex -4.83356 -8.69531 0
    endloop
  endfacet
  facet normal -0.988589 0.150636 0
    outer loop
      vertex -4.83356 -8.69531 4
      vertex -4.8557 -8.84061 0
      vertex -4.8557 -8.84061 4
    endloop
  endfacet
  facet normal -0.99388 0.110461 0
    outer loop
      vertex -4.87216 -8.98871 0
      vertex -4.8557 -8.84061 4
      vertex -4.8557 -8.84061 0
    endloop
  endfacet
  facet normal -0.99388 0.110461 0
    outer loop
      vertex -4.8557 -8.84061 4
      vertex -4.87216 -8.98871 0
      vertex -4.87216 -8.98871 4
    endloop
  endfacet
  facet normal -0.997305 0.0733644 0
    outer loop
      vertex -4.88324 -9.13933 0
      vertex -4.87216 -8.98871 4
      vertex -4.87216 -8.98871 0
    endloop
  endfacet
  facet normal -0.997305 0.0733644 0
    outer loop
      vertex -4.87216 -8.98871 4
      vertex -4.88324 -9.13933 0
      vertex -4.88324 -9.13933 4
    endloop
  endfacet
  facet normal -0.999257 0.0385485 0
    outer loop
      vertex -4.88914 -9.29227 0
      vertex -4.88324 -9.13933 4
      vertex -4.88324 -9.13933 0
    endloop
  endfacet
  facet normal -0.999257 0.0385485 0
    outer loop
      vertex -4.88324 -9.13933 4
      vertex -4.88914 -9.29227 0
      vertex -4.88914 -9.29227 4
    endloop
  endfacet
  facet normal -0.453957 -0.891024 0
    outer loop
      vertex -4.88914 -9.29227 0
      vertex -4.64383 -9.41725 4
      vertex -4.88914 -9.29227 4
    endloop
  endfacet
  facet normal -0.453957 -0.891024 -0
    outer loop
      vertex -4.64383 -9.41725 4
      vertex -4.88914 -9.29227 0
      vertex -4.64383 -9.41725 0
    endloop
  endfacet
  facet normal 0.618476 -0.785803 0
    outer loop
      vertex -4.64383 -9.41725 0
      vertex -4.52356 -9.32259 4
      vertex -4.64383 -9.41725 4
    endloop
  endfacet
  facet normal 0.618476 -0.785803 0
    outer loop
      vertex -4.52356 -9.32259 4
      vertex -4.64383 -9.41725 0
      vertex -4.52356 -9.32259 0
    endloop
  endfacet
  facet normal 0.645613 -0.763665 0
    outer loop
      vertex -4.52356 -9.32259 0
      vertex -4.40822 -9.22508 4
      vertex -4.52356 -9.32259 4
    endloop
  endfacet
  facet normal 0.645613 -0.763665 0
    outer loop
      vertex -4.40822 -9.22508 4
      vertex -4.52356 -9.32259 0
      vertex -4.40822 -9.22508 0
    endloop
  endfacet
  facet normal 0.673558 -0.739135 0
    outer loop
      vertex -4.40822 -9.22508 0
      vertex -4.2981 -9.12473 4
      vertex -4.40822 -9.22508 4
    endloop
  endfacet
  facet normal 0.673558 -0.739135 0
    outer loop
      vertex -4.2981 -9.12473 4
      vertex -4.40822 -9.22508 0
      vertex -4.2981 -9.12473 0
    endloop
  endfacet
  facet normal 0.702944 -0.711245 0
    outer loop
      vertex -4.2981 -9.12473 0
      vertex -4.19356 -9.02141 4
      vertex -4.2981 -9.12473 4
    endloop
  endfacet
  facet normal 0.702944 -0.711245 0
    outer loop
      vertex -4.19356 -9.02141 4
      vertex -4.2981 -9.12473 0
      vertex -4.19356 -9.02141 0
    endloop
  endfacet
  facet normal 0.734094 -0.679048 0
    outer loop
      vertex -4.19356 -9.02141 4
      vertex -4.09512 -8.91499 0
      vertex -4.09512 -8.91499 4
    endloop
  endfacet
  facet normal 0.734094 -0.679048 0
    outer loop
      vertex -4.09512 -8.91499 0
      vertex -4.19356 -9.02141 4
      vertex -4.19356 -9.02141 0
    endloop
  endfacet
  facet normal 0.768066 -0.64037 0
    outer loop
      vertex -4.09512 -8.91499 4
      vertex -4.0036 -8.80522 0
      vertex -4.0036 -8.80522 4
    endloop
  endfacet
  facet normal 0.768066 -0.64037 0
    outer loop
      vertex -4.0036 -8.80522 0
      vertex -4.09512 -8.91499 4
      vertex -4.09512 -8.91499 0
    endloop
  endfacet
  facet normal 0.806746 -0.590899 0
    outer loop
      vertex -4.0036 -8.80522 4
      vertex -3.92035 -8.69156 0
      vertex -3.92035 -8.69156 4
    endloop
  endfacet
  facet normal 0.806746 -0.590899 0
    outer loop
      vertex -3.92035 -8.69156 0
      vertex -4.0036 -8.80522 4
      vertex -4.0036 -8.80522 0
    endloop
  endfacet
  facet normal 0.859414 -0.511281 0
    outer loop
      vertex -3.92035 -8.69156 4
      vertex -3.8494 -8.5723 0
      vertex -3.8494 -8.5723 4
    endloop
  endfacet
  facet normal 0.859414 -0.511281 0
    outer loop
      vertex -3.8494 -8.5723 0
      vertex -3.92035 -8.69156 4
      vertex -3.92035 -8.69156 0
    endloop
  endfacet
  facet normal 0.912169 -0.409815 0
    outer loop
      vertex -3.8494 -8.5723 4
      vertex -3.84041 -8.55229 0
      vertex -3.84041 -8.55229 4
    endloop
  endfacet
  facet normal 0.912169 -0.409815 0
    outer loop
      vertex -3.84041 -8.55229 0
      vertex -3.8494 -8.5723 4
      vertex -3.8494 -8.5723 0
    endloop
  endfacet
  facet normal -0.382688 -0.923878 0
    outer loop
      vertex -3.84041 -8.55229 0
      vertex -3.33179 -8.76297 4
      vertex -3.84041 -8.55229 4
    endloop
  endfacet
  facet normal -0.382688 -0.923878 -0
    outer loop
      vertex -3.33179 -8.76297 4
      vertex -3.84041 -8.55229 0
      vertex -3.33179 -8.76297 0
    endloop
  endfacet
  facet normal -0.934726 0.355369 0
    outer loop
      vertex -3.33958 -8.78346 0
      vertex -3.33179 -8.76297 4
      vertex -3.33179 -8.76297 0
    endloop
  endfacet
  facet normal -0.934726 0.355369 0
    outer loop
      vertex -3.33179 -8.76297 4
      vertex -3.33958 -8.78346 0
      vertex -3.33958 -8.78346 4
    endloop
  endfacet
  facet normal -0.969216 0.246213 0
    outer loop
      vertex -3.37375 -8.91797 0
      vertex -3.33958 -8.78346 4
      vertex -3.33958 -8.78346 0
    endloop
  endfacet
  facet normal -0.969216 0.246213 0
    outer loop
      vertex -3.33958 -8.78346 4
      vertex -3.37375 -8.91797 0
      vertex -3.37375 -8.91797 4
    endloop
  endfacet
  facet normal -0.988288 0.152601 0
    outer loop
      vertex -3.39525 -9.05721 0
      vertex -3.37375 -8.91797 4
      vertex -3.37375 -8.91797 0
    endloop
  endfacet
  facet normal -0.988288 0.152601 0
    outer loop
      vertex -3.37375 -8.91797 4
      vertex -3.39525 -9.05721 0
      vertex -3.39525 -9.05721 4
    endloop
  endfacet
  facet normal -0.995912 0.0903276 0
    outer loop
      vertex -3.40816 -9.19955 0
      vertex -3.39525 -9.05721 4
      vertex -3.39525 -9.05721 0
    endloop
  endfacet
  facet normal -0.995912 0.0903276 0
    outer loop
      vertex -3.39525 -9.05721 4
      vertex -3.40816 -9.19955 0
      vertex -3.40816 -9.19955 4
    endloop
  endfacet
  facet normal -0.999243 0.03891 0
    outer loop
      vertex -3.4138 -9.34439 0
      vertex -3.40816 -9.19955 4
      vertex -3.40816 -9.19955 0
    endloop
  endfacet
  facet normal -0.999243 0.03891 0
    outer loop
      vertex -3.40816 -9.19955 4
      vertex -3.4138 -9.34439 0
      vertex -3.4138 -9.34439 4
    endloop
  endfacet
  facet normal -0.999982 -0.00591947 0
    outer loop
      vertex -3.41293 -9.49136 0
      vertex -3.4138 -9.34439 4
      vertex -3.4138 -9.34439 0
    endloop
  endfacet
  facet normal -0.999982 -0.00591947 0
    outer loop
      vertex -3.4138 -9.34439 4
      vertex -3.41293 -9.49136 0
      vertex -3.41293 -9.49136 4
    endloop
  endfacet
  facet normal -0.99893 -0.0462387 0
    outer loop
      vertex -3.40604 -9.64021 0
      vertex -3.41293 -9.49136 4
      vertex -3.41293 -9.49136 0
    endloop
  endfacet
  facet normal -0.99893 -0.0462387 0
    outer loop
      vertex -3.41293 -9.49136 4
      vertex -3.40604 -9.64021 0
      vertex -3.40604 -9.64021 4
    endloop
  endfacet
  facet normal -0.996503 -0.0835606 0
    outer loop
      vertex -3.39342 -9.79071 0
      vertex -3.40604 -9.64021 4
      vertex -3.40604 -9.64021 0
    endloop
  endfacet
  facet normal -0.996503 -0.0835606 0
    outer loop
      vertex -3.40604 -9.64021 4
      vertex -3.39342 -9.79071 0
      vertex -3.39342 -9.79071 4
    endloop
  endfacet
  facet normal -0.992983 -0.118259 0
    outer loop
      vertex -3.37532 -9.94269 0
      vertex -3.39342 -9.79071 4
      vertex -3.39342 -9.79071 0
    endloop
  endfacet
  facet normal -0.992983 -0.118259 0
    outer loop
      vertex -3.39342 -9.79071 4
      vertex -3.37532 -9.94269 0
      vertex -3.37532 -9.94269 4
    endloop
  endfacet
  facet normal -0.309104 -0.951028 0
    outer loop
      vertex -3.37532 -9.94269 0
      vertex -3.11346 -10.0278 4
      vertex -3.37532 -9.94269 4
    endloop
  endfacet
  facet normal -0.309104 -0.951028 -0
    outer loop
      vertex -3.11346 -10.0278 4
      vertex -3.37532 -9.94269 0
      vertex -3.11346 -10.0278 0
    endloop
  endfacet
  facet normal 0.733949 -0.679205 0
    outer loop
      vertex -3.11346 -10.0278 4
      vertex -3.00949 -9.91545 0
      vertex -3.00949 -9.91545 4
    endloop
  endfacet
  facet normal 0.733949 -0.679205 0
    outer loop
      vertex -3.00949 -9.91545 0
      vertex -3.11346 -10.0278 4
      vertex -3.11346 -10.0278 0
    endloop
  endfacet
  facet normal 0.757084 -0.653318 0
    outer loop
      vertex -3.00949 -9.91545 4
      vertex -2.91083 -9.80112 0
      vertex -2.91083 -9.80112 4
    endloop
  endfacet
  facet normal 0.757084 -0.653318 0
    outer loop
      vertex -2.91083 -9.80112 0
      vertex -3.00949 -9.91545 4
      vertex -3.00949 -9.91545 0
    endloop
  endfacet
  facet normal 0.780921 -0.62463 0
    outer loop
      vertex -2.91083 -9.80112 4
      vertex -2.81775 -9.68475 0
      vertex -2.81775 -9.68475 4
    endloop
  endfacet
  facet normal 0.780921 -0.62463 0
    outer loop
      vertex -2.81775 -9.68475 0
      vertex -2.91083 -9.80112 4
      vertex -2.91083 -9.80112 0
    endloop
  endfacet
  facet normal 0.805558 -0.592516 0
    outer loop
      vertex -2.81775 -9.68475 4
      vertex -2.73067 -9.56636 0
      vertex -2.73067 -9.56636 4
    endloop
  endfacet
  facet normal 0.805558 -0.592516 0
    outer loop
      vertex -2.73067 -9.56636 0
      vertex -2.81775 -9.68475 4
      vertex -2.81775 -9.68475 0
    endloop
  endfacet
  facet normal 0.831296 -0.55583 0
    outer loop
      vertex -2.73067 -9.56636 4
      vertex -2.6501 -9.44586 0
      vertex -2.6501 -9.44586 4
    endloop
  endfacet
  facet normal 0.831296 -0.55583 0
    outer loop
      vertex -2.6501 -9.44586 0
      vertex -2.73067 -9.56636 4
      vertex -2.73067 -9.56636 0
    endloop
  endfacet
  facet normal 0.858768 -0.512364 0
    outer loop
      vertex -2.6501 -9.44586 4
      vertex -2.57687 -9.32312 0
      vertex -2.57687 -9.32312 4
    endloop
  endfacet
  facet normal 0.858768 -0.512364 0
    outer loop
      vertex -2.57687 -9.32312 0
      vertex -2.6501 -9.44586 4
      vertex -2.6501 -9.44586 0
    endloop
  endfacet
  facet normal 0.889244 -0.457433 0
    outer loop
      vertex -2.57687 -9.32312 4
      vertex -2.51242 -9.19783 0
      vertex -2.51242 -9.19783 4
    endloop
  endfacet
  facet normal 0.889244 -0.457433 0
    outer loop
      vertex -2.51242 -9.19783 0
      vertex -2.57687 -9.32312 4
      vertex -2.57687 -9.32312 0
    endloop
  endfacet
  facet normal 0.928814 -0.370546 0
    outer loop
      vertex -2.51242 -9.19783 4
      vertex -2.461 -9.06894 0
      vertex -2.461 -9.06894 4
    endloop
  endfacet
  facet normal 0.928814 -0.370546 0
    outer loop
      vertex -2.461 -9.06894 0
      vertex -2.51242 -9.19783 4
      vertex -2.51242 -9.19783 0
    endloop
  endfacet
  facet normal 0.965121 -0.261805 0
    outer loop
      vertex -2.461 -9.06894 4
      vertex -2.45526 -9.04778 0
      vertex -2.45526 -9.04778 4
    endloop
  endfacet
  facet normal 0.965121 -0.261805 0
    outer loop
      vertex -2.45526 -9.04778 0
      vertex -2.461 -9.06894 4
      vertex -2.461 -9.06894 0
    endloop
  endfacet
  facet normal -0.233413 -0.972378 0
    outer loop
      vertex -2.45526 -9.04778 0
      vertex -1.91994 -9.17628 4
      vertex -2.45526 -9.04778 4
    endloop
  endfacet
  facet normal -0.233413 -0.972378 -0
    outer loop
      vertex -1.91994 -9.17628 4
      vertex -2.45526 -9.04778 0
      vertex -1.91994 -9.17628 0
    endloop
  endfacet
  facet normal -0.978733 0.205137 0
    outer loop
      vertex -1.92444 -9.19775 0
      vertex -1.91994 -9.17628 4
      vertex -1.91994 -9.17628 0
    endloop
  endfacet
  facet normal -0.978733 0.205137 0
    outer loop
      vertex -1.91994 -9.17628 4
      vertex -1.92444 -9.19775 0
      vertex -1.92444 -9.19775 4
    endloop
  endfacet
  facet normal -0.995811 0.0914388 0
    outer loop
      vertex -1.93713 -9.33595 0
      vertex -1.92444 -9.19775 4
      vertex -1.92444 -9.19775 0
    endloop
  endfacet
  facet normal -0.995811 0.0914388 0
    outer loop
      vertex -1.92444 -9.19775 4
      vertex -1.93713 -9.33595 0
      vertex -1.93713 -9.33595 4
    endloop
  endfacet
  facet normal -0.999993 -0.00376177 0
    outer loop
      vertex -1.9366 -9.47684 0
      vertex -1.93713 -9.33595 4
      vertex -1.93713 -9.33595 0
    endloop
  endfacet
  facet normal -0.999993 -0.00376177 0
    outer loop
      vertex -1.93713 -9.33595 4
      vertex -1.9366 -9.47684 0
      vertex -1.9366 -9.47684 4
    endloop
  endfacet
  facet normal -0.99777 -0.0667465 0
    outer loop
      vertex -1.92706 -9.61945 0
      vertex -1.9366 -9.47684 4
      vertex -1.9366 -9.47684 0
    endloop
  endfacet
  facet normal -0.99777 -0.0667465 0
    outer loop
      vertex -1.9366 -9.47684 4
      vertex -1.92706 -9.61945 0
      vertex -1.92706 -9.61945 4
    endloop
  endfacet
  facet normal -0.99304 -0.117774 0
    outer loop
      vertex -1.90999 -9.76338 0
      vertex -1.92706 -9.61945 4
      vertex -1.92706 -9.61945 0
    endloop
  endfacet
  facet normal -0.99304 -0.117774 0
    outer loop
      vertex -1.92706 -9.61945 4
      vertex -1.90999 -9.76338 0
      vertex -1.90999 -9.76338 4
    endloop
  endfacet
  facet normal -0.986748 -0.162258 0
    outer loop
      vertex -1.88614 -9.90842 0
      vertex -1.90999 -9.76338 4
      vertex -1.90999 -9.76338 0
    endloop
  endfacet
  facet normal -0.986748 -0.162258 0
    outer loop
      vertex -1.90999 -9.76338 4
      vertex -1.88614 -9.90842 0
      vertex -1.88614 -9.90842 4
    endloop
  endfacet
  facet normal -0.979384 -0.202009 0
    outer loop
      vertex -1.85603 -10.0544 0
      vertex -1.88614 -9.90842 4
      vertex -1.88614 -9.90842 0
    endloop
  endfacet
  facet normal -0.979384 -0.202009 0
    outer loop
      vertex -1.88614 -9.90842 4
      vertex -1.85603 -10.0544 0
      vertex -1.85603 -10.0544 4
    endloop
  endfacet
  facet normal -0.971132 -0.238543 0
    outer loop
      vertex -1.82002 -10.201 0
      vertex -1.85603 -10.0544 4
      vertex -1.85603 -10.0544 0
    endloop
  endfacet
  facet normal -0.971132 -0.238543 0
    outer loop
      vertex -1.85603 -10.0544 4
      vertex -1.82002 -10.201 0
      vertex -1.82002 -10.201 4
    endloop
  endfacet
  facet normal -0.962289 -0.272028 0
    outer loop
      vertex -1.77838 -10.3483 0
      vertex -1.82002 -10.201 4
      vertex -1.82002 -10.201 0
    endloop
  endfacet
  facet normal -0.962289 -0.272028 0
    outer loop
      vertex -1.82002 -10.201 4
      vertex -1.77838 -10.3483 0
      vertex -1.77838 -10.3483 4
    endloop
  endfacet
  facet normal -0.156537 -0.987672 0
    outer loop
      vertex -1.77838 -10.3483 0
      vertex -1.50644 -10.3914 4
      vertex -1.77838 -10.3483 4
    endloop
  endfacet
  facet normal -0.156537 -0.987672 -0
    outer loop
      vertex -1.50644 -10.3914 4
      vertex -1.77838 -10.3483 0
      vertex -1.50644 -10.3914 0
    endloop
  endfacet
  facet normal 0.831114 -0.556102 0
    outer loop
      vertex -1.50644 -10.3914 4
      vertex -1.42133 -10.2642 0
      vertex -1.42133 -10.2642 4
    endloop
  endfacet
  facet normal 0.831114 -0.556102 0
    outer loop
      vertex -1.42133 -10.2642 0
      vertex -1.50644 -10.3914 4
      vertex -1.50644 -10.3914 0
    endloop
  endfacet
  facet normal 0.849986 -0.526806 0
    outer loop
      vertex -1.42133 -10.2642 4
      vertex -1.34175 -10.1358 0
      vertex -1.34175 -10.1358 4
    endloop
  endfacet
  facet normal 0.849986 -0.526806 0
    outer loop
      vertex -1.34175 -10.1358 0
      vertex -1.42133 -10.2642 4
      vertex -1.42133 -10.2642 0
    endloop
  endfacet
  facet normal 0.86908 -0.494671 0
    outer loop
      vertex -1.34175 -10.1358 4
      vertex -1.26804 -10.0063 0
      vertex -1.26804 -10.0063 4
    endloop
  endfacet
  facet normal 0.86908 -0.494671 0
    outer loop
      vertex -1.26804 -10.0063 0
      vertex -1.34175 -10.1358 4
      vertex -1.34175 -10.1358 0
    endloop
  endfacet
  facet normal 0.888262 -0.459338 0
    outer loop
      vertex -1.26804 -10.0063 4
      vertex -1.20053 -9.87575 0
      vertex -1.20053 -9.87575 4
    endloop
  endfacet
  facet normal 0.888262 -0.459338 0
    outer loop
      vertex -1.20053 -9.87575 0
      vertex -1.26804 -10.0063 4
      vertex -1.26804 -10.0063 0
    endloop
  endfacet
  facet normal 0.908058 -0.418844 0
    outer loop
      vertex -1.20053 -9.87575 4
      vertex -1.13982 -9.74413 0
      vertex -1.13982 -9.74413 4
    endloop
  endfacet
  facet normal 0.908058 -0.418844 0
    outer loop
      vertex -1.13982 -9.74413 0
      vertex -1.20053 -9.87575 4
      vertex -1.20053 -9.87575 0
    endloop
  endfacet
  facet normal 0.928337 -0.37174 0
    outer loop
      vertex -1.13982 -9.74413 4
      vertex -1.08669 -9.61145 0
      vertex -1.08669 -9.61145 4
    endloop
  endfacet
  facet normal 0.928337 -0.37174 0
    outer loop
      vertex -1.08669 -9.61145 0
      vertex -1.13982 -9.74413 4
      vertex -1.13982 -9.74413 0
    endloop
  endfacet
  facet normal 0.949841 -0.312733 0
    outer loop
      vertex -1.08669 -9.61145 4
      vertex -1.04263 -9.47763 0
      vertex -1.04263 -9.47763 4
    endloop
  endfacet
  facet normal 0.949841 -0.312733 0
    outer loop
      vertex -1.04263 -9.47763 0
      vertex -1.08669 -9.61145 4
      vertex -1.08669 -9.61145 0
    endloop
  endfacet
  facet normal 0.975356 -0.220637 0
    outer loop
      vertex -1.04263 -9.47763 4
      vertex -1.01201 -9.34227 0
      vertex -1.01201 -9.34227 4
    endloop
  endfacet
  facet normal 0.975356 -0.220637 0
    outer loop
      vertex -1.01201 -9.34227 0
      vertex -1.04263 -9.47763 4
      vertex -1.04263 -9.47763 0
    endloop
  endfacet
  facet normal 0.994142 -0.108079 0
    outer loop
      vertex -1.01201 -9.34227 4
      vertex -1.00964 -9.32047 0
      vertex -1.00964 -9.32047 4
    endloop
  endfacet
  facet normal 0.994142 -0.108079 0
    outer loop
      vertex -1.00964 -9.32047 0
      vertex -1.01201 -9.34227 4
      vertex -1.01201 -9.34227 0
    endloop
  endfacet
  facet normal -0.0784528 -0.996918 0
    outer loop
      vertex -1.00964 -9.32047 0
      vertex -0.460815 -9.36366 4
      vertex -1.00964 -9.32047 4
    endloop
  endfacet
  facet normal -0.0784528 -0.996918 -0
    outer loop
      vertex -0.460815 -9.36366 4
      vertex -1.00964 -9.32047 0
      vertex -0.460815 -9.36366 0
    endloop
  endfacet
  facet normal -0.998777 0.0494372 0
    outer loop
      vertex -0.461899 -9.38556 0
      vertex -0.460815 -9.36366 4
      vertex -0.460815 -9.36366 0
    endloop
  endfacet
  facet normal -0.998777 0.0494372 0
    outer loop
      vertex -0.460815 -9.36366 4
      vertex -0.461899 -9.38556 0
      vertex -0.461899 -9.38556 4
    endloop
  endfacet
  facet normal -0.997858 -0.0654167 0
    outer loop
      vertex -0.45282 -9.52405 0
      vertex -0.461899 -9.38556 4
      vertex -0.461899 -9.38556 0
    endloop
  endfacet
  facet normal -0.997858 -0.0654167 0
    outer loop
      vertex -0.461899 -9.38556 4
      vertex -0.45282 -9.52405 0
      vertex -0.45282 -9.52405 4
    endloop
  endfacet
  facet normal -0.987087 -0.160183 0
    outer loop
      vertex -0.430252 -9.66312 0
      vertex -0.45282 -9.52405 4
      vertex -0.45282 -9.52405 0
    endloop
  endfacet
  facet normal -0.987087 -0.160183 0
    outer loop
      vertex -0.45282 -9.52405 4
      vertex -0.430252 -9.66312 0
      vertex -0.430252 -9.66312 4
    endloop
  endfacet
  facet normal -0.975053 -0.221971 0
    outer loop
      vertex -0.398529 -9.80247 0
      vertex -0.430252 -9.66312 4
      vertex -0.430252 -9.66312 0
    endloop
  endfacet
  facet normal -0.975053 -0.221971 0
    outer loop
      vertex -0.430252 -9.66312 4
      vertex -0.398529 -9.80247 0
      vertex -0.398529 -9.80247 4
    endloop
  endfacet
  facet normal -0.962383 -0.271696 0
    outer loop
      vertex -0.359146 -9.94197 0
      vertex -0.398529 -9.80247 4
      vertex -0.398529 -9.80247 0
    endloop
  endfacet
  facet normal -0.962383 -0.271696 0
    outer loop
      vertex -0.398529 -9.80247 4
      vertex -0.359146 -9.94197 0
      vertex -0.359146 -9.94197 4
    endloop
  endfacet
  facet normal -0.949215 -0.314629 0
    outer loop
      vertex -0.312897 -10.0815 0
      vertex -0.359146 -9.94197 4
      vertex -0.359146 -9.94197 0
    endloop
  endfacet
  facet normal -0.949215 -0.314629 0
    outer loop
      vertex -0.359146 -9.94197 4
      vertex -0.312897 -10.0815 0
      vertex -0.312897 -10.0815 4
    endloop
  endfacet
  facet normal -0.935683 -0.352841 0
    outer loop
      vertex -0.26033 -10.2209 0
      vertex -0.312897 -10.0815 4
      vertex -0.312897 -10.0815 0
    endloop
  endfacet
  facet normal -0.935683 -0.352841 0
    outer loop
      vertex -0.312897 -10.0815 4
      vertex -0.26033 -10.2209 0
      vertex -0.26033 -10.2209 4
    endloop
  endfacet
  facet normal -0.921892 -0.387446 0
    outer loop
      vertex -0.201828 -10.3601 0
      vertex -0.26033 -10.2209 4
      vertex -0.26033 -10.2209 0
    endloop
  endfacet
  facet normal -0.921892 -0.387446 0
    outer loop
      vertex -0.26033 -10.2209 4
      vertex -0.201828 -10.3601 0
      vertex -0.201828 -10.3601 4
    endloop
  endfacet
  facet normal -0.907899 -0.419188 0
    outer loop
      vertex -0.13765 -10.4991 0
      vertex -0.201828 -10.3601 4
      vertex -0.201828 -10.3601 0
    endloop
  endfacet
  facet normal -0.907899 -0.419188 0
    outer loop
      vertex -0.201828 -10.3601 4
      vertex -0.13765 -10.4991 0
      vertex -0.13765 -10.4991 4
    endloop
  endfacet
  facet normal 0 -1 0
    outer loop
      vertex -0.13765 -10.4991 0
      vertex 0.13765 -10.4991 4
      vertex -0.13765 -10.4991 4
    endloop
  endfacet
  facet normal 0 -1 -0
    outer loop
      vertex 0.13765 -10.4991 4
      vertex -0.13765 -10.4991 0
      vertex 0.13765 -10.4991 0
    endloop
  endfacet
  facet normal 0.907899 -0.419188 0
    outer loop
      vertex 0.13765 -10.4991 4
      vertex 0.201828 -10.3601 0
      vertex 0.201828 -10.3601 4
    endloop
  endfacet
  facet normal 0.907899 -0.419188 0
    outer loop
      vertex 0.201828 -10.3601 0
      vertex 0.13765 -10.4991 4
      vertex 0.13765 -10.4991 0
    endloop
  endfacet
  facet normal 0.671581 0.740931 -0
    outer loop
      vertex 2.47487 2.47487 4
      vertex 2.22038 2.70554 4.8
      vertex 2.47487 2.47487 4.8
    endloop
  endfacet
  facet normal 0.671581 0.740931 0
    outer loop
      vertex 2.22038 2.70554 4.8
      vertex 2.47487 2.47487 4
      vertex 2.22038 2.70554 4
    endloop
  endfacet
  facet normal 0.998796 -0.0490576 0
    outer loop
      vertex 3.48315 -0.34306 4.8
      vertex 3.5 0 4
      vertex 3.5 0 4.8
    endloop
  endfacet
  facet normal 0.998796 -0.0490576 0
    outer loop
      vertex 3.5 0 4
      vertex 3.48315 -0.34306 4.8
      vertex 3.48315 -0.34306 4
    endloop
  endfacet
  facet normal -0.336888 0.941545 0
    outer loop
      vertex -1.016 3.34929 4
      vertex -1.33939 3.23358 4.8
      vertex -1.016 3.34929 4.8
    endloop
  endfacet
  facet normal -0.336888 0.941545 0
    outer loop
      vertex -1.33939 3.23358 4.8
      vertex -1.016 3.34929 4
      vertex -1.33939 3.23358 4
    endloop
  endfacet
  facet normal -0.903984 0.427566 0
    outer loop
      vertex -3.23358 1.33939 4
      vertex -3.08672 1.64989 4.8
      vertex -3.08672 1.64989 4
    endloop
  endfacet
  facet normal -0.903984 0.427566 0
    outer loop
      vertex -3.08672 1.64989 4.8
      vertex -3.23358 1.33939 4
      vertex -3.23358 1.33939 4.8
    endloop
  endfacet
  facet normal 0.903984 0.427566 0
    outer loop
      vertex 3.23358 1.33939 4.8
      vertex 3.08672 1.64989 4
      vertex 3.08672 1.64989 4.8
    endloop
  endfacet
  facet normal 0.903984 0.427566 0
    outer loop
      vertex 3.08672 1.64989 4
      vertex 3.23358 1.33939 4.8
      vertex 3.23358 1.33939 4
    endloop
  endfacet
  facet normal 0.857732 0.514098 0
    outer loop
      vertex 3.08672 1.64989 4.8
      vertex 2.91014 1.9445 4
      vertex 2.91014 1.9445 4.8
    endloop
  endfacet
  facet normal 0.857732 0.514098 0
    outer loop
      vertex 2.91014 1.9445 4
      vertex 3.08672 1.64989 4.8
      vertex 3.08672 1.64989 4
    endloop
  endfacet
  facet normal 0.740931 0.671581 0
    outer loop
      vertex 2.70554 2.22038 4.8
      vertex 2.47487 2.47487 4
      vertex 2.47487 2.47487 4.8
    endloop
  endfacet
  facet normal 0.740931 0.671581 0
    outer loop
      vertex 2.47487 2.47487 4
      vertex 2.70554 2.22038 4.8
      vertex 2.70554 2.22038 4
    endloop
  endfacet
  facet normal 0.427566 0.903984 -0
    outer loop
      vertex 1.64989 3.08672 4
      vertex 1.33939 3.23358 4.8
      vertex 1.64989 3.08672 4.8
    endloop
  endfacet
  facet normal 0.427566 0.903984 0
    outer loop
      vertex 1.33939 3.23358 4.8
      vertex 1.64989 3.08672 4
      vertex 1.33939 3.23358 4
    endloop
  endfacet
  facet normal -0.989176 0.146736 0
    outer loop
      vertex -3.48315 0.34306 4
      vertex -3.43275 0.682816 4.8
      vertex -3.43275 0.682816 4
    endloop
  endfacet
  facet normal -0.989176 0.146736 0
    outer loop
      vertex -3.43275 0.682816 4.8
      vertex -3.48315 0.34306 4
      vertex -3.48315 0.34306 4.8
    endloop
  endfacet
  facet normal -0.740931 0.671581 0
    outer loop
      vertex -2.70554 2.22038 4
      vertex -2.47487 2.47487 4.8
      vertex -2.47487 2.47487 4
    endloop
  endfacet
  facet normal -0.740931 0.671581 0
    outer loop
      vertex -2.47487 2.47487 4.8
      vertex -2.70554 2.22038 4
      vertex -2.70554 2.22038 4.8
    endloop
  endfacet
  facet normal -0.146736 0.989176 0
    outer loop
      vertex -0.34306 3.48315 4
      vertex -0.682816 3.43275 4.8
      vertex -0.34306 3.48315 4.8
    endloop
  endfacet
  facet normal -0.146736 0.989176 0
    outer loop
      vertex -0.682816 3.43275 4.8
      vertex -0.34306 3.48315 4
      vertex -0.682816 3.43275 4
    endloop
  endfacet
  facet normal 0.941545 -0.336888 0
    outer loop
      vertex 3.23358 -1.33939 4.8
      vertex 3.34929 -1.016 4
      vertex 3.34929 -1.016 4.8
    endloop
  endfacet
  facet normal 0.941545 -0.336888 0
    outer loop
      vertex 3.34929 -1.016 4
      vertex 3.23358 -1.33939 4.8
      vertex 3.23358 -1.33939 4
    endloop
  endfacet
  facet normal -0.146736 -0.989176 0
    outer loop
      vertex -0.682816 -3.43275 4
      vertex -0.34306 -3.48315 4.8
      vertex -0.682816 -3.43275 4.8
    endloop
  endfacet
  facet normal -0.146736 -0.989176 -0
    outer loop
      vertex -0.34306 -3.48315 4.8
      vertex -0.682816 -3.43275 4
      vertex -0.34306 -3.48315 4
    endloop
  endfacet
  facet normal -0.671581 -0.740931 0
    outer loop
      vertex -2.47487 -2.47487 4
      vertex -2.22038 -2.70554 4.8
      vertex -2.47487 -2.47487 4.8
    endloop
  endfacet
  facet normal -0.671581 -0.740931 -0
    outer loop
      vertex -2.22038 -2.70554 4.8
      vertex -2.47487 -2.47487 4
      vertex -2.22038 -2.70554 4
    endloop
  endfacet
  facet normal 0.97003 0.242985 0
    outer loop
      vertex 3.43275 0.682816 4.8
      vertex 3.34929 1.016 4
      vertex 3.34929 1.016 4.8
    endloop
  endfacet
  facet normal 0.97003 0.242985 0
    outer loop
      vertex 3.34929 1.016 4
      vertex 3.43275 0.682816 4.8
      vertex 3.43275 0.682816 4
    endloop
  endfacet
  facet normal 0.941545 0.336888 0
    outer loop
      vertex 3.34929 1.016 4.8
      vertex 3.23358 1.33939 4
      vertex 3.23358 1.33939 4.8
    endloop
  endfacet
  facet normal 0.941545 0.336888 0
    outer loop
      vertex 3.23358 1.33939 4
      vertex 3.34929 1.016 4.8
      vertex 3.34929 1.016 4
    endloop
  endfacet
  facet normal 0.803217 0.595687 0
    outer loop
      vertex 2.91014 1.9445 4.8
      vertex 2.70554 2.22038 4
      vertex 2.70554 2.22038 4.8
    endloop
  endfacet
  facet normal 0.803217 0.595687 0
    outer loop
      vertex 2.70554 2.22038 4
      vertex 2.91014 1.9445 4.8
      vertex 2.91014 1.9445 4
    endloop
  endfacet
  facet normal 0.595687 0.803217 -0
    outer loop
      vertex 2.22038 2.70554 4
      vertex 1.9445 2.91014 4.8
      vertex 2.22038 2.70554 4.8
    endloop
  endfacet
  facet normal 0.595687 0.803217 0
    outer loop
      vertex 1.9445 2.91014 4.8
      vertex 2.22038 2.70554 4
      vertex 1.9445 2.91014 4
    endloop
  endfacet
  facet normal 0.0490576 0.998796 -0
    outer loop
      vertex 0.34306 3.48315 4
      vertex 0 3.5 4.8
      vertex 0.34306 3.48315 4.8
    endloop
  endfacet
  facet normal 0.0490576 0.998796 0
    outer loop
      vertex 0 3.5 4.8
      vertex 0.34306 3.48315 4
      vertex 0 3.5 4
    endloop
  endfacet
  facet normal 0.514098 0.857732 -0
    outer loop
      vertex 1.9445 2.91014 4
      vertex 1.64989 3.08672 4.8
      vertex 1.9445 2.91014 4.8
    endloop
  endfacet
  facet normal 0.514098 0.857732 0
    outer loop
      vertex 1.64989 3.08672 4.8
      vertex 1.9445 2.91014 4
      vertex 1.64989 3.08672 4
    endloop
  endfacet
  facet normal 0.336888 0.941545 -0
    outer loop
      vertex 1.33939 3.23358 4
      vertex 1.016 3.34929 4.8
      vertex 1.33939 3.23358 4.8
    endloop
  endfacet
  facet normal 0.336888 0.941545 0
    outer loop
      vertex 1.016 3.34929 4.8
      vertex 1.33939 3.23358 4
      vertex 1.016 3.34929 4
    endloop
  endfacet
  facet normal 0.242985 0.97003 -0
    outer loop
      vertex 1.016 3.34929 4
      vertex 0.682816 3.43275 4.8
      vertex 1.016 3.34929 4.8
    endloop
  endfacet
  facet normal 0.242985 0.97003 0
    outer loop
      vertex 0.682816 3.43275 4.8
      vertex 1.016 3.34929 4
      vertex 0.682816 3.43275 4
    endloop
  endfacet
  facet normal -0.998796 0.0490576 0
    outer loop
      vertex -3.5 0 4
      vertex -3.48315 0.34306 4.8
      vertex -3.48315 0.34306 4
    endloop
  endfacet
  facet normal -0.998796 0.0490576 0
    outer loop
      vertex -3.48315 0.34306 4.8
      vertex -3.5 0 4
      vertex -3.5 0 4.8
    endloop
  endfacet
  facet normal -0.941545 0.336888 0
    outer loop
      vertex -3.34929 1.016 4
      vertex -3.23358 1.33939 4.8
      vertex -3.23358 1.33939 4
    endloop
  endfacet
  facet normal -0.941545 0.336888 0
    outer loop
      vertex -3.23358 1.33939 4.8
      vertex -3.34929 1.016 4
      vertex -3.34929 1.016 4.8
    endloop
  endfacet
  facet normal -0.97003 0.242985 0
    outer loop
      vertex -3.43275 0.682816 4
      vertex -3.34929 1.016 4.8
      vertex -3.34929 1.016 4
    endloop
  endfacet
  facet normal -0.97003 0.242985 0
    outer loop
      vertex -3.34929 1.016 4.8
      vertex -3.43275 0.682816 4
      vertex -3.43275 0.682816 4.8
    endloop
  endfacet
  facet normal -0.857732 0.514098 0
    outer loop
      vertex -3.08672 1.64989 4
      vertex -2.91014 1.9445 4.8
      vertex -2.91014 1.9445 4
    endloop
  endfacet
  facet normal -0.857732 0.514098 0
    outer loop
      vertex -2.91014 1.9445 4.8
      vertex -3.08672 1.64989 4
      vertex -3.08672 1.64989 4.8
    endloop
  endfacet
  facet normal -0.803217 0.595687 0
    outer loop
      vertex -2.91014 1.9445 4
      vertex -2.70554 2.22038 4.8
      vertex -2.70554 2.22038 4
    endloop
  endfacet
  facet normal -0.803217 0.595687 0
    outer loop
      vertex -2.70554 2.22038 4.8
      vertex -2.91014 1.9445 4
      vertex -2.91014 1.9445 4.8
    endloop
  endfacet
  facet normal -0.242985 0.97003 0
    outer loop
      vertex -0.682816 3.43275 4
      vertex -1.016 3.34929 4.8
      vertex -0.682816 3.43275 4.8
    endloop
  endfacet
  facet normal -0.242985 0.97003 0
    outer loop
      vertex -1.016 3.34929 4.8
      vertex -0.682816 3.43275 4
      vertex -1.016 3.34929 4
    endloop
  endfacet
  facet normal -0.0490576 0.998796 0
    outer loop
      vertex 0 3.5 4
      vertex -0.34306 3.48315 4.8
      vertex 0 3.5 4.8
    endloop
  endfacet
  facet normal -0.0490576 0.998796 0
    outer loop
      vertex -0.34306 3.48315 4.8
      vertex 0 3.5 4
      vertex -0.34306 3.48315 4
    endloop
  endfacet
  facet normal -0.514098 0.857732 0
    outer loop
      vertex -1.64989 3.08672 4
      vertex -1.9445 2.91014 4.8
      vertex -1.64989 3.08672 4.8
    endloop
  endfacet
  facet normal -0.514098 0.857732 0
    outer loop
      vertex -1.9445 2.91014 4.8
      vertex -1.64989 3.08672 4
      vertex -1.9445 2.91014 4
    endloop
  endfacet
  facet normal -0.595687 0.803217 0
    outer loop
      vertex -1.9445 2.91014 4
      vertex -2.22038 2.70554 4.8
      vertex -1.9445 2.91014 4.8
    endloop
  endfacet
  facet normal -0.595687 0.803217 0
    outer loop
      vertex -2.22038 2.70554 4.8
      vertex -1.9445 2.91014 4
      vertex -2.22038 2.70554 4
    endloop
  endfacet
  facet normal -0.427566 0.903984 0
    outer loop
      vertex -1.33939 3.23358 4
      vertex -1.64989 3.08672 4.8
      vertex -1.33939 3.23358 4.8
    endloop
  endfacet
  facet normal -0.427566 0.903984 0
    outer loop
      vertex -1.64989 3.08672 4.8
      vertex -1.33939 3.23358 4
      vertex -1.64989 3.08672 4
    endloop
  endfacet
  facet normal -0.671581 0.740931 0
    outer loop
      vertex -2.22038 2.70554 4
      vertex -2.47487 2.47487 4.8
      vertex -2.22038 2.70554 4.8
    endloop
  endfacet
  facet normal -0.671581 0.740931 0
    outer loop
      vertex -2.47487 2.47487 4.8
      vertex -2.22038 2.70554 4
      vertex -2.47487 2.47487 4
    endloop
  endfacet
  facet normal 0.998796 0.0490576 0
    outer loop
      vertex 3.5 0 4.8
      vertex 3.48315 0.34306 4
      vertex 3.48315 0.34306 4.8
    endloop
  endfacet
  facet normal 0.998796 0.0490576 0
    outer loop
      vertex 3.48315 0.34306 4
      vertex 3.5 0 4.8
      vertex 3.5 0 4
    endloop
  endfacet
  facet normal 0.97003 -0.242985 0
    outer loop
      vertex 3.34929 -1.016 4.8
      vertex 3.43275 -0.682816 4
      vertex 3.43275 -0.682816 4.8
    endloop
  endfacet
  facet normal 0.97003 -0.242985 0
    outer loop
      vertex 3.43275 -0.682816 4
      vertex 3.34929 -1.016 4.8
      vertex 3.34929 -1.016 4
    endloop
  endfacet
  facet normal 0.0490576 -0.998796 0
    outer loop
      vertex 0 -3.5 4
      vertex 0.34306 -3.48315 4.8
      vertex 0 -3.5 4.8
    endloop
  endfacet
  facet normal 0.0490576 -0.998796 0
    outer loop
      vertex 0.34306 -3.48315 4.8
      vertex 0 -3.5 4
      vertex 0.34306 -3.48315 4
    endloop
  endfacet
  facet normal 0.740931 -0.671581 0
    outer loop
      vertex 2.47487 -2.47487 4.8
      vertex 2.70554 -2.22038 4
      vertex 2.70554 -2.22038 4.8
    endloop
  endfacet
  facet normal 0.740931 -0.671581 0
    outer loop
      vertex 2.70554 -2.22038 4
      vertex 2.47487 -2.47487 4.8
      vertex 2.47487 -2.47487 4
    endloop
  endfacet
  facet normal 0.146736 -0.989176 0
    outer loop
      vertex 0.34306 -3.48315 4
      vertex 0.682816 -3.43275 4.8
      vertex 0.34306 -3.48315 4.8
    endloop
  endfacet
  facet normal 0.146736 -0.989176 0
    outer loop
      vertex 0.682816 -3.43275 4.8
      vertex 0.34306 -3.48315 4
      vertex 0.682816 -3.43275 4
    endloop
  endfacet
  facet normal 0.242985 -0.97003 0
    outer loop
      vertex 0.682816 -3.43275 4
      vertex 1.016 -3.34929 4.8
      vertex 0.682816 -3.43275 4.8
    endloop
  endfacet
  facet normal 0.242985 -0.97003 0
    outer loop
      vertex 1.016 -3.34929 4.8
      vertex 0.682816 -3.43275 4
      vertex 1.016 -3.34929 4
    endloop
  endfacet
  facet normal 0.671581 -0.740931 0
    outer loop
      vertex 2.22038 -2.70554 4
      vertex 2.47487 -2.47487 4.8
      vertex 2.22038 -2.70554 4.8
    endloop
  endfacet
  facet normal 0.671581 -0.740931 0
    outer loop
      vertex 2.47487 -2.47487 4.8
      vertex 2.22038 -2.70554 4
      vertex 2.47487 -2.47487 4
    endloop
  endfacet
  facet normal 0.595687 -0.803217 0
    outer loop
      vertex 1.9445 -2.91014 4
      vertex 2.22038 -2.70554 4.8
      vertex 1.9445 -2.91014 4.8
    endloop
  endfacet
  facet normal 0.595687 -0.803217 0
    outer loop
      vertex 2.22038 -2.70554 4.8
      vertex 1.9445 -2.91014 4
      vertex 2.22038 -2.70554 4
    endloop
  endfacet
  facet normal 0.427566 -0.903984 0
    outer loop
      vertex 1.33939 -3.23358 4
      vertex 1.64989 -3.08672 4.8
      vertex 1.33939 -3.23358 4.8
    endloop
  endfacet
  facet normal 0.427566 -0.903984 0
    outer loop
      vertex 1.64989 -3.08672 4.8
      vertex 1.33939 -3.23358 4
      vertex 1.64989 -3.08672 4
    endloop
  endfacet
  facet normal -0.0490576 -0.998796 0
    outer loop
      vertex -0.34306 -3.48315 4
      vertex 0 -3.5 4.8
      vertex -0.34306 -3.48315 4.8
    endloop
  endfacet
  facet normal -0.0490576 -0.998796 -0
    outer loop
      vertex 0 -3.5 4.8
      vertex -0.34306 -3.48315 4
      vertex 0 -3.5 4
    endloop
  endfacet
  facet normal -0.336888 -0.941545 0
    outer loop
      vertex -1.33939 -3.23358 4
      vertex -1.016 -3.34929 4.8
      vertex -1.33939 -3.23358 4.8
    endloop
  endfacet
  facet normal -0.336888 -0.941545 -0
    outer loop
      vertex -1.016 -3.34929 4.8
      vertex -1.33939 -3.23358 4
      vertex -1.016 -3.34929 4
    endloop
  endfacet
  facet normal -0.514098 -0.857732 0
    outer loop
      vertex -1.9445 -2.91014 4
      vertex -1.64989 -3.08672 4.8
      vertex -1.9445 -2.91014 4.8
    endloop
  endfacet
  facet normal -0.514098 -0.857732 -0
    outer loop
      vertex -1.64989 -3.08672 4.8
      vertex -1.9445 -2.91014 4
      vertex -1.64989 -3.08672 4
    endloop
  endfacet
  facet normal -0.97003 -0.242985 0
    outer loop
      vertex -3.34929 -1.016 4
      vertex -3.43275 -0.682816 4.8
      vertex -3.43275 -0.682816 4
    endloop
  endfacet
  facet normal -0.97003 -0.242985 0
    outer loop
      vertex -3.43275 -0.682816 4.8
      vertex -3.34929 -1.016 4
      vertex -3.34929 -1.016 4.8
    endloop
  endfacet
  facet normal -0.998796 -0.0490576 0
    outer loop
      vertex -3.48315 -0.34306 4
      vertex -3.5 0 4.8
      vertex -3.5 0 4
    endloop
  endfacet
  facet normal -0.998796 -0.0490576 0
    outer loop
      vertex -3.5 0 4.8
      vertex -3.48315 -0.34306 4
      vertex -3.48315 -0.34306 4.8
    endloop
  endfacet
  facet normal -0.803217 -0.595687 0
    outer loop
      vertex -2.70554 -2.22038 4
      vertex -2.91014 -1.9445 4.8
      vertex -2.91014 -1.9445 4
    endloop
  endfacet
  facet normal -0.803217 -0.595687 0
    outer loop
      vertex -2.91014 -1.9445 4.8
      vertex -2.70554 -2.22038 4
      vertex -2.70554 -2.22038 4.8
    endloop
  endfacet
  facet normal -0.903984 -0.427566 0
    outer loop
      vertex -3.08672 -1.64989 4
      vertex -3.23358 -1.33939 4.8
      vertex -3.23358 -1.33939 4
    endloop
  endfacet
  facet normal -0.903984 -0.427566 0
    outer loop
      vertex -3.23358 -1.33939 4.8
      vertex -3.08672 -1.64989 4
      vertex -3.08672 -1.64989 4.8
    endloop
  endfacet
  facet normal -0.740931 -0.671581 0
    outer loop
      vertex -2.47487 -2.47487 4
      vertex -2.70554 -2.22038 4.8
      vertex -2.70554 -2.22038 4
    endloop
  endfacet
  facet normal -0.740931 -0.671581 0
    outer loop
      vertex -2.70554 -2.22038 4.8
      vertex -2.47487 -2.47487 4
      vertex -2.47487 -2.47487 4.8
    endloop
  endfacet
  facet normal 0.989176 0.146736 0
    outer loop
      vertex 3.48315 0.34306 4.8
      vertex 3.43275 0.682816 4
      vertex 3.43275 0.682816 4.8
    endloop
  endfacet
  facet normal 0.989176 0.146736 0
    outer loop
      vertex 3.43275 0.682816 4
      vertex 3.48315 0.34306 4.8
      vertex 3.48315 0.34306 4
    endloop
  endfacet
  facet normal 0.146736 0.989176 -0
    outer loop
      vertex 0.682816 3.43275 4
      vertex 0.34306 3.48315 4.8
      vertex 0.682816 3.43275 4.8
    endloop
  endfacet
  facet normal 0.146736 0.989176 0
    outer loop
      vertex 0.34306 3.48315 4.8
      vertex 0.682816 3.43275 4
      vertex 0.34306 3.48315 4
    endloop
  endfacet
  facet normal 0 0 1
    outer loop
      vertex 0.78 0.583051 4.8
      vertex 3.5 0 4.8
      vertex 3.48315 0.34306 4.8
    endloop
  endfacet
  facet normal -0 0 1
    outer loop
      vertex 0.78 0.583051 4.8
      vertex 3.48315 0.34306 4.8
      vertex 3.43275 0.682816 4.8
    endloop
  endfacet
  facet normal 0 0 1
    outer loop
      vertex 0.78 -0.583051 4.8
      vertex 3.5 0 4.8
      vertex 0.78 0.583051 4.8
    endloop
  endfacet
  facet normal 0 0 1
    outer loop
      vertex 0.78 0.583051 4.8
      vertex 3.43275 0.682816 4.8
      vertex 3.34929 1.016 4.8
    endloop
  endfacet
  facet normal 0 0 1
    outer loop
      vertex 3.5 0 4.8
      vertex 0.78 -0.583051 4.8
      vertex 3.48315 -0.34306 4.8
    endloop
  endfacet
  facet normal 0 0 1
    outer loop
      vertex 0.78 0.583051 4.8
      vertex 3.34929 1.016 4.8
      vertex 3.23358 1.33939 4.8
    endloop
  endfacet
  facet normal 0 0 1
    outer loop
      vertex 3.48315 -0.34306 4.8
      vertex 0.78 -0.583051 4.8
      vertex 3.43275 -0.682816 4.8
    endloop
  endfacet
  facet normal 0 0 1
    outer loop
      vertex 0.78 0.583051 4.8
      vertex 3.23358 1.33939 4.8
      vertex 3.08672 1.64989 4.8
    endloop
  endfacet
  facet normal 0 0 1
    outer loop
      vertex 3.43275 -0.682816 4.8
      vertex 0.78 -0.583051 4.8
      vertex 3.34929 -1.016 4.8
    endloop
  endfacet
  facet normal 0 0 1
    outer loop
      vertex 0.78 0.583051 4.8
      vertex 3.08672 1.64989 4.8
      vertex 2.91014 1.9445 4.8
    endloop
  endfacet
  facet normal 0 0 1
    outer loop
      vertex 3.34929 -1.016 4.8
      vertex 0.78 -0.583051 4.8
      vertex 3.23358 -1.33939 4.8
    endloop
  endfacet
  facet normal 0 0 1
    outer loop
      vertex 0.78 0.583051 4.8
      vertex 2.91014 1.9445 4.8
      vertex 2.70554 2.22038 4.8
    endloop
  endfacet
  facet normal 0 0 1
    outer loop
      vertex 3.23358 -1.33939 4.8
      vertex 0.78 -0.583051 4.8
      vertex 3.08672 -1.64989 4.8
    endloop
  endfacet
  facet normal 0 0 1
    outer loop
      vertex 0.753685 0.618533 4.8
      vertex 2.70554 2.22038 4.8
      vertex 2.47487 2.47487 4.8
    endloop
  endfacet
  facet normal 0 0 1
    outer loop
      vertex 3.08672 -1.64989 4.8
      vertex 0.78 -0.583051 4.8
      vertex 2.91014 -1.9445 4.8
    endloop
  endfacet
  facet normal 0 0 1
    outer loop
      vertex 0.689428 0.689428 4.8
      vertex 2.47487 2.47487 4.8
      vertex 2.22038 2.70554 4.8
    endloop
  endfacet
  facet normal 0 0 1
    outer loop
      vertex 2.91014 -1.9445 4.8
      vertex 0.78 -0.583051 4.8
      vertex 2.70554 -2.22038 4.8
    endloop
  endfacet
  facet normal 0 0 1
    outer loop
      vertex 0.618533 0.753685 4.8
      vertex 2.22038 2.70554 4.8
      vertex 1.9445 2.91014 4.8
    endloop
  endfacet
  facet normal -0 0 1
    outer loop
      vertex 0.753685 -0.618533 4.8
      vertex 2.70554 -2.22038 4.8
      vertex 0.78 -0.583051 4.8
    endloop
  endfacet
  facet normal 0 0 1
    outer loop
      vertex 0.54168 0.810682 4.8
      vertex 1.9445 2.91014 4.8
      vertex 1.64989 3.08672 4.8
    endloop
  endfacet
  facet normal 0 0 1
    outer loop
      vertex 2.70554 -2.22038 4.8
      vertex 0.753685 -0.618533 4.8
      vertex 2.47487 -2.47487 4.8
    endloop
  endfacet
  facet normal 0 0 1
    outer loop
      vertex 0.459611 0.859873 4.8
      vertex 1.64989 3.08672 4.8
      vertex 1.33939 3.23358 4.8
    endloop
  endfacet
  facet normal -0 0 1
    outer loop
      vertex 0.689428 -0.689428 4.8
      vertex 2.47487 -2.47487 4.8
      vertex 0.753685 -0.618533 4.8
    endloop
  endfacet
  facet normal 0 0 1
    outer loop
      vertex 0.373116 0.900782 4.8
      vertex 1.33939 3.23358 4.8
      vertex 1.016 3.34929 4.8
    endloop
  endfacet
  facet normal 0 0 1
    outer loop
      vertex 2.47487 -2.47487 4.8
      vertex 0.689428 -0.689428 4.8
      vertex 2.22038 -2.70554 4.8
    endloop
  endfacet
  facet normal -0 0 1
    outer loop
      vertex 0.618533 -0.753685 4.8
      vertex 2.22038 -2.70554 4.8
      vertex 0.689428 -0.689428 4.8
    endloop
  endfacet
  facet normal 0 0 1
    outer loop
      vertex 2.70554 2.22038 4.8
      vertex 0.753685 0.618533 4.8
      vertex 0.78 0.583051 4.8
    endloop
  endfacet
  facet normal 0 0 1
    outer loop
      vertex 2.47487 2.47487 4.8
      vertex 0.689428 0.689428 4.8
      vertex 0.753685 0.618533 4.8
    endloop
  endfacet
  facet normal 0 0 1
    outer loop
      vertex 0.283027 0.933017 4.8
      vertex 1.016 3.34929 4.8
      vertex 0.682816 3.43275 4.8
    endloop
  endfacet
  facet normal 0 0 1
    outer loop
      vertex 2.22038 2.70554 4.8
      vertex 0.618533 0.753685 4.8
      vertex 0.689428 0.689428 4.8
    endloop
  endfacet
  facet normal 0 0 1
    outer loop
      vertex 1.9445 2.91014 4.8
      vertex 0.54168 0.810682 4.8
      vertex 0.618533 0.753685 4.8
    endloop
  endfacet
  facet normal 0 0 1
    outer loop
      vertex 1.64989 3.08672 4.8
      vertex 0.459611 0.859873 4.8
      vertex 0.54168 0.810682 4.8
    endloop
  endfacet
  facet normal 0 0 1
    outer loop
      vertex 1.33939 3.23358 4.8
      vertex 0.373116 0.900782 4.8
      vertex 0.459611 0.859873 4.8
    endloop
  endfacet
  facet normal 0 0 1
    outer loop
      vertex 0.190212 0.956265 4.8
      vertex 0.682816 3.43275 4.8
      vertex 0.34306 3.48315 4.8
    endloop
  endfacet
  facet normal 0 0 1
    outer loop
      vertex 1.016 3.34929 4.8
      vertex 0.283027 0.933017 4.8
      vertex 0.373116 0.900782 4.8
    endloop
  endfacet
  facet normal 0 0 1
    outer loop
      vertex 0.682816 3.43275 4.8
      vertex 0.190212 0.956265 4.8
      vertex 0.283027 0.933017 4.8
    endloop
  endfacet
  facet normal 0 0 1
    outer loop
      vertex 0.34306 3.48315 4.8
      vertex 0.0955658 0.970304 4.8
      vertex 0.190212 0.956265 4.8
    endloop
  endfacet
  facet normal 0 0 1
    outer loop
      vertex 0 3.5 4.8
      vertex 0.0955658 0.970304 4.8
      vertex 0.34306 3.48315 4.8
    endloop
  endfacet
  facet normal 0 0 1
    outer loop
      vertex 0 3.5 4.8
      vertex 0 0.974999 4.8
      vertex 0.0955658 0.970304 4.8
    endloop
  endfacet
  facet normal 0 0 1
    outer loop
      vertex 0 3.5 4.8
      vertex -0.0955658 0.970304 4.8
      vertex 0 0.974999 4.8
    endloop
  endfacet
  facet normal -0 0 1
    outer loop
      vertex -0.34306 3.48315 4.8
      vertex -0.0955658 0.970304 4.8
      vertex 0 3.5 4.8
    endloop
  endfacet
  facet normal 0 0 1
    outer loop
      vertex -0.0955658 0.970304 4.8
      vertex -0.34306 3.48315 4.8
      vertex -0.190212 0.956265 4.8
    endloop
  endfacet
  facet normal -0 0 1
    outer loop
      vertex -0.682816 3.43275 4.8
      vertex -0.190212 0.956265 4.8
      vertex -0.34306 3.48315 4.8
    endloop
  endfacet
  facet normal 0 0 1
    outer loop
      vertex -0.190212 0.956265 4.8
      vertex -0.682816 3.43275 4.8
      vertex -0.283027 0.933017 4.8
    endloop
  endfacet
  facet normal -0 0 1
    outer loop
      vertex -1.016 3.34929 4.8
      vertex -0.283027 0.933017 4.8
      vertex -0.682816 3.43275 4.8
    endloop
  endfacet
  facet normal 0 0 1
    outer loop
      vertex -0.283027 0.933017 4.8
      vertex -1.016 3.34929 4.8
      vertex -0.373116 0.900782 4.8
    endloop
  endfacet
  facet normal -0 0 1
    outer loop
      vertex -1.33939 3.23358 4.8
      vertex -0.373116 0.900782 4.8
      vertex -1.016 3.34929 4.8
    endloop
  endfacet
  facet normal 0 0 1
    outer loop
      vertex -0.373116 0.900782 4.8
      vertex -1.33939 3.23358 4.8
      vertex -0.459611 0.859873 4.8
    endloop
  endfacet
  facet normal -0 0 1
    outer loop
      vertex -1.64989 3.08672 4.8
      vertex -0.459611 0.859873 4.8
      vertex -1.33939 3.23358 4.8
    endloop
  endfacet
  facet normal 0 0 1
    outer loop
      vertex -0.459611 0.859873 4.8
      vertex -1.64989 3.08672 4.8
      vertex -0.54168 0.810682 4.8
    endloop
  endfacet
  facet normal -0 0 1
    outer loop
      vertex -1.9445 2.91014 4.8
      vertex -0.54168 0.810682 4.8
      vertex -1.64989 3.08672 4.8
    endloop
  endfacet
  facet normal 0 0 1
    outer loop
      vertex -0.54168 0.810682 4.8
      vertex -1.9445 2.91014 4.8
      vertex -0.618533 0.753685 4.8
    endloop
  endfacet
  facet normal -0 0 1
    outer loop
      vertex -2.22038 2.70554 4.8
      vertex -0.618533 0.753685 4.8
      vertex -1.9445 2.91014 4.8
    endloop
  endfacet
  facet normal 0 0 1
    outer loop
      vertex -0.618533 0.753685 4.8
      vertex -2.22038 2.70554 4.8
      vertex -0.689428 0.689428 4.8
    endloop
  endfacet
  facet normal -0 0 1
    outer loop
      vertex -2.47487 2.47487 4.8
      vertex -0.689428 0.689428 4.8
      vertex -2.22038 2.70554 4.8
    endloop
  endfacet
  facet normal 0 0 1
    outer loop
      vertex -0.689428 0.689428 4.8
      vertex -2.47487 2.47487 4.8
      vertex -0.753685 0.618533 4.8
    endloop
  endfacet
  facet normal 0 0 1
    outer loop
      vertex -0.753685 0.618533 4.8
      vertex -2.70554 2.22038 4.8
      vertex -0.810682 0.54168 4.8
    endloop
  endfacet
  facet normal -0 0 1
    outer loop
      vertex -2.70554 2.22038 4.8
      vertex -0.753685 0.618533 4.8
      vertex -2.47487 2.47487 4.8
    endloop
  endfacet
  facet normal 0 0 1
    outer loop
      vertex 2.22038 -2.70554 4.8
      vertex 0.618533 -0.753685 4.8
      vertex 1.9445 -2.91014 4.8
    endloop
  endfacet
  facet normal -0 0 1
    outer loop
      vertex 0.54168 -0.810682 4.8
      vertex 1.9445 -2.91014 4.8
      vertex 0.618533 -0.753685 4.8
    endloop
  endfacet
  facet normal 0 0 1
    outer loop
      vertex 1.9445 -2.91014 4.8
      vertex 0.54168 -0.810682 4.8
      vertex 1.64989 -3.08672 4.8
    endloop
  endfacet
  facet normal -0 0 1
    outer loop
      vertex 0.459611 -0.859873 4.8
      vertex 1.64989 -3.08672 4.8
      vertex 0.54168 -0.810682 4.8
    endloop
  endfacet
  facet normal 0 0 1
    outer loop
      vertex 1.64989 -3.08672 4.8
      vertex 0.459611 -0.859873 4.8
      vertex 1.33939 -3.23358 4.8
    endloop
  endfacet
  facet normal -0 0 1
    outer loop
      vertex 0.373116 -0.900782 4.8
      vertex 1.33939 -3.23358 4.8
      vertex 0.459611 -0.859873 4.8
    endloop
  endfacet
  facet normal 0 0 1
    outer loop
      vertex 1.33939 -3.23358 4.8
      vertex 0.373116 -0.900782 4.8
      vertex 1.016 -3.34929 4.8
    endloop
  endfacet
  facet normal -0 0 1
    outer loop
      vertex 0.283027 -0.933017 4.8
      vertex 1.016 -3.34929 4.8
      vertex 0.373116 -0.900782 4.8
    endloop
  endfacet
  facet normal 0 0 1
    outer loop
      vertex 1.016 -3.34929 4.8
      vertex 0.283027 -0.933017 4.8
      vertex 0.682816 -3.43275 4.8
    endloop
  endfacet
  facet normal -0 0 1
    outer loop
      vertex 0.190212 -0.956265 4.8
      vertex 0.682816 -3.43275 4.8
      vertex 0.283027 -0.933017 4.8
    endloop
  endfacet
  facet normal 0 0 1
    outer loop
      vertex 0.682816 -3.43275 4.8
      vertex 0.190212 -0.956265 4.8
      vertex 0.34306 -3.48315 4.8
    endloop
  endfacet
  facet normal -0 0 1
    outer loop
      vertex 0.0955658 -0.970304 4.8
      vertex 0.34306 -3.48315 4.8
      vertex 0.190212 -0.956265 4.8
    endloop
  endfacet
  facet normal -0 0 1
    outer loop
      vertex 0 -0.974999 4.8
      vertex 0.34306 -3.48315 4.8
      vertex 0.0955658 -0.970304 4.8
    endloop
  endfacet
  facet normal 0 0 1
    outer loop
      vertex 0 -0.974999 4.8
      vertex 0 -3.5 4.8
      vertex 0.34306 -3.48315 4.8
    endloop
  endfacet
  facet normal 0 0 1
    outer loop
      vertex -0.0955658 -0.970304 4.8
      vertex 0 -3.5 4.8
      vertex 0 -0.974999 4.8
    endloop
  endfacet
  facet normal 0 0 1
    outer loop
      vertex -0.34306 -3.48315 4.8
      vertex -0.0955658 -0.970304 4.8
      vertex -0.190212 -0.956265 4.8
    endloop
  endfacet
  facet normal 0 0 1
    outer loop
      vertex -0.682816 -3.43275 4.8
      vertex -0.190212 -0.956265 4.8
      vertex -0.283027 -0.933017 4.8
    endloop
  endfacet
  facet normal 0 0 1
    outer loop
      vertex -0.0955658 -0.970304 4.8
      vertex -0.34306 -3.48315 4.8
      vertex 0 -3.5 4.8
    endloop
  endfacet
  facet normal 0 0 1
    outer loop
      vertex -1.016 -3.34929 4.8
      vertex -0.283027 -0.933017 4.8
      vertex -0.373116 -0.900782 4.8
    endloop
  endfacet
  facet normal 0 0 1
    outer loop
      vertex -1.33939 -3.23358 4.8
      vertex -0.373116 -0.900782 4.8
      vertex -0.459611 -0.859873 4.8
    endloop
  endfacet
  facet normal 0 0 1
    outer loop
      vertex -1.64989 -3.08672 4.8
      vertex -0.459611 -0.859873 4.8
      vertex -0.54168 -0.810682 4.8
    endloop
  endfacet
  facet normal 0 0 1
    outer loop
      vertex -1.9445 -2.91014 4.8
      vertex -0.54168 -0.810682 4.8
      vertex -0.618533 -0.753685 4.8
    endloop
  endfacet
  facet normal 0 0 1
    outer loop
      vertex -0.190212 -0.956265 4.8
      vertex -0.682816 -3.43275 4.8
      vertex -0.34306 -3.48315 4.8
    endloop
  endfacet
  facet normal 0 0 1
    outer loop
      vertex -2.22038 -2.70554 4.8
      vertex -0.618533 -0.753685 4.8
      vertex -0.689428 -0.689428 4.8
    endloop
  endfacet
  facet normal 0 0 1
    outer loop
      vertex -2.47487 -2.47487 4.8
      vertex -0.689428 -0.689428 4.8
      vertex -0.753685 -0.618533 4.8
    endloop
  endfacet
  facet normal 0 0 1
    outer loop
      vertex -2.70554 -2.22038 4.8
      vertex -0.753685 -0.618533 4.8
      vertex -0.810682 -0.54168 4.8
    endloop
  endfacet
  facet normal 0 0 1
    outer loop
      vertex -2.91014 -1.9445 4.8
      vertex -0.810682 -0.54168 4.8
      vertex -0.859873 -0.459611 4.8
    endloop
  endfacet
  facet normal 0 0 1
    outer loop
      vertex -3.08672 -1.64989 4.8
      vertex -0.859873 -0.459611 4.8
      vertex -0.900782 -0.373116 4.8
    endloop
  endfacet
  facet normal 0 0 1
    outer loop
      vertex -3.23358 -1.33939 4.8
      vertex -0.900782 -0.373116 4.8
      vertex -0.933017 -0.283027 4.8
    endloop
  endfacet
  facet normal 0 0 1
    outer loop
      vertex -3.34929 -1.016 4.8
      vertex -0.933017 -0.283027 4.8
      vertex -0.956265 -0.190212 4.8
    endloop
  endfacet
  facet normal 0 0 1
    outer loop
      vertex -3.43275 -0.682816 4.8
      vertex -0.956265 -0.190212 4.8
      vertex -0.970304 -0.0955658 4.8
    endloop
  endfacet
  facet normal 0 0 1
    outer loop
      vertex -0.283027 -0.933017 4.8
      vertex -1.016 -3.34929 4.8
      vertex -0.682816 -3.43275 4.8
    endloop
  endfacet
  facet normal 0 0 1
    outer loop
      vertex -3.48315 -0.34306 4.8
      vertex -0.970304 -0.0955658 4.8
      vertex -0.974999 0 4.8
    endloop
  endfacet
  facet normal -0 0 1
    outer loop
      vertex -2.91014 1.9445 4.8
      vertex -0.810682 0.54168 4.8
      vertex -2.70554 2.22038 4.8
    endloop
  endfacet
  facet normal 0 0 1
    outer loop
      vertex -0.810682 0.54168 4.8
      vertex -2.91014 1.9445 4.8
      vertex -0.859873 0.459611 4.8
    endloop
  endfacet
  facet normal 0 0 1
    outer loop
      vertex -0.373116 -0.900782 4.8
      vertex -1.33939 -3.23358 4.8
      vertex -1.016 -3.34929 4.8
    endloop
  endfacet
  facet normal -0 0 1
    outer loop
      vertex -3.08672 1.64989 4.8
      vertex -0.859873 0.459611 4.8
      vertex -2.91014 1.9445 4.8
    endloop
  endfacet
  facet normal 0 0 1
    outer loop
      vertex -0.459611 -0.859873 4.8
      vertex -1.64989 -3.08672 4.8
      vertex -1.33939 -3.23358 4.8
    endloop
  endfacet
  facet normal 0 0 1
    outer loop
      vertex -0.859873 0.459611 4.8
      vertex -3.08672 1.64989 4.8
      vertex -0.900782 0.373116 4.8
    endloop
  endfacet
  facet normal 0 0 1
    outer loop
      vertex -0.54168 -0.810682 4.8
      vertex -1.9445 -2.91014 4.8
      vertex -1.64989 -3.08672 4.8
    endloop
  endfacet
  facet normal -0 0 1
    outer loop
      vertex -3.23358 1.33939 4.8
      vertex -0.900782 0.373116 4.8
      vertex -3.08672 1.64989 4.8
    endloop
  endfacet
  facet normal 0 0 1
    outer loop
      vertex -0.618533 -0.753685 4.8
      vertex -2.22038 -2.70554 4.8
      vertex -1.9445 -2.91014 4.8
    endloop
  endfacet
  facet normal 0 0 1
    outer loop
      vertex -0.900782 0.373116 4.8
      vertex -3.23358 1.33939 4.8
      vertex -0.933017 0.283027 4.8
    endloop
  endfacet
  facet normal 0 0 1
    outer loop
      vertex -0.689428 -0.689428 4.8
      vertex -2.47487 -2.47487 4.8
      vertex -2.22038 -2.70554 4.8
    endloop
  endfacet
  facet normal -0 0 1
    outer loop
      vertex -3.34929 1.016 4.8
      vertex -0.933017 0.283027 4.8
      vertex -3.23358 1.33939 4.8
    endloop
  endfacet
  facet normal 0 0 1
    outer loop
      vertex -0.753685 -0.618533 4.8
      vertex -2.70554 -2.22038 4.8
      vertex -2.47487 -2.47487 4.8
    endloop
  endfacet
  facet normal 0 0 1
    outer loop
      vertex -0.933017 0.283027 4.8
      vertex -3.34929 1.016 4.8
      vertex -0.956265 0.190212 4.8
    endloop
  endfacet
  facet normal 0 0 1
    outer loop
      vertex -0.810682 -0.54168 4.8
      vertex -2.91014 -1.9445 4.8
      vertex -2.70554 -2.22038 4.8
    endloop
  endfacet
  facet normal -0 0 1
    outer loop
      vertex -3.43275 0.682816 4.8
      vertex -0.956265 0.190212 4.8
      vertex -3.34929 1.016 4.8
    endloop
  endfacet
  facet normal 0 0 1
    outer loop
      vertex -0.859873 -0.459611 4.8
      vertex -3.08672 -1.64989 4.8
      vertex -2.91014 -1.9445 4.8
    endloop
  endfacet
  facet normal 0 0 1
    outer loop
      vertex -0.956265 0.190212 4.8
      vertex -3.43275 0.682816 4.8
      vertex -0.970304 0.0955658 4.8
    endloop
  endfacet
  facet normal 0 0 1
    outer loop
      vertex -0.900782 -0.373116 4.8
      vertex -3.23358 -1.33939 4.8
      vertex -3.08672 -1.64989 4.8
    endloop
  endfacet
  facet normal -0 0 1
    outer loop
      vertex -3.48315 0.34306 4.8
      vertex -0.970304 0.0955658 4.8
      vertex -3.43275 0.682816 4.8
    endloop
  endfacet
  facet normal 0 0 1
    outer loop
      vertex -0.933017 -0.283027 4.8
      vertex -3.34929 -1.016 4.8
      vertex -3.23358 -1.33939 4.8
    endloop
  endfacet
  facet normal 0 0 1
    outer loop
      vertex -0.970304 0.0955658 4.8
      vertex -3.48315 0.34306 4.8
      vertex -0.974999 0 4.8
    endloop
  endfacet
  facet normal 0 0 1
    outer loop
      vertex -0.956265 -0.190212 4.8
      vertex -3.43275 -0.682816 4.8
      vertex -3.34929 -1.016 4.8
    endloop
  endfacet
  facet normal 0 0 1
    outer loop
      vertex -3.5 0 4.8
      vertex -0.974999 0 4.8
      vertex -3.48315 0.34306 4.8
    endloop
  endfacet
  facet normal 0 0 1
    outer loop
      vertex -0.970304 -0.0955658 4.8
      vertex -3.48315 -0.34306 4.8
      vertex -3.43275 -0.682816 4.8
    endloop
  endfacet
  facet normal 0 0 1
    outer loop
      vertex -0.974999 0 4.8
      vertex -3.5 0 4.8
      vertex -3.48315 -0.34306 4.8
    endloop
  endfacet
  facet normal 0.989176 -0.146736 0
    outer loop
      vertex 3.43275 -0.682816 4.8
      vertex 3.48315 -0.34306 4
      vertex 3.48315 -0.34306 4.8
    endloop
  endfacet
  facet normal 0.989176 -0.146736 0
    outer loop
      vertex 3.48315 -0.34306 4
      vertex 3.43275 -0.682816 4.8
      vertex 3.43275 -0.682816 4
    endloop
  endfacet
  facet normal 0.803217 -0.595687 0
    outer loop
      vertex 2.70554 -2.22038 4.8
      vertex 2.91014 -1.9445 4
      vertex 2.91014 -1.9445 4.8
    endloop
  endfacet
  facet normal 0.803217 -0.595687 0
    outer loop
      vertex 2.91014 -1.9445 4
      vertex 2.70554 -2.22038 4.8
      vertex 2.70554 -2.22038 4
    endloop
  endfacet
  facet normal 0.336888 -0.941545 0
    outer loop
      vertex 1.016 -3.34929 4
      vertex 1.33939 -3.23358 4.8
      vertex 1.016 -3.34929 4.8
    endloop
  endfacet
  facet normal 0.336888 -0.941545 0
    outer loop
      vertex 1.33939 -3.23358 4.8
      vertex 1.016 -3.34929 4
      vertex 1.33939 -3.23358 4
    endloop
  endfacet
  facet normal 0.514098 -0.857732 0
    outer loop
      vertex 1.64989 -3.08672 4
      vertex 1.9445 -2.91014 4.8
      vertex 1.64989 -3.08672 4.8
    endloop
  endfacet
  facet normal 0.514098 -0.857732 0
    outer loop
      vertex 1.9445 -2.91014 4.8
      vertex 1.64989 -3.08672 4
      vertex 1.9445 -2.91014 4
    endloop
  endfacet
  facet normal -0.242985 -0.97003 0
    outer loop
      vertex -1.016 -3.34929 4
      vertex -0.682816 -3.43275 4.8
      vertex -1.016 -3.34929 4.8
    endloop
  endfacet
  facet normal -0.242985 -0.97003 -0
    outer loop
      vertex -0.682816 -3.43275 4.8
      vertex -1.016 -3.34929 4
      vertex -0.682816 -3.43275 4
    endloop
  endfacet
  facet normal -0.427566 -0.903984 0
    outer loop
      vertex -1.64989 -3.08672 4
      vertex -1.33939 -3.23358 4.8
      vertex -1.64989 -3.08672 4.8
    endloop
  endfacet
  facet normal -0.427566 -0.903984 -0
    outer loop
      vertex -1.33939 -3.23358 4.8
      vertex -1.64989 -3.08672 4
      vertex -1.33939 -3.23358 4
    endloop
  endfacet
  facet normal -0.595687 -0.803217 0
    outer loop
      vertex -2.22038 -2.70554 4
      vertex -1.9445 -2.91014 4.8
      vertex -2.22038 -2.70554 4.8
    endloop
  endfacet
  facet normal -0.595687 -0.803217 -0
    outer loop
      vertex -1.9445 -2.91014 4.8
      vertex -2.22038 -2.70554 4
      vertex -1.9445 -2.91014 4
    endloop
  endfacet
  facet normal -0.941545 -0.336888 0
    outer loop
      vertex -3.23358 -1.33939 4
      vertex -3.34929 -1.016 4.8
      vertex -3.34929 -1.016 4
    endloop
  endfacet
  facet normal -0.941545 -0.336888 0
    outer loop
      vertex -3.34929 -1.016 4.8
      vertex -3.23358 -1.33939 4
      vertex -3.23358 -1.33939 4.8
    endloop
  endfacet
  facet normal -0.989176 -0.146736 0
    outer loop
      vertex -3.43275 -0.682816 4
      vertex -3.48315 -0.34306 4.8
      vertex -3.48315 -0.34306 4
    endloop
  endfacet
  facet normal -0.989176 -0.146736 0
    outer loop
      vertex -3.48315 -0.34306 4.8
      vertex -3.43275 -0.682816 4
      vertex -3.43275 -0.682816 4.8
    endloop
  endfacet
  facet normal -0.857732 -0.514098 0
    outer loop
      vertex -2.91014 -1.9445 4
      vertex -3.08672 -1.64989 4.8
      vertex -3.08672 -1.64989 4
    endloop
  endfacet
  facet normal -0.857732 -0.514098 0
    outer loop
      vertex -3.08672 -1.64989 4.8
      vertex -2.91014 -1.9445 4
      vertex -2.91014 -1.9445 4.8
    endloop
  endfacet
  facet normal 0.903984 -0.427566 0
    outer loop
      vertex 3.08672 -1.64989 4.8
      vertex 3.23358 -1.33939 4
      vertex 3.23358 -1.33939 4.8
    endloop
  endfacet
  facet normal 0.903984 -0.427566 0
    outer loop
      vertex 3.23358 -1.33939 4
      vertex 3.08672 -1.64989 4.8
      vertex 3.08672 -1.64989 4
    endloop
  endfacet
  facet normal 0.857732 -0.514098 0
    outer loop
      vertex 2.91014 -1.9445 4.8
      vertex 3.08672 -1.64989 4
      vertex 3.08672 -1.64989 4.8
    endloop
  endfacet
  facet normal 0.857732 -0.514098 0
    outer loop
      vertex 3.08672 -1.64989 4
      vertex 2.91014 -1.9445 4.8
      vertex 2.91014 -1.9445 4
    endloop
  endfacet
  facet normal 0.336896 0.941542 -0
    outer loop
      vertex -0.283027 -0.933017 0
      vertex -0.373116 -0.900782 4.8
      vertex -0.283027 -0.933017 4.8
    endloop
  endfacet
  facet normal 0.336896 0.941542 0
    outer loop
      vertex -0.373116 -0.900782 4.8
      vertex -0.283027 -0.933017 0
      vertex -0.373116 -0.900782 0
    endloop
  endfacet
  facet normal -0.514108 -0.857725 0
    outer loop
      vertex 0.459611 0.859873 0
      vertex 0.54168 0.810682 4.8
      vertex 0.459611 0.859873 4.8
    endloop
  endfacet
  facet normal -0.514108 -0.857725 -0
    outer loop
      vertex 0.54168 0.810682 4.8
      vertex 0.459611 0.859873 0
      vertex 0.54168 0.810682 0
    endloop
  endfacet
  facet normal 0.336896 -0.941542 0
    outer loop
      vertex -0.373116 0.900782 0
      vertex -0.283027 0.933017 4.8
      vertex -0.373116 0.900782 4.8
    endloop
  endfacet
  facet normal 0.336896 -0.941542 0
    outer loop
      vertex -0.283027 0.933017 4.8
      vertex -0.373116 0.900782 0
      vertex -0.283027 0.933017 0
    endloop
  endfacet
  facet normal 0.90399 -0.427554 0
    outer loop
      vertex -0.900782 0.373116 4.8
      vertex -0.859873 0.459611 0
      vertex -0.859873 0.459611 4.8
    endloop
  endfacet
  facet normal 0.90399 -0.427554 0
    outer loop
      vertex -0.859873 0.459611 0
      vertex -0.900782 0.373116 4.8
      vertex -0.900782 0.373116 0
    endloop
  endfacet
  facet normal 0.90399 0.427554 0
    outer loop
      vertex -0.859873 -0.459611 4.8
      vertex -0.900782 -0.373116 0
      vertex -0.900782 -0.373116 4.8
    endloop
  endfacet
  facet normal 0.90399 0.427554 0
    outer loop
      vertex -0.900782 -0.373116 0
      vertex -0.859873 -0.459611 4.8
      vertex -0.859873 -0.459611 0
    endloop
  endfacet
  facet normal -0.740943 -0.671568 0
    outer loop
      vertex 0.753685 0.618533 0
      vertex 0.689428 0.689428 4.8
      vertex 0.689428 0.689428 0
    endloop
  endfacet
  facet normal -0.740943 -0.671568 0
    outer loop
      vertex 0.689428 0.689428 4.8
      vertex 0.753685 0.618533 0
      vertex 0.753685 0.618533 4.8
    endloop
  endfacet
  facet normal -0.427554 -0.90399 0
    outer loop
      vertex 0.373116 0.900782 0
      vertex 0.459611 0.859873 4.8
      vertex 0.373116 0.900782 4.8
    endloop
  endfacet
  facet normal -0.427554 -0.90399 -0
    outer loop
      vertex 0.459611 0.859873 4.8
      vertex 0.373116 0.900782 0
      vertex 0.459611 0.859873 0
    endloop
  endfacet
  facet normal -0.242971 -0.970034 0
    outer loop
      vertex 0.190212 0.956265 0
      vertex 0.283027 0.933017 4.8
      vertex 0.190212 0.956265 4.8
    endloop
  endfacet
  facet normal -0.242971 -0.970034 -0
    outer loop
      vertex 0.283027 0.933017 4.8
      vertex 0.190212 0.956265 0
      vertex 0.283027 0.933017 0
    endloop
  endfacet
  facet normal 0.595692 -0.803213 0
    outer loop
      vertex -0.618533 0.753685 0
      vertex -0.54168 0.810682 4.8
      vertex -0.618533 0.753685 4.8
    endloop
  endfacet
  facet normal 0.595692 -0.803213 0
    outer loop
      vertex -0.54168 0.810682 4.8
      vertex -0.618533 0.753685 0
      vertex -0.54168 0.810682 0
    endloop
  endfacet
  facet normal -0.336896 0.941542 0
    outer loop
      vertex 0.373116 -0.900782 0
      vertex 0.283027 -0.933017 4.8
      vertex 0.373116 -0.900782 4.8
    endloop
  endfacet
  facet normal -0.336896 0.941542 0
    outer loop
      vertex 0.283027 -0.933017 4.8
      vertex 0.373116 -0.900782 0
      vertex 0.283027 -0.933017 0
    endloop
  endfacet
  facet normal -0.740943 0.671568 0
    outer loop
      vertex 0.689428 -0.689428 0
      vertex 0.753685 -0.618533 4.8
      vertex 0.753685 -0.618533 0
    endloop
  endfacet
  facet normal -0.740943 0.671568 0
    outer loop
      vertex 0.753685 -0.618533 4.8
      vertex 0.689428 -0.689428 0
      vertex 0.689428 -0.689428 4.8
    endloop
  endfacet
  facet normal -0.80321 -0.595696 0
    outer loop
      vertex 0.78 0.583051 0
      vertex 0.753685 0.618533 4.8
      vertex 0.753685 0.618533 0
    endloop
  endfacet
  facet normal -0.80321 -0.595696 0
    outer loop
      vertex 0.753685 0.618533 4.8
      vertex 0.78 0.583051 0
      vertex 0.78 0.583051 4.8
    endloop
  endfacet
  facet normal -0.671568 -0.740943 0
    outer loop
      vertex 0.618533 0.753685 0
      vertex 0.689428 0.689428 4.8
      vertex 0.618533 0.753685 4.8
    endloop
  endfacet
  facet normal -0.671568 -0.740943 -0
    outer loop
      vertex 0.689428 0.689428 4.8
      vertex 0.618533 0.753685 0
      vertex 0.689428 0.689428 0
    endloop
  endfacet
  facet normal -0.0490693 -0.998795 0
    outer loop
      vertex 0 0.974999 0
      vertex 0.0955658 0.970304 4.8
      vertex 0 0.974999 4.8
    endloop
  endfacet
  facet normal -0.0490693 -0.998795 -0
    outer loop
      vertex 0.0955658 0.970304 4.8
      vertex 0 0.974999 0
      vertex 0.0955658 0.970304 0
    endloop
  endfacet
  facet normal -0.336896 -0.941542 0
    outer loop
      vertex 0.283027 0.933017 0
      vertex 0.373116 0.900782 4.8
      vertex 0.283027 0.933017 4.8
    endloop
  endfacet
  facet normal -0.336896 -0.941542 -0
    outer loop
      vertex 0.373116 0.900782 4.8
      vertex 0.283027 0.933017 0
      vertex 0.373116 0.900782 0
    endloop
  endfacet
  facet normal -0.146726 -0.989177 0
    outer loop
      vertex 0.0955658 0.970304 0
      vertex 0.190212 0.956265 4.8
      vertex 0.0955658 0.970304 4.8
    endloop
  endfacet
  facet normal -0.146726 -0.989177 -0
    outer loop
      vertex 0.190212 0.956265 4.8
      vertex 0.0955658 0.970304 0
      vertex 0.190212 0.956265 0
    endloop
  endfacet
  facet normal 0.998795 -0.0490693 0
    outer loop
      vertex -0.974999 0 4.8
      vertex -0.970304 0.0955658 0
      vertex -0.970304 0.0955658 4.8
    endloop
  endfacet
  facet normal 0.998795 -0.0490693 0
    outer loop
      vertex -0.970304 0.0955658 0
      vertex -0.974999 0 4.8
      vertex -0.974999 0 0
    endloop
  endfacet
  facet normal 0.941542 -0.336896 0
    outer loop
      vertex -0.933017 0.283027 4.8
      vertex -0.900782 0.373116 0
      vertex -0.900782 0.373116 4.8
    endloop
  endfacet
  facet normal 0.941542 -0.336896 0
    outer loop
      vertex -0.900782 0.373116 0
      vertex -0.933017 0.283027 4.8
      vertex -0.933017 0.283027 0
    endloop
  endfacet
  facet normal 0.970034 -0.242971 0
    outer loop
      vertex -0.956265 0.190212 4.8
      vertex -0.933017 0.283027 0
      vertex -0.933017 0.283027 4.8
    endloop
  endfacet
  facet normal 0.970034 -0.242971 0
    outer loop
      vertex -0.933017 0.283027 0
      vertex -0.956265 0.190212 4.8
      vertex -0.956265 0.190212 0
    endloop
  endfacet
  facet normal 0.989177 -0.146726 0
    outer loop
      vertex -0.970304 0.0955658 4.8
      vertex -0.956265 0.190212 0
      vertex -0.956265 0.190212 4.8
    endloop
  endfacet
  facet normal 0.989177 -0.146726 0
    outer loop
      vertex -0.956265 0.190212 0
      vertex -0.970304 0.0955658 4.8
      vertex -0.970304 0.0955658 0
    endloop
  endfacet
  facet normal 0.740943 -0.671568 0
    outer loop
      vertex -0.753685 0.618533 4.8
      vertex -0.689428 0.689428 0
      vertex -0.689428 0.689428 4.8
    endloop
  endfacet
  facet normal 0.740943 -0.671568 0
    outer loop
      vertex -0.689428 0.689428 0
      vertex -0.753685 0.618533 4.8
      vertex -0.753685 0.618533 0
    endloop
  endfacet
  facet normal 0.857725 -0.514108 0
    outer loop
      vertex -0.859873 0.459611 4.8
      vertex -0.810682 0.54168 0
      vertex -0.810682 0.54168 4.8
    endloop
  endfacet
  facet normal 0.857725 -0.514108 0
    outer loop
      vertex -0.810682 0.54168 0
      vertex -0.859873 0.459611 4.8
      vertex -0.859873 0.459611 0
    endloop
  endfacet
  facet normal 0.803213 -0.595692 0
    outer loop
      vertex -0.810682 0.54168 4.8
      vertex -0.753685 0.618533 0
      vertex -0.753685 0.618533 4.8
    endloop
  endfacet
  facet normal 0.803213 -0.595692 0
    outer loop
      vertex -0.753685 0.618533 0
      vertex -0.810682 0.54168 4.8
      vertex -0.810682 0.54168 0
    endloop
  endfacet
  facet normal 0.0490693 -0.998795 0
    outer loop
      vertex -0.0955658 0.970304 0
      vertex 0 0.974999 4.8
      vertex -0.0955658 0.970304 4.8
    endloop
  endfacet
  facet normal 0.0490693 -0.998795 0
    outer loop
      vertex 0 0.974999 4.8
      vertex -0.0955658 0.970304 0
      vertex 0 0.974999 0
    endloop
  endfacet
  facet normal 0.242971 -0.970034 0
    outer loop
      vertex -0.283027 0.933017 0
      vertex -0.190212 0.956265 4.8
      vertex -0.283027 0.933017 4.8
    endloop
  endfacet
  facet normal 0.242971 -0.970034 0
    outer loop
      vertex -0.190212 0.956265 4.8
      vertex -0.283027 0.933017 0
      vertex -0.190212 0.956265 0
    endloop
  endfacet
  facet normal 0.146726 -0.989177 0
    outer loop
      vertex -0.190212 0.956265 0
      vertex -0.0955658 0.970304 4.8
      vertex -0.190212 0.956265 4.8
    endloop
  endfacet
  facet normal 0.146726 -0.989177 0
    outer loop
      vertex -0.0955658 0.970304 4.8
      vertex -0.190212 0.956265 0
      vertex -0.0955658 0.970304 0
    endloop
  endfacet
  facet normal 0.427554 -0.90399 0
    outer loop
      vertex -0.459611 0.859873 0
      vertex -0.373116 0.900782 4.8
      vertex -0.459611 0.859873 4.8
    endloop
  endfacet
  facet normal 0.427554 -0.90399 0
    outer loop
      vertex -0.373116 0.900782 4.8
      vertex -0.459611 0.859873 0
      vertex -0.373116 0.900782 0
    endloop
  endfacet
  facet normal 0.514108 -0.857725 0
    outer loop
      vertex -0.54168 0.810682 0
      vertex -0.459611 0.859873 4.8
      vertex -0.54168 0.810682 4.8
    endloop
  endfacet
  facet normal 0.514108 -0.857725 0
    outer loop
      vertex -0.459611 0.859873 4.8
      vertex -0.54168 0.810682 0
      vertex -0.459611 0.859873 0
    endloop
  endfacet
  facet normal 0.671568 -0.740943 0
    outer loop
      vertex -0.689428 0.689428 0
      vertex -0.618533 0.753685 4.8
      vertex -0.689428 0.689428 4.8
    endloop
  endfacet
  facet normal 0.671568 -0.740943 0
    outer loop
      vertex -0.618533 0.753685 4.8
      vertex -0.689428 0.689428 0
      vertex -0.618533 0.753685 0
    endloop
  endfacet
  facet normal -0.242971 0.970034 0
    outer loop
      vertex 0.283027 -0.933017 0
      vertex 0.190212 -0.956265 4.8
      vertex 0.283027 -0.933017 4.8
    endloop
  endfacet
  facet normal -0.242971 0.970034 0
    outer loop
      vertex 0.190212 -0.956265 4.8
      vertex 0.283027 -0.933017 0
      vertex 0.190212 -0.956265 0
    endloop
  endfacet
  facet normal -0.514108 0.857725 0
    outer loop
      vertex 0.54168 -0.810682 0
      vertex 0.459611 -0.859873 4.8
      vertex 0.54168 -0.810682 4.8
    endloop
  endfacet
  facet normal -0.514108 0.857725 0
    outer loop
      vertex 0.459611 -0.859873 4.8
      vertex 0.54168 -0.810682 0
      vertex 0.459611 -0.859873 0
    endloop
  endfacet
  facet normal -0.671568 0.740943 0
    outer loop
      vertex 0.689428 -0.689428 0
      vertex 0.618533 -0.753685 4.8
      vertex 0.689428 -0.689428 4.8
    endloop
  endfacet
  facet normal -0.671568 0.740943 0
    outer loop
      vertex 0.618533 -0.753685 4.8
      vertex 0.689428 -0.689428 0
      vertex 0.618533 -0.753685 0
    endloop
  endfacet
  facet normal -0.80321 0.595696 0
    outer loop
      vertex 0.753685 -0.618533 0
      vertex 0.78 -0.583051 4.8
      vertex 0.78 -0.583051 0
    endloop
  endfacet
  facet normal -0.80321 0.595696 0
    outer loop
      vertex 0.78 -0.583051 4.8
      vertex 0.753685 -0.618533 0
      vertex 0.753685 -0.618533 4.8
    endloop
  endfacet
  facet normal 0.146726 0.989177 -0
    outer loop
      vertex -0.0955658 -0.970304 0
      vertex -0.190212 -0.956265 4.8
      vertex -0.0955658 -0.970304 4.8
    endloop
  endfacet
  facet normal 0.146726 0.989177 0
    outer loop
      vertex -0.190212 -0.956265 4.8
      vertex -0.0955658 -0.970304 0
      vertex -0.190212 -0.956265 0
    endloop
  endfacet
  facet normal 0.0490693 0.998795 -0
    outer loop
      vertex 0 -0.974999 0
      vertex -0.0955658 -0.970304 4.8
      vertex 0 -0.974999 4.8
    endloop
  endfacet
  facet normal 0.0490693 0.998795 0
    outer loop
      vertex -0.0955658 -0.970304 4.8
      vertex 0 -0.974999 0
      vertex -0.0955658 -0.970304 0
    endloop
  endfacet
  facet normal 0.514108 0.857725 -0
    outer loop
      vertex -0.459611 -0.859873 0
      vertex -0.54168 -0.810682 4.8
      vertex -0.459611 -0.859873 4.8
    endloop
  endfacet
  facet normal 0.514108 0.857725 0
    outer loop
      vertex -0.54168 -0.810682 4.8
      vertex -0.459611 -0.859873 0
      vertex -0.54168 -0.810682 0
    endloop
  endfacet
  facet normal 0.671568 0.740943 -0
    outer loop
      vertex -0.618533 -0.753685 0
      vertex -0.689428 -0.689428 4.8
      vertex -0.618533 -0.753685 4.8
    endloop
  endfacet
  facet normal 0.671568 0.740943 0
    outer loop
      vertex -0.689428 -0.689428 4.8
      vertex -0.618533 -0.753685 0
      vertex -0.689428 -0.689428 0
    endloop
  endfacet
  facet normal 0.970034 0.242971 0
    outer loop
      vertex -0.933017 -0.283027 4.8
      vertex -0.956265 -0.190212 0
      vertex -0.956265 -0.190212 4.8
    endloop
  endfacet
  facet normal 0.970034 0.242971 0
    outer loop
      vertex -0.956265 -0.190212 0
      vertex -0.933017 -0.283027 4.8
      vertex -0.933017 -0.283027 0
    endloop
  endfacet
  facet normal 0.998795 0.0490693 0
    outer loop
      vertex -0.970304 -0.0955658 4.8
      vertex -0.974999 0 0
      vertex -0.974999 0 4.8
    endloop
  endfacet
  facet normal 0.998795 0.0490693 0
    outer loop
      vertex -0.974999 0 0
      vertex -0.970304 -0.0955658 4.8
      vertex -0.970304 -0.0955658 0
    endloop
  endfacet
  facet normal 0.740943 0.671568 0
    outer loop
      vertex -0.689428 -0.689428 4.8
      vertex -0.753685 -0.618533 0
      vertex -0.753685 -0.618533 4.8
    endloop
  endfacet
  facet normal 0.740943 0.671568 0
    outer loop
      vertex -0.753685 -0.618533 0
      vertex -0.689428 -0.689428 4.8
      vertex -0.689428 -0.689428 0
    endloop
  endfacet
  facet normal 0.803213 0.595692 0
    outer loop
      vertex -0.753685 -0.618533 4.8
      vertex -0.810682 -0.54168 0
      vertex -0.810682 -0.54168 4.8
    endloop
  endfacet
  facet normal 0.803213 0.595692 0
    outer loop
      vertex -0.810682 -0.54168 0
      vertex -0.753685 -0.618533 4.8
      vertex -0.753685 -0.618533 0
    endloop
  endfacet
  facet normal -0.595692 -0.803213 0
    outer loop
      vertex 0.54168 0.810682 0
      vertex 0.618533 0.753685 4.8
      vertex 0.54168 0.810682 4.8
    endloop
  endfacet
  facet normal -0.595692 -0.803213 -0
    outer loop
      vertex 0.618533 0.753685 4.8
      vertex 0.54168 0.810682 0
      vertex 0.618533 0.753685 0
    endloop
  endfacet
  facet normal -0.0490693 0.998795 0
    outer loop
      vertex 0.0955658 -0.970304 0
      vertex 0 -0.974999 4.8
      vertex 0.0955658 -0.970304 4.8
    endloop
  endfacet
  facet normal -0.0490693 0.998795 0
    outer loop
      vertex 0 -0.974999 4.8
      vertex 0.0955658 -0.970304 0
      vertex 0 -0.974999 0
    endloop
  endfacet
  facet normal -0.427554 0.90399 0
    outer loop
      vertex 0.459611 -0.859873 0
      vertex 0.373116 -0.900782 4.8
      vertex 0.459611 -0.859873 4.8
    endloop
  endfacet
  facet normal -0.427554 0.90399 0
    outer loop
      vertex 0.373116 -0.900782 4.8
      vertex 0.459611 -0.859873 0
      vertex 0.373116 -0.900782 0
    endloop
  endfacet
  facet normal -0.595692 0.803213 0
    outer loop
      vertex 0.618533 -0.753685 0
      vertex 0.54168 -0.810682 4.8
      vertex 0.618533 -0.753685 4.8
    endloop
  endfacet
  facet normal -0.595692 0.803213 0
    outer loop
      vertex 0.54168 -0.810682 4.8
      vertex 0.618533 -0.753685 0
      vertex 0.54168 -0.810682 0
    endloop
  endfacet
  facet normal 0.242971 0.970034 -0
    outer loop
      vertex -0.190212 -0.956265 0
      vertex -0.283027 -0.933017 4.8
      vertex -0.190212 -0.956265 4.8
    endloop
  endfacet
  facet normal 0.242971 0.970034 0
    outer loop
      vertex -0.283027 -0.933017 4.8
      vertex -0.190212 -0.956265 0
      vertex -0.283027 -0.933017 0
    endloop
  endfacet
  facet normal 0.595692 0.803213 -0
    outer loop
      vertex -0.54168 -0.810682 0
      vertex -0.618533 -0.753685 4.8
      vertex -0.54168 -0.810682 4.8
    endloop
  endfacet
  facet normal 0.595692 0.803213 0
    outer loop
      vertex -0.618533 -0.753685 4.8
      vertex -0.54168 -0.810682 0
      vertex -0.618533 -0.753685 0
    endloop
  endfacet
  facet normal 0.427554 0.90399 -0
    outer loop
      vertex -0.373116 -0.900782 0
      vertex -0.459611 -0.859873 4.8
      vertex -0.373116 -0.900782 4.8
    endloop
  endfacet
  facet normal 0.427554 0.90399 0
    outer loop
      vertex -0.459611 -0.859873 4.8
      vertex -0.373116 -0.900782 0
      vertex -0.459611 -0.859873 0
    endloop
  endfacet
  facet normal 0.989177 0.146726 0
    outer loop
      vertex -0.956265 -0.190212 4.8
      vertex -0.970304 -0.0955658 0
      vertex -0.970304 -0.0955658 4.8
    endloop
  endfacet
  facet normal 0.989177 0.146726 0
    outer loop
      vertex -0.970304 -0.0955658 0
      vertex -0.956265 -0.190212 4.8
      vertex -0.956265 -0.190212 0
    endloop
  endfacet
  facet normal 0.941542 0.336896 0
    outer loop
      vertex -0.900782 -0.373116 4.8
      vertex -0.933017 -0.283027 0
      vertex -0.933017 -0.283027 4.8
    endloop
  endfacet
  facet normal 0.941542 0.336896 0
    outer loop
      vertex -0.933017 -0.283027 0
      vertex -0.900782 -0.373116 4.8
      vertex -0.900782 -0.373116 0
    endloop
  endfacet
  facet normal 0.857725 0.514108 0
    outer loop
      vertex -0.810682 -0.54168 4.8
      vertex -0.859873 -0.459611 0
      vertex -0.859873 -0.459611 4.8
    endloop
  endfacet
  facet normal 0.857725 0.514108 0
    outer loop
      vertex -0.859873 -0.459611 0
      vertex -0.810682 -0.54168 4.8
      vertex -0.810682 -0.54168 0
    endloop
  endfacet
  facet normal -0.146726 0.989177 0
    outer loop
      vertex 0.190212 -0.956265 0
      vertex 0.0955658 -0.970304 4.8
      vertex 0.190212 -0.956265 4.8
    endloop
  endfacet
  facet normal -0.146726 0.989177 0
    outer loop
      vertex 0.0955658 -0.970304 4.8
      vertex 0.190212 -0.956265 0
      vertex 0.0955658 -0.970304 0
    endloop
  endfacet
  facet normal -1 0 0
    outer loop
      vertex 0.78 -0.583051 0
      vertex 0.78 0.583051 4.8
      vertex 0.78 0.583051 0
    endloop
  endfacet
  facet normal -1 -0 0
    outer loop
      vertex 0.78 0.583051 4.8
      vertex 0.78 -0.583051 0
      vertex 0.78 -0.583051 4.8
    endloop
  endfacet
  facet normal -0.514099 -0.857731 0
    outer loop
      vertex 6.80137 1.49927 0
      vertex 6.94447 1.4135 4
      vertex 6.80137 1.49927 4
    endloop
  endfacet
  facet normal -0.514099 -0.857731 -0
    outer loop
      vertex 6.94447 1.4135 4
      vertex 6.80137 1.49927 0
      vertex 6.94447 1.4135 0
    endloop
  endfacet
  facet normal 0.336921 -0.941533 0
    outer loop
      vertex 5.34944 1.57059 0
      vertex 5.50652 1.6268 4
      vertex 5.34944 1.57059 4
    endloop
  endfacet
  facet normal 0.336921 -0.941533 0
    outer loop
      vertex 5.50652 1.6268 4
      vertex 5.34944 1.57059 0
      vertex 5.50652 1.6268 0
    endloop
  endfacet
  facet normal 0.903988 -0.427559 0
    outer loop
      vertex 4.4294 0.650561 4
      vertex 4.50073 0.801374 0
      vertex 4.50073 0.801374 4
    endloop
  endfacet
  facet normal 0.903988 -0.427559 0
    outer loop
      vertex 4.50073 0.801374 0
      vertex 4.4294 0.650561 4
      vertex 4.4294 0.650561 0
    endloop
  endfacet
  facet normal 0.903988 0.427559 0
    outer loop
      vertex 4.50073 -0.801374 4
      vertex 4.4294 -0.650561 0
      vertex 4.4294 -0.650561 4
    endloop
  endfacet
  facet normal 0.903988 0.427559 0
    outer loop
      vertex 4.4294 -0.650561 0
      vertex 4.50073 -0.801374 4
      vertex 4.50073 -0.801374 0
    endloop
  endfacet
  facet normal -0.970041 -0.242943 0
    outer loop
      vertex 7.66733 0.331653 0
      vertex 7.6268 0.493484 4
      vertex 7.6268 0.493484 0
    endloop
  endfacet
  facet normal -0.970041 -0.242943 0
    outer loop
      vertex 7.6268 0.493484 4
      vertex 7.66733 0.331653 0
      vertex 7.66733 0.331653 4
    endloop
  endfacet
  facet normal -0.941531 -0.336927 0
    outer loop
      vertex 7.6268 0.493484 0
      vertex 7.57059 0.650561 4
      vertex 7.57059 0.650561 0
    endloop
  endfacet
  facet normal -0.941531 -0.336927 0
    outer loop
      vertex 7.57059 0.650561 4
      vertex 7.6268 0.493484 0
      vertex 7.6268 0.493484 4
    endloop
  endfacet
  facet normal -0.740932 -0.67158 0
    outer loop
      vertex 7.31412 1.07847 0
      vertex 7.20208 1.20208 4
      vertex 7.20208 1.20208 0
    endloop
  endfacet
  facet normal -0.740932 -0.67158 0
    outer loop
      vertex 7.20208 1.20208 4
      vertex 7.31412 1.07847 0
      vertex 7.31412 1.07847 4
    endloop
  endfacet
  facet normal -0.427517 -0.904007 0
    outer loop
      vertex 6.65056 1.57059 0
      vertex 6.80137 1.49927 4
      vertex 6.65056 1.57059 4
    endloop
  endfacet
  facet normal -0.427517 -0.904007 -0
    outer loop
      vertex 6.80137 1.49927 4
      vertex 6.65056 1.57059 0
      vertex 6.80137 1.49927 0
    endloop
  endfacet
  facet normal 0.595695 -0.803211 0
    outer loop
      vertex 4.92153 1.31412 0
      vertex 5.05553 1.4135 4
      vertex 4.92153 1.31412 4
    endloop
  endfacet
  facet normal 0.595695 -0.803211 0
    outer loop
      vertex 5.05553 1.4135 4
      vertex 4.92153 1.31412 0
      vertex 5.05553 1.4135 0
    endloop
  endfacet
  facet normal -0.803215 0.595689 0
    outer loop
      vertex 7.31412 -1.07847 0
      vertex 7.4135 -0.944468 4
      vertex 7.4135 -0.944468 0
    endloop
  endfacet
  facet normal -0.803215 0.595689 0
    outer loop
      vertex 7.4135 -0.944468 4
      vertex 7.31412 -1.07847 0
      vertex 7.31412 -1.07847 4
    endloop
  endfacet
  facet normal -0.242945 0.97004 0
    outer loop
      vertex 6.49348 -1.6268 0
      vertex 6.33165 -1.66733 4
      vertex 6.49348 -1.6268 4
    endloop
  endfacet
  facet normal -0.242945 0.97004 0
    outer loop
      vertex 6.33165 -1.66733 4
      vertex 6.49348 -1.6268 0
      vertex 6.33165 -1.66733 0
    endloop
  endfacet
  facet normal -0.740932 0.67158 0
    outer loop
      vertex 7.20208 -1.20208 0
      vertex 7.31412 -1.07847 4
      vertex 7.31412 -1.07847 0
    endloop
  endfacet
  facet normal -0.740932 0.67158 0
    outer loop
      vertex 7.31412 -1.07847 4
      vertex 7.20208 -1.20208 0
      vertex 7.20208 -1.20208 4
    endloop
  endfacet
  facet normal 0.0490916 0.998794 -0
    outer loop
      vertex 6 -1.7 0
      vertex 5.83337 -1.69181 4
      vertex 6 -1.7 4
    endloop
  endfacet
  facet normal 0.0490916 0.998794 0
    outer loop
      vertex 5.83337 -1.69181 4
      vertex 6 -1.7 0
      vertex 5.83337 -1.69181 0
    endloop
  endfacet
  facet normal 0.514125 0.857715 -0
    outer loop
      vertex 5.19862 -1.49927 0
      vertex 5.05553 -1.4135 4
      vertex 5.19862 -1.49927 4
    endloop
  endfacet
  facet normal 0.514125 0.857715 0
    outer loop
      vertex 5.05553 -1.4135 4
      vertex 5.19862 -1.49927 0
      vertex 5.05553 -1.4135 0
    endloop
  endfacet
  facet normal 0.595695 0.803211 -0
    outer loop
      vertex 5.05553 -1.4135 0
      vertex 4.92153 -1.31412 4
      vertex 5.05553 -1.4135 4
    endloop
  endfacet
  facet normal 0.595695 0.803211 0
    outer loop
      vertex 4.92153 -1.31412 4
      vertex 5.05553 -1.4135 0
      vertex 4.92153 -1.31412 0
    endloop
  endfacet
  facet normal -0.989176 -0.146736 0
    outer loop
      vertex 7.69181 0.166629 0
      vertex 7.66733 0.331653 4
      vertex 7.66733 0.331653 0
    endloop
  endfacet
  facet normal -0.989176 -0.146736 0
    outer loop
      vertex 7.66733 0.331653 4
      vertex 7.69181 0.166629 0
      vertex 7.69181 0.166629 4
    endloop
  endfacet
  facet normal -0.904011 -0.42751 0
    outer loop
      vertex 7.57059 0.650561 0
      vertex 7.49927 0.801374 4
      vertex 7.49927 0.801374 0
    endloop
  endfacet
  facet normal -0.904011 -0.42751 0
    outer loop
      vertex 7.49927 0.801374 4
      vertex 7.57059 0.650561 0
      vertex 7.57059 0.650561 4
    endloop
  endfacet
  facet normal -0.857721 -0.514115 0
    outer loop
      vertex 7.49927 0.801374 0
      vertex 7.4135 0.944468 4
      vertex 7.4135 0.944468 0
    endloop
  endfacet
  facet normal -0.857721 -0.514115 0
    outer loop
      vertex 7.4135 0.944468 4
      vertex 7.49927 0.801374 0
      vertex 7.49927 0.801374 4
    endloop
  endfacet
  facet normal -0.803215 -0.595689 0
    outer loop
      vertex 7.4135 0.944468 0
      vertex 7.31412 1.07847 4
      vertex 7.31412 1.07847 0
    endloop
  endfacet
  facet normal -0.803215 -0.595689 0
    outer loop
      vertex 7.31412 1.07847 4
      vertex 7.4135 0.944468 0
      vertex 7.4135 0.944468 4
    endloop
  endfacet
  facet normal -0.67158 -0.740932 0
    outer loop
      vertex 7.07847 1.31412 0
      vertex 7.20208 1.20208 4
      vertex 7.07847 1.31412 4
    endloop
  endfacet
  facet normal -0.67158 -0.740932 -0
    outer loop
      vertex 7.20208 1.20208 4
      vertex 7.07847 1.31412 0
      vertex 7.20208 1.20208 0
    endloop
  endfacet
  facet normal -0.0490916 -0.998794 0
    outer loop
      vertex 6 1.7 0
      vertex 6.16663 1.69181 4
      vertex 6 1.7 4
    endloop
  endfacet
  facet normal -0.0490916 -0.998794 -0
    outer loop
      vertex 6.16663 1.69181 4
      vertex 6 1.7 0
      vertex 6.16663 1.69181 0
    endloop
  endfacet
  facet normal -0.336921 -0.941533 0
    outer loop
      vertex 6.49348 1.6268 0
      vertex 6.65056 1.57059 4
      vertex 6.49348 1.6268 4
    endloop
  endfacet
  facet normal -0.336921 -0.941533 -0
    outer loop
      vertex 6.65056 1.57059 4
      vertex 6.49348 1.6268 0
      vertex 6.65056 1.57059 0
    endloop
  endfacet
  facet normal -0.242945 -0.97004 0
    outer loop
      vertex 6.33165 1.66733 0
      vertex 6.49348 1.6268 4
      vertex 6.33165 1.66733 4
    endloop
  endfacet
  facet normal -0.242945 -0.97004 -0
    outer loop
      vertex 6.49348 1.6268 4
      vertex 6.33165 1.66733 0
      vertex 6.49348 1.6268 0
    endloop
  endfacet
  facet normal -0.14674 -0.989175 0
    outer loop
      vertex 6.16663 1.69181 0
      vertex 6.33165 1.66733 4
      vertex 6.16663 1.69181 4
    endloop
  endfacet
  facet normal -0.14674 -0.989175 -0
    outer loop
      vertex 6.33165 1.66733 4
      vertex 6.16663 1.69181 0
      vertex 6.33165 1.66733 0
    endloop
  endfacet
  facet normal 0.998794 -0.0490918 0
    outer loop
      vertex 4.3 0 4
      vertex 4.30819 0.166629 0
      vertex 4.30819 0.166629 4
    endloop
  endfacet
  facet normal 0.998794 -0.0490918 0
    outer loop
      vertex 4.30819 0.166629 0
      vertex 4.3 0 4
      vertex 4.3 0 0
    endloop
  endfacet
  facet normal 0.970026 -0.243 0
    outer loop
      vertex 4.33266 0.331653 4
      vertex 4.3732 0.493484 0
      vertex 4.3732 0.493484 4
    endloop
  endfacet
  facet normal 0.970026 -0.243 0
    outer loop
      vertex 4.3732 0.493484 0
      vertex 4.33266 0.331653 4
      vertex 4.33266 0.331653 0
    endloop
  endfacet
  facet normal 0.989184 -0.146678 0
    outer loop
      vertex 4.30819 0.166629 4
      vertex 4.33266 0.331653 0
      vertex 4.33266 0.331653 4
    endloop
  endfacet
  facet normal 0.989184 -0.146678 0
    outer loop
      vertex 4.33266 0.331653 0
      vertex 4.30819 0.166629 4
      vertex 4.30819 0.166629 0
    endloop
  endfacet
  facet normal 0.740932 -0.67158 0
    outer loop
      vertex 4.68588 1.07847 4
      vertex 4.79792 1.20208 0
      vertex 4.79792 1.20208 4
    endloop
  endfacet
  facet normal 0.740932 -0.67158 0
    outer loop
      vertex 4.79792 1.20208 0
      vertex 4.68588 1.07847 4
      vertex 4.68588 1.07847 0
    endloop
  endfacet
  facet normal 0.803215 -0.595689 0
    outer loop
      vertex 4.5865 0.944468 4
      vertex 4.68588 1.07847 0
      vertex 4.68588 1.07847 4
    endloop
  endfacet
  facet normal 0.803215 -0.595689 0
    outer loop
      vertex 4.68588 1.07847 0
      vertex 4.5865 0.944468 4
      vertex 4.5865 0.944468 0
    endloop
  endfacet
  facet normal 0.0490916 -0.998794 0
    outer loop
      vertex 5.83337 1.69181 0
      vertex 6 1.7 4
      vertex 5.83337 1.69181 4
    endloop
  endfacet
  facet normal 0.0490916 -0.998794 0
    outer loop
      vertex 6 1.7 4
      vertex 5.83337 1.69181 0
      vertex 6 1.7 0
    endloop
  endfacet
  facet normal 0.242945 -0.97004 0
    outer loop
      vertex 5.50652 1.6268 0
      vertex 5.66835 1.66733 4
      vertex 5.50652 1.6268 4
    endloop
  endfacet
  facet normal 0.242945 -0.97004 0
    outer loop
      vertex 5.66835 1.66733 4
      vertex 5.50652 1.6268 0
      vertex 5.66835 1.66733 0
    endloop
  endfacet
  facet normal 0.14674 -0.989175 0
    outer loop
      vertex 5.66835 1.66733 0
      vertex 5.83337 1.69181 4
      vertex 5.66835 1.66733 4
    endloop
  endfacet
  facet normal 0.14674 -0.989175 0
    outer loop
      vertex 5.83337 1.69181 4
      vertex 5.66835 1.66733 0
      vertex 5.83337 1.69181 0
    endloop
  endfacet
  facet normal 0.427494 -0.904018 0
    outer loop
      vertex 5.19862 1.49927 0
      vertex 5.34944 1.57059 4
      vertex 5.19862 1.49927 4
    endloop
  endfacet
  facet normal 0.427494 -0.904018 0
    outer loop
      vertex 5.34944 1.57059 4
      vertex 5.19862 1.49927 0
      vertex 5.34944 1.57059 0
    endloop
  endfacet
  facet normal 0.514125 -0.857715 0
    outer loop
      vertex 5.05553 1.4135 0
      vertex 5.19862 1.49927 4
      vertex 5.05553 1.4135 4
    endloop
  endfacet
  facet normal 0.514125 -0.857715 0
    outer loop
      vertex 5.19862 1.49927 4
      vertex 5.05553 1.4135 0
      vertex 5.19862 1.49927 0
    endloop
  endfacet
  facet normal 0.67158 -0.740932 0
    outer loop
      vertex 4.79792 1.20208 0
      vertex 4.92153 1.31412 4
      vertex 4.79792 1.20208 4
    endloop
  endfacet
  facet normal 0.67158 -0.740932 0
    outer loop
      vertex 4.92153 1.31412 4
      vertex 4.79792 1.20208 0
      vertex 4.92153 1.31412 0
    endloop
  endfacet
  facet normal -0.998794 -0.0490918 0
    outer loop
      vertex 7.7 0 0
      vertex 7.69181 0.166629 4
      vertex 7.69181 0.166629 0
    endloop
  endfacet
  facet normal -0.998794 -0.0490918 0
    outer loop
      vertex 7.69181 0.166629 4
      vertex 7.7 0 0
      vertex 7.7 0 4
    endloop
  endfacet
  facet normal -0.0490916 0.998794 0
    outer loop
      vertex 6.16663 -1.69181 0
      vertex 6 -1.7 4
      vertex 6.16663 -1.69181 4
    endloop
  endfacet
  facet normal -0.0490916 0.998794 0
    outer loop
      vertex 6 -1.7 4
      vertex 6.16663 -1.69181 0
      vertex 6 -1.7 0
    endloop
  endfacet
  facet normal -0.14674 0.989175 0
    outer loop
      vertex 6.33165 -1.66733 0
      vertex 6.16663 -1.69181 4
      vertex 6.33165 -1.66733 4
    endloop
  endfacet
  facet normal -0.14674 0.989175 0
    outer loop
      vertex 6.16663 -1.69181 4
      vertex 6.33165 -1.66733 0
      vertex 6.16663 -1.69181 0
    endloop
  endfacet
  facet normal -0.514099 0.857731 0
    outer loop
      vertex 6.94447 -1.4135 0
      vertex 6.80137 -1.49927 4
      vertex 6.94447 -1.4135 4
    endloop
  endfacet
  facet normal -0.514099 0.857731 0
    outer loop
      vertex 6.80137 -1.49927 4
      vertex 6.94447 -1.4135 0
      vertex 6.80137 -1.49927 0
    endloop
  endfacet
  facet normal -0.67158 0.740932 0
    outer loop
      vertex 7.20208 -1.20208 0
      vertex 7.07847 -1.31412 4
      vertex 7.20208 -1.20208 4
    endloop
  endfacet
  facet normal -0.67158 0.740932 0
    outer loop
      vertex 7.07847 -1.31412 4
      vertex 7.20208 -1.20208 0
      vertex 7.07847 -1.31412 0
    endloop
  endfacet
  facet normal -0.595695 0.803211 0
    outer loop
      vertex 7.07847 -1.31412 0
      vertex 6.94447 -1.4135 4
      vertex 7.07847 -1.31412 4
    endloop
  endfacet
  facet normal -0.595695 0.803211 0
    outer loop
      vertex 6.94447 -1.4135 4
      vertex 7.07847 -1.31412 0
      vertex 6.94447 -1.4135 0
    endloop
  endfacet
  facet normal 0.242945 0.97004 -0
    outer loop
      vertex 5.66835 -1.66733 0
      vertex 5.50652 -1.6268 4
      vertex 5.66835 -1.66733 4
    endloop
  endfacet
  facet normal 0.242945 0.97004 0
    outer loop
      vertex 5.50652 -1.6268 4
      vertex 5.66835 -1.66733 0
      vertex 5.50652 -1.6268 0
    endloop
  endfacet
  facet normal 0.336921 0.941533 -0
    outer loop
      vertex 5.50652 -1.6268 0
      vertex 5.34944 -1.57059 4
      vertex 5.50652 -1.6268 4
    endloop
  endfacet
  facet normal 0.336921 0.941533 0
    outer loop
      vertex 5.34944 -1.57059 4
      vertex 5.50652 -1.6268 0
      vertex 5.34944 -1.57059 0
    endloop
  endfacet
  facet normal 0.14674 0.989175 -0
    outer loop
      vertex 5.83337 -1.69181 0
      vertex 5.66835 -1.66733 4
      vertex 5.83337 -1.69181 4
    endloop
  endfacet
  facet normal 0.14674 0.989175 0
    outer loop
      vertex 5.66835 -1.66733 4
      vertex 5.83337 -1.69181 0
      vertex 5.66835 -1.66733 0
    endloop
  endfacet
  facet normal 0.427494 0.904018 -0
    outer loop
      vertex 5.34944 -1.57059 0
      vertex 5.19862 -1.49927 4
      vertex 5.34944 -1.57059 4
    endloop
  endfacet
  facet normal 0.427494 0.904018 0
    outer loop
      vertex 5.19862 -1.49927 4
      vertex 5.34944 -1.57059 0
      vertex 5.19862 -1.49927 0
    endloop
  endfacet
  facet normal 0.67158 0.740932 -0
    outer loop
      vertex 4.92153 -1.31412 0
      vertex 4.79792 -1.20208 4
      vertex 4.92153 -1.31412 4
    endloop
  endfacet
  facet normal 0.67158 0.740932 0
    outer loop
      vertex 4.79792 -1.20208 4
      vertex 4.92153 -1.31412 0
      vertex 4.79792 -1.20208 0
    endloop
  endfacet
  facet normal 0.970026 0.243 0
    outer loop
      vertex 4.3732 -0.493484 4
      vertex 4.33266 -0.331653 0
      vertex 4.33266 -0.331653 4
    endloop
  endfacet
  facet normal 0.970026 0.243 0
    outer loop
      vertex 4.33266 -0.331653 0
      vertex 4.3732 -0.493484 4
      vertex 4.3732 -0.493484 0
    endloop
  endfacet
  facet normal 0.998794 0.0490918 0
    outer loop
      vertex 4.30819 -0.166629 4
      vertex 4.3 0 0
      vertex 4.3 0 4
    endloop
  endfacet
  facet normal 0.998794 0.0490918 0
    outer loop
      vertex 4.3 0 0
      vertex 4.30819 -0.166629 4
      vertex 4.30819 -0.166629 0
    endloop
  endfacet
  facet normal 0.740932 0.67158 0
    outer loop
      vertex 4.79792 -1.20208 4
      vertex 4.68588 -1.07847 0
      vertex 4.68588 -1.07847 4
    endloop
  endfacet
  facet normal 0.740932 0.67158 0
    outer loop
      vertex 4.68588 -1.07847 0
      vertex 4.79792 -1.20208 4
      vertex 4.79792 -1.20208 0
    endloop
  endfacet
  facet normal 0.803215 0.595689 0
    outer loop
      vertex 4.68588 -1.07847 4
      vertex 4.5865 -0.944468 0
      vertex 4.5865 -0.944468 4
    endloop
  endfacet
  facet normal 0.803215 0.595689 0
    outer loop
      vertex 4.5865 -0.944468 0
      vertex 4.68588 -1.07847 4
      vertex 4.68588 -1.07847 0
    endloop
  endfacet
  facet normal -0.595695 -0.803211 0
    outer loop
      vertex 6.94447 1.4135 0
      vertex 7.07847 1.31412 4
      vertex 6.94447 1.4135 4
    endloop
  endfacet
  facet normal -0.595695 -0.803211 -0
    outer loop
      vertex 7.07847 1.31412 4
      vertex 6.94447 1.4135 0
      vertex 7.07847 1.31412 0
    endloop
  endfacet
  facet normal 0.94155 -0.336874 0
    outer loop
      vertex 4.3732 0.493484 4
      vertex 4.4294 0.650561 0
      vertex 4.4294 0.650561 4
    endloop
  endfacet
  facet normal 0.94155 -0.336874 0
    outer loop
      vertex 4.4294 0.650561 0
      vertex 4.3732 0.493484 4
      vertex 4.3732 0.493484 0
    endloop
  endfacet
  facet normal 0.857721 -0.514115 0
    outer loop
      vertex 4.50073 0.801374 4
      vertex 4.5865 0.944468 0
      vertex 4.5865 0.944468 4
    endloop
  endfacet
  facet normal 0.857721 -0.514115 0
    outer loop
      vertex 4.5865 0.944468 0
      vertex 4.50073 0.801374 4
      vertex 4.50073 0.801374 0
    endloop
  endfacet
  facet normal -0.989176 0.146736 0
    outer loop
      vertex 7.66733 -0.331653 0
      vertex 7.69181 -0.166629 4
      vertex 7.69181 -0.166629 0
    endloop
  endfacet
  facet normal -0.989176 0.146736 0
    outer loop
      vertex 7.69181 -0.166629 4
      vertex 7.66733 -0.331653 0
      vertex 7.66733 -0.331653 4
    endloop
  endfacet
  facet normal -0.998794 0.0490918 0
    outer loop
      vertex 7.69181 -0.166629 0
      vertex 7.7 0 4
      vertex 7.7 0 0
    endloop
  endfacet
  facet normal -0.998794 0.0490918 0
    outer loop
      vertex 7.7 0 4
      vertex 7.69181 -0.166629 0
      vertex 7.69181 -0.166629 4
    endloop
  endfacet
  facet normal -0.970041 0.242943 0
    outer loop
      vertex 7.6268 -0.493484 0
      vertex 7.66733 -0.331653 4
      vertex 7.66733 -0.331653 0
    endloop
  endfacet
  facet normal -0.970041 0.242943 0
    outer loop
      vertex 7.66733 -0.331653 4
      vertex 7.6268 -0.493484 0
      vertex 7.6268 -0.493484 4
    endloop
  endfacet
  facet normal -0.941531 0.336927 0
    outer loop
      vertex 7.57059 -0.650561 0
      vertex 7.6268 -0.493484 4
      vertex 7.6268 -0.493484 0
    endloop
  endfacet
  facet normal -0.941531 0.336927 0
    outer loop
      vertex 7.6268 -0.493484 4
      vertex 7.57059 -0.650561 0
      vertex 7.57059 -0.650561 4
    endloop
  endfacet
  facet normal -0.904011 0.42751 0
    outer loop
      vertex 7.49927 -0.801374 0
      vertex 7.57059 -0.650561 4
      vertex 7.57059 -0.650561 0
    endloop
  endfacet
  facet normal -0.904011 0.42751 0
    outer loop
      vertex 7.57059 -0.650561 4
      vertex 7.49927 -0.801374 0
      vertex 7.49927 -0.801374 4
    endloop
  endfacet
  facet normal -0.427517 0.904007 0
    outer loop
      vertex 6.80137 -1.49927 0
      vertex 6.65056 -1.57059 4
      vertex 6.80137 -1.49927 4
    endloop
  endfacet
  facet normal -0.427517 0.904007 0
    outer loop
      vertex 6.65056 -1.57059 4
      vertex 6.80137 -1.49927 0
      vertex 6.65056 -1.57059 0
    endloop
  endfacet
  facet normal 0.989184 0.146678 0
    outer loop
      vertex 4.33266 -0.331653 4
      vertex 4.30819 -0.166629 0
      vertex 4.30819 -0.166629 4
    endloop
  endfacet
  facet normal 0.989184 0.146678 0
    outer loop
      vertex 4.30819 -0.166629 0
      vertex 4.33266 -0.331653 4
      vertex 4.33266 -0.331653 0
    endloop
  endfacet
  facet normal 0.94155 0.336874 0
    outer loop
      vertex 4.4294 -0.650561 4
      vertex 4.3732 -0.493484 0
      vertex 4.3732 -0.493484 4
    endloop
  endfacet
  facet normal 0.94155 0.336874 0
    outer loop
      vertex 4.3732 -0.493484 0
      vertex 4.4294 -0.650561 4
      vertex 4.4294 -0.650561 0
    endloop
  endfacet
  facet normal 0.857721 0.514115 0
    outer loop
      vertex 4.5865 -0.944468 4
      vertex 4.50073 -0.801374 0
      vertex 4.50073 -0.801374 4
    endloop
  endfacet
  facet normal 0.857721 0.514115 0
    outer loop
      vertex 4.50073 -0.801374 0
      vertex 4.5865 -0.944468 4
      vertex 4.5865 -0.944468 0
    endloop
  endfacet
  facet normal -0.857721 0.514115 0
    outer loop
      vertex 7.4135 -0.944468 0
      vertex 7.49927 -0.801374 4
      vertex 7.49927 -0.801374 0
    endloop
  endfacet
  facet normal -0.857721 0.514115 0
    outer loop
      vertex 7.49927 -0.801374 4
      vertex 7.4135 -0.944468 0
      vertex 7.4135 -0.944468 4
    endloop
  endfacet
  facet normal -0.336921 0.941533 0
    outer loop
      vertex 6.65056 -1.57059 0
      vertex 6.49348 -1.6268 4
      vertex 6.65056 -1.57059 4
    endloop
  endfacet
  facet normal -0.336921 0.941533 0
    outer loop
      vertex 6.49348 -1.6268 4
      vertex 6.65056 -1.57059 0
      vertex 6.49348 -1.6268 0
    endloop
  endfacet
  facet normal 0.0163637 -0.999866 0
    outer loop
      vertex 2.88881 6.89251 0
      vertex 3.05562 6.89524 4
      vertex 2.88881 6.89251 4
    endloop
  endfacet
  facet normal 0.0163637 -0.999866 0
    outer loop
      vertex 3.05562 6.89524 4
      vertex 2.88881 6.89251 0
      vertex 3.05562 6.89524 0
    endloop
  endfacet
  facet normal 0.569154 -0.822231 0
    outer loop
      vertex 1.96511 6.54485 0
      vertex 2.10228 6.6398 4
      vertex 1.96511 6.54485 4
    endloop
  endfacet
  facet normal 0.569154 -0.822231 0
    outer loop
      vertex 2.10228 6.6398 4
      vertex 1.96511 6.54485 0
      vertex 2.10228 6.6398 0
    endloop
  endfacet
  facet normal 0.98384 -0.179049 0
    outer loop
      vertex 1.31454 5.41805 4
      vertex 1.34441 5.58218 0
      vertex 1.34441 5.58218 4
    endloop
  endfacet
  facet normal 0.98384 -0.179049 0
    outer loop
      vertex 1.34441 5.58218 0
      vertex 1.31454 5.41805 4
      vertex 1.31454 5.41805 0
    endloop
  endfacet
  facet normal -0.996657 0.081701 0
    outer loop
      vertex 4.68546 4.97426 0
      vertex 4.69909 5.14053 4
      vertex 4.69909 5.14053 0
    endloop
  endfacet
  facet normal -0.996657 0.081701 0
    outer loop
      vertex 4.69909 5.14053 4
      vertex 4.68546 4.97426 0
      vertex 4.68546 4.97426 4
    endloop
  endfacet
  facet normal 0.718581 -0.695443 0
    outer loop
      vertex 1.72187 6.31704 4
      vertex 1.83789 6.43692 0
      vertex 1.83789 6.43692 4
    endloop
  endfacet
  facet normal 0.718581 -0.695443 0
    outer loop
      vertex 1.83789 6.43692 0
      vertex 1.72187 6.31704 4
      vertex 1.72187 6.31704 0
    endloop
  endfacet
  facet normal 0.541881 0.840455 -0
    outer loop
      vertex 2.15 3.72391 0
      vertex 2.00979 3.81431 4
      vertex 2.15 3.72391 4
    endloop
  endfacet
  facet normal 0.541881 0.840455 0
    outer loop
      vertex 2.00979 3.81431 4
      vertex 2.15 3.72391 0
      vertex 2.00979 3.81431 0
    endloop
  endfacet
  facet normal 0.822278 0.569085 0
    outer loop
      vertex 1.6513 4.16126 4
      vertex 1.55636 4.29844 0
      vertex 1.55636 4.29844 4
    endloop
  endfacet
  facet normal 0.822278 0.569085 0
    outer loop
      vertex 1.55636 4.29844 0
      vertex 1.6513 4.16126 4
      vertex 1.6513 4.16126 0
    endloop
  endfacet
  facet normal 0.993446 0.114306 0
    outer loop
      vertex 1.32271 4.91923 4
      vertex 1.30364 5.08497 0
      vertex 1.30364 5.08497 4
    endloop
  endfacet
  facet normal 0.993446 0.114306 0
    outer loop
      vertex 1.30364 5.08497 0
      vertex 1.32271 4.91923 4
      vertex 1.32271 4.91923 0
    endloop
  endfacet
  facet normal -0.762526 -0.646957 0
    outer loop
      vertex 4.3487 6.23105 0
      vertex 4.24077 6.35826 4
      vertex 4.24077 6.35826 0
    endloop
  endfacet
  facet normal -0.762526 -0.646957 0
    outer loop
      vertex 4.24077 6.35826 4
      vertex 4.3487 6.23105 0
      vertex 4.3487 6.23105 4
    endloop
  endfacet
  facet normal -0.983842 0.179038 0
    outer loop
      vertex 4.65559 4.81012 0
      vertex 4.68546 4.97426 4
      vertex 4.68546 4.97426 0
    endloop
  endfacet
  facet normal -0.983842 0.179038 0
    outer loop
      vertex 4.68546 4.97426 4
      vertex 4.65559 4.81012 0
      vertex 4.65559 4.81012 4
    endloop
  endfacet
  facet normal -0.367512 -0.930019 0
    outer loop
      vertex 3.54645 6.80593 0
      vertex 3.7016 6.74462 4
      vertex 3.54645 6.80593 4
    endloop
  endfacet
  facet normal -0.367512 -0.930019 -0
    outer loop
      vertex 3.7016 6.74462 4
      vertex 3.54645 6.80593 0
      vertex 3.7016 6.74462 0
    endloop
  endfacet
  facet normal 0.211113 -0.977462 0
    outer loop
      vertex 2.56001 6.83823 0
      vertex 2.72308 6.87345 4
      vertex 2.56001 6.83823 4
    endloop
  endfacet
  facet normal 0.211113 -0.977462 0
    outer loop
      vertex 2.72308 6.87345 4
      vertex 2.56001 6.83823 0
      vertex 2.72308 6.87345 0
    endloop
  endfacet
  facet normal 0.840455 -0.541881 0
    outer loop
      vertex 1.52776 6.04615 4
      vertex 1.61816 6.18636 0
      vertex 1.61816 6.18636 4
    endloop
  endfacet
  facet normal 0.840455 -0.541881 0
    outer loop
      vertex 1.61816 6.18636 0
      vertex 1.52776 6.04615 4
      vertex 1.52776 6.04615 0
    endloop
  endfacet
  facet normal 0.783301 -0.621642 0
    outer loop
      vertex 1.61816 6.18636 4
      vertex 1.72187 6.31704 0
      vertex 1.72187 6.31704 4
    endloop
  endfacet
  facet normal 0.783301 -0.621642 0
    outer loop
      vertex 1.72187 6.31704 0
      vertex 1.61816 6.18636 4
      vertex 1.61816 6.18636 0
    endloop
  endfacet
  facet normal 0.305924 -0.952056 0
    outer loop
      vertex 2.40117 6.78719 0
      vertex 2.56001 6.83823 4
      vertex 2.40117 6.78719 4
    endloop
  endfacet
  facet normal 0.305924 -0.952056 0
    outer loop
      vertex 2.56001 6.83823 4
      vertex 2.40117 6.78719 0
      vertex 2.56001 6.83823 0
    endloop
  endfacet
  facet normal 0.397729 -0.917503 0
    outer loop
      vertex 2.24811 6.72084 0
      vertex 2.40117 6.78719 4
      vertex 2.24811 6.72084 4
    endloop
  endfacet
  facet normal 0.397729 -0.917503 0
    outer loop
      vertex 2.40117 6.78719 4
      vertex 2.24811 6.72084 0
      vertex 2.40117 6.78719 0
    endloop
  endfacet
  facet normal 0.695474 0.718551 -0
    outer loop
      vertex 1.87911 3.91802 0
      vertex 1.75923 4.03405 4
      vertex 1.87911 3.91802 4
    endloop
  endfacet
  facet normal 0.695474 0.718551 0
    outer loop
      vertex 1.75923 4.03405 4
      vertex 1.87911 3.91802 0
      vertex 1.75923 4.03405 0
    endloop
  endfacet
  facet normal 0.762526 0.646957 0
    outer loop
      vertex 1.75923 4.03405 4
      vertex 1.6513 4.16126 0
      vertex 1.6513 4.16126 4
    endloop
  endfacet
  facet normal 0.762526 0.646957 0
    outer loop
      vertex 1.6513 4.16126 0
      vertex 1.75923 4.03405 4
      vertex 1.75923 4.03405 0
    endloop
  endfacet
  facet normal 0.621642 0.783301 -0
    outer loop
      vertex 2.00979 3.81431 0
      vertex 1.87911 3.91802 4
      vertex 2.00979 3.81431 4
    endloop
  endfacet
  facet normal 0.621642 0.783301 0
    outer loop
      vertex 1.87911 3.91802 4
      vertex 2.00979 3.81431 0
      vertex 1.87911 3.91802 0
    endloop
  endfacet
  facet normal 0.952068 0.305887 0
    outer loop
      vertex 1.40896 4.59733 4
      vertex 1.35793 4.75616 0
      vertex 1.35793 4.75616 4
    endloop
  endfacet
  facet normal 0.952068 0.305887 0
    outer loop
      vertex 1.35793 4.75616 0
      vertex 1.40896 4.59733 4
      vertex 1.40896 4.59733 0
    endloop
  endfacet
  facet normal 0.874084 0.485775 0
    outer loop
      vertex 1.55636 4.29844 4
      vertex 1.47532 4.44426 0
      vertex 1.47532 4.44426 4
    endloop
  endfacet
  facet normal 0.874084 0.485775 0
    outer loop
      vertex 1.47532 4.44426 0
      vertex 1.55636 4.29844 4
      vertex 1.55636 4.29844 0
    endloop
  endfacet
  facet normal 0.889507 -0.456921 0
    outer loop
      vertex 1.45153 5.89775 4
      vertex 1.52776 6.04615 0
      vertex 1.52776 6.04615 4
    endloop
  endfacet
  facet normal 0.889507 -0.456921 0
    outer loop
      vertex 1.52776 6.04615 0
      vertex 1.45153 5.89775 4
      vertex 1.45153 5.89775 0
    endloop
  endfacet
  facet normal 0.961562 -0.274587 0
    outer loop
      vertex 1.34441 5.58218 4
      vertex 1.39022 5.7426 0
      vertex 1.39022 5.7426 4
    endloop
  endfacet
  facet normal 0.961562 -0.274587 0
    outer loop
      vertex 1.39022 5.7426 0
      vertex 1.34441 5.58218 4
      vertex 1.34441 5.58218 0
    endloop
  endfacet
  facet normal 0.930019 -0.367512 0
    outer loop
      vertex 1.39022 5.7426 4
      vertex 1.45153 5.89775 0
      vertex 1.45153 5.89775 4
    endloop
  endfacet
  facet normal 0.930019 -0.367512 0
    outer loop
      vertex 1.45153 5.89775 0
      vertex 1.39022 5.7426 4
      vertex 1.39022 5.7426 0
    endloop
  endfacet
  facet normal 0.996657 -0.0816962 0
    outer loop
      vertex 1.30091 5.25177 4
      vertex 1.31454 5.41805 0
      vertex 1.31454 5.41805 4
    endloop
  endfacet
  facet normal 0.996657 -0.0816962 0
    outer loop
      vertex 1.31454 5.41805 0
      vertex 1.30091 5.25177 4
      vertex 1.30091 5.25177 0
    endloop
  endfacet
  facet normal -0.456874 -0.889531 0
    outer loop
      vertex 3.7016 6.74462 0
      vertex 3.85 6.6684 4
      vertex 3.7016 6.74462 4
    endloop
  endfacet
  facet normal -0.456874 -0.889531 -0
    outer loop
      vertex 3.85 6.6684 4
      vertex 3.7016 6.74462 0
      vertex 3.85 6.6684 0
    endloop
  endfacet
  facet normal -0.541923 -0.840428 0
    outer loop
      vertex 3.85 6.6684 0
      vertex 3.99021 6.57799 4
      vertex 3.85 6.6684 4
    endloop
  endfacet
  facet normal -0.541923 -0.840428 -0
    outer loop
      vertex 3.99021 6.57799 4
      vertex 3.85 6.6684 0
      vertex 3.99021 6.57799 0
    endloop
  endfacet
  facet normal -0.874098 -0.48575 0
    outer loop
      vertex 4.52468 5.94804 0
      vertex 4.44364 6.09387 4
      vertex 4.44364 6.09387 0
    endloop
  endfacet
  facet normal -0.874098 -0.48575 0
    outer loop
      vertex 4.44364 6.09387 4
      vertex 4.52468 5.94804 0
      vertex 4.52468 5.94804 4
    endloop
  endfacet
  facet normal -0.114312 0.993445 0
    outer loop
      vertex 3.27692 3.51886 0
      vertex 3.11119 3.49979 4
      vertex 3.27692 3.51886 4
    endloop
  endfacet
  facet normal -0.114312 0.993445 0
    outer loop
      vertex 3.11119 3.49979 4
      vertex 3.27692 3.51886 0
      vertex 3.11119 3.49979 0
    endloop
  endfacet
  facet normal 0.274587 0.961562 -0
    outer loop
      vertex 2.61397 3.54056 0
      vertex 2.45355 3.58637 4
      vertex 2.61397 3.54056 4
    endloop
  endfacet
  facet normal 0.274587 0.961562 0
    outer loop
      vertex 2.45355 3.58637 4
      vertex 2.61397 3.54056 0
      vertex 2.45355 3.58637 0
    endloop
  endfacet
  facet normal -0.081701 -0.996657 0
    outer loop
      vertex 3.05562 6.89524 0
      vertex 3.22189 6.88161 4
      vertex 3.05562 6.89524 4
    endloop
  endfacet
  facet normal -0.081701 -0.996657 -0
    outer loop
      vertex 3.22189 6.88161 4
      vertex 3.05562 6.89524 0
      vertex 3.22189 6.88161 0
    endloop
  endfacet
  facet normal -0.179038 -0.983842 0
    outer loop
      vertex 3.22189 6.88161 0
      vertex 3.38603 6.85174 4
      vertex 3.22189 6.88161 4
    endloop
  endfacet
  facet normal -0.179038 -0.983842 -0
    outer loop
      vertex 3.38603 6.85174 4
      vertex 3.22189 6.88161 0
      vertex 3.38603 6.85174 0
    endloop
  endfacet
  facet normal -0.274587 -0.961562 0
    outer loop
      vertex 3.38603 6.85174 0
      vertex 3.54645 6.80593 4
      vertex 3.38603 6.85174 4
    endloop
  endfacet
  facet normal -0.274587 -0.961562 -0
    outer loop
      vertex 3.54645 6.80593 4
      vertex 3.38603 6.85174 0
      vertex 3.54645 6.80593 0
    endloop
  endfacet
  facet normal 0.114253 -0.993452 0
    outer loop
      vertex 2.72308 6.87345 0
      vertex 2.88881 6.89251 4
      vertex 2.72308 6.87345 4
    endloop
  endfacet
  facet normal 0.114253 -0.993452 0
    outer loop
      vertex 2.88881 6.89251 4
      vertex 2.72308 6.87345 0
      vertex 2.88881 6.89251 0
    endloop
  endfacet
  facet normal 0.646928 -0.762551 0
    outer loop
      vertex 1.83789 6.43692 0
      vertex 1.96511 6.54485 4
      vertex 1.83789 6.43692 4
    endloop
  endfacet
  facet normal 0.646928 -0.762551 0
    outer loop
      vertex 1.96511 6.54485 4
      vertex 1.83789 6.43692 0
      vertex 1.96511 6.54485 0
    endloop
  endfacet
  facet normal 0.48575 -0.874098 0
    outer loop
      vertex 2.10228 6.6398 0
      vertex 2.24811 6.72084 4
      vertex 2.10228 6.6398 4
    endloop
  endfacet
  facet normal 0.48575 -0.874098 0
    outer loop
      vertex 2.24811 6.72084 4
      vertex 2.10228 6.6398 0
      vertex 2.24811 6.72084 0
    endloop
  endfacet
  facet normal 0.917491 0.397757 0
    outer loop
      vertex 1.47532 4.44426 4
      vertex 1.40896 4.59733 0
      vertex 1.40896 4.59733 4
    endloop
  endfacet
  facet normal 0.917491 0.397757 0
    outer loop
      vertex 1.40896 4.59733 0
      vertex 1.47532 4.44426 4
      vertex 1.47532 4.44426 0
    endloop
  endfacet
  facet normal 0.999866 0.0163647 0
    outer loop
      vertex 1.30364 5.08497 4
      vertex 1.30091 5.25177 0
      vertex 1.30091 5.25177 4
    endloop
  endfacet
  facet normal 0.999866 0.0163647 0
    outer loop
      vertex 1.30091 5.25177 0
      vertex 1.30364 5.08497 4
      vertex 1.30364 5.08497 0
    endloop
  endfacet
  facet normal 0.977462 0.211113 0
    outer loop
      vertex 1.35793 4.75616 4
      vertex 1.32271 4.91923 0
      vertex 1.32271 4.91923 4
    endloop
  endfacet
  facet normal 0.977462 0.211113 0
    outer loop
      vertex 1.32271 4.91923 0
      vertex 1.35793 4.75616 4
      vertex 1.35793 4.75616 0
    endloop
  endfacet
  facet normal -0.621642 -0.783301 0
    outer loop
      vertex 3.99021 6.57799 0
      vertex 4.12089 6.47428 4
      vertex 3.99021 6.57799 4
    endloop
  endfacet
  facet normal -0.621642 -0.783301 -0
    outer loop
      vertex 4.12089 6.47428 4
      vertex 3.99021 6.57799 0
      vertex 4.12089 6.47428 0
    endloop
  endfacet
  facet normal -0.695443 -0.718581 0
    outer loop
      vertex 4.12089 6.47428 0
      vertex 4.24077 6.35826 4
      vertex 4.12089 6.47428 4
    endloop
  endfacet
  facet normal -0.695443 -0.718581 -0
    outer loop
      vertex 4.24077 6.35826 4
      vertex 4.12089 6.47428 0
      vertex 4.24077 6.35826 0
    endloop
  endfacet
  facet normal -0.999866 -0.0163637 0
    outer loop
      vertex 4.69909 5.14053 0
      vertex 4.69636 5.30734 4
      vertex 4.69636 5.30734 0
    endloop
  endfacet
  facet normal -0.999866 -0.0163637 0
    outer loop
      vertex 4.69636 5.30734 4
      vertex 4.69909 5.14053 0
      vertex 4.69909 5.14053 4
    endloop
  endfacet
  facet normal -0.952073 -0.305869 0
    outer loop
      vertex 4.64207 5.63614 0
      vertex 4.59104 5.79498 4
      vertex 4.59104 5.79498 0
    endloop
  endfacet
  facet normal -0.952073 -0.305869 0
    outer loop
      vertex 4.59104 5.79498 4
      vertex 4.64207 5.63614 0
      vertex 4.64207 5.63614 4
    endloop
  endfacet
  facet normal -0.822278 -0.569085 0
    outer loop
      vertex 4.44364 6.09387 0
      vertex 4.3487 6.23105 4
      vertex 4.3487 6.23105 0
    endloop
  endfacet
  facet normal -0.822278 -0.569085 0
    outer loop
      vertex 4.3487 6.23105 4
      vertex 4.44364 6.09387 0
      vertex 4.44364 6.09387 4
    endloop
  endfacet
  facet normal -0.917481 -0.397779 0
    outer loop
      vertex 4.59104 5.79498 0
      vertex 4.52468 5.94804 4
      vertex 4.52468 5.94804 0
    endloop
  endfacet
  facet normal -0.917481 -0.397779 0
    outer loop
      vertex 4.52468 5.94804 4
      vertex 4.59104 5.79498 0
      vertex 4.59104 5.79498 4
    endloop
  endfacet
  facet normal -0.305887 0.952068 0
    outer loop
      vertex 3.59882 3.60511 0
      vertex 3.43999 3.55408 4
      vertex 3.59882 3.60511 4
    endloop
  endfacet
  facet normal -0.305887 0.952068 0
    outer loop
      vertex 3.43999 3.55408 4
      vertex 3.59882 3.60511 0
      vertex 3.43999 3.55408 0
    endloop
  endfacet
  facet normal -0.889507 0.456921 0
    outer loop
      vertex 4.47224 4.34615 0
      vertex 4.54847 4.49455 4
      vertex 4.54847 4.49455 0
    endloop
  endfacet
  facet normal -0.889507 0.456921 0
    outer loop
      vertex 4.54847 4.49455 4
      vertex 4.47224 4.34615 0
      vertex 4.47224 4.34615 4
    endloop
  endfacet
  facet normal 0.456921 0.889507 -0
    outer loop
      vertex 2.2984 3.64768 0
      vertex 2.15 3.72391 4
      vertex 2.2984 3.64768 4
    endloop
  endfacet
  facet normal 0.456921 0.889507 0
    outer loop
      vertex 2.15 3.72391 4
      vertex 2.2984 3.64768 0
      vertex 2.15 3.72391 0
    endloop
  endfacet
  facet normal 0.178991 0.983851 -0
    outer loop
      vertex 2.7781 3.5107 0
      vertex 2.61397 3.54056 4
      vertex 2.7781 3.5107 4
    endloop
  endfacet
  facet normal 0.178991 0.983851 0
    outer loop
      vertex 2.61397 3.54056 4
      vertex 2.7781 3.5107 0
      vertex 2.61397 3.54056 0
    endloop
  endfacet
  facet normal -0.211113 0.977462 0
    outer loop
      vertex 3.43999 3.55408 0
      vertex 3.27692 3.51886 4
      vertex 3.43999 3.55408 4
    endloop
  endfacet
  facet normal -0.211113 0.977462 0
    outer loop
      vertex 3.27692 3.51886 4
      vertex 3.43999 3.55408 0
      vertex 3.27692 3.51886 0
    endloop
  endfacet
  facet normal 0.0817557 0.996652 -0
    outer loop
      vertex 2.94438 3.49706 0
      vertex 2.7781 3.5107 4
      vertex 2.94438 3.49706 4
    endloop
  endfacet
  facet normal 0.0817557 0.996652 0
    outer loop
      vertex 2.7781 3.5107 4
      vertex 2.94438 3.49706 0
      vertex 2.7781 3.5107 0
    endloop
  endfacet
  facet normal -0.977462 -0.211113 0
    outer loop
      vertex 4.67729 5.47307 0
      vertex 4.64207 5.63614 4
      vertex 4.64207 5.63614 0
    endloop
  endfacet
  facet normal -0.977462 -0.211113 0
    outer loop
      vertex 4.64207 5.63614 4
      vertex 4.67729 5.47307 0
      vertex 4.67729 5.47307 4
    endloop
  endfacet
  facet normal -0.646928 0.762551 0
    outer loop
      vertex 4.16211 3.95538 0
      vertex 4.03489 3.84745 4
      vertex 4.16211 3.95538 4
    endloop
  endfacet
  facet normal -0.646928 0.762551 0
    outer loop
      vertex 4.03489 3.84745 4
      vertex 4.16211 3.95538 0
      vertex 4.03489 3.84745 0
    endloop
  endfacet
  facet normal -0.783301 0.621642 0
    outer loop
      vertex 4.27813 4.07526 0
      vertex 4.38184 4.20594 4
      vertex 4.38184 4.20594 0
    endloop
  endfacet
  facet normal -0.783301 0.621642 0
    outer loop
      vertex 4.38184 4.20594 4
      vertex 4.27813 4.07526 0
      vertex 4.27813 4.07526 4
    endloop
  endfacet
  facet normal -0.485775 0.874084 0
    outer loop
      vertex 3.89771 3.75251 0
      vertex 3.75189 3.67147 4
      vertex 3.89771 3.75251 4
    endloop
  endfacet
  facet normal -0.485775 0.874084 0
    outer loop
      vertex 3.75189 3.67147 4
      vertex 3.89771 3.75251 0
      vertex 3.75189 3.67147 0
    endloop
  endfacet
  facet normal 0.367512 0.930019 -0
    outer loop
      vertex 2.45355 3.58637 0
      vertex 2.2984 3.64768 4
      vertex 2.45355 3.58637 4
    endloop
  endfacet
  facet normal 0.367512 0.930019 0
    outer loop
      vertex 2.2984 3.64768 4
      vertex 2.45355 3.58637 0
      vertex 2.2984 3.64768 0
    endloop
  endfacet
  facet normal -0.0163637 0.999866 0
    outer loop
      vertex 3.11119 3.49979 0
      vertex 2.94438 3.49706 4
      vertex 3.11119 3.49979 4
    endloop
  endfacet
  facet normal -0.0163637 0.999866 0
    outer loop
      vertex 2.94438 3.49706 4
      vertex 3.11119 3.49979 0
      vertex 2.94438 3.49706 0
    endloop
  endfacet
  facet normal -0.961562 0.274587 0
    outer loop
      vertex 4.60978 4.6497 0
      vertex 4.65559 4.81012 4
      vertex 4.65559 4.81012 0
    endloop
  endfacet
  facet normal -0.961562 0.274587 0
    outer loop
      vertex 4.65559 4.81012 4
      vertex 4.60978 4.6497 0
      vertex 4.60978 4.6497 4
    endloop
  endfacet
  facet normal -0.930019 0.367512 0
    outer loop
      vertex 4.54847 4.49455 0
      vertex 4.60978 4.6497 4
      vertex 4.60978 4.6497 0
    endloop
  endfacet
  facet normal -0.930019 0.367512 0
    outer loop
      vertex 4.60978 4.6497 4
      vertex 4.54847 4.49455 0
      vertex 4.54847 4.49455 4
    endloop
  endfacet
  facet normal -0.993445 -0.114312 0
    outer loop
      vertex 4.69636 5.30734 0
      vertex 4.67729 5.47307 4
      vertex 4.67729 5.47307 0
    endloop
  endfacet
  facet normal -0.993445 -0.114312 0
    outer loop
      vertex 4.67729 5.47307 4
      vertex 4.69636 5.30734 0
      vertex 4.69636 5.30734 4
    endloop
  endfacet
  facet normal -0.840455 0.541881 0
    outer loop
      vertex 4.38184 4.20594 0
      vertex 4.47224 4.34615 4
      vertex 4.47224 4.34615 0
    endloop
  endfacet
  facet normal -0.840455 0.541881 0
    outer loop
      vertex 4.47224 4.34615 4
      vertex 4.38184 4.20594 0
      vertex 4.38184 4.20594 4
    endloop
  endfacet
  facet normal -0.718581 0.695443 0
    outer loop
      vertex 4.16211 3.95538 0
      vertex 4.27813 4.07526 4
      vertex 4.27813 4.07526 0
    endloop
  endfacet
  facet normal -0.718581 0.695443 0
    outer loop
      vertex 4.27813 4.07526 4
      vertex 4.16211 3.95538 0
      vertex 4.16211 3.95538 4
    endloop
  endfacet
  facet normal -0.397757 0.917491 0
    outer loop
      vertex 3.75189 3.67147 0
      vertex 3.59882 3.60511 4
      vertex 3.75189 3.67147 4
    endloop
  endfacet
  facet normal -0.397757 0.917491 0
    outer loop
      vertex 3.59882 3.60511 4
      vertex 3.75189 3.67147 0
      vertex 3.59882 3.60511 0
    endloop
  endfacet
  facet normal -0.569085 0.822278 0
    outer loop
      vertex 4.03489 3.84745 0
      vertex 3.89771 3.75251 4
      vertex 4.03489 3.84745 4
    endloop
  endfacet
  facet normal -0.569085 0.822278 0
    outer loop
      vertex 3.89771 3.75251 4
      vertex 4.03489 3.84745 0
      vertex 3.89771 3.75251 0
    endloop
  endfacet
  facet normal -0.274587 0.961562 0
    outer loop
      vertex -2.45355 3.58637 0
      vertex -2.61397 3.54056 4
      vertex -2.45355 3.58637 4
    endloop
  endfacet
  facet normal -0.274587 0.961562 0
    outer loop
      vertex -2.61397 3.54056 4
      vertex -2.45355 3.58637 0
      vertex -2.61397 3.54056 0
    endloop
  endfacet
  facet normal 0.874098 -0.48575 0
    outer loop
      vertex -4.52468 5.94804 4
      vertex -4.44364 6.09387 0
      vertex -4.44364 6.09387 4
    endloop
  endfacet
  facet normal 0.874098 -0.48575 0
    outer loop
      vertex -4.44364 6.09387 0
      vertex -4.52468 5.94804 4
      vertex -4.52468 5.94804 0
    endloop
  endfacet
  facet normal 0.840455 0.541881 0
    outer loop
      vertex -4.38184 4.20594 4
      vertex -4.47224 4.34615 0
      vertex -4.47224 4.34615 4
    endloop
  endfacet
  facet normal 0.840455 0.541881 0
    outer loop
      vertex -4.47224 4.34615 0
      vertex -4.38184 4.20594 4
      vertex -4.38184 4.20594 0
    endloop
  endfacet
  facet normal 0.983842 0.179038 0
    outer loop
      vertex -4.65559 4.81012 4
      vertex -4.68546 4.97426 0
      vertex -4.68546 4.97426 4
    endloop
  endfacet
  facet normal 0.983842 0.179038 0
    outer loop
      vertex -4.68546 4.97426 0
      vertex -4.65559 4.81012 4
      vertex -4.65559 4.81012 0
    endloop
  endfacet
  facet normal -0.456921 0.889507 0
    outer loop
      vertex -2.15 3.72391 0
      vertex -2.2984 3.64768 4
      vertex -2.15 3.72391 4
    endloop
  endfacet
  facet normal -0.456921 0.889507 0
    outer loop
      vertex -2.2984 3.64768 4
      vertex -2.15 3.72391 0
      vertex -2.2984 3.64768 0
    endloop
  endfacet
  facet normal -0.178991 0.983851 0
    outer loop
      vertex -2.61397 3.54056 0
      vertex -2.7781 3.5107 4
      vertex -2.61397 3.54056 4
    endloop
  endfacet
  facet normal -0.178991 0.983851 0
    outer loop
      vertex -2.7781 3.5107 4
      vertex -2.61397 3.54056 0
      vertex -2.7781 3.5107 0
    endloop
  endfacet
  facet normal 0.569085 0.822278 -0
    outer loop
      vertex -3.89771 3.75251 0
      vertex -4.03489 3.84745 4
      vertex -3.89771 3.75251 4
    endloop
  endfacet
  facet normal 0.569085 0.822278 0
    outer loop
      vertex -4.03489 3.84745 4
      vertex -3.89771 3.75251 0
      vertex -4.03489 3.84745 0
    endloop
  endfacet
  facet normal 0.305887 0.952068 -0
    outer loop
      vertex -3.43999 3.55408 0
      vertex -3.59882 3.60511 4
      vertex -3.43999 3.55408 4
    endloop
  endfacet
  facet normal 0.305887 0.952068 0
    outer loop
      vertex -3.59882 3.60511 4
      vertex -3.43999 3.55408 0
      vertex -3.59882 3.60511 0
    endloop
  endfacet
  facet normal 0.274587 -0.961562 0
    outer loop
      vertex -3.54645 6.80593 0
      vertex -3.38603 6.85174 4
      vertex -3.54645 6.80593 4
    endloop
  endfacet
  facet normal 0.274587 -0.961562 0
    outer loop
      vertex -3.38603 6.85174 4
      vertex -3.54645 6.80593 0
      vertex -3.38603 6.85174 0
    endloop
  endfacet
  facet normal 0.621642 -0.783301 0
    outer loop
      vertex -4.12089 6.47428 0
      vertex -3.99021 6.57799 4
      vertex -4.12089 6.47428 4
    endloop
  endfacet
  facet normal 0.621642 -0.783301 0
    outer loop
      vertex -3.99021 6.57799 4
      vertex -4.12089 6.47428 0
      vertex -3.99021 6.57799 0
    endloop
  endfacet
  facet normal 0.917481 -0.397779 0
    outer loop
      vertex -4.59104 5.79498 4
      vertex -4.52468 5.94804 0
      vertex -4.52468 5.94804 4
    endloop
  endfacet
  facet normal 0.917481 -0.397779 0
    outer loop
      vertex -4.52468 5.94804 0
      vertex -4.59104 5.79498 4
      vertex -4.59104 5.79498 0
    endloop
  endfacet
  facet normal 0.977462 -0.211113 0
    outer loop
      vertex -4.67729 5.47307 4
      vertex -4.64207 5.63614 0
      vertex -4.64207 5.63614 4
    endloop
  endfacet
  facet normal 0.977462 -0.211113 0
    outer loop
      vertex -4.64207 5.63614 0
      vertex -4.67729 5.47307 4
      vertex -4.67729 5.47307 0
    endloop
  endfacet
  facet normal 0.952073 -0.305869 0
    outer loop
      vertex -4.64207 5.63614 4
      vertex -4.59104 5.79498 0
      vertex -4.59104 5.79498 4
    endloop
  endfacet
  facet normal 0.952073 -0.305869 0
    outer loop
      vertex -4.59104 5.79498 0
      vertex -4.64207 5.63614 4
      vertex -4.64207 5.63614 0
    endloop
  endfacet
  facet normal 0.930019 0.367512 0
    outer loop
      vertex -4.54847 4.49455 4
      vertex -4.60978 4.6497 0
      vertex -4.60978 4.6497 4
    endloop
  endfacet
  facet normal 0.930019 0.367512 0
    outer loop
      vertex -4.60978 4.6497 0
      vertex -4.54847 4.49455 4
      vertex -4.54847 4.49455 0
    endloop
  endfacet
  facet normal 0.961562 0.274587 0
    outer loop
      vertex -4.60978 4.6497 4
      vertex -4.65559 4.81012 0
      vertex -4.65559 4.81012 4
    endloop
  endfacet
  facet normal 0.961562 0.274587 0
    outer loop
      vertex -4.65559 4.81012 0
      vertex -4.60978 4.6497 4
      vertex -4.60978 4.6497 0
    endloop
  endfacet
  facet normal 0.889507 0.456921 0
    outer loop
      vertex -4.47224 4.34615 4
      vertex -4.54847 4.49455 0
      vertex -4.54847 4.49455 4
    endloop
  endfacet
  facet normal 0.889507 0.456921 0
    outer loop
      vertex -4.54847 4.49455 0
      vertex -4.47224 4.34615 4
      vertex -4.47224 4.34615 0
    endloop
  endfacet
  facet normal 0.993445 -0.114312 0
    outer loop
      vertex -4.69636 5.30734 4
      vertex -4.67729 5.47307 0
      vertex -4.67729 5.47307 4
    endloop
  endfacet
  facet normal 0.993445 -0.114312 0
    outer loop
      vertex -4.67729 5.47307 0
      vertex -4.69636 5.30734 4
      vertex -4.69636 5.30734 0
    endloop
  endfacet
  facet normal 0.996657 0.081701 0
    outer loop
      vertex -4.68546 4.97426 4
      vertex -4.69909 5.14053 0
      vertex -4.69909 5.14053 4
    endloop
  endfacet
  facet normal 0.996657 0.081701 0
    outer loop
      vertex -4.69909 5.14053 0
      vertex -4.68546 4.97426 4
      vertex -4.68546 4.97426 0
    endloop
  endfacet
  facet normal 0.999866 -0.0163637 0
    outer loop
      vertex -4.69909 5.14053 4
      vertex -4.69636 5.30734 0
      vertex -4.69636 5.30734 4
    endloop
  endfacet
  facet normal 0.999866 -0.0163637 0
    outer loop
      vertex -4.69636 5.30734 0
      vertex -4.69909 5.14053 4
      vertex -4.69909 5.14053 0
    endloop
  endfacet
  facet normal -0.367512 0.930019 0
    outer loop
      vertex -2.2984 3.64768 0
      vertex -2.45355 3.58637 4
      vertex -2.2984 3.64768 4
    endloop
  endfacet
  facet normal -0.367512 0.930019 0
    outer loop
      vertex -2.45355 3.58637 4
      vertex -2.2984 3.64768 0
      vertex -2.45355 3.58637 0
    endloop
  endfacet
  facet normal 0.114312 0.993445 -0
    outer loop
      vertex -3.11119 3.49979 0
      vertex -3.27692 3.51886 4
      vertex -3.11119 3.49979 4
    endloop
  endfacet
  facet normal 0.114312 0.993445 0
    outer loop
      vertex -3.27692 3.51886 4
      vertex -3.11119 3.49979 0
      vertex -3.27692 3.51886 0
    endloop
  endfacet
  facet normal -0.0817557 0.996652 0
    outer loop
      vertex -2.7781 3.5107 0
      vertex -2.94438 3.49706 4
      vertex -2.7781 3.5107 4
    endloop
  endfacet
  facet normal -0.0817557 0.996652 0
    outer loop
      vertex -2.94438 3.49706 4
      vertex -2.7781 3.5107 0
      vertex -2.94438 3.49706 0
    endloop
  endfacet
  facet normal 0.0163637 0.999866 -0
    outer loop
      vertex -2.94438 3.49706 0
      vertex -3.11119 3.49979 4
      vertex -2.94438 3.49706 4
    endloop
  endfacet
  facet normal 0.0163637 0.999866 0
    outer loop
      vertex -3.11119 3.49979 4
      vertex -2.94438 3.49706 0
      vertex -3.11119 3.49979 0
    endloop
  endfacet
  facet normal 0.783301 0.621642 0
    outer loop
      vertex -4.27813 4.07526 4
      vertex -4.38184 4.20594 0
      vertex -4.38184 4.20594 4
    endloop
  endfacet
  facet normal 0.783301 0.621642 0
    outer loop
      vertex -4.38184 4.20594 0
      vertex -4.27813 4.07526 4
      vertex -4.27813 4.07526 0
    endloop
  endfacet
  facet normal 0.646928 0.762551 -0
    outer loop
      vertex -4.03489 3.84745 0
      vertex -4.16211 3.95538 4
      vertex -4.03489 3.84745 4
    endloop
  endfacet
  facet normal 0.646928 0.762551 0
    outer loop
      vertex -4.16211 3.95538 4
      vertex -4.03489 3.84745 0
      vertex -4.16211 3.95538 0
    endloop
  endfacet
  facet normal 0.718581 0.695443 0
    outer loop
      vertex -4.16211 3.95538 4
      vertex -4.27813 4.07526 0
      vertex -4.27813 4.07526 4
    endloop
  endfacet
  facet normal 0.718581 0.695443 0
    outer loop
      vertex -4.27813 4.07526 0
      vertex -4.16211 3.95538 4
      vertex -4.16211 3.95538 0
    endloop
  endfacet
  facet normal 0.485775 0.874084 -0
    outer loop
      vertex -3.75189 3.67147 0
      vertex -3.89771 3.75251 4
      vertex -3.75189 3.67147 4
    endloop
  endfacet
  facet normal 0.485775 0.874084 0
    outer loop
      vertex -3.89771 3.75251 4
      vertex -3.75189 3.67147 0
      vertex -3.89771 3.75251 0
    endloop
  endfacet
  facet normal 0.541923 -0.840428 0
    outer loop
      vertex -3.99021 6.57799 0
      vertex -3.85 6.6684 4
      vertex -3.99021 6.57799 4
    endloop
  endfacet
  facet normal 0.541923 -0.840428 0
    outer loop
      vertex -3.85 6.6684 4
      vertex -3.99021 6.57799 0
      vertex -3.85 6.6684 0
    endloop
  endfacet
  facet normal 0.456874 -0.889531 0
    outer loop
      vertex -3.85 6.6684 0
      vertex -3.7016 6.74462 4
      vertex -3.85 6.6684 4
    endloop
  endfacet
  facet normal 0.456874 -0.889531 0
    outer loop
      vertex -3.7016 6.74462 4
      vertex -3.85 6.6684 0
      vertex -3.7016 6.74462 0
    endloop
  endfacet
  facet normal -0.0163637 -0.999866 0
    outer loop
      vertex -3.05562 6.89524 0
      vertex -2.88881 6.89251 4
      vertex -3.05562 6.89524 4
    endloop
  endfacet
  facet normal -0.0163637 -0.999866 -0
    outer loop
      vertex -2.88881 6.89251 4
      vertex -3.05562 6.89524 0
      vertex -2.88881 6.89251 0
    endloop
  endfacet
  facet normal -0.917491 0.397757 0
    outer loop
      vertex -1.47532 4.44426 0
      vertex -1.40896 4.59733 4
      vertex -1.40896 4.59733 0
    endloop
  endfacet
  facet normal -0.917491 0.397757 0
    outer loop
      vertex -1.40896 4.59733 4
      vertex -1.47532 4.44426 0
      vertex -1.47532 4.44426 4
    endloop
  endfacet
  facet normal -0.695474 0.718551 0
    outer loop
      vertex -1.75923 4.03405 0
      vertex -1.87911 3.91802 4
      vertex -1.75923 4.03405 4
    endloop
  endfacet
  facet normal -0.695474 0.718551 0
    outer loop
      vertex -1.87911 3.91802 4
      vertex -1.75923 4.03405 0
      vertex -1.87911 3.91802 0
    endloop
  endfacet
  facet normal -0.783301 -0.621642 0
    outer loop
      vertex -1.61816 6.18636 0
      vertex -1.72187 6.31704 4
      vertex -1.72187 6.31704 0
    endloop
  endfacet
  facet normal -0.783301 -0.621642 0
    outer loop
      vertex -1.72187 6.31704 4
      vertex -1.61816 6.18636 0
      vertex -1.61816 6.18636 4
    endloop
  endfacet
  facet normal -0.569154 -0.822231 0
    outer loop
      vertex -2.10228 6.6398 0
      vertex -1.96511 6.54485 4
      vertex -2.10228 6.6398 4
    endloop
  endfacet
  facet normal -0.569154 -0.822231 -0
    outer loop
      vertex -1.96511 6.54485 4
      vertex -2.10228 6.6398 0
      vertex -1.96511 6.54485 0
    endloop
  endfacet
  facet normal 0.822278 -0.569085 0
    outer loop
      vertex -4.44364 6.09387 4
      vertex -4.3487 6.23105 0
      vertex -4.3487 6.23105 4
    endloop
  endfacet
  facet normal 0.822278 -0.569085 0
    outer loop
      vertex -4.3487 6.23105 0
      vertex -4.44364 6.09387 4
      vertex -4.44364 6.09387 0
    endloop
  endfacet
  facet normal 0.762526 -0.646957 0
    outer loop
      vertex -4.3487 6.23105 4
      vertex -4.24077 6.35826 0
      vertex -4.24077 6.35826 4
    endloop
  endfacet
  facet normal 0.762526 -0.646957 0
    outer loop
      vertex -4.24077 6.35826 0
      vertex -4.3487 6.23105 4
      vertex -4.3487 6.23105 0
    endloop
  endfacet
  facet normal 0.695443 -0.718581 0
    outer loop
      vertex -4.24077 6.35826 0
      vertex -4.12089 6.47428 4
      vertex -4.24077 6.35826 4
    endloop
  endfacet
  facet normal 0.695443 -0.718581 0
    outer loop
      vertex -4.12089 6.47428 4
      vertex -4.24077 6.35826 0
      vertex -4.12089 6.47428 0
    endloop
  endfacet
  facet normal 0.397757 0.917491 -0
    outer loop
      vertex -3.59882 3.60511 0
      vertex -3.75189 3.67147 4
      vertex -3.59882 3.60511 4
    endloop
  endfacet
  facet normal 0.397757 0.917491 0
    outer loop
      vertex -3.75189 3.67147 4
      vertex -3.59882 3.60511 0
      vertex -3.75189 3.67147 0
    endloop
  endfacet
  facet normal 0.211113 0.977462 -0
    outer loop
      vertex -3.27692 3.51886 0
      vertex -3.43999 3.55408 4
      vertex -3.27692 3.51886 4
    endloop
  endfacet
  facet normal 0.211113 0.977462 0
    outer loop
      vertex -3.43999 3.55408 4
      vertex -3.27692 3.51886 0
      vertex -3.43999 3.55408 0
    endloop
  endfacet
  facet normal 0.367512 -0.930019 0
    outer loop
      vertex -3.7016 6.74462 0
      vertex -3.54645 6.80593 4
      vertex -3.7016 6.74462 4
    endloop
  endfacet
  facet normal 0.367512 -0.930019 0
    outer loop
      vertex -3.54645 6.80593 4
      vertex -3.7016 6.74462 0
      vertex -3.54645 6.80593 0
    endloop
  endfacet
  facet normal 0.179038 -0.983842 0
    outer loop
      vertex -3.38603 6.85174 0
      vertex -3.22189 6.88161 4
      vertex -3.38603 6.85174 4
    endloop
  endfacet
  facet normal 0.179038 -0.983842 0
    outer loop
      vertex -3.22189 6.88161 4
      vertex -3.38603 6.85174 0
      vertex -3.22189 6.88161 0
    endloop
  endfacet
  facet normal -0.48575 -0.874098 0
    outer loop
      vertex -2.24811 6.72084 0
      vertex -2.10228 6.6398 4
      vertex -2.24811 6.72084 4
    endloop
  endfacet
  facet normal -0.48575 -0.874098 -0
    outer loop
      vertex -2.10228 6.6398 4
      vertex -2.24811 6.72084 0
      vertex -2.10228 6.6398 0
    endloop
  endfacet
  facet normal -0.211113 -0.977462 0
    outer loop
      vertex -2.72308 6.87345 0
      vertex -2.56001 6.83823 4
      vertex -2.72308 6.87345 4
    endloop
  endfacet
  facet normal -0.211113 -0.977462 -0
    outer loop
      vertex -2.56001 6.83823 4
      vertex -2.72308 6.87345 0
      vertex -2.56001 6.83823 0
    endloop
  endfacet
  facet normal 0.081701 -0.996657 0
    outer loop
      vertex -3.22189 6.88161 0
      vertex -3.05562 6.89524 4
      vertex -3.22189 6.88161 4
    endloop
  endfacet
  facet normal 0.081701 -0.996657 0
    outer loop
      vertex -3.05562 6.89524 4
      vertex -3.22189 6.88161 0
      vertex -3.05562 6.89524 0
    endloop
  endfacet
  facet normal -0.977462 0.211113 0
    outer loop
      vertex -1.35793 4.75616 0
      vertex -1.32271 4.91923 4
      vertex -1.32271 4.91923 0
    endloop
  endfacet
  facet normal -0.977462 0.211113 0
    outer loop
      vertex -1.32271 4.91923 4
      vertex -1.35793 4.75616 0
      vertex -1.35793 4.75616 4
    endloop
  endfacet
  facet normal -0.840455 -0.541881 0
    outer loop
      vertex -1.52776 6.04615 0
      vertex -1.61816 6.18636 4
      vertex -1.61816 6.18636 0
    endloop
  endfacet
  facet normal -0.840455 -0.541881 0
    outer loop
      vertex -1.61816 6.18636 4
      vertex -1.52776 6.04615 0
      vertex -1.52776 6.04615 4
    endloop
  endfacet
  facet normal -0.98384 -0.179049 0
    outer loop
      vertex -1.31454 5.41805 0
      vertex -1.34441 5.58218 4
      vertex -1.34441 5.58218 0
    endloop
  endfacet
  facet normal -0.98384 -0.179049 0
    outer loop
      vertex -1.34441 5.58218 4
      vertex -1.31454 5.41805 0
      vertex -1.31454 5.41805 4
    endloop
  endfacet
  facet normal -0.541881 0.840455 0
    outer loop
      vertex -2.00979 3.81431 0
      vertex -2.15 3.72391 4
      vertex -2.00979 3.81431 4
    endloop
  endfacet
  facet normal -0.541881 0.840455 0
    outer loop
      vertex -2.15 3.72391 4
      vertex -2.00979 3.81431 0
      vertex -2.15 3.72391 0
    endloop
  endfacet
  facet normal -0.762526 0.646957 0
    outer loop
      vertex -1.75923 4.03405 0
      vertex -1.6513 4.16126 4
      vertex -1.6513 4.16126 0
    endloop
  endfacet
  facet normal -0.762526 0.646957 0
    outer loop
      vertex -1.6513 4.16126 4
      vertex -1.75923 4.03405 0
      vertex -1.75923 4.03405 4
    endloop
  endfacet
  facet normal -0.952068 0.305887 0
    outer loop
      vertex -1.40896 4.59733 0
      vertex -1.35793 4.75616 4
      vertex -1.35793 4.75616 0
    endloop
  endfacet
  facet normal -0.952068 0.305887 0
    outer loop
      vertex -1.35793 4.75616 4
      vertex -1.40896 4.59733 0
      vertex -1.40896 4.59733 4
    endloop
  endfacet
  facet normal -0.646928 -0.762551 0
    outer loop
      vertex -1.96511 6.54485 0
      vertex -1.83789 6.43692 4
      vertex -1.96511 6.54485 4
    endloop
  endfacet
  facet normal -0.646928 -0.762551 -0
    outer loop
      vertex -1.83789 6.43692 4
      vertex -1.96511 6.54485 0
      vertex -1.83789 6.43692 0
    endloop
  endfacet
  facet normal -0.305924 -0.952056 0
    outer loop
      vertex -2.56001 6.83823 0
      vertex -2.40117 6.78719 4
      vertex -2.56001 6.83823 4
    endloop
  endfacet
  facet normal -0.305924 -0.952056 -0
    outer loop
      vertex -2.40117 6.78719 4
      vertex -2.56001 6.83823 0
      vertex -2.40117 6.78719 0
    endloop
  endfacet
  facet normal -0.114253 -0.993452 0
    outer loop
      vertex -2.88881 6.89251 0
      vertex -2.72308 6.87345 4
      vertex -2.88881 6.89251 4
    endloop
  endfacet
  facet normal -0.114253 -0.993452 -0
    outer loop
      vertex -2.72308 6.87345 4
      vertex -2.88881 6.89251 0
      vertex -2.72308 6.87345 0
    endloop
  endfacet
  facet normal -0.889507 -0.456921 0
    outer loop
      vertex -1.45153 5.89775 0
      vertex -1.52776 6.04615 4
      vertex -1.52776 6.04615 0
    endloop
  endfacet
  facet normal -0.889507 -0.456921 0
    outer loop
      vertex -1.52776 6.04615 4
      vertex -1.45153 5.89775 0
      vertex -1.45153 5.89775 4
    endloop
  endfacet
  facet normal -0.961562 -0.274587 0
    outer loop
      vertex -1.34441 5.58218 0
      vertex -1.39022 5.7426 4
      vertex -1.39022 5.7426 0
    endloop
  endfacet
  facet normal -0.961562 -0.274587 0
    outer loop
      vertex -1.39022 5.7426 4
      vertex -1.34441 5.58218 0
      vertex -1.34441 5.58218 4
    endloop
  endfacet
  facet normal -0.999866 0.0163647 0
    outer loop
      vertex -1.30364 5.08497 0
      vertex -1.30091 5.25177 4
      vertex -1.30091 5.25177 0
    endloop
  endfacet
  facet normal -0.999866 0.0163647 0
    outer loop
      vertex -1.30091 5.25177 4
      vertex -1.30364 5.08497 0
      vertex -1.30364 5.08497 4
    endloop
  endfacet
  facet normal -0.621642 0.783301 0
    outer loop
      vertex -1.87911 3.91802 0
      vertex -2.00979 3.81431 4
      vertex -1.87911 3.91802 4
    endloop
  endfacet
  facet normal -0.621642 0.783301 0
    outer loop
      vertex -2.00979 3.81431 4
      vertex -1.87911 3.91802 0
      vertex -2.00979 3.81431 0
    endloop
  endfacet
  facet normal -0.874084 0.485775 0
    outer loop
      vertex -1.55636 4.29844 0
      vertex -1.47532 4.44426 4
      vertex -1.47532 4.44426 0
    endloop
  endfacet
  facet normal -0.874084 0.485775 0
    outer loop
      vertex -1.47532 4.44426 4
      vertex -1.55636 4.29844 0
      vertex -1.55636 4.29844 4
    endloop
  endfacet
  facet normal -0.822278 0.569085 0
    outer loop
      vertex -1.6513 4.16126 0
      vertex -1.55636 4.29844 4
      vertex -1.55636 4.29844 0
    endloop
  endfacet
  facet normal -0.822278 0.569085 0
    outer loop
      vertex -1.55636 4.29844 4
      vertex -1.6513 4.16126 0
      vertex -1.6513 4.16126 4
    endloop
  endfacet
  facet normal -0.718581 -0.695443 0
    outer loop
      vertex -1.72187 6.31704 0
      vertex -1.83789 6.43692 4
      vertex -1.83789 6.43692 0
    endloop
  endfacet
  facet normal -0.718581 -0.695443 0
    outer loop
      vertex -1.83789 6.43692 4
      vertex -1.72187 6.31704 0
      vertex -1.72187 6.31704 4
    endloop
  endfacet
  facet normal -0.397729 -0.917503 0
    outer loop
      vertex -2.40117 6.78719 0
      vertex -2.24811 6.72084 4
      vertex -2.40117 6.78719 4
    endloop
  endfacet
  facet normal -0.397729 -0.917503 -0
    outer loop
      vertex -2.24811 6.72084 4
      vertex -2.40117 6.78719 0
      vertex -2.24811 6.72084 0
    endloop
  endfacet
  facet normal -0.930019 -0.367512 0
    outer loop
      vertex -1.39022 5.7426 0
      vertex -1.45153 5.89775 4
      vertex -1.45153 5.89775 0
    endloop
  endfacet
  facet normal -0.930019 -0.367512 0
    outer loop
      vertex -1.45153 5.89775 4
      vertex -1.39022 5.7426 0
      vertex -1.39022 5.7426 4
    endloop
  endfacet
  facet normal -0.993446 0.114306 0
    outer loop
      vertex -1.32271 4.91923 0
      vertex -1.30364 5.08497 4
      vertex -1.30364 5.08497 0
    endloop
  endfacet
  facet normal -0.993446 0.114306 0
    outer loop
      vertex -1.30364 5.08497 4
      vertex -1.32271 4.91923 0
      vertex -1.32271 4.91923 4
    endloop
  endfacet
  facet normal -0.996657 -0.0816962 0
    outer loop
      vertex -1.30091 5.25177 0
      vertex -1.31454 5.41805 4
      vertex -1.31454 5.41805 0
    endloop
  endfacet
  facet normal -0.996657 -0.0816962 0
    outer loop
      vertex -1.31454 5.41805 4
      vertex -1.30091 5.25177 0
      vertex -1.30091 5.25177 4
    endloop
  endfacet
  facet normal 0.595695 0.803211 -0
    outer loop
      vertex -6.94447 -1.4135 0
      vertex -7.07847 -1.31412 4
      vertex -6.94447 -1.4135 4
    endloop
  endfacet
  facet normal 0.595695 0.803211 0
    outer loop
      vertex -7.07847 -1.31412 4
      vertex -6.94447 -1.4135 0
      vertex -7.07847 -1.31412 0
    endloop
  endfacet
  facet normal 0.970041 -0.242943 0
    outer loop
      vertex -7.66733 0.331653 4
      vertex -7.6268 0.493484 0
      vertex -7.6268 0.493484 4
    endloop
  endfacet
  facet normal 0.970041 -0.242943 0
    outer loop
      vertex -7.6268 0.493484 0
      vertex -7.66733 0.331653 4
      vertex -7.66733 0.331653 0
    endloop
  endfacet
  facet normal -0.903988 -0.427559 0
    outer loop
      vertex -4.4294 0.650561 0
      vertex -4.50073 0.801374 4
      vertex -4.50073 0.801374 0
    endloop
  endfacet
  facet normal -0.903988 -0.427559 0
    outer loop
      vertex -4.50073 0.801374 4
      vertex -4.4294 0.650561 0
      vertex -4.4294 0.650561 4
    endloop
  endfacet
  facet normal 0.941531 0.336927 0
    outer loop
      vertex -7.57059 -0.650561 4
      vertex -7.6268 -0.493484 0
      vertex -7.6268 -0.493484 4
    endloop
  endfacet
  facet normal 0.941531 0.336927 0
    outer loop
      vertex -7.6268 -0.493484 0
      vertex -7.57059 -0.650561 4
      vertex -7.57059 -0.650561 0
    endloop
  endfacet
  facet normal 0.740932 0.67158 0
    outer loop
      vertex -7.20208 -1.20208 4
      vertex -7.31412 -1.07847 0
      vertex -7.31412 -1.07847 4
    endloop
  endfacet
  facet normal 0.740932 0.67158 0
    outer loop
      vertex -7.31412 -1.07847 0
      vertex -7.20208 -1.20208 4
      vertex -7.20208 -1.20208 0
    endloop
  endfacet
  facet normal 0.0490916 0.998794 -0
    outer loop
      vertex -6 -1.7 0
      vertex -6.16663 -1.69181 4
      vertex -6 -1.7 4
    endloop
  endfacet
  facet normal 0.0490916 0.998794 0
    outer loop
      vertex -6.16663 -1.69181 4
      vertex -6 -1.7 0
      vertex -6.16663 -1.69181 0
    endloop
  endfacet
  facet normal -0.998794 0.0490918 0
    outer loop
      vertex -4.30819 -0.166629 0
      vertex -4.3 0 4
      vertex -4.3 0 0
    endloop
  endfacet
  facet normal -0.998794 0.0490918 0
    outer loop
      vertex -4.3 0 4
      vertex -4.30819 -0.166629 0
      vertex -4.30819 -0.166629 4
    endloop
  endfacet
  facet normal -0.903988 0.427559 0
    outer loop
      vertex -4.50073 -0.801374 0
      vertex -4.4294 -0.650561 4
      vertex -4.4294 -0.650561 0
    endloop
  endfacet
  facet normal -0.903988 0.427559 0
    outer loop
      vertex -4.4294 -0.650561 4
      vertex -4.50073 -0.801374 0
      vertex -4.50073 -0.801374 4
    endloop
  endfacet
  facet normal -0.336921 0.941533 0
    outer loop
      vertex -5.34944 -1.57059 0
      vertex -5.50652 -1.6268 4
      vertex -5.34944 -1.57059 4
    endloop
  endfacet
  facet normal -0.336921 0.941533 0
    outer loop
      vertex -5.50652 -1.6268 4
      vertex -5.34944 -1.57059 0
      vertex -5.50652 -1.6268 0
    endloop
  endfacet
  facet normal -0.595695 0.803211 0
    outer loop
      vertex -4.92153 -1.31412 0
      vertex -5.05553 -1.4135 4
      vertex -4.92153 -1.31412 4
    endloop
  endfacet
  facet normal -0.595695 0.803211 0
    outer loop
      vertex -5.05553 -1.4135 4
      vertex -4.92153 -1.31412 0
      vertex -5.05553 -1.4135 0
    endloop
  endfacet
  facet normal 0.14674 -0.989175 0
    outer loop
      vertex -6.33165 1.66733 0
      vertex -6.16663 1.69181 4
      vertex -6.33165 1.66733 4
    endloop
  endfacet
  facet normal 0.14674 -0.989175 0
    outer loop
      vertex -6.16663 1.69181 4
      vertex -6.33165 1.66733 0
      vertex -6.16663 1.69181 0
    endloop
  endfacet
  facet normal 0.242945 -0.97004 0
    outer loop
      vertex -6.49348 1.6268 0
      vertex -6.33165 1.66733 4
      vertex -6.49348 1.6268 4
    endloop
  endfacet
  facet normal 0.242945 -0.97004 0
    outer loop
      vertex -6.33165 1.66733 4
      vertex -6.49348 1.6268 0
      vertex -6.33165 1.66733 0
    endloop
  endfacet
  facet normal -0.595695 -0.803211 0
    outer loop
      vertex -5.05553 1.4135 0
      vertex -4.92153 1.31412 4
      vertex -5.05553 1.4135 4
    endloop
  endfacet
  facet normal -0.595695 -0.803211 -0
    outer loop
      vertex -4.92153 1.31412 4
      vertex -5.05553 1.4135 0
      vertex -4.92153 1.31412 0
    endloop
  endfacet
  facet normal -0.989184 -0.146678 0
    outer loop
      vertex -4.30819 0.166629 0
      vertex -4.33266 0.331653 4
      vertex -4.33266 0.331653 0
    endloop
  endfacet
  facet normal -0.989184 -0.146678 0
    outer loop
      vertex -4.33266 0.331653 4
      vertex -4.30819 0.166629 0
      vertex -4.30819 0.166629 4
    endloop
  endfacet
  facet normal 0.989176 0.146736 0
    outer loop
      vertex -7.66733 -0.331653 4
      vertex -7.69181 -0.166629 0
      vertex -7.69181 -0.166629 4
    endloop
  endfacet
  facet normal 0.989176 0.146736 0
    outer loop
      vertex -7.69181 -0.166629 0
      vertex -7.66733 -0.331653 4
      vertex -7.66733 -0.331653 0
    endloop
  endfacet
  facet normal 0.970041 0.242943 0
    outer loop
      vertex -7.6268 -0.493484 4
      vertex -7.66733 -0.331653 0
      vertex -7.66733 -0.331653 4
    endloop
  endfacet
  facet normal 0.970041 0.242943 0
    outer loop
      vertex -7.66733 -0.331653 0
      vertex -7.6268 -0.493484 4
      vertex -7.6268 -0.493484 0
    endloop
  endfacet
  facet normal 0.857721 0.514115 0
    outer loop
      vertex -7.4135 -0.944468 4
      vertex -7.49927 -0.801374 0
      vertex -7.49927 -0.801374 4
    endloop
  endfacet
  facet normal 0.857721 0.514115 0
    outer loop
      vertex -7.49927 -0.801374 0
      vertex -7.4135 -0.944468 4
      vertex -7.4135 -0.944468 0
    endloop
  endfacet
  facet normal 0.427517 0.904007 -0
    outer loop
      vertex -6.65056 -1.57059 0
      vertex -6.80137 -1.49927 4
      vertex -6.65056 -1.57059 4
    endloop
  endfacet
  facet normal 0.427517 0.904007 0
    outer loop
      vertex -6.80137 -1.49927 4
      vertex -6.65056 -1.57059 0
      vertex -6.80137 -1.49927 0
    endloop
  endfacet
  facet normal 0.242945 0.97004 -0
    outer loop
      vertex -6.33165 -1.66733 0
      vertex -6.49348 -1.6268 4
      vertex -6.33165 -1.66733 4
    endloop
  endfacet
  facet normal 0.242945 0.97004 0
    outer loop
      vertex -6.49348 -1.6268 4
      vertex -6.33165 -1.66733 0
      vertex -6.49348 -1.6268 0
    endloop
  endfacet
  facet normal 0.514099 0.857731 -0
    outer loop
      vertex -6.80137 -1.49927 0
      vertex -6.94447 -1.4135 4
      vertex -6.80137 -1.49927 4
    endloop
  endfacet
  facet normal 0.514099 0.857731 0
    outer loop
      vertex -6.94447 -1.4135 4
      vertex -6.80137 -1.49927 0
      vertex -6.94447 -1.4135 0
    endloop
  endfacet
  facet normal 0.336921 0.941533 -0
    outer loop
      vertex -6.49348 -1.6268 0
      vertex -6.65056 -1.57059 4
      vertex -6.49348 -1.6268 4
    endloop
  endfacet
  facet normal 0.336921 0.941533 0
    outer loop
      vertex -6.65056 -1.57059 4
      vertex -6.49348 -1.6268 0
      vertex -6.65056 -1.57059 0
    endloop
  endfacet
  facet normal 0.14674 0.989175 -0
    outer loop
      vertex -6.16663 -1.69181 0
      vertex -6.33165 -1.66733 4
      vertex -6.16663 -1.69181 4
    endloop
  endfacet
  facet normal 0.14674 0.989175 0
    outer loop
      vertex -6.33165 -1.66733 4
      vertex -6.16663 -1.69181 0
      vertex -6.33165 -1.66733 0
    endloop
  endfacet
  facet normal -0.970026 0.243 0
    outer loop
      vertex -4.3732 -0.493484 0
      vertex -4.33266 -0.331653 4
      vertex -4.33266 -0.331653 0
    endloop
  endfacet
  facet normal -0.970026 0.243 0
    outer loop
      vertex -4.33266 -0.331653 4
      vertex -4.3732 -0.493484 0
      vertex -4.3732 -0.493484 4
    endloop
  endfacet
  facet normal -0.94155 0.336874 0
    outer loop
      vertex -4.4294 -0.650561 0
      vertex -4.3732 -0.493484 4
      vertex -4.3732 -0.493484 0
    endloop
  endfacet
  facet normal -0.94155 0.336874 0
    outer loop
      vertex -4.3732 -0.493484 4
      vertex -4.4294 -0.650561 0
      vertex -4.4294 -0.650561 4
    endloop
  endfacet
  facet normal -0.989184 0.146678 0
    outer loop
      vertex -4.33266 -0.331653 0
      vertex -4.30819 -0.166629 4
      vertex -4.30819 -0.166629 0
    endloop
  endfacet
  facet normal -0.989184 0.146678 0
    outer loop
      vertex -4.30819 -0.166629 4
      vertex -4.33266 -0.331653 0
      vertex -4.33266 -0.331653 4
    endloop
  endfacet
  facet normal -0.740932 0.67158 0
    outer loop
      vertex -4.79792 -1.20208 0
      vertex -4.68588 -1.07847 4
      vertex -4.68588 -1.07847 0
    endloop
  endfacet
  facet normal -0.740932 0.67158 0
    outer loop
      vertex -4.68588 -1.07847 4
      vertex -4.79792 -1.20208 0
      vertex -4.79792 -1.20208 4
    endloop
  endfacet
  facet normal -0.857721 0.514115 0
    outer loop
      vertex -4.5865 -0.944468 0
      vertex -4.50073 -0.801374 4
      vertex -4.50073 -0.801374 0
    endloop
  endfacet
  facet normal -0.857721 0.514115 0
    outer loop
      vertex -4.50073 -0.801374 4
      vertex -4.5865 -0.944468 0
      vertex -4.5865 -0.944468 4
    endloop
  endfacet
  facet normal -0.803215 0.595689 0
    outer loop
      vertex -4.68588 -1.07847 0
      vertex -4.5865 -0.944468 4
      vertex -4.5865 -0.944468 0
    endloop
  endfacet
  facet normal -0.803215 0.595689 0
    outer loop
      vertex -4.5865 -0.944468 4
      vertex -4.68588 -1.07847 0
      vertex -4.68588 -1.07847 4
    endloop
  endfacet
  facet normal -0.0490916 0.998794 0
    outer loop
      vertex -5.83337 -1.69181 0
      vertex -6 -1.7 4
      vertex -5.83337 -1.69181 4
    endloop
  endfacet
  facet normal -0.0490916 0.998794 0
    outer loop
      vertex -6 -1.7 4
      vertex -5.83337 -1.69181 0
      vertex -6 -1.7 0
    endloop
  endfacet
  facet normal -0.242945 0.97004 0
    outer loop
      vertex -5.50652 -1.6268 0
      vertex -5.66835 -1.66733 4
      vertex -5.50652 -1.6268 4
    endloop
  endfacet
  facet normal -0.242945 0.97004 0
    outer loop
      vertex -5.66835 -1.66733 4
      vertex -5.50652 -1.6268 0
      vertex -5.66835 -1.66733 0
    endloop
  endfacet
  facet normal -0.427494 0.904018 0
    outer loop
      vertex -5.19862 -1.49927 0
      vertex -5.34944 -1.57059 4
      vertex -5.19862 -1.49927 4
    endloop
  endfacet
  facet normal -0.427494 0.904018 0
    outer loop
      vertex -5.34944 -1.57059 4
      vertex -5.19862 -1.49927 0
      vertex -5.34944 -1.57059 0
    endloop
  endfacet
  facet normal 0.998794 0.0490918 0
    outer loop
      vertex -7.69181 -0.166629 4
      vertex -7.7 0 0
      vertex -7.7 0 4
    endloop
  endfacet
  facet normal 0.998794 0.0490918 0
    outer loop
      vertex -7.7 0 0
      vertex -7.69181 -0.166629 4
      vertex -7.69181 -0.166629 0
    endloop
  endfacet
  facet normal 0.998794 -0.0490918 0
    outer loop
      vertex -7.7 0 4
      vertex -7.69181 0.166629 0
      vertex -7.69181 0.166629 4
    endloop
  endfacet
  facet normal 0.998794 -0.0490918 0
    outer loop
      vertex -7.69181 0.166629 0
      vertex -7.7 0 4
      vertex -7.7 0 0
    endloop
  endfacet
  facet normal 0.427517 -0.904007 0
    outer loop
      vertex -6.80137 1.49927 0
      vertex -6.65056 1.57059 4
      vertex -6.80137 1.49927 4
    endloop
  endfacet
  facet normal 0.427517 -0.904007 0
    outer loop
      vertex -6.65056 1.57059 4
      vertex -6.80137 1.49927 0
      vertex -6.65056 1.57059 0
    endloop
  endfacet
  facet normal 0.740932 -0.67158 0
    outer loop
      vertex -7.31412 1.07847 4
      vertex -7.20208 1.20208 0
      vertex -7.20208 1.20208 4
    endloop
  endfacet
  facet normal 0.740932 -0.67158 0
    outer loop
      vertex -7.20208 1.20208 0
      vertex -7.31412 1.07847 4
      vertex -7.31412 1.07847 0
    endloop
  endfacet
  facet normal 0.514099 -0.857731 0
    outer loop
      vertex -6.94447 1.4135 0
      vertex -6.80137 1.49927 4
      vertex -6.94447 1.4135 4
    endloop
  endfacet
  facet normal 0.514099 -0.857731 0
    outer loop
      vertex -6.80137 1.49927 4
      vertex -6.94447 1.4135 0
      vertex -6.80137 1.49927 0
    endloop
  endfacet
  facet normal 0.67158 -0.740932 0
    outer loop
      vertex -7.20208 1.20208 0
      vertex -7.07847 1.31412 4
      vertex -7.20208 1.20208 4
    endloop
  endfacet
  facet normal 0.67158 -0.740932 0
    outer loop
      vertex -7.07847 1.31412 4
      vertex -7.20208 1.20208 0
      vertex -7.07847 1.31412 0
    endloop
  endfacet
  facet normal 0.595695 -0.803211 0
    outer loop
      vertex -7.07847 1.31412 0
      vertex -6.94447 1.4135 4
      vertex -7.07847 1.31412 4
    endloop
  endfacet
  facet normal 0.595695 -0.803211 0
    outer loop
      vertex -6.94447 1.4135 4
      vertex -7.07847 1.31412 0
      vertex -6.94447 1.4135 0
    endloop
  endfacet
  facet normal -0.0490916 -0.998794 0
    outer loop
      vertex -6 1.7 0
      vertex -5.83337 1.69181 4
      vertex -6 1.7 4
    endloop
  endfacet
  facet normal -0.0490916 -0.998794 -0
    outer loop
      vertex -5.83337 1.69181 4
      vertex -6 1.7 0
      vertex -5.83337 1.69181 0
    endloop
  endfacet
  facet normal -0.242945 -0.97004 0
    outer loop
      vertex -5.66835 1.66733 0
      vertex -5.50652 1.6268 4
      vertex -5.66835 1.66733 4
    endloop
  endfacet
  facet normal -0.242945 -0.97004 -0
    outer loop
      vertex -5.50652 1.6268 4
      vertex -5.66835 1.66733 0
      vertex -5.50652 1.6268 0
    endloop
  endfacet
  facet normal -0.427494 -0.904018 0
    outer loop
      vertex -5.34944 1.57059 0
      vertex -5.19862 1.49927 4
      vertex -5.34944 1.57059 4
    endloop
  endfacet
  facet normal -0.427494 -0.904018 -0
    outer loop
      vertex -5.19862 1.49927 4
      vertex -5.34944 1.57059 0
      vertex -5.19862 1.49927 0
    endloop
  endfacet
  facet normal -0.67158 -0.740932 0
    outer loop
      vertex -4.92153 1.31412 0
      vertex -4.79792 1.20208 4
      vertex -4.92153 1.31412 4
    endloop
  endfacet
  facet normal -0.67158 -0.740932 -0
    outer loop
      vertex -4.79792 1.20208 4
      vertex -4.92153 1.31412 0
      vertex -4.79792 1.20208 0
    endloop
  endfacet
  facet normal -0.970026 -0.243 0
    outer loop
      vertex -4.33266 0.331653 0
      vertex -4.3732 0.493484 4
      vertex -4.3732 0.493484 0
    endloop
  endfacet
  facet normal -0.970026 -0.243 0
    outer loop
      vertex -4.3732 0.493484 4
      vertex -4.33266 0.331653 0
      vertex -4.33266 0.331653 4
    endloop
  endfacet
  facet normal -0.998794 -0.0490918 0
    outer loop
      vertex -4.3 0 0
      vertex -4.30819 0.166629 4
      vertex -4.30819 0.166629 0
    endloop
  endfacet
  facet normal -0.998794 -0.0490918 0
    outer loop
      vertex -4.30819 0.166629 4
      vertex -4.3 0 0
      vertex -4.3 0 4
    endloop
  endfacet
  facet normal -0.94155 -0.336874 0
    outer loop
      vertex -4.3732 0.493484 0
      vertex -4.4294 0.650561 4
      vertex -4.4294 0.650561 0
    endloop
  endfacet
  facet normal -0.94155 -0.336874 0
    outer loop
      vertex -4.4294 0.650561 4
      vertex -4.3732 0.493484 0
      vertex -4.3732 0.493484 4
    endloop
  endfacet
  facet normal -0.857721 -0.514115 0
    outer loop
      vertex -4.50073 0.801374 0
      vertex -4.5865 0.944468 4
      vertex -4.5865 0.944468 0
    endloop
  endfacet
  facet normal -0.857721 -0.514115 0
    outer loop
      vertex -4.5865 0.944468 4
      vertex -4.50073 0.801374 0
      vertex -4.50073 0.801374 4
    endloop
  endfacet
  facet normal -0.740932 -0.67158 0
    outer loop
      vertex -4.68588 1.07847 0
      vertex -4.79792 1.20208 4
      vertex -4.79792 1.20208 0
    endloop
  endfacet
  facet normal -0.740932 -0.67158 0
    outer loop
      vertex -4.79792 1.20208 4
      vertex -4.68588 1.07847 0
      vertex -4.68588 1.07847 4
    endloop
  endfacet
  facet normal -0.803215 -0.595689 0
    outer loop
      vertex -4.5865 0.944468 0
      vertex -4.68588 1.07847 4
      vertex -4.68588 1.07847 0
    endloop
  endfacet
  facet normal -0.803215 -0.595689 0
    outer loop
      vertex -4.68588 1.07847 4
      vertex -4.5865 0.944468 0
      vertex -4.5865 0.944468 4
    endloop
  endfacet
  facet normal 0.904011 0.42751 0
    outer loop
      vertex -7.49927 -0.801374 4
      vertex -7.57059 -0.650561 0
      vertex -7.57059 -0.650561 4
    endloop
  endfacet
  facet normal 0.904011 0.42751 0
    outer loop
      vertex -7.57059 -0.650561 0
      vertex -7.49927 -0.801374 4
      vertex -7.49927 -0.801374 0
    endloop
  endfacet
  facet normal 0.803215 0.595689 0
    outer loop
      vertex -7.31412 -1.07847 4
      vertex -7.4135 -0.944468 0
      vertex -7.4135 -0.944468 4
    endloop
  endfacet
  facet normal 0.803215 0.595689 0
    outer loop
      vertex -7.4135 -0.944468 0
      vertex -7.31412 -1.07847 4
      vertex -7.31412 -1.07847 0
    endloop
  endfacet
  facet normal 0.67158 0.740932 -0
    outer loop
      vertex -7.07847 -1.31412 0
      vertex -7.20208 -1.20208 4
      vertex -7.07847 -1.31412 4
    endloop
  endfacet
  facet normal 0.67158 0.740932 0
    outer loop
      vertex -7.20208 -1.20208 4
      vertex -7.07847 -1.31412 0
      vertex -7.20208 -1.20208 0
    endloop
  endfacet
  facet normal -0.14674 0.989175 0
    outer loop
      vertex -5.66835 -1.66733 0
      vertex -5.83337 -1.69181 4
      vertex -5.66835 -1.66733 4
    endloop
  endfacet
  facet normal -0.14674 0.989175 0
    outer loop
      vertex -5.83337 -1.69181 4
      vertex -5.66835 -1.66733 0
      vertex -5.83337 -1.69181 0
    endloop
  endfacet
  facet normal -0.514125 0.857715 0
    outer loop
      vertex -5.05553 -1.4135 0
      vertex -5.19862 -1.49927 4
      vertex -5.05553 -1.4135 4
    endloop
  endfacet
  facet normal -0.514125 0.857715 0
    outer loop
      vertex -5.19862 -1.49927 4
      vertex -5.05553 -1.4135 0
      vertex -5.19862 -1.49927 0
    endloop
  endfacet
  facet normal -0.67158 0.740932 0
    outer loop
      vertex -4.79792 -1.20208 0
      vertex -4.92153 -1.31412 4
      vertex -4.79792 -1.20208 4
    endloop
  endfacet
  facet normal -0.67158 0.740932 0
    outer loop
      vertex -4.92153 -1.31412 4
      vertex -4.79792 -1.20208 0
      vertex -4.92153 -1.31412 0
    endloop
  endfacet
  facet normal 0.989176 -0.146736 0
    outer loop
      vertex -7.69181 0.166629 4
      vertex -7.66733 0.331653 0
      vertex -7.66733 0.331653 4
    endloop
  endfacet
  facet normal 0.989176 -0.146736 0
    outer loop
      vertex -7.66733 0.331653 0
      vertex -7.69181 0.166629 4
      vertex -7.69181 0.166629 0
    endloop
  endfacet
  facet normal 0.941531 -0.336927 0
    outer loop
      vertex -7.6268 0.493484 4
      vertex -7.57059 0.650561 0
      vertex -7.57059 0.650561 4
    endloop
  endfacet
  facet normal 0.941531 -0.336927 0
    outer loop
      vertex -7.57059 0.650561 0
      vertex -7.6268 0.493484 4
      vertex -7.6268 0.493484 0
    endloop
  endfacet
  facet normal 0.0490916 -0.998794 0
    outer loop
      vertex -6.16663 1.69181 0
      vertex -6 1.7 4
      vertex -6.16663 1.69181 4
    endloop
  endfacet
  facet normal 0.0490916 -0.998794 0
    outer loop
      vertex -6 1.7 4
      vertex -6.16663 1.69181 0
      vertex -6 1.7 0
    endloop
  endfacet
  facet normal 0.336921 -0.941533 0
    outer loop
      vertex -6.65056 1.57059 0
      vertex -6.49348 1.6268 4
      vertex -6.65056 1.57059 4
    endloop
  endfacet
  facet normal 0.336921 -0.941533 0
    outer loop
      vertex -6.49348 1.6268 4
      vertex -6.65056 1.57059 0
      vertex -6.49348 1.6268 0
    endloop
  endfacet
  facet normal -0.14674 -0.989175 0
    outer loop
      vertex -5.83337 1.69181 0
      vertex -5.66835 1.66733 4
      vertex -5.83337 1.69181 4
    endloop
  endfacet
  facet normal -0.14674 -0.989175 -0
    outer loop
      vertex -5.66835 1.66733 4
      vertex -5.83337 1.69181 0
      vertex -5.66835 1.66733 0
    endloop
  endfacet
  facet normal -0.336921 -0.941533 0
    outer loop
      vertex -5.50652 1.6268 0
      vertex -5.34944 1.57059 4
      vertex -5.50652 1.6268 4
    endloop
  endfacet
  facet normal -0.336921 -0.941533 -0
    outer loop
      vertex -5.34944 1.57059 4
      vertex -5.50652 1.6268 0
      vertex -5.34944 1.57059 0
    endloop
  endfacet
  facet normal -0.514125 -0.857715 0
    outer loop
      vertex -5.19862 1.49927 0
      vertex -5.05553 1.4135 4
      vertex -5.19862 1.49927 4
    endloop
  endfacet
  facet normal -0.514125 -0.857715 -0
    outer loop
      vertex -5.05553 1.4135 4
      vertex -5.19862 1.49927 0
      vertex -5.05553 1.4135 0
    endloop
  endfacet
  facet normal 0.904011 -0.42751 0
    outer loop
      vertex -7.57059 0.650561 4
      vertex -7.49927 0.801374 0
      vertex -7.49927 0.801374 4
    endloop
  endfacet
  facet normal 0.904011 -0.42751 0
    outer loop
      vertex -7.49927 0.801374 0
      vertex -7.57059 0.650561 4
      vertex -7.57059 0.650561 0
    endloop
  endfacet
  facet normal 0.857721 -0.514115 0
    outer loop
      vertex -7.49927 0.801374 4
      vertex -7.4135 0.944468 0
      vertex -7.4135 0.944468 4
    endloop
  endfacet
  facet normal 0.857721 -0.514115 0
    outer loop
      vertex -7.4135 0.944468 0
      vertex -7.49927 0.801374 4
      vertex -7.49927 0.801374 0
    endloop
  endfacet
  facet normal 0.803215 -0.595689 0
    outer loop
      vertex -7.4135 0.944468 4
      vertex -7.31412 1.07847 0
      vertex -7.31412 1.07847 4
    endloop
  endfacet
  facet normal 0.803215 -0.595689 0
    outer loop
      vertex -7.31412 1.07847 0
      vertex -7.4135 0.944468 4
      vertex -7.4135 0.944468 0
    endloop
  endfacet
  facet normal -0.0163637 0.999866 0
    outer loop
      vertex -2.88881 -6.89251 0
      vertex -3.05562 -6.89524 4
      vertex -2.88881 -6.89251 4
    endloop
  endfacet
  facet normal -0.0163637 0.999866 0
    outer loop
      vertex -3.05562 -6.89524 4
      vertex -2.88881 -6.89251 0
      vertex -3.05562 -6.89524 0
    endloop
  endfacet
  facet normal -0.569154 0.822231 0
    outer loop
      vertex -1.96511 -6.54485 0
      vertex -2.10228 -6.6398 4
      vertex -1.96511 -6.54485 4
    endloop
  endfacet
  facet normal -0.569154 0.822231 0
    outer loop
      vertex -2.10228 -6.6398 4
      vertex -1.96511 -6.54485 0
      vertex -2.10228 -6.6398 0
    endloop
  endfacet
  facet normal -0.822278 -0.569085 0
    outer loop
      vertex -1.55636 -4.29844 0
      vertex -1.6513 -4.16126 4
      vertex -1.6513 -4.16126 0
    endloop
  endfacet
  facet normal -0.822278 -0.569085 0
    outer loop
      vertex -1.6513 -4.16126 4
      vertex -1.55636 -4.29844 0
      vertex -1.55636 -4.29844 4
    endloop
  endfacet
  facet normal 0.541923 0.840428 -0
    outer loop
      vertex -3.85 -6.6684 0
      vertex -3.99021 -6.57799 4
      vertex -3.85 -6.6684 4
    endloop
  endfacet
  facet normal 0.541923 0.840428 0
    outer loop
      vertex -3.99021 -6.57799 4
      vertex -3.85 -6.6684 0
      vertex -3.99021 -6.57799 0
    endloop
  endfacet
  facet normal -0.783301 0.621642 0
    outer loop
      vertex -1.72187 -6.31704 0
      vertex -1.61816 -6.18636 4
      vertex -1.61816 -6.18636 0
    endloop
  endfacet
  facet normal -0.783301 0.621642 0
    outer loop
      vertex -1.61816 -6.18636 4
      vertex -1.72187 -6.31704 0
      vertex -1.72187 -6.31704 4
    endloop
  endfacet
  facet normal -0.621642 -0.783301 0
    outer loop
      vertex -2.00979 -3.81431 0
      vertex -1.87911 -3.91802 4
      vertex -2.00979 -3.81431 4
    endloop
  endfacet
  facet normal -0.621642 -0.783301 -0
    outer loop
      vertex -1.87911 -3.91802 4
      vertex -2.00979 -3.81431 0
      vertex -1.87911 -3.91802 0
    endloop
  endfacet
  facet normal -0.952068 -0.305887 0
    outer loop
      vertex -1.35793 -4.75616 0
      vertex -1.40896 -4.59733 4
      vertex -1.40896 -4.59733 0
    endloop
  endfacet
  facet normal -0.952068 -0.305887 0
    outer loop
      vertex -1.40896 -4.59733 4
      vertex -1.35793 -4.75616 0
      vertex -1.35793 -4.75616 4
    endloop
  endfacet
  facet normal 0.305887 -0.952068 0
    outer loop
      vertex -3.59882 -3.60511 0
      vertex -3.43999 -3.55408 4
      vertex -3.59882 -3.60511 4
    endloop
  endfacet
  facet normal 0.305887 -0.952068 0
    outer loop
      vertex -3.43999 -3.55408 4
      vertex -3.59882 -3.60511 0
      vertex -3.43999 -3.55408 0
    endloop
  endfacet
  facet normal 0.961562 -0.274587 0
    outer loop
      vertex -4.65559 -4.81012 4
      vertex -4.60978 -4.6497 0
      vertex -4.60978 -4.6497 4
    endloop
  endfacet
  facet normal 0.961562 -0.274587 0
    outer loop
      vertex -4.60978 -4.6497 0
      vertex -4.65559 -4.81012 4
      vertex -4.65559 -4.81012 0
    endloop
  endfacet
  facet normal 0.367512 0.930019 -0
    outer loop
      vertex -3.54645 -6.80593 0
      vertex -3.7016 -6.74462 4
      vertex -3.54645 -6.80593 4
    endloop
  endfacet
  facet normal 0.367512 0.930019 0
    outer loop
      vertex -3.7016 -6.74462 4
      vertex -3.54645 -6.80593 0
      vertex -3.7016 -6.74462 0
    endloop
  endfacet
  facet normal 0.179038 0.983842 -0
    outer loop
      vertex -3.22189 -6.88161 0
      vertex -3.38603 -6.85174 4
      vertex -3.22189 -6.88161 4
    endloop
  endfacet
  facet normal 0.179038 0.983842 0
    outer loop
      vertex -3.38603 -6.85174 4
      vertex -3.22189 -6.88161 0
      vertex -3.38603 -6.85174 0
    endloop
  endfacet
  facet normal -0.114253 0.993452 0
    outer loop
      vertex -2.72308 -6.87345 0
      vertex -2.88881 -6.89251 4
      vertex -2.72308 -6.87345 4
    endloop
  endfacet
  facet normal -0.114253 0.993452 0
    outer loop
      vertex -2.88881 -6.89251 4
      vertex -2.72308 -6.87345 0
      vertex -2.88881 -6.89251 0
    endloop
  endfacet
  facet normal -0.211113 0.977462 0
    outer loop
      vertex -2.56001 -6.83823 0
      vertex -2.72308 -6.87345 4
      vertex -2.56001 -6.83823 4
    endloop
  endfacet
  facet normal -0.211113 0.977462 0
    outer loop
      vertex -2.72308 -6.87345 4
      vertex -2.56001 -6.83823 0
      vertex -2.72308 -6.87345 0
    endloop
  endfacet
  facet normal -0.840455 0.541881 0
    outer loop
      vertex -1.61816 -6.18636 0
      vertex -1.52776 -6.04615 4
      vertex -1.52776 -6.04615 0
    endloop
  endfacet
  facet normal -0.840455 0.541881 0
    outer loop
      vertex -1.52776 -6.04615 4
      vertex -1.61816 -6.18636 0
      vertex -1.61816 -6.18636 4
    endloop
  endfacet
  facet normal -0.646928 0.762551 0
    outer loop
      vertex -1.83789 -6.43692 0
      vertex -1.96511 -6.54485 4
      vertex -1.83789 -6.43692 4
    endloop
  endfacet
  facet normal -0.646928 0.762551 0
    outer loop
      vertex -1.96511 -6.54485 4
      vertex -1.83789 -6.43692 0
      vertex -1.96511 -6.54485 0
    endloop
  endfacet
  facet normal -0.48575 0.874098 0
    outer loop
      vertex -2.10228 -6.6398 0
      vertex -2.24811 -6.72084 4
      vertex -2.10228 -6.6398 4
    endloop
  endfacet
  facet normal -0.48575 0.874098 0
    outer loop
      vertex -2.24811 -6.72084 4
      vertex -2.10228 -6.6398 0
      vertex -2.24811 -6.72084 0
    endloop
  endfacet
  facet normal -0.305924 0.952056 0
    outer loop
      vertex -2.40117 -6.78719 0
      vertex -2.56001 -6.83823 4
      vertex -2.40117 -6.78719 4
    endloop
  endfacet
  facet normal -0.305924 0.952056 0
    outer loop
      vertex -2.56001 -6.83823 4
      vertex -2.40117 -6.78719 0
      vertex -2.56001 -6.83823 0
    endloop
  endfacet
  facet normal -0.541881 -0.840455 0
    outer loop
      vertex -2.15 -3.72391 0
      vertex -2.00979 -3.81431 4
      vertex -2.15 -3.72391 4
    endloop
  endfacet
  facet normal -0.541881 -0.840455 -0
    outer loop
      vertex -2.00979 -3.81431 4
      vertex -2.15 -3.72391 0
      vertex -2.00979 -3.81431 0
    endloop
  endfacet
  facet normal -0.762526 -0.646957 0
    outer loop
      vertex -1.6513 -4.16126 0
      vertex -1.75923 -4.03405 4
      vertex -1.75923 -4.03405 0
    endloop
  endfacet
  facet normal -0.762526 -0.646957 0
    outer loop
      vertex -1.75923 -4.03405 4
      vertex -1.6513 -4.16126 0
      vertex -1.6513 -4.16126 4
    endloop
  endfacet
  facet normal -0.695474 -0.718551 0
    outer loop
      vertex -1.87911 -3.91802 0
      vertex -1.75923 -4.03405 4
      vertex -1.87911 -3.91802 4
    endloop
  endfacet
  facet normal -0.695474 -0.718551 -0
    outer loop
      vertex -1.75923 -4.03405 4
      vertex -1.87911 -3.91802 0
      vertex -1.75923 -4.03405 0
    endloop
  endfacet
  facet normal -0.874084 -0.485775 0
    outer loop
      vertex -1.47532 -4.44426 0
      vertex -1.55636 -4.29844 4
      vertex -1.55636 -4.29844 0
    endloop
  endfacet
  facet normal -0.874084 -0.485775 0
    outer loop
      vertex -1.55636 -4.29844 4
      vertex -1.47532 -4.44426 0
      vertex -1.47532 -4.44426 4
    endloop
  endfacet
  facet normal -0.917491 -0.397757 0
    outer loop
      vertex -1.40896 -4.59733 0
      vertex -1.47532 -4.44426 4
      vertex -1.47532 -4.44426 0
    endloop
  endfacet
  facet normal -0.917491 -0.397757 0
    outer loop
      vertex -1.47532 -4.44426 4
      vertex -1.40896 -4.59733 0
      vertex -1.40896 -4.59733 4
    endloop
  endfacet
  facet normal -0.961562 0.274587 0
    outer loop
      vertex -1.39022 -5.7426 0
      vertex -1.34441 -5.58218 4
      vertex -1.34441 -5.58218 0
    endloop
  endfacet
  facet normal -0.961562 0.274587 0
    outer loop
      vertex -1.34441 -5.58218 4
      vertex -1.39022 -5.7426 0
      vertex -1.39022 -5.7426 4
    endloop
  endfacet
  facet normal -0.889507 0.456921 0
    outer loop
      vertex -1.52776 -6.04615 0
      vertex -1.45153 -5.89775 4
      vertex -1.45153 -5.89775 0
    endloop
  endfacet
  facet normal -0.889507 0.456921 0
    outer loop
      vertex -1.45153 -5.89775 4
      vertex -1.52776 -6.04615 0
      vertex -1.52776 -6.04615 4
    endloop
  endfacet
  facet normal -0.999866 -0.0163647 0
    outer loop
      vertex -1.30091 -5.25177 0
      vertex -1.30364 -5.08497 4
      vertex -1.30364 -5.08497 0
    endloop
  endfacet
  facet normal -0.999866 -0.0163647 0
    outer loop
      vertex -1.30364 -5.08497 4
      vertex -1.30091 -5.25177 0
      vertex -1.30091 -5.25177 4
    endloop
  endfacet
  facet normal -0.993446 -0.114306 0
    outer loop
      vertex -1.30364 -5.08497 0
      vertex -1.32271 -4.91923 4
      vertex -1.32271 -4.91923 0
    endloop
  endfacet
  facet normal -0.993446 -0.114306 0
    outer loop
      vertex -1.32271 -4.91923 4
      vertex -1.30364 -5.08497 0
      vertex -1.30364 -5.08497 4
    endloop
  endfacet
  facet normal -0.996657 0.0816962 0
    outer loop
      vertex -1.31454 -5.41805 0
      vertex -1.30091 -5.25177 4
      vertex -1.30091 -5.25177 0
    endloop
  endfacet
  facet normal -0.996657 0.0816962 0
    outer loop
      vertex -1.30091 -5.25177 4
      vertex -1.31454 -5.41805 0
      vertex -1.31454 -5.41805 4
    endloop
  endfacet
  facet normal -0.977462 -0.211113 0
    outer loop
      vertex -1.32271 -4.91923 0
      vertex -1.35793 -4.75616 4
      vertex -1.35793 -4.75616 0
    endloop
  endfacet
  facet normal -0.977462 -0.211113 0
    outer loop
      vertex -1.35793 -4.75616 4
      vertex -1.32271 -4.91923 0
      vertex -1.32271 -4.91923 4
    endloop
  endfacet
  facet normal 0.456874 0.889531 -0
    outer loop
      vertex -3.7016 -6.74462 0
      vertex -3.85 -6.6684 4
      vertex -3.7016 -6.74462 4
    endloop
  endfacet
  facet normal 0.456874 0.889531 0
    outer loop
      vertex -3.85 -6.6684 4
      vertex -3.7016 -6.74462 0
      vertex -3.85 -6.6684 0
    endloop
  endfacet
  facet normal 0.695443 0.718581 -0
    outer loop
      vertex -4.12089 -6.47428 0
      vertex -4.24077 -6.35826 4
      vertex -4.12089 -6.47428 4
    endloop
  endfacet
  facet normal 0.695443 0.718581 0
    outer loop
      vertex -4.24077 -6.35826 4
      vertex -4.12089 -6.47428 0
      vertex -4.24077 -6.35826 0
    endloop
  endfacet
  facet normal -0.456921 -0.889507 0
    outer loop
      vertex -2.2984 -3.64768 0
      vertex -2.15 -3.72391 4
      vertex -2.2984 -3.64768 4
    endloop
  endfacet
  facet normal -0.456921 -0.889507 -0
    outer loop
      vertex -2.15 -3.72391 4
      vertex -2.2984 -3.64768 0
      vertex -2.15 -3.72391 0
    endloop
  endfacet
  facet normal 0.996657 -0.081701 0
    outer loop
      vertex -4.69909 -5.14053 4
      vertex -4.68546 -4.97426 0
      vertex -4.68546 -4.97426 4
    endloop
  endfacet
  facet normal 0.996657 -0.081701 0
    outer loop
      vertex -4.68546 -4.97426 0
      vertex -4.69909 -5.14053 4
      vertex -4.69909 -5.14053 0
    endloop
  endfacet
  facet normal 0.081701 0.996657 -0
    outer loop
      vertex -3.05562 -6.89524 0
      vertex -3.22189 -6.88161 4
      vertex -3.05562 -6.89524 4
    endloop
  endfacet
  facet normal 0.081701 0.996657 0
    outer loop
      vertex -3.22189 -6.88161 4
      vertex -3.05562 -6.89524 0
      vertex -3.22189 -6.88161 0
    endloop
  endfacet
  facet normal 0.274587 0.961562 -0
    outer loop
      vertex -3.38603 -6.85174 0
      vertex -3.54645 -6.80593 4
      vertex -3.38603 -6.85174 4
    endloop
  endfacet
  facet normal 0.274587 0.961562 0
    outer loop
      vertex -3.54645 -6.80593 4
      vertex -3.38603 -6.85174 0
      vertex -3.54645 -6.80593 0
    endloop
  endfacet
  facet normal -0.718581 0.695443 0
    outer loop
      vertex -1.83789 -6.43692 0
      vertex -1.72187 -6.31704 4
      vertex -1.72187 -6.31704 0
    endloop
  endfacet
  facet normal -0.718581 0.695443 0
    outer loop
      vertex -1.72187 -6.31704 4
      vertex -1.83789 -6.43692 0
      vertex -1.83789 -6.43692 4
    endloop
  endfacet
  facet normal -0.397729 0.917503 0
    outer loop
      vertex -2.24811 -6.72084 0
      vertex -2.40117 -6.78719 4
      vertex -2.24811 -6.72084 4
    endloop
  endfacet
  facet normal -0.397729 0.917503 0
    outer loop
      vertex -2.40117 -6.78719 4
      vertex -2.24811 -6.72084 0
      vertex -2.40117 -6.78719 0
    endloop
  endfacet
  facet normal -0.98384 0.179049 0
    outer loop
      vertex -1.34441 -5.58218 0
      vertex -1.31454 -5.41805 4
      vertex -1.31454 -5.41805 0
    endloop
  endfacet
  facet normal -0.98384 0.179049 0
    outer loop
      vertex -1.31454 -5.41805 4
      vertex -1.34441 -5.58218 0
      vertex -1.34441 -5.58218 4
    endloop
  endfacet
  facet normal -0.930019 0.367512 0
    outer loop
      vertex -1.45153 -5.89775 0
      vertex -1.39022 -5.7426 4
      vertex -1.39022 -5.7426 0
    endloop
  endfacet
  facet normal -0.930019 0.367512 0
    outer loop
      vertex -1.39022 -5.7426 4
      vertex -1.45153 -5.89775 0
      vertex -1.45153 -5.89775 4
    endloop
  endfacet
  facet normal 0.952073 0.305869 0
    outer loop
      vertex -4.59104 -5.79498 4
      vertex -4.64207 -5.63614 0
      vertex -4.64207 -5.63614 4
    endloop
  endfacet
  facet normal 0.952073 0.305869 0
    outer loop
      vertex -4.64207 -5.63614 0
      vertex -4.59104 -5.79498 4
      vertex -4.59104 -5.79498 0
    endloop
  endfacet
  facet normal 0.917481 0.397779 0
    outer loop
      vertex -4.52468 -5.94804 4
      vertex -4.59104 -5.79498 0
      vertex -4.59104 -5.79498 4
    endloop
  endfacet
  facet normal 0.917481 0.397779 0
    outer loop
      vertex -4.59104 -5.79498 0
      vertex -4.52468 -5.94804 4
      vertex -4.52468 -5.94804 0
    endloop
  endfacet
  facet normal 0.822278 0.569085 0
    outer loop
      vertex -4.3487 -6.23105 4
      vertex -4.44364 -6.09387 0
      vertex -4.44364 -6.09387 4
    endloop
  endfacet
  facet normal 0.822278 0.569085 0
    outer loop
      vertex -4.44364 -6.09387 0
      vertex -4.3487 -6.23105 4
      vertex -4.3487 -6.23105 0
    endloop
  endfacet
  facet normal 0.840455 -0.541881 0
    outer loop
      vertex -4.47224 -4.34615 4
      vertex -4.38184 -4.20594 0
      vertex -4.38184 -4.20594 4
    endloop
  endfacet
  facet normal 0.840455 -0.541881 0
    outer loop
      vertex -4.38184 -4.20594 0
      vertex -4.47224 -4.34615 4
      vertex -4.47224 -4.34615 0
    endloop
  endfacet
  facet normal -0.274587 -0.961562 0
    outer loop
      vertex -2.61397 -3.54056 0
      vertex -2.45355 -3.58637 4
      vertex -2.61397 -3.54056 4
    endloop
  endfacet
  facet normal -0.274587 -0.961562 -0
    outer loop
      vertex -2.45355 -3.58637 4
      vertex -2.61397 -3.54056 0
      vertex -2.45355 -3.58637 0
    endloop
  endfacet
  facet normal -0.367512 -0.930019 0
    outer loop
      vertex -2.45355 -3.58637 0
      vertex -2.2984 -3.64768 4
      vertex -2.45355 -3.58637 4
    endloop
  endfacet
  facet normal -0.367512 -0.930019 -0
    outer loop
      vertex -2.2984 -3.64768 4
      vertex -2.45355 -3.58637 0
      vertex -2.2984 -3.64768 0
    endloop
  endfacet
  facet normal -0.0817557 -0.996652 0
    outer loop
      vertex -2.94438 -3.49706 0
      vertex -2.7781 -3.5107 4
      vertex -2.94438 -3.49706 4
    endloop
  endfacet
  facet normal -0.0817557 -0.996652 -0
    outer loop
      vertex -2.7781 -3.5107 4
      vertex -2.94438 -3.49706 0
      vertex -2.7781 -3.5107 0
    endloop
  endfacet
  facet normal 0.211113 -0.977462 0
    outer loop
      vertex -3.43999 -3.55408 0
      vertex -3.27692 -3.51886 4
      vertex -3.43999 -3.55408 4
    endloop
  endfacet
  facet normal 0.211113 -0.977462 0
    outer loop
      vertex -3.27692 -3.51886 4
      vertex -3.43999 -3.55408 0
      vertex -3.27692 -3.51886 0
    endloop
  endfacet
  facet normal 0.930019 -0.367512 0
    outer loop
      vertex -4.60978 -4.6497 4
      vertex -4.54847 -4.49455 0
      vertex -4.54847 -4.49455 4
    endloop
  endfacet
  facet normal 0.930019 -0.367512 0
    outer loop
      vertex -4.54847 -4.49455 0
      vertex -4.60978 -4.6497 4
      vertex -4.60978 -4.6497 0
    endloop
  endfacet
  facet normal 0.983842 -0.179038 0
    outer loop
      vertex -4.68546 -4.97426 4
      vertex -4.65559 -4.81012 0
      vertex -4.65559 -4.81012 4
    endloop
  endfacet
  facet normal 0.983842 -0.179038 0
    outer loop
      vertex -4.65559 -4.81012 0
      vertex -4.68546 -4.97426 4
      vertex -4.68546 -4.97426 0
    endloop
  endfacet
  facet normal 0.621642 0.783301 -0
    outer loop
      vertex -3.99021 -6.57799 0
      vertex -4.12089 -6.47428 4
      vertex -3.99021 -6.57799 4
    endloop
  endfacet
  facet normal 0.621642 0.783301 0
    outer loop
      vertex -4.12089 -6.47428 4
      vertex -3.99021 -6.57799 0
      vertex -4.12089 -6.47428 0
    endloop
  endfacet
  facet normal 0.993445 0.114312 0
    outer loop
      vertex -4.67729 -5.47307 4
      vertex -4.69636 -5.30734 0
      vertex -4.69636 -5.30734 4
    endloop
  endfacet
  facet normal 0.993445 0.114312 0
    outer loop
      vertex -4.69636 -5.30734 0
      vertex -4.67729 -5.47307 4
      vertex -4.67729 -5.47307 0
    endloop
  endfacet
  facet normal 0.999866 0.0163637 0
    outer loop
      vertex -4.69636 -5.30734 4
      vertex -4.69909 -5.14053 0
      vertex -4.69909 -5.14053 4
    endloop
  endfacet
  facet normal 0.999866 0.0163637 0
    outer loop
      vertex -4.69909 -5.14053 0
      vertex -4.69636 -5.30734 4
      vertex -4.69636 -5.30734 0
    endloop
  endfacet
  facet normal 0.762526 0.646957 0
    outer loop
      vertex -4.24077 -6.35826 4
      vertex -4.3487 -6.23105 0
      vertex -4.3487 -6.23105 4
    endloop
  endfacet
  facet normal 0.762526 0.646957 0
    outer loop
      vertex -4.3487 -6.23105 0
      vertex -4.24077 -6.35826 4
      vertex -4.24077 -6.35826 0
    endloop
  endfacet
  facet normal 0.874098 0.48575 0
    outer loop
      vertex -4.44364 -6.09387 4
      vertex -4.52468 -5.94804 0
      vertex -4.52468 -5.94804 4
    endloop
  endfacet
  facet normal 0.874098 0.48575 0
    outer loop
      vertex -4.52468 -5.94804 0
      vertex -4.44364 -6.09387 4
      vertex -4.44364 -6.09387 0
    endloop
  endfacet
  facet normal 0.397757 -0.917491 0
    outer loop
      vertex -3.75189 -3.67147 0
      vertex -3.59882 -3.60511 4
      vertex -3.75189 -3.67147 4
    endloop
  endfacet
  facet normal 0.397757 -0.917491 0
    outer loop
      vertex -3.59882 -3.60511 4
      vertex -3.75189 -3.67147 0
      vertex -3.59882 -3.60511 0
    endloop
  endfacet
  facet normal 0.889507 -0.456921 0
    outer loop
      vertex -4.54847 -4.49455 4
      vertex -4.47224 -4.34615 0
      vertex -4.47224 -4.34615 4
    endloop
  endfacet
  facet normal 0.889507 -0.456921 0
    outer loop
      vertex -4.47224 -4.34615 0
      vertex -4.54847 -4.49455 4
      vertex -4.54847 -4.49455 0
    endloop
  endfacet
  facet normal 0.569085 -0.822278 0
    outer loop
      vertex -4.03489 -3.84745 0
      vertex -3.89771 -3.75251 4
      vertex -4.03489 -3.84745 4
    endloop
  endfacet
  facet normal 0.569085 -0.822278 0
    outer loop
      vertex -3.89771 -3.75251 4
      vertex -4.03489 -3.84745 0
      vertex -3.89771 -3.75251 0
    endloop
  endfacet
  facet normal 0.485775 -0.874084 0
    outer loop
      vertex -3.89771 -3.75251 0
      vertex -3.75189 -3.67147 4
      vertex -3.89771 -3.75251 4
    endloop
  endfacet
  facet normal 0.485775 -0.874084 0
    outer loop
      vertex -3.75189 -3.67147 4
      vertex -3.89771 -3.75251 0
      vertex -3.75189 -3.67147 0
    endloop
  endfacet
  facet normal 0.646928 -0.762551 0
    outer loop
      vertex -4.16211 -3.95538 0
      vertex -4.03489 -3.84745 4
      vertex -4.16211 -3.95538 4
    endloop
  endfacet
  facet normal 0.646928 -0.762551 0
    outer loop
      vertex -4.03489 -3.84745 4
      vertex -4.16211 -3.95538 0
      vertex -4.03489 -3.84745 0
    endloop
  endfacet
  facet normal 0.718581 -0.695443 0
    outer loop
      vertex -4.27813 -4.07526 4
      vertex -4.16211 -3.95538 0
      vertex -4.16211 -3.95538 4
    endloop
  endfacet
  facet normal 0.718581 -0.695443 0
    outer loop
      vertex -4.16211 -3.95538 0
      vertex -4.27813 -4.07526 4
      vertex -4.27813 -4.07526 0
    endloop
  endfacet
  facet normal -0.178991 -0.983851 0
    outer loop
      vertex -2.7781 -3.5107 0
      vertex -2.61397 -3.54056 4
      vertex -2.7781 -3.5107 4
    endloop
  endfacet
  facet normal -0.178991 -0.983851 -0
    outer loop
      vertex -2.61397 -3.54056 4
      vertex -2.7781 -3.5107 0
      vertex -2.61397 -3.54056 0
    endloop
  endfacet
  facet normal 0.0163637 -0.999866 0
    outer loop
      vertex -3.11119 -3.49979 0
      vertex -2.94438 -3.49706 4
      vertex -3.11119 -3.49979 4
    endloop
  endfacet
  facet normal 0.0163637 -0.999866 0
    outer loop
      vertex -2.94438 -3.49706 4
      vertex -3.11119 -3.49979 0
      vertex -2.94438 -3.49706 0
    endloop
  endfacet
  facet normal 0.114312 -0.993445 0
    outer loop
      vertex -3.27692 -3.51886 0
      vertex -3.11119 -3.49979 4
      vertex -3.27692 -3.51886 4
    endloop
  endfacet
  facet normal 0.114312 -0.993445 0
    outer loop
      vertex -3.11119 -3.49979 4
      vertex -3.27692 -3.51886 0
      vertex -3.11119 -3.49979 0
    endloop
  endfacet
  facet normal 0.977462 0.211113 0
    outer loop
      vertex -4.64207 -5.63614 4
      vertex -4.67729 -5.47307 0
      vertex -4.67729 -5.47307 4
    endloop
  endfacet
  facet normal 0.977462 0.211113 0
    outer loop
      vertex -4.67729 -5.47307 0
      vertex -4.64207 -5.63614 4
      vertex -4.64207 -5.63614 0
    endloop
  endfacet
  facet normal 0.783301 -0.621642 0
    outer loop
      vertex -4.38184 -4.20594 4
      vertex -4.27813 -4.07526 0
      vertex -4.27813 -4.07526 4
    endloop
  endfacet
  facet normal 0.783301 -0.621642 0
    outer loop
      vertex -4.27813 -4.07526 0
      vertex -4.38184 -4.20594 4
      vertex -4.38184 -4.20594 0
    endloop
  endfacet
  facet normal 0.274587 -0.961562 0
    outer loop
      vertex 2.45355 -3.58637 0
      vertex 2.61397 -3.54056 4
      vertex 2.45355 -3.58637 4
    endloop
  endfacet
  facet normal 0.274587 -0.961562 0
    outer loop
      vertex 2.61397 -3.54056 4
      vertex 2.45355 -3.58637 0
      vertex 2.61397 -3.54056 0
    endloop
  endfacet
  facet normal -0.874098 0.48575 0
    outer loop
      vertex 4.44364 -6.09387 0
      vertex 4.52468 -5.94804 4
      vertex 4.52468 -5.94804 0
    endloop
  endfacet
  facet normal -0.874098 0.48575 0
    outer loop
      vertex 4.52468 -5.94804 4
      vertex 4.44364 -6.09387 0
      vertex 4.44364 -6.09387 4
    endloop
  endfacet
  facet normal -0.983842 -0.179038 0
    outer loop
      vertex 4.68546 -4.97426 0
      vertex 4.65559 -4.81012 4
      vertex 4.65559 -4.81012 0
    endloop
  endfacet
  facet normal -0.983842 -0.179038 0
    outer loop
      vertex 4.65559 -4.81012 4
      vertex 4.68546 -4.97426 0
      vertex 4.68546 -4.97426 4
    endloop
  endfacet
  facet normal -0.569085 -0.822278 0
    outer loop
      vertex 3.89771 -3.75251 0
      vertex 4.03489 -3.84745 4
      vertex 3.89771 -3.75251 4
    endloop
  endfacet
  facet normal -0.569085 -0.822278 -0
    outer loop
      vertex 4.03489 -3.84745 4
      vertex 3.89771 -3.75251 0
      vertex 4.03489 -3.84745 0
    endloop
  endfacet
  facet normal 0.178991 -0.983851 0
    outer loop
      vertex 2.61397 -3.54056 0
      vertex 2.7781 -3.5107 4
      vertex 2.61397 -3.54056 4
    endloop
  endfacet
  facet normal 0.178991 -0.983851 0
    outer loop
      vertex 2.7781 -3.5107 4
      vertex 2.61397 -3.54056 0
      vertex 2.7781 -3.5107 0
    endloop
  endfacet
  facet normal -0.456874 0.889531 0
    outer loop
      vertex 3.85 -6.6684 0
      vertex 3.7016 -6.74462 4
      vertex 3.85 -6.6684 4
    endloop
  endfacet
  facet normal -0.456874 0.889531 0
    outer loop
      vertex 3.7016 -6.74462 4
      vertex 3.85 -6.6684 0
      vertex 3.7016 -6.74462 0
    endloop
  endfacet
  facet normal -0.889507 -0.456921 0
    outer loop
      vertex 4.54847 -4.49455 0
      vertex 4.47224 -4.34615 4
      vertex 4.47224 -4.34615 0
    endloop
  endfacet
  facet normal -0.889507 -0.456921 0
    outer loop
      vertex 4.47224 -4.34615 4
      vertex 4.54847 -4.49455 0
      vertex 4.54847 -4.49455 4
    endloop
  endfacet
  facet normal 0.367512 -0.930019 0
    outer loop
      vertex 2.2984 -3.64768 0
      vertex 2.45355 -3.58637 4
      vertex 2.2984 -3.64768 4
    endloop
  endfacet
  facet normal 0.367512 -0.930019 0
    outer loop
      vertex 2.45355 -3.58637 4
      vertex 2.2984 -3.64768 0
      vertex 2.45355 -3.58637 0
    endloop
  endfacet
  facet normal -0.114312 -0.993445 0
    outer loop
      vertex 3.11119 -3.49979 0
      vertex 3.27692 -3.51886 4
      vertex 3.11119 -3.49979 4
    endloop
  endfacet
  facet normal -0.114312 -0.993445 -0
    outer loop
      vertex 3.27692 -3.51886 4
      vertex 3.11119 -3.49979 0
      vertex 3.27692 -3.51886 0
    endloop
  endfacet
  facet normal -0.718581 -0.695443 0
    outer loop
      vertex 4.27813 -4.07526 0
      vertex 4.16211 -3.95538 4
      vertex 4.16211 -3.95538 0
    endloop
  endfacet
  facet normal -0.718581 -0.695443 0
    outer loop
      vertex 4.16211 -3.95538 4
      vertex 4.27813 -4.07526 0
      vertex 4.27813 -4.07526 4
    endloop
  endfacet
  facet normal 0.977462 -0.211113 0
    outer loop
      vertex 1.32271 -4.91923 4
      vertex 1.35793 -4.75616 0
      vertex 1.35793 -4.75616 4
    endloop
  endfacet
  facet normal 0.977462 -0.211113 0
    outer loop
      vertex 1.35793 -4.75616 0
      vertex 1.32271 -4.91923 4
      vertex 1.32271 -4.91923 0
    endloop
  endfacet
  facet normal -0.621642 0.783301 0
    outer loop
      vertex 4.12089 -6.47428 0
      vertex 3.99021 -6.57799 4
      vertex 4.12089 -6.47428 4
    endloop
  endfacet
  facet normal -0.621642 0.783301 0
    outer loop
      vertex 3.99021 -6.57799 4
      vertex 4.12089 -6.47428 0
      vertex 3.99021 -6.57799 0
    endloop
  endfacet
  facet normal -0.762526 0.646957 0
    outer loop
      vertex 4.24077 -6.35826 0
      vertex 4.3487 -6.23105 4
      vertex 4.3487 -6.23105 0
    endloop
  endfacet
  facet normal -0.762526 0.646957 0
    outer loop
      vertex 4.3487 -6.23105 4
      vertex 4.24077 -6.35826 0
      vertex 4.24077 -6.35826 4
    endloop
  endfacet
  facet normal -0.952073 0.305869 0
    outer loop
      vertex 4.59104 -5.79498 0
      vertex 4.64207 -5.63614 4
      vertex 4.64207 -5.63614 0
    endloop
  endfacet
  facet normal -0.952073 0.305869 0
    outer loop
      vertex 4.64207 -5.63614 4
      vertex 4.59104 -5.79498 0
      vertex 4.59104 -5.79498 4
    endloop
  endfacet
  facet normal -0.977462 0.211113 0
    outer loop
      vertex 4.64207 -5.63614 0
      vertex 4.67729 -5.47307 4
      vertex 4.67729 -5.47307 0
    endloop
  endfacet
  facet normal -0.977462 0.211113 0
    outer loop
      vertex 4.67729 -5.47307 4
      vertex 4.64207 -5.63614 0
      vertex 4.64207 -5.63614 4
    endloop
  endfacet
  facet normal -0.840455 -0.541881 0
    outer loop
      vertex 4.47224 -4.34615 0
      vertex 4.38184 -4.20594 4
      vertex 4.38184 -4.20594 0
    endloop
  endfacet
  facet normal -0.840455 -0.541881 0
    outer loop
      vertex 4.38184 -4.20594 4
      vertex 4.47224 -4.34615 0
      vertex 4.47224 -4.34615 4
    endloop
  endfacet
  facet normal -0.961562 -0.274587 0
    outer loop
      vertex 4.65559 -4.81012 0
      vertex 4.60978 -4.6497 4
      vertex 4.60978 -4.6497 0
    endloop
  endfacet
  facet normal -0.961562 -0.274587 0
    outer loop
      vertex 4.60978 -4.6497 4
      vertex 4.65559 -4.81012 0
      vertex 4.65559 -4.81012 4
    endloop
  endfacet
  facet normal -0.930019 -0.367512 0
    outer loop
      vertex 4.60978 -4.6497 0
      vertex 4.54847 -4.49455 4
      vertex 4.54847 -4.49455 0
    endloop
  endfacet
  facet normal -0.930019 -0.367512 0
    outer loop
      vertex 4.54847 -4.49455 4
      vertex 4.60978 -4.6497 0
      vertex 4.60978 -4.6497 4
    endloop
  endfacet
  facet normal -0.996657 -0.081701 0
    outer loop
      vertex 4.69909 -5.14053 0
      vertex 4.68546 -4.97426 4
      vertex 4.68546 -4.97426 0
    endloop
  endfacet
  facet normal -0.996657 -0.081701 0
    outer loop
      vertex 4.68546 -4.97426 4
      vertex 4.69909 -5.14053 0
      vertex 4.69909 -5.14053 4
    endloop
  endfacet
  facet normal -0.993445 0.114312 0
    outer loop
      vertex 4.67729 -5.47307 0
      vertex 4.69636 -5.30734 4
      vertex 4.69636 -5.30734 0
    endloop
  endfacet
  facet normal -0.993445 0.114312 0
    outer loop
      vertex 4.69636 -5.30734 4
      vertex 4.67729 -5.47307 0
      vertex 4.67729 -5.47307 4
    endloop
  endfacet
  facet normal 0.456921 -0.889507 0
    outer loop
      vertex 2.15 -3.72391 0
      vertex 2.2984 -3.64768 4
      vertex 2.15 -3.72391 4
    endloop
  endfacet
  facet normal 0.456921 -0.889507 0
    outer loop
      vertex 2.2984 -3.64768 4
      vertex 2.15 -3.72391 0
      vertex 2.2984 -3.64768 0
    endloop
  endfacet
  facet normal 0.0817557 -0.996652 0
    outer loop
      vertex 2.7781 -3.5107 0
      vertex 2.94438 -3.49706 4
      vertex 2.7781 -3.5107 4
    endloop
  endfacet
  facet normal 0.0817557 -0.996652 0
    outer loop
      vertex 2.94438 -3.49706 4
      vertex 2.7781 -3.5107 0
      vertex 2.94438 -3.49706 0
    endloop
  endfacet
  facet normal -0.0163637 -0.999866 0
    outer loop
      vertex 2.94438 -3.49706 0
      vertex 3.11119 -3.49979 4
      vertex 2.94438 -3.49706 4
    endloop
  endfacet
  facet normal -0.0163637 -0.999866 -0
    outer loop
      vertex 3.11119 -3.49979 4
      vertex 2.94438 -3.49706 0
      vertex 3.11119 -3.49979 0
    endloop
  endfacet
  facet normal -0.646928 -0.762551 0
    outer loop
      vertex 4.03489 -3.84745 0
      vertex 4.16211 -3.95538 4
      vertex 4.03489 -3.84745 4
    endloop
  endfacet
  facet normal -0.646928 -0.762551 -0
    outer loop
      vertex 4.16211 -3.95538 4
      vertex 4.03489 -3.84745 0
      vertex 4.16211 -3.95538 0
    endloop
  endfacet
  facet normal -0.783301 -0.621642 0
    outer loop
      vertex 4.38184 -4.20594 0
      vertex 4.27813 -4.07526 4
      vertex 4.27813 -4.07526 0
    endloop
  endfacet
  facet normal -0.783301 -0.621642 0
    outer loop
      vertex 4.27813 -4.07526 4
      vertex 4.38184 -4.20594 0
      vertex 4.38184 -4.20594 4
    endloop
  endfacet
  facet normal -0.397757 -0.917491 0
    outer loop
      vertex 3.59882 -3.60511 0
      vertex 3.75189 -3.67147 4
      vertex 3.59882 -3.60511 4
    endloop
  endfacet
  facet normal -0.397757 -0.917491 -0
    outer loop
      vertex 3.75189 -3.67147 4
      vertex 3.59882 -3.60511 0
      vertex 3.75189 -3.67147 0
    endloop
  endfacet
  facet normal -0.305887 -0.952068 0
    outer loop
      vertex 3.43999 -3.55408 0
      vertex 3.59882 -3.60511 4
      vertex 3.43999 -3.55408 4
    endloop
  endfacet
  facet normal -0.305887 -0.952068 -0
    outer loop
      vertex 3.59882 -3.60511 4
      vertex 3.43999 -3.55408 0
      vertex 3.59882 -3.60511 0
    endloop
  endfacet
  facet normal -0.485775 -0.874084 0
    outer loop
      vertex 3.75189 -3.67147 0
      vertex 3.89771 -3.75251 4
      vertex 3.75189 -3.67147 4
    endloop
  endfacet
  facet normal -0.485775 -0.874084 -0
    outer loop
      vertex 3.89771 -3.75251 4
      vertex 3.75189 -3.67147 0
      vertex 3.89771 -3.75251 0
    endloop
  endfacet
  facet normal -0.211113 -0.977462 0
    outer loop
      vertex 3.27692 -3.51886 0
      vertex 3.43999 -3.55408 4
      vertex 3.27692 -3.51886 4
    endloop
  endfacet
  facet normal -0.211113 -0.977462 -0
    outer loop
      vertex 3.43999 -3.55408 4
      vertex 3.27692 -3.51886 0
      vertex 3.43999 -3.55408 0
    endloop
  endfacet
  facet normal -0.541923 0.840428 0
    outer loop
      vertex 3.99021 -6.57799 0
      vertex 3.85 -6.6684 4
      vertex 3.99021 -6.57799 4
    endloop
  endfacet
  facet normal -0.541923 0.840428 0
    outer loop
      vertex 3.85 -6.6684 4
      vertex 3.99021 -6.57799 0
      vertex 3.85 -6.6684 0
    endloop
  endfacet
  facet normal -0.274587 0.961562 0
    outer loop
      vertex 3.54645 -6.80593 0
      vertex 3.38603 -6.85174 4
      vertex 3.54645 -6.80593 4
    endloop
  endfacet
  facet normal -0.274587 0.961562 0
    outer loop
      vertex 3.38603 -6.85174 4
      vertex 3.54645 -6.80593 0
      vertex 3.38603 -6.85174 0
    endloop
  endfacet
  facet normal 0.541881 -0.840455 0
    outer loop
      vertex 2.00979 -3.81431 0
      vertex 2.15 -3.72391 4
      vertex 2.00979 -3.81431 4
    endloop
  endfacet
  facet normal 0.541881 -0.840455 0
    outer loop
      vertex 2.15 -3.72391 4
      vertex 2.00979 -3.81431 0
      vertex 2.15 -3.72391 0
    endloop
  endfacet
  facet normal 0.718581 0.695443 0
    outer loop
      vertex 1.83789 -6.43692 4
      vertex 1.72187 -6.31704 0
      vertex 1.72187 -6.31704 4
    endloop
  endfacet
  facet normal 0.718581 0.695443 0
    outer loop
      vertex 1.72187 -6.31704 0
      vertex 1.83789 -6.43692 4
      vertex 1.83789 -6.43692 0
    endloop
  endfacet
  facet normal -0.822278 0.569085 0
    outer loop
      vertex 4.3487 -6.23105 0
      vertex 4.44364 -6.09387 4
      vertex 4.44364 -6.09387 0
    endloop
  endfacet
  facet normal -0.822278 0.569085 0
    outer loop
      vertex 4.44364 -6.09387 4
      vertex 4.3487 -6.23105 0
      vertex 4.3487 -6.23105 4
    endloop
  endfacet
  facet normal -0.695443 0.718581 0
    outer loop
      vertex 4.24077 -6.35826 0
      vertex 4.12089 -6.47428 4
      vertex 4.24077 -6.35826 4
    endloop
  endfacet
  facet normal -0.695443 0.718581 0
    outer loop
      vertex 4.12089 -6.47428 4
      vertex 4.24077 -6.35826 0
      vertex 4.12089 -6.47428 0
    endloop
  endfacet
  facet normal -0.917481 0.397779 0
    outer loop
      vertex 4.52468 -5.94804 0
      vertex 4.59104 -5.79498 4
      vertex 4.59104 -5.79498 0
    endloop
  endfacet
  facet normal -0.917481 0.397779 0
    outer loop
      vertex 4.59104 -5.79498 4
      vertex 4.52468 -5.94804 0
      vertex 4.52468 -5.94804 4
    endloop
  endfacet
  facet normal -0.999866 0.0163637 0
    outer loop
      vertex 4.69636 -5.30734 0
      vertex 4.69909 -5.14053 4
      vertex 4.69909 -5.14053 0
    endloop
  endfacet
  facet normal -0.999866 0.0163637 0
    outer loop
      vertex 4.69909 -5.14053 4
      vertex 4.69636 -5.30734 0
      vertex 4.69636 -5.30734 4
    endloop
  endfacet
  facet normal -0.367512 0.930019 0
    outer loop
      vertex 3.7016 -6.74462 0
      vertex 3.54645 -6.80593 4
      vertex 3.7016 -6.74462 4
    endloop
  endfacet
  facet normal -0.367512 0.930019 0
    outer loop
      vertex 3.54645 -6.80593 4
      vertex 3.7016 -6.74462 0
      vertex 3.54645 -6.80593 0
    endloop
  endfacet
  facet normal 0.211113 0.977462 -0
    outer loop
      vertex 2.72308 -6.87345 0
      vertex 2.56001 -6.83823 4
      vertex 2.72308 -6.87345 4
    endloop
  endfacet
  facet normal 0.211113 0.977462 0
    outer loop
      vertex 2.56001 -6.83823 4
      vertex 2.72308 -6.87345 0
      vertex 2.56001 -6.83823 0
    endloop
  endfacet
  facet normal -0.081701 0.996657 0
    outer loop
      vertex 3.22189 -6.88161 0
      vertex 3.05562 -6.89524 4
      vertex 3.22189 -6.88161 4
    endloop
  endfacet
  facet normal -0.081701 0.996657 0
    outer loop
      vertex 3.05562 -6.89524 4
      vertex 3.22189 -6.88161 0
      vertex 3.05562 -6.89524 0
    endloop
  endfacet
  facet normal 0.889507 0.456921 0
    outer loop
      vertex 1.52776 -6.04615 4
      vertex 1.45153 -5.89775 0
      vertex 1.45153 -5.89775 4
    endloop
  endfacet
  facet normal 0.889507 0.456921 0
    outer loop
      vertex 1.45153 -5.89775 0
      vertex 1.52776 -6.04615 4
      vertex 1.52776 -6.04615 0
    endloop
  endfacet
  facet normal 0.695474 -0.718551 0
    outer loop
      vertex 1.75923 -4.03405 0
      vertex 1.87911 -3.91802 4
      vertex 1.75923 -4.03405 4
    endloop
  endfacet
  facet normal 0.695474 -0.718551 0
    outer loop
      vertex 1.87911 -3.91802 4
      vertex 1.75923 -4.03405 0
      vertex 1.87911 -3.91802 0
    endloop
  endfacet
  facet normal 0.621642 -0.783301 0
    outer loop
      vertex 1.87911 -3.91802 0
      vertex 2.00979 -3.81431 4
      vertex 1.87911 -3.91802 4
    endloop
  endfacet
  facet normal 0.621642 -0.783301 0
    outer loop
      vertex 2.00979 -3.81431 4
      vertex 1.87911 -3.91802 0
      vertex 2.00979 -3.81431 0
    endloop
  endfacet
  facet normal 0.822278 -0.569085 0
    outer loop
      vertex 1.55636 -4.29844 4
      vertex 1.6513 -4.16126 0
      vertex 1.6513 -4.16126 4
    endloop
  endfacet
  facet normal 0.822278 -0.569085 0
    outer loop
      vertex 1.6513 -4.16126 0
      vertex 1.55636 -4.29844 4
      vertex 1.55636 -4.29844 0
    endloop
  endfacet
  facet normal 0.952068 -0.305887 0
    outer loop
      vertex 1.35793 -4.75616 4
      vertex 1.40896 -4.59733 0
      vertex 1.40896 -4.59733 4
    endloop
  endfacet
  facet normal 0.952068 -0.305887 0
    outer loop
      vertex 1.40896 -4.59733 0
      vertex 1.35793 -4.75616 4
      vertex 1.35793 -4.75616 0
    endloop
  endfacet
  facet normal 0.783301 0.621642 0
    outer loop
      vertex 1.72187 -6.31704 4
      vertex 1.61816 -6.18636 0
      vertex 1.61816 -6.18636 4
    endloop
  endfacet
  facet normal 0.783301 0.621642 0
    outer loop
      vertex 1.61816 -6.18636 0
      vertex 1.72187 -6.31704 4
      vertex 1.72187 -6.31704 0
    endloop
  endfacet
  facet normal 0.569154 0.822231 -0
    outer loop
      vertex 2.10228 -6.6398 0
      vertex 1.96511 -6.54485 4
      vertex 2.10228 -6.6398 4
    endloop
  endfacet
  facet normal 0.569154 0.822231 0
    outer loop
      vertex 1.96511 -6.54485 4
      vertex 2.10228 -6.6398 0
      vertex 1.96511 -6.54485 0
    endloop
  endfacet
  facet normal 0.305924 0.952056 -0
    outer loop
      vertex 2.56001 -6.83823 0
      vertex 2.40117 -6.78719 4
      vertex 2.56001 -6.83823 4
    endloop
  endfacet
  facet normal 0.305924 0.952056 0
    outer loop
      vertex 2.40117 -6.78719 4
      vertex 2.56001 -6.83823 0
      vertex 2.40117 -6.78719 0
    endloop
  endfacet
  facet normal 0.397729 0.917503 -0
    outer loop
      vertex 2.40117 -6.78719 0
      vertex 2.24811 -6.72084 4
      vertex 2.40117 -6.78719 4
    endloop
  endfacet
  facet normal 0.397729 0.917503 0
    outer loop
      vertex 2.24811 -6.72084 4
      vertex 2.40117 -6.78719 0
      vertex 2.24811 -6.72084 0
    endloop
  endfacet
  facet normal 0.48575 0.874098 -0
    outer loop
      vertex 2.24811 -6.72084 0
      vertex 2.10228 -6.6398 4
      vertex 2.24811 -6.72084 4
    endloop
  endfacet
  facet normal 0.48575 0.874098 0
    outer loop
      vertex 2.10228 -6.6398 4
      vertex 2.24811 -6.72084 0
      vertex 2.10228 -6.6398 0
    endloop
  endfacet
  facet normal 0.114253 0.993452 -0
    outer loop
      vertex 2.88881 -6.89251 0
      vertex 2.72308 -6.87345 4
      vertex 2.88881 -6.89251 4
    endloop
  endfacet
  facet normal 0.114253 0.993452 0
    outer loop
      vertex 2.72308 -6.87345 4
      vertex 2.88881 -6.89251 0
      vertex 2.72308 -6.87345 0
    endloop
  endfacet
  facet normal 0.0163637 0.999866 -0
    outer loop
      vertex 3.05562 -6.89524 0
      vertex 2.88881 -6.89251 4
      vertex 3.05562 -6.89524 4
    endloop
  endfacet
  facet normal 0.0163637 0.999866 0
    outer loop
      vertex 2.88881 -6.89251 4
      vertex 3.05562 -6.89524 0
      vertex 2.88881 -6.89251 0
    endloop
  endfacet
  facet normal -0.179038 0.983842 0
    outer loop
      vertex 3.38603 -6.85174 0
      vertex 3.22189 -6.88161 4
      vertex 3.38603 -6.85174 4
    endloop
  endfacet
  facet normal -0.179038 0.983842 0
    outer loop
      vertex 3.22189 -6.88161 4
      vertex 3.38603 -6.85174 0
      vertex 3.22189 -6.88161 0
    endloop
  endfacet
  facet normal 0.993446 -0.114306 0
    outer loop
      vertex 1.30364 -5.08497 4
      vertex 1.32271 -4.91923 0
      vertex 1.32271 -4.91923 4
    endloop
  endfacet
  facet normal 0.993446 -0.114306 0
    outer loop
      vertex 1.32271 -4.91923 0
      vertex 1.30364 -5.08497 4
      vertex 1.30364 -5.08497 0
    endloop
  endfacet
  facet normal 0.840455 0.541881 0
    outer loop
      vertex 1.61816 -6.18636 4
      vertex 1.52776 -6.04615 0
      vertex 1.52776 -6.04615 4
    endloop
  endfacet
  facet normal 0.840455 0.541881 0
    outer loop
      vertex 1.52776 -6.04615 0
      vertex 1.61816 -6.18636 4
      vertex 1.61816 -6.18636 0
    endloop
  endfacet
  facet normal 0.999866 -0.0163647 0
    outer loop
      vertex 1.30091 -5.25177 4
      vertex 1.30364 -5.08497 0
      vertex 1.30364 -5.08497 4
    endloop
  endfacet
  facet normal 0.999866 -0.0163647 0
    outer loop
      vertex 1.30364 -5.08497 0
      vertex 1.30091 -5.25177 4
      vertex 1.30091 -5.25177 0
    endloop
  endfacet
  facet normal 0.961562 0.274587 0
    outer loop
      vertex 1.39022 -5.7426 4
      vertex 1.34441 -5.58218 0
      vertex 1.34441 -5.58218 4
    endloop
  endfacet
  facet normal 0.961562 0.274587 0
    outer loop
      vertex 1.34441 -5.58218 0
      vertex 1.39022 -5.7426 4
      vertex 1.39022 -5.7426 0
    endloop
  endfacet
  facet normal 0.762526 -0.646957 0
    outer loop
      vertex 1.6513 -4.16126 4
      vertex 1.75923 -4.03405 0
      vertex 1.75923 -4.03405 4
    endloop
  endfacet
  facet normal 0.762526 -0.646957 0
    outer loop
      vertex 1.75923 -4.03405 0
      vertex 1.6513 -4.16126 4
      vertex 1.6513 -4.16126 0
    endloop
  endfacet
  facet normal 0.874084 -0.485775 0
    outer loop
      vertex 1.47532 -4.44426 4
      vertex 1.55636 -4.29844 0
      vertex 1.55636 -4.29844 4
    endloop
  endfacet
  facet normal 0.874084 -0.485775 0
    outer loop
      vertex 1.55636 -4.29844 0
      vertex 1.47532 -4.44426 4
      vertex 1.47532 -4.44426 0
    endloop
  endfacet
  facet normal 0.917491 -0.397757 0
    outer loop
      vertex 1.40896 -4.59733 4
      vertex 1.47532 -4.44426 0
      vertex 1.47532 -4.44426 4
    endloop
  endfacet
  facet normal 0.917491 -0.397757 0
    outer loop
      vertex 1.47532 -4.44426 0
      vertex 1.40896 -4.59733 4
      vertex 1.40896 -4.59733 0
    endloop
  endfacet
  facet normal 0.646928 0.762551 -0
    outer loop
      vertex 1.96511 -6.54485 0
      vertex 1.83789 -6.43692 4
      vertex 1.96511 -6.54485 4
    endloop
  endfacet
  facet normal 0.646928 0.762551 0
    outer loop
      vertex 1.83789 -6.43692 4
      vertex 1.96511 -6.54485 0
      vertex 1.83789 -6.43692 0
    endloop
  endfacet
  facet normal 0.98384 0.179049 0
    outer loop
      vertex 1.34441 -5.58218 4
      vertex 1.31454 -5.41805 0
      vertex 1.31454 -5.41805 4
    endloop
  endfacet
  facet normal 0.98384 0.179049 0
    outer loop
      vertex 1.31454 -5.41805 0
      vertex 1.34441 -5.58218 4
      vertex 1.34441 -5.58218 0
    endloop
  endfacet
  facet normal 0.996657 0.0816962 0
    outer loop
      vertex 1.31454 -5.41805 4
      vertex 1.30091 -5.25177 0
      vertex 1.30091 -5.25177 4
    endloop
  endfacet
  facet normal 0.996657 0.0816962 0
    outer loop
      vertex 1.30091 -5.25177 0
      vertex 1.31454 -5.41805 4
      vertex 1.31454 -5.41805 0
    endloop
  endfacet
  facet normal 0.930019 0.367512 0
    outer loop
      vertex 1.45153 -5.89775 4
      vertex 1.39022 -5.7426 0
      vertex 1.39022 -5.7426 4
    endloop
  endfacet
  facet normal 0.930019 0.367512 0
    outer loop
      vertex 1.39022 -5.7426 0
      vertex 1.45153 -5.89775 4
      vertex 1.45153 -5.89775 0
    endloop
  endfacet
endsolid OpenSCAD_Model
