solid OpenSCAD_Model
  facet normal 0.970011 0.24306 0
    outer loop
      vertex -0.0115356 4.01704 4.5
      vertex -0.0258484 4.07416 1.90735e-07
      vertex -0.0258484 4.07416 4.5
    endloop
  endfacet
  facet normal 0.970011 0.24306 0
    outer loop
      vertex -0.0258484 4.07416 1.90735e-07
      vertex -0.0115356 4.01704 4.5
      vertex -0.0115356 4.01704 1.90735e-07
    endloop
  endfacet
  facet normal 0.989183 0.146686 0
    outer loop
      vertex -0.00289917 3.9588 4.5
      vertex -0.0115356 4.01704 1.90735e-07
      vertex -0.0115356 4.01704 4.5
    endloop
  endfacet
  facet normal 0.989183 0.146686 0
    outer loop
      vertex -0.0115356 4.01704 1.90735e-07
      vertex -0.00289917 3.9588 4.5
      vertex -0.00289917 3.9588 1.90735e-07
    endloop
  endfacet
  facet normal 0 -0.707107 0.707107
    outer loop
      vertex -6.80684 -3.5 4.5
      vertex -1.10001 -3 5
      vertex -6.46852 -3 5
    endloop
  endfacet
  facet normal 0 -0.707107 0.707107
    outer loop
      vertex -1.10001 -3 5
      vertex -6.80684 -3.5 4.5
      vertex -0.600006 -3.5 4.5
    endloop
  endfacet
  facet normal 0.989183 -0.146686 0
    outer loop
      vertex -0.0115356 -3.01704 4.5
      vertex -0.00289917 -2.9588 1.90735e-07
      vertex -0.00289917 -2.9588 4.5
    endloop
  endfacet
  facet normal 0.989183 -0.146686 0
    outer loop
      vertex -0.00289917 -2.9588 1.90735e-07
      vertex -0.0115356 -3.01704 4.5
      vertex -0.0115356 -3.01704 1.90735e-07
    endloop
  endfacet
  facet normal 0.689499 0.0339904 0.723489
    outer loop
      vertex -0.502899 3.4588 5
      vertex 0 3.89999 4.5
      vertex -0.00289917 3.9588 4.5
    endloop
  endfacet
  facet normal 0.6895 0.0339884 0.723488
    outer loop
      vertex 0 3.89999 4.5
      vertex -0.502899 3.4588 5
      vertex -0.5 3.39999 5
    endloop
  endfacet
  facet normal -0.692365 0.143631 0.707107
    outer loop
      vertex -7.32024 1.6312 5
      vertex -7.85623 1.50903 4.5
      vertex -7.36507 1.4151 5
    endloop
  endfacet
  facet normal 0.096961 0.653623 0.750584
    outer loop
      vertex -0.541199 4.4971 4.5
      vertex -0.982956 3.98846 5
      vertex -0.482956 4.48846 4.5
    endloop
  endfacet
  facet normal 0.0969595 0.653624 0.750583
    outer loop
      vertex -0.982956 3.98846 5
      vertex -0.541199 4.4971 4.5
      vertex -1.0412 3.9971 5
    endloop
  endfacet
  facet normal 0.243039 0.970016 -0
    outer loop
      vertex -0.425842 4.47415 1.90735e-07
      vertex -0.482956 4.48846 4.5
      vertex -0.425842 4.47415 4.5
    endloop
  endfacet
  facet normal 0.243039 0.970016 0
    outer loop
      vertex -0.482956 4.48846 4.5
      vertex -0.425842 4.47415 1.90735e-07
      vertex -0.482956 4.48846 1.90735e-07
    endloop
  endfacet
  facet normal 0 -1 0
    outer loop
      vertex -6.80684 -3.5 1.90735e-07
      vertex -0.600006 -3.5 4.5
      vertex -6.80684 -3.5 4.5
    endloop
  endfacet
  facet normal 0 -1 -0
    outer loop
      vertex -0.600006 -3.5 4.5
      vertex -6.80684 -3.5 1.90735e-07
      vertex -0.600006 -3.5 1.90735e-07
    endloop
  endfacet
  facet normal -0.622944 -0.301307 0.721911
    outer loop
      vertex -7.35918 -3.13435 4.5
      vertex -7.33354 -3.18736 4.5
      vertex -7.00458 -2.66951 5
    endloop
  endfacet
  facet normal 1 -0 0
    outer loop
      vertex 0 2.05965 1.60969
      vertex 0 3.89999 1.90735e-07
      vertex 0 3.89999 4.5
    endloop
  endfacet
  facet normal 1 0 0
    outer loop
      vertex 0 3.89999 1.90735e-07
      vertex 0 2.08989 1.40584
      vertex 0 2.1 1.2
    endloop
  endfacet
  facet normal 1 0 0
    outer loop
      vertex 0 3.89999 1.90735e-07
      vertex 0 2.05965 1.60969
      vertex 0 2.08989 1.40584
    endloop
  endfacet
  facet normal 1 0 0
    outer loop
      vertex 0 3.89999 4.5
      vertex 0 2.00957 1.8096
      vertex 0 2.05965 1.60969
    endloop
  endfacet
  facet normal 1 0 0
    outer loop
      vertex 0 3.89999 4.5
      vertex 0 1.94015 2.00363
      vertex 0 2.00957 1.8096
    endloop
  endfacet
  facet normal 1 0 0
    outer loop
      vertex 0 3.89999 4.5
      vertex 0 1.85203 2.18993
      vertex 0 1.94015 2.00363
    endloop
  endfacet
  facet normal 1 0 0
    outer loop
      vertex 0 3.89999 4.5
      vertex 0 1.74609 2.3667
      vertex 0 1.85203 2.18993
    endloop
  endfacet
  facet normal 1 0 0
    outer loop
      vertex 0 3.89999 4.5
      vertex 0 1.62332 2.53223
      vertex 0 1.74609 2.3667
    endloop
  endfacet
  facet normal 1 0 0
    outer loop
      vertex 0 3.89999 4.5
      vertex 0 1.48492 2.68492
      vertex 0 1.62332 2.53223
    endloop
  endfacet
  facet normal 1 0 0
    outer loop
      vertex 0 3.89999 4.5
      vertex 0 1.33223 2.82332
      vertex 0 1.48492 2.68492
    endloop
  endfacet
  facet normal 1 0 0
    outer loop
      vertex 0 3.89999 4.5
      vertex 0 1.1667 2.94609
      vertex 0 1.33223 2.82332
    endloop
  endfacet
  facet normal 1 0 0
    outer loop
      vertex 0 3.89999 4.5
      vertex 0 0.989933 3.05203
      vertex 0 1.1667 2.94609
    endloop
  endfacet
  facet normal 1 0 0
    outer loop
      vertex 0 3.89999 4.5
      vertex 0 0.803635 3.14015
      vertex 0 0.989933 3.05203
    endloop
  endfacet
  facet normal 1 -0 0
    outer loop
      vertex 0 0.4 3.4
      vertex 0 0.803635 3.14015
      vertex 0 3.89999 4.5
    endloop
  endfacet
  facet normal 1 0 0
    outer loop
      vertex 0 0.803635 3.14015
      vertex 0 0.4 3.4
      vertex 0 0.609597 3.20957
    endloop
  endfacet
  facet normal 1 0 0
    outer loop
      vertex 0 0.609597 3.20957
      vertex 0 0.4 3.4
      vertex 0 0.409689 3.25965
    endloop
  endfacet
  facet normal 1 -0 0
    outer loop
      vertex 0 -2.89999 4.5
      vertex 0 0.4 3.4
      vertex 0 3.89999 4.5
    endloop
  endfacet
  facet normal 1 0 0
    outer loop
      vertex 0 -0.4 3.4
      vertex 0 -0.409689 3.25965
      vertex 0 -0.4 3.26109
    endloop
  endfacet
  facet normal 1 0 0
    outer loop
      vertex 0 -0.4 3.4
      vertex 0 -0.609597 3.20957
      vertex 0 -0.409689 3.25965
    endloop
  endfacet
  facet normal 1 0 0
    outer loop
      vertex 0 -0.4 3.4
      vertex 0 -0.803635 3.14015
      vertex 0 -0.609597 3.20957
    endloop
  endfacet
  facet normal 1 0 0
    outer loop
      vertex 0 -2.89999 4.5
      vertex 0 -0.803635 3.14015
      vertex 0 -0.4 3.4
    endloop
  endfacet
  facet normal 1 0 0
    outer loop
      vertex 0 -2.05965 1.60969
      vertex 0 -2.89999 1.90735e-07
      vertex 0 -2.08989 1.40584
    endloop
  endfacet
  facet normal 1 0 0
    outer loop
      vertex 0 -2.89999 1.90735e-07
      vertex 0 -2.05965 1.60969
      vertex 0 -2.89999 4.5
    endloop
  endfacet
  facet normal 1 0 0
    outer loop
      vertex 0 -2.00957 1.8096
      vertex 0 -2.89999 4.5
      vertex 0 -2.05965 1.60969
    endloop
  endfacet
  facet normal 1 0 0
    outer loop
      vertex 0 -1.94015 2.00363
      vertex 0 -2.89999 4.5
      vertex 0 -2.00957 1.8096
    endloop
  endfacet
  facet normal 1 0 0
    outer loop
      vertex 0 -1.85203 2.18993
      vertex 0 -2.89999 4.5
      vertex 0 -1.94015 2.00363
    endloop
  endfacet
  facet normal 1 0 0
    outer loop
      vertex 0 -1.74609 2.3667
      vertex 0 -2.89999 4.5
      vertex 0 -1.85203 2.18993
    endloop
  endfacet
  facet normal 1 0 0
    outer loop
      vertex 0 -1.62332 2.53223
      vertex 0 -2.89999 4.5
      vertex 0 -1.74609 2.3667
    endloop
  endfacet
  facet normal 1 0 0
    outer loop
      vertex 0 -1.48492 2.68492
      vertex 0 -2.89999 4.5
      vertex 0 -1.62332 2.53223
    endloop
  endfacet
  facet normal 1 0 0
    outer loop
      vertex 0 -1.33223 2.82332
      vertex 0 -2.89999 4.5
      vertex 0 -1.48492 2.68492
    endloop
  endfacet
  facet normal 1 0 0
    outer loop
      vertex 0 -1.1667 2.94609
      vertex 0 -2.89999 4.5
      vertex 0 -1.33223 2.82332
    endloop
  endfacet
  facet normal 1 0 0
    outer loop
      vertex 0 -0.989933 3.05203
      vertex 0 -2.89999 4.5
      vertex 0 -1.1667 2.94609
    endloop
  endfacet
  facet normal 1 0 0
    outer loop
      vertex 0 -0.803635 3.14015
      vertex 0 -2.89999 4.5
      vertex 0 -0.989933 3.05203
    endloop
  endfacet
  facet normal 1 0 0
    outer loop
      vertex 0 0.4 3.4
      vertex 0 -2.89999 4.5
      vertex 0 -0.4 3.4
    endloop
  endfacet
  facet normal 1 -0 0
    outer loop
      vertex 0 2.08989 0.994165
      vertex 0 3.89999 1.90735e-07
      vertex 0 2.1 1.2
    endloop
  endfacet
  facet normal 1 -0 0
    outer loop
      vertex 0 2.05965 0.790311
      vertex 0 3.89999 1.90735e-07
      vertex 0 2.08989 0.994165
    endloop
  endfacet
  facet normal 1 -0 0
    outer loop
      vertex 0 2.00957 0.590403
      vertex 0 3.89999 1.90735e-07
      vertex 0 2.05965 0.790311
    endloop
  endfacet
  facet normal 1 -0 0
    outer loop
      vertex 0 1.94015 0.396365
      vertex 0 3.89999 1.90735e-07
      vertex 0 2.00957 0.590403
    endloop
  endfacet
  facet normal 1 -0 0
    outer loop
      vertex 0 1.85203 0.210067
      vertex 0 3.89999 1.90735e-07
      vertex 0 1.94015 0.396365
    endloop
  endfacet
  facet normal 1 -0 0
    outer loop
      vertex 0 1.74609 0.0333035
      vertex 0 3.89999 1.90735e-07
      vertex 0 1.85203 0.210067
    endloop
  endfacet
  facet normal 1 0 0
    outer loop
      vertex 0 3.89999 1.90735e-07
      vertex 0 1.74609 0.0333035
      vertex 0 1.72139 1.90735e-07
    endloop
  endfacet
  facet normal 1 0 0
    outer loop
      vertex 0 0.409689 3.25965
      vertex 0 0.4 3.4
      vertex 0 0.4 3.26109
    endloop
  endfacet
  facet normal 1 0 0
    outer loop
      vertex 0 -2.08989 1.40584
      vertex 0 -2.89999 1.90735e-07
      vertex 0 -2.1 1.2
    endloop
  endfacet
  facet normal 1 0 0
    outer loop
      vertex 0 -2.1 1.2
      vertex 0 -2.89999 1.90735e-07
      vertex 0 -2.08989 0.994165
    endloop
  endfacet
  facet normal 1 0 0
    outer loop
      vertex 0 -1.74609 0.0333035
      vertex 0 -2.89999 1.90735e-07
      vertex 0 -1.72139 1.90735e-07
    endloop
  endfacet
  facet normal 1 0 0
    outer loop
      vertex 0 -1.85203 0.210067
      vertex 0 -2.89999 1.90735e-07
      vertex 0 -1.74609 0.0333035
    endloop
  endfacet
  facet normal 1 0 0
    outer loop
      vertex 0 -1.94015 0.396365
      vertex 0 -2.89999 1.90735e-07
      vertex 0 -1.85203 0.210067
    endloop
  endfacet
  facet normal 1 0 0
    outer loop
      vertex 0 -2.00957 0.590403
      vertex 0 -2.89999 1.90735e-07
      vertex 0 -1.94015 0.396365
    endloop
  endfacet
  facet normal 1 0 0
    outer loop
      vertex 0 -2.05965 0.790311
      vertex 0 -2.89999 1.90735e-07
      vertex 0 -2.00957 0.590403
    endloop
  endfacet
  facet normal 1 0 0
    outer loop
      vertex 0 -2.08989 0.994165
      vertex 0 -2.89999 1.90735e-07
      vertex 0 -2.05965 0.790311
    endloop
  endfacet
  facet normal 0.707107 -0 0.707107
    outer loop
      vertex -0.5 -2.39999 5
      vertex 0 3.89999 4.5
      vertex -0.5 3.39999 5
    endloop
  endfacet
  facet normal 0.707107 0 0.707107
    outer loop
      vertex 0 3.89999 4.5
      vertex -0.5 -2.39999 5
      vertex 0 -2.89999 4.5
    endloop
  endfacet
  facet normal 0 1 -0
    outer loop
      vertex -0.600006 4.5 1.90735e-07
      vertex -6.28809 4.5 4.5
      vertex -0.600006 4.5 4.5
    endloop
  endfacet
  facet normal 0 1 0
    outer loop
      vertex -6.28809 4.5 4.5
      vertex -0.600006 4.5 1.90735e-07
      vertex -6.28809 4.5 1.90735e-07
    endloop
  endfacet
  facet normal -0.865785 0.500416 0
    outer loop
      vertex -6.93352 3.99039 1.90735e-07
      vertex -6.9227 4.00911 4.5
      vertex -6.9227 4.00911 1.90735e-07
    endloop
  endfacet
  facet normal -0.865785 0.500416 0
    outer loop
      vertex -6.9227 4.00911 4.5
      vertex -6.93352 3.99039 1.90735e-07
      vertex -6.93352 3.99039 4.5
    endloop
  endfacet
  facet normal 0.302823 -0.505265 0.808088
    outer loop
      vertex -0.766663 -2.89888 5
      vertex -0.317169 -3.42915 4.5
      vertex -0.266663 -3.39888 4.5
    endloop
  endfacet
  facet normal 0.302823 -0.505265 0.808088
    outer loop
      vertex -0.317169 -3.42915 4.5
      vertex -0.766663 -2.89888 5
      vertex -0.817169 -2.92915 5
    endloop
  endfacet
  facet normal -0.73507 -0.677991 0
    outer loop
      vertex -7.22745 -3.32788 1.90735e-07
      vertex -7.26736 -3.28461 4.5
      vertex -7.26736 -3.28461 1.90735e-07
    endloop
  endfacet
  facet normal -0.73507 -0.677991 0
    outer loop
      vertex -7.26736 -3.28461 4.5
      vertex -7.22745 -3.32788 1.90735e-07
      vertex -7.22745 -3.32788 4.5
    endloop
  endfacet
  facet normal 0.998787 0.0492374 0
    outer loop
      vertex 0 3.89999 4.5
      vertex -0.00289917 3.9588 1.90735e-07
      vertex -0.00289917 3.9588 4.5
    endloop
  endfacet
  facet normal 0.998787 0.0492374 0
    outer loop
      vertex -0.00289917 3.9588 1.90735e-07
      vertex 0 3.89999 4.5
      vertex 0 3.89999 1.90735e-07
    endloop
  endfacet
  facet normal 0.904051 -0.427425 0
    outer loop
      vertex -0.0708466 -3.18283 4.5
      vertex -0.0456848 -3.12961 1.90735e-07
      vertex -0.0456848 -3.12961 4.5
    endloop
  endfacet
  facet normal 0.904051 -0.427425 0
    outer loop
      vertex -0.0456848 -3.12961 1.90735e-07
      vertex -0.0708466 -3.18283 4.5
      vertex -0.0708466 -3.18283 1.90735e-07
    endloop
  endfacet
  facet normal -0.0343615 0.696827 0.716416
    outer loop
      vertex -6.28809 4.5 4.5
      vertex -6.06186 3.9971 5
      vertex -6.00305 4 5
    endloop
  endfacet
  facet normal -0.0343672 0.696825 0.716417
    outer loop
      vertex -6.06186 3.9971 5
      vertex -6.28809 4.5 4.5
      vertex -6.34689 4.4971 4.5
    endloop
  endfacet
  facet normal 0.302823 0.505265 0.808088
    outer loop
      vertex -0.317169 4.42915 4.5
      vertex -0.766663 3.89888 5
      vertex -0.266663 4.39888 4.5
    endloop
  endfacet
  facet normal 0.302823 0.505265 0.808088
    outer loop
      vertex -0.766663 3.89888 5
      vertex -0.317169 4.42915 4.5
      vertex -0.817169 3.92915 5
    endloop
  endfacet
  facet normal -0.146721 0.989178 0
    outer loop
      vertex -6.34689 4.4971 1.90735e-07
      vertex -6.40514 4.48846 4.5
      vertex -6.34689 4.4971 4.5
    endloop
  endfacet
  facet normal -0.146721 0.989178 0
    outer loop
      vertex -6.40514 4.48846 4.5
      vertex -6.34689 4.4971 1.90735e-07
      vertex -6.40514 4.48846 1.90735e-07
    endloop
  endfacet
  facet normal -0.979152 -0.203127 0
    outer loop
      vertex -7.80818 -1.74065 1.90735e-07
      vertex -7.85623 -1.50903 4.5
      vertex -7.85623 -1.50903 1.90735e-07
    endloop
  endfacet
  facet normal -0.979152 -0.203127 0
    outer loop
      vertex -7.85623 -1.50903 4.5
      vertex -7.80818 -1.74065 1.90735e-07
      vertex -7.80818 -1.74065 4.5
    endloop
  endfacet
  facet normal 0.505259 0.302829 0.808089
    outer loop
      vertex -0.60112 3.73334 5
      vertex -0.0708466 4.18283 4.5
      vertex -0.10112 4.23334 4.5
    endloop
  endfacet
  facet normal 0.505261 0.302827 0.808088
    outer loop
      vertex -0.0708466 4.18283 4.5
      vertex -0.60112 3.73334 5
      vertex -0.570847 3.68283 5
    endloop
  endfacet
  facet normal 0.514076 -0.857745 0
    outer loop
      vertex -0.317169 -3.42915 1.90735e-07
      vertex -0.266663 -3.39888 4.5
      vertex -0.317169 -3.42915 4.5
    endloop
  endfacet
  facet normal 0.514076 -0.857745 0
    outer loop
      vertex -0.266663 -3.39888 4.5
      vertex -0.317169 -3.42915 1.90735e-07
      vertex -0.266663 -3.39888 1.90735e-07
    endloop
  endfacet
  facet normal -0.419769 -0.907631 0
    outer loop
      vertex -7.08513 -3.43155 1.90735e-07
      vertex -7.03168 -3.45627 4.5
      vertex -7.08513 -3.43155 4.5
    endloop
  endfacet
  facet normal -0.419769 -0.907631 -0
    outer loop
      vertex -7.03168 -3.45627 4.5
      vertex -7.08513 -3.43155 1.90735e-07
      vertex -7.03168 -3.45627 1.90735e-07
    endloop
  endfacet
  facet normal 0.595804 -0.80313 0
    outer loop
      vertex -0.266663 -3.39888 1.90735e-07
      vertex -0.219376 -3.3638 4.5
      vertex -0.266663 -3.39888 4.5
    endloop
  endfacet
  facet normal 0.595804 -0.80313 0
    outer loop
      vertex -0.219376 -3.3638 4.5
      vertex -0.266663 -3.39888 1.90735e-07
      vertex -0.219376 -3.3638 1.90735e-07
    endloop
  endfacet
  facet normal 0.387964 -0.428202 0.816166
    outer loop
      vertex -0.675735 -2.82426 5
      vertex -0.219376 -3.3638 4.5
      vertex -0.175735 -3.32426 4.5
    endloop
  endfacet
  facet normal 0.387964 -0.428202 0.816166
    outer loop
      vertex -0.219376 -3.3638 4.5
      vertex -0.675735 -2.82426 5
      vertex -0.719376 -2.8638 5
    endloop
  endfacet
  facet normal 0.998787 -0.0492374 0
    outer loop
      vertex -0.00289917 -2.9588 4.5
      vertex 0 -2.89999 1.90735e-07
      vertex 0 -2.89999 4.5
    endloop
  endfacet
  facet normal 0.998787 -0.0492374 0
    outer loop
      vertex 0 -2.89999 1.90735e-07
      vertex -0.00289917 -2.9588 4.5
      vertex -0.00289917 -2.9588 1.90735e-07
    endloop
  endfacet
  facet normal 0.467017 0.346509 0.813527
    outer loop
      vertex -0.6362 3.78062 5
      vertex -0.10112 4.23334 4.5
      vertex -0.1362 4.28062 4.5
    endloop
  endfacet
  facet normal 0.467017 0.346509 0.813527
    outer loop
      vertex -0.10112 4.23334 4.5
      vertex -0.6362 3.78062 5
      vertex -0.60112 3.73334 5
    endloop
  endfacet
  facet normal -0 0.707107 0.707107
    outer loop
      vertex -6.28809 4.5 4.5
      vertex -1.10001 4 5
      vertex -0.600006 4.5 4.5
    endloop
  endfacet
  facet normal 0 0.707107 0.707107
    outer loop
      vertex -1.10001 4 5
      vertex -6.28809 4.5 4.5
      vertex -6.00305 4 5
    endloop
  endfacet
  facet normal -0.222766 0.622913 0.749903
    outer loop
      vertex -6.46225 4.47415 4.5
      vertex -6.23267 3.95432 5
      vertex -6.17722 3.97415 5
    endloop
  endfacet
  facet normal -0.222766 0.622913 0.749903
    outer loop
      vertex -6.23267 3.95432 5
      vertex -6.46225 4.47415 4.5
      vertex -6.5177 4.45432 4.5
    endloop
  endfacet
  facet normal -0.741145 0.671345 0
    outer loop
      vertex -6.75189 4.28062 1.90735e-07
      vertex -6.71236 4.32426 4.5
      vertex -6.71236 4.32426 1.90735e-07
    endloop
  endfacet
  facet normal -0.741145 0.671345 0
    outer loop
      vertex -6.71236 4.32426 4.5
      vertex -6.75189 4.28062 1.90735e-07
      vertex -6.75189 4.28062 4.5
    endloop
  endfacet
  facet normal -0.94462 0.328167 0
    outer loop
      vertex -7.59605 2.50945 1.90735e-07
      vertex -7.51582 2.74039 4.5
      vertex -7.51582 2.74039 1.90735e-07
    endloop
  endfacet
  facet normal -0.94462 0.328167 0
    outer loop
      vertex -7.51582 2.74039 4.5
      vertex -7.59605 2.50945 1.90735e-07
      vertex -7.59605 2.50945 4.5
    endloop
  endfacet
  facet normal -0.994 -0.109379 0
    outer loop
      vertex -7.93826 -0.990738 1.90735e-07
      vertex -7.96376 -0.759003 4.5
      vertex -7.96376 -0.759003 1.90735e-07
    endloop
  endfacet
  facet normal -0.994 -0.109379 0
    outer loop
      vertex -7.96376 -0.759003 4.5
      vertex -7.93826 -0.990738 1.90735e-07
      vertex -7.93826 -0.990738 4.5
    endloop
  endfacet
  facet normal -0.675226 -0.209959 0.707098
    outer loop
      vertex -7.67412 -2.25946 4.5
      vertex -7.60222 -2.49069 4.5
      vertex -7.12727 -2.33423 5
    endloop
  endfacet
  facet normal -0.675227 -0.209945 0.707101
    outer loop
      vertex -7.19429 -2.11868 5
      vertex -7.67412 -2.25946 4.5
      vertex -7.12727 -2.33423 5
    endloop
  endfacet
  facet normal -0.906616 0.421956 0
    outer loop
      vertex -7.30576 3.25932 1.90735e-07
      vertex -7.19809 3.49066 4.5
      vertex -7.19809 3.49066 1.90735e-07
    endloop
  endfacet
  facet normal -0.906616 0.421956 0
    outer loop
      vertex -7.19809 3.49066 4.5
      vertex -7.30576 3.25932 1.90735e-07
      vertex -7.30576 3.25932 4.5
    endloop
  endfacet
  facet normal -0.954902 0.296923 0
    outer loop
      vertex -7.67412 2.25946 1.90735e-07
      vertex -7.60222 2.49069 4.5
      vertex -7.60222 2.49069 1.90735e-07
    endloop
  endfacet
  facet normal -0.954902 0.296923 0
    outer loop
      vertex -7.60222 2.49069 4.5
      vertex -7.67412 2.25946 1.90735e-07
      vertex -7.67412 2.25946 4.5
    endloop
  endfacet
  facet normal 0.0340015 0.689493 0.723494
    outer loop
      vertex -0.600006 4.5 4.5
      vertex -1.0412 3.9971 5
      vertex -0.541199 4.4971 4.5
    endloop
  endfacet
  facet normal 0.0339998 0.689493 0.723494
    outer loop
      vertex -1.0412 3.9971 5
      vertex -0.600006 4.5 4.5
      vertex -1.10001 4 5
    endloop
  endfacet
  facet normal 0.941565 0.336831 0
    outer loop
      vertex -0.0258484 4.07416 4.5
      vertex -0.0456848 4.12961 1.90735e-07
      vertex -0.0456848 4.12961 4.5
    endloop
  endfacet
  facet normal 0.941565 0.336831 0
    outer loop
      vertex -0.0456848 4.12961 1.90735e-07
      vertex -0.0258484 4.07416 4.5
      vertex -0.0258484 4.07416 1.90735e-07
    endloop
  endfacet
  facet normal 0.514076 0.857745 -0
    outer loop
      vertex -0.266663 4.39888 1.90735e-07
      vertex -0.317169 4.42915 4.5
      vertex -0.266663 4.39888 4.5
    endloop
  endfacet
  facet normal 0.514076 0.857745 0
    outer loop
      vertex -0.317169 4.42915 4.5
      vertex -0.266663 4.39888 1.90735e-07
      vertex -0.317169 4.42915 1.90735e-07
    endloop
  endfacet
  facet normal 0.146738 0.989175 -0
    outer loop
      vertex -0.482956 4.48846 1.90735e-07
      vertex -0.541199 4.4971 4.5
      vertex -0.482956 4.48846 4.5
    endloop
  endfacet
  facet normal 0.146738 0.989175 0
    outer loop
      vertex -0.541199 4.4971 4.5
      vertex -0.482956 4.48846 1.90735e-07
      vertex -0.541199 4.4971 1.90735e-07
    endloop
  endfacet
  facet normal 0.857737 0.514089 0
    outer loop
      vertex -0.0708466 4.18283 4.5
      vertex -0.10112 4.23334 1.90735e-07
      vertex -0.10112 4.23334 4.5
    endloop
  endfacet
  facet normal 0.857737 0.514089 0
    outer loop
      vertex -0.10112 4.23334 1.90735e-07
      vertex -0.0708466 4.18283 4.5
      vertex -0.0708466 4.18283 1.90735e-07
    endloop
  endfacet
  facet normal 0.653639 -0.0969347 0.750573
    outer loop
      vertex -0.511536 -2.51704 5
      vertex -0.00289917 -2.9588 4.5
      vertex -0.502899 -2.4588 5
    endloop
  endfacet
  facet normal 0.653642 -0.0969288 0.750571
    outer loop
      vertex -0.00289917 -2.9588 4.5
      vertex -0.511536 -2.51704 5
      vertex -0.0115356 -3.01704 4.5
    endloop
  endfacet
  facet normal 0.6895 -0.0339884 0.723488
    outer loop
      vertex -0.502899 -2.4588 5
      vertex 0 -2.89999 4.5
      vertex -0.5 -2.39999 5
    endloop
  endfacet
  facet normal 0.689499 -0.0339904 0.723489
    outer loop
      vertex 0 -2.89999 4.5
      vertex -0.502899 -2.4588 5
      vertex -0.00289917 -2.9588 4.5
    endloop
  endfacet
  facet normal 0.803088 -0.595861 0
    outer loop
      vertex -0.1362 -3.28062 4.5
      vertex -0.10112 -3.23334 1.90735e-07
      vertex -0.10112 -3.23334 4.5
    endloop
  endfacet
  facet normal 0.803088 -0.595861 0
    outer loop
      vertex -0.10112 -3.23334 1.90735e-07
      vertex -0.1362 -3.28062 4.5
      vertex -0.1362 -3.28062 1.90735e-07
    endloop
  endfacet
  facet normal 0.336734 0.9416 -0
    outer loop
      vertex -0.370392 4.45432 1.90735e-07
      vertex -0.425842 4.47415 4.5
      vertex -0.370392 4.45432 4.5
    endloop
  endfacet
  facet normal 0.336734 0.9416 0
    outer loop
      vertex -0.425842 4.47415 4.5
      vertex -0.370392 4.45432 1.90735e-07
      vertex -0.425842 4.47415 1.90735e-07
    endloop
  endfacet
  facet normal 0.154595 0.617019 0.771614
    outer loop
      vertex -0.482956 4.48846 4.5
      vertex -0.925842 3.97415 5
      vertex -0.425842 4.47415 4.5
    endloop
  endfacet
  facet normal 0.154595 0.617019 0.771614
    outer loop
      vertex -0.925842 3.97415 5
      vertex -0.482956 4.48846 4.5
      vertex -0.982956 3.98846 5
    endloop
  endfacet
  facet normal -0.604369 0.363756 0.708816
    outer loop
      vertex -6.80215 4.2094 4.5
      vertex -6.9227 4.00911 4.5
      vertex -6.52794 3.69069 5
    endloop
  endfacet
  facet normal -0.243055 0.970012 0
    outer loop
      vertex -6.40514 4.48846 1.90735e-07
      vertex -6.46225 4.47415 4.5
      vertex -6.40514 4.48846 4.5
    endloop
  endfacet
  facet normal -0.243055 0.970012 0
    outer loop
      vertex -6.46225 4.47415 4.5
      vertex -6.40514 4.48846 1.90735e-07
      vertex -6.46225 4.47415 1.90735e-07
    endloop
  endfacet
  facet normal -0.514046 0.857763 0
    outer loop
      vertex -6.57092 4.42915 1.90735e-07
      vertex -6.62143 4.39888 4.5
      vertex -6.57092 4.42915 4.5
    endloop
  endfacet
  facet normal -0.514046 0.857763 0
    outer loop
      vertex -6.62143 4.39888 4.5
      vertex -6.57092 4.42915 1.90735e-07
      vertex -6.62143 4.39888 1.90735e-07
    endloop
  endfacet
  facet normal -0.0492599 0.998786 0
    outer loop
      vertex -6.28809 4.5 1.90735e-07
      vertex -6.34689 4.4971 4.5
      vertex -6.28809 4.5 4.5
    endloop
  endfacet
  facet normal -0.0492599 0.998786 0
    outer loop
      vertex -6.34689 4.4971 4.5
      vertex -6.28809 4.5 1.90735e-07
      vertex -6.34689 4.4971 1.90735e-07
    endloop
  endfacet
  facet normal -0.630322 0.320451 0.70711
    outer loop
      vertex -7.07144 3.74057 4.5
      vertex -7.18896 3.50941 4.5
      vertex -6.62968 3.5062 5
    endloop
  endfacet
  facet normal -0.817038 0.576584 0
    outer loop
      vertex -6.80215 4.2094 1.90735e-07
      vertex -6.75189 4.28062 4.5
      vertex -6.75189 4.28062 1.90735e-07
    endloop
  endfacet
  facet normal -0.817038 0.576584 0
    outer loop
      vertex -6.75189 4.28062 4.5
      vertex -6.80215 4.2094 1.90735e-07
      vertex -6.80215 4.2094 4.5
    endloop
  endfacet
  facet normal -0.646263 0.286846 0.707152
    outer loop
      vertex -7.30576 3.25932 4.5
      vertex -6.85716 3.03738 5
      vertex -6.84882 3.05617 5
    endloop
  endfacet
  facet normal -0.646203 0.286972 0.707155
    outer loop
      vertex -6.85716 3.03738 5
      vertex -7.30576 3.25932 4.5
      vertex -7.3141 3.24054 4.5
    endloop
  endfacet
  facet normal -0.975782 0.218746 0
    outer loop
      vertex -7.80818 1.74065 1.90735e-07
      vertex -7.80397 1.75943 4.5
      vertex -7.80397 1.75943 1.90735e-07
    endloop
  endfacet
  facet normal -0.975782 0.218746 0
    outer loop
      vertex -7.80397 1.75943 4.5
      vertex -7.80818 1.74065 1.90735e-07
      vertex -7.80818 1.74065 4.5
    endloop
  endfacet
  facet normal -0.700085 0.0994327 0.707103
    outer loop
      vertex -7.90305 1.24078 4.5
      vertex -7.9359 1.00949 4.5
      vertex -7.40915 1.16254 5
    endloop
  endfacet
  facet normal -0.700084 0.0994255 0.707104
    outer loop
      vertex -7.40915 1.16254 5
      vertex -7.9359 1.00949 4.5
      vertex -7.43976 0.947006 5
    endloop
  endfacet
  facet normal -1 0 0
    outer loop
      vertex -7.99985 -0.00941467 1.90735e-07
      vertex -7.99985 0.00941467 4.5
      vertex -7.99985 0.00941467 1.90735e-07
    endloop
  endfacet
  facet normal -1 -0 0
    outer loop
      vertex -7.99985 0.00941467 4.5
      vertex -7.99985 -0.00941467 1.90735e-07
      vertex -7.99985 -0.00941467 4.5
    endloop
  endfacet
  facet normal -0.920565 -0.39059 0
    outer loop
      vertex -7.35918 -3.13435 1.90735e-07
      vertex -7.41217 -3.00946 4.5
      vertex -7.41217 -3.00946 1.90735e-07
    endloop
  endfacet
  facet normal -0.920565 -0.39059 0
    outer loop
      vertex -7.41217 -3.00946 4.5
      vertex -7.35918 -3.13435 1.90735e-07
      vertex -7.35918 -3.13435 4.5
    endloop
  endfacet
  facet normal -0.798121 -0.602497 0
    outer loop
      vertex -7.26736 -3.28461 1.90735e-07
      vertex -7.30284 -3.23761 4.5
      vertex -7.30284 -3.23761 1.90735e-07
    endloop
  endfacet
  facet normal -0.798121 -0.602497 0
    outer loop
      vertex -7.30284 -3.23761 4.5
      vertex -7.26736 -3.28461 1.90735e-07
      vertex -7.26736 -3.28461 4.5
    endloop
  endfacet
  facet normal -0.972139 -0.234406 0
    outer loop
      vertex -7.74828 -1.99039 1.90735e-07
      vertex -7.80397 -1.75943 4.5
      vertex -7.80397 -1.75943 1.90735e-07
    endloop
  endfacet
  facet normal -0.972139 -0.234406 0
    outer loop
      vertex -7.80397 -1.75943 4.5
      vertex -7.74828 -1.99039 1.90735e-07
      vertex -7.74828 -1.99039 4.5
    endloop
  endfacet
  facet normal -0.671521 -0.221337 0.707156
    outer loop
      vertex -7.12727 -2.33423 5
      vertex -7.59605 -2.50945 4.5
      vertex -7.12108 -2.35301 5
    endloop
  endfacet
  facet normal -0.671672 -0.220907 0.707147
    outer loop
      vertex -7.60222 -2.49069 4.5
      vertex -7.59605 -2.50945 4.5
      vertex -7.12727 -2.33423 5
    endloop
  endfacet
  facet normal -0.707021 0.011086 0.707106
    outer loop
      vertex -7.99622 0.240921 4.5
      vertex -7.99985 0.00941467 4.5
      vertex -7.49979 0.00941467 5
    endloop
  endfacet
  facet normal -0.500075 0.452979 0.738062
    outer loop
      vertex -6.75189 4.28062 4.5
      vertex -6.42732 3.82426 5
      vertex -6.71236 4.32426 4.5
    endloop
  endfacet
  facet normal -0.500011 0.453035 0.738071
    outer loop
      vertex -6.42732 3.82426 5
      vertex -6.75189 4.28062 4.5
      vertex -6.46686 3.78062 5
    endloop
  endfacet
  facet normal 0.427519 0.904006 -0
    outer loop
      vertex -0.317169 4.42915 1.90735e-07
      vertex -0.370392 4.45432 4.5
      vertex -0.317169 4.42915 4.5
    endloop
  endfacet
  facet normal 0.427519 0.904006 0
    outer loop
      vertex -0.370392 4.45432 4.5
      vertex -0.317169 4.42915 1.90735e-07
      vertex -0.370392 4.45432 1.90735e-07
    endloop
  endfacet
  facet normal 0.049254 0.998786 -0
    outer loop
      vertex -0.541199 4.4971 1.90735e-07
      vertex -0.600006 4.5 4.5
      vertex -0.541199 4.4971 4.5
    endloop
  endfacet
  facet normal 0.049254 0.998786 0
    outer loop
      vertex -0.600006 4.5 4.5
      vertex -0.541199 4.4971 1.90735e-07
      vertex -0.600006 4.5 1.90735e-07
    endloop
  endfacet
  facet normal 0.904051 0.427425 0
    outer loop
      vertex -0.0456848 4.12961 4.5
      vertex -0.0708466 4.18283 1.90735e-07
      vertex -0.0708466 4.18283 4.5
    endloop
  endfacet
  facet normal 0.904051 0.427425 0
    outer loop
      vertex -0.0708466 4.18283 1.90735e-07
      vertex -0.0456848 4.12961 4.5
      vertex -0.0456848 4.12961 1.90735e-07
    endloop
  endfacet
  facet normal 0.049254 -0.998786 0
    outer loop
      vertex -0.600006 -3.5 1.90735e-07
      vertex -0.541199 -3.4971 4.5
      vertex -0.600006 -3.5 4.5
    endloop
  endfacet
  facet normal 0.049254 -0.998786 0
    outer loop
      vertex -0.541199 -3.4971 4.5
      vertex -0.600006 -3.5 1.90735e-07
      vertex -0.541199 -3.4971 1.90735e-07
    endloop
  endfacet
  facet normal 0 0 -1
    outer loop
      vertex -0.600006 -3.5 1.90735e-07
      vertex 0 -2.89999 1.90735e-07
      vertex -0.00289917 -2.9588 1.90735e-07
    endloop
  endfacet
  facet normal 0 0 -1
    outer loop
      vertex -0.600006 -3.5 1.90735e-07
      vertex -0.00289917 -2.9588 1.90735e-07
      vertex -0.0115356 -3.01704 1.90735e-07
    endloop
  endfacet
  facet normal 0 0 -1
    outer loop
      vertex -0.600006 -3.5 1.90735e-07
      vertex -0.0115356 -3.01704 1.90735e-07
      vertex -0.0258484 -3.07416 1.90735e-07
    endloop
  endfacet
  facet normal 0 0 -1
    outer loop
      vertex -0.600006 -3.5 1.90735e-07
      vertex -0.0258484 -3.07416 1.90735e-07
      vertex -0.0456848 -3.12961 1.90735e-07
    endloop
  endfacet
  facet normal 0 0 -1
    outer loop
      vertex -0.600006 -3.5 1.90735e-07
      vertex -0.0456848 -3.12961 1.90735e-07
      vertex -0.0708466 -3.18283 1.90735e-07
    endloop
  endfacet
  facet normal 0 0 -1
    outer loop
      vertex -0.600006 -3.5 1.90735e-07
      vertex -0.0708466 -3.18283 1.90735e-07
      vertex -0.10112 -3.23334 1.90735e-07
    endloop
  endfacet
  facet normal 0 0 -1
    outer loop
      vertex -0.600006 -3.5 1.90735e-07
      vertex -0.10112 -3.23334 1.90735e-07
      vertex -0.1362 -3.28062 1.90735e-07
    endloop
  endfacet
  facet normal 0 0 -1
    outer loop
      vertex -0.600006 -3.5 1.90735e-07
      vertex -0.1362 -3.28062 1.90735e-07
      vertex -0.175735 -3.32426 1.90735e-07
    endloop
  endfacet
  facet normal 0 0 -1
    outer loop
      vertex -0.600006 -3.5 1.90735e-07
      vertex -0.175735 -3.32426 1.90735e-07
      vertex -0.219376 -3.3638 1.90735e-07
    endloop
  endfacet
  facet normal 0 0 -1
    outer loop
      vertex -0.600006 -3.5 1.90735e-07
      vertex -0.219376 -3.3638 1.90735e-07
      vertex -0.266663 -3.39888 1.90735e-07
    endloop
  endfacet
  facet normal 0 0 -1
    outer loop
      vertex -0.600006 -3.5 1.90735e-07
      vertex -0.266663 -3.39888 1.90735e-07
      vertex -0.317169 -3.42915 1.90735e-07
    endloop
  endfacet
  facet normal 0 0 -1
    outer loop
      vertex -0.600006 -3.5 1.90735e-07
      vertex -0.317169 -3.42915 1.90735e-07
      vertex -0.370392 -3.45432 1.90735e-07
    endloop
  endfacet
  facet normal 0 0 -1
    outer loop
      vertex -0.600006 -3.5 1.90735e-07
      vertex -0.370392 -3.45432 1.90735e-07
      vertex -0.425842 -3.47415 1.90735e-07
    endloop
  endfacet
  facet normal 0 0 -1
    outer loop
      vertex -0.600006 -3.5 1.90735e-07
      vertex -0.425842 -3.47415 1.90735e-07
      vertex -0.482956 -3.48846 1.90735e-07
    endloop
  endfacet
  facet normal 0 0 -1
    outer loop
      vertex -0.600006 -3.5 1.90735e-07
      vertex -0.482956 -3.48846 1.90735e-07
      vertex -0.541199 -3.4971 1.90735e-07
    endloop
  endfacet
  facet normal 0 0 -1
    outer loop
      vertex -2.2 -1.72139 1.90735e-07
      vertex 0 -2.89999 1.90735e-07
      vertex -0.600006 -3.5 1.90735e-07
    endloop
  endfacet
  facet normal 0 0 -1
    outer loop
      vertex 0 -2.89999 1.90735e-07
      vertex -2.2 -1.72139 1.90735e-07
      vertex 0 -1.72139 1.90735e-07
    endloop
  endfacet
  facet normal 0 0 -1
    outer loop
      vertex -7.74828 -1.99039 1.90735e-07
      vertex -2.2 -0.897002 1.90735e-07
      vertex -2.2 -1.72139 1.90735e-07
    endloop
  endfacet
  facet normal 0 0 -1
    outer loop
      vertex -7.8598 -1.49031 1.90735e-07
      vertex -2.2 -0.897002 1.90735e-07
      vertex -7.85623 -1.50903 1.90735e-07
    endloop
  endfacet
  facet normal 0 0 -1
    outer loop
      vertex -7.93826 -0.990738 1.90735e-07
      vertex -2.2 -0.4 1.90735e-07
      vertex -7.9359 -1.00949 1.90735e-07
    endloop
  endfacet
  facet normal 0 0 -1
    outer loop
      vertex -7.99562 -0.259613 1.90735e-07
      vertex -2.2 -0.4 1.90735e-07
      vertex -7.98479 -0.490631 1.90735e-07
    endloop
  endfacet
  facet normal 0 -0 -1
    outer loop
      vertex -7.99562 0.259613 1.90735e-07
      vertex -2.2 0.4 1.90735e-07
      vertex -7.99622 0.240921 1.90735e-07
    endloop
  endfacet
  facet normal 0 -0 -1
    outer loop
      vertex -7.3141 3.24054 1.90735e-07
      vertex -2.2 1.72139 1.90735e-07
      vertex -7.41216 3.00949 1.90735e-07
    endloop
  endfacet
  facet normal 0 0 -1
    outer loop
      vertex -2.2 1.72139 1.90735e-07
      vertex -7.30576 3.25932 1.90735e-07
      vertex -6.28809 4.5 1.90735e-07
    endloop
  endfacet
  facet normal 0 -0 -1
    outer loop
      vertex -7.18896 3.50941 1.90735e-07
      vertex -6.28809 4.5 1.90735e-07
      vertex -7.19809 3.49066 1.90735e-07
    endloop
  endfacet
  facet normal 0 -0 -1
    outer loop
      vertex -7.07144 3.74057 1.90735e-07
      vertex -6.28809 4.5 1.90735e-07
      vertex -7.18896 3.50941 1.90735e-07
    endloop
  endfacet
  facet normal 0 -0 -1
    outer loop
      vertex -6.93352 3.99039 1.90735e-07
      vertex -6.28809 4.5 1.90735e-07
      vertex -7.06148 3.75932 1.90735e-07
    endloop
  endfacet
  facet normal 0 -0 -1
    outer loop
      vertex -6.80215 4.2094 1.90735e-07
      vertex -6.28809 4.5 1.90735e-07
      vertex -6.9227 4.00911 1.90735e-07
    endloop
  endfacet
  facet normal 0 0 -1
    outer loop
      vertex -6.34689 4.4971 1.90735e-07
      vertex -6.80215 4.2094 1.90735e-07
      vertex -6.40514 4.48846 1.90735e-07
    endloop
  endfacet
  facet normal 0 0 -1
    outer loop
      vertex -6.46225 4.47415 1.90735e-07
      vertex -6.80215 4.2094 1.90735e-07
      vertex -6.5177 4.45432 1.90735e-07
    endloop
  endfacet
  facet normal 0 0 -1
    outer loop
      vertex -6.57092 4.42915 1.90735e-07
      vertex -6.80215 4.2094 1.90735e-07
      vertex -6.62143 4.39888 1.90735e-07
    endloop
  endfacet
  facet normal 0 0 -1
    outer loop
      vertex -6.66872 4.3638 1.90735e-07
      vertex -6.80215 4.2094 1.90735e-07
      vertex -6.71236 4.32426 1.90735e-07
    endloop
  endfacet
  facet normal 0 0 -1
    outer loop
      vertex -6.80684 -3.5 1.90735e-07
      vertex -2.2 -1.72139 1.90735e-07
      vertex -0.600006 -3.5 1.90735e-07
    endloop
  endfacet
  facet normal 0 0 -1
    outer loop
      vertex -7.74344 -2.00912 1.90735e-07
      vertex -2.2 -1.72139 1.90735e-07
      vertex -6.80684 -3.5 1.90735e-07
    endloop
  endfacet
  facet normal 0 0 -1
    outer loop
      vertex -7.35918 -3.13435 1.90735e-07
      vertex -6.80684 -3.5 1.90735e-07
      vertex -6.86052 -3.49759 1.90735e-07
    endloop
  endfacet
  facet normal 0 0 -1
    outer loop
      vertex -7.35918 -3.13435 1.90735e-07
      vertex -6.86052 -3.49759 1.90735e-07
      vertex -6.91884 -3.48946 1.90735e-07
    endloop
  endfacet
  facet normal 0 0 -1
    outer loop
      vertex -6.71236 4.32426 1.90735e-07
      vertex -6.80215 4.2094 1.90735e-07
      vertex -6.75189 4.28062 1.90735e-07
    endloop
  endfacet
  facet normal 0 0 -1
    outer loop
      vertex -6.62143 4.39888 1.90735e-07
      vertex -6.80215 4.2094 1.90735e-07
      vertex -6.66872 4.3638 1.90735e-07
    endloop
  endfacet
  facet normal 0 0 -1
    outer loop
      vertex -7.35918 -3.13435 1.90735e-07
      vertex -6.91884 -3.48946 1.90735e-07
      vertex -6.97607 -3.47563 1.90735e-07
    endloop
  endfacet
  facet normal 0 0 -1
    outer loop
      vertex -7.35918 -3.13435 1.90735e-07
      vertex -6.97607 -3.47563 1.90735e-07
      vertex -7.03168 -3.45627 1.90735e-07
    endloop
  endfacet
  facet normal 0 0 -1
    outer loop
      vertex -6.5177 4.45432 1.90735e-07
      vertex -6.80215 4.2094 1.90735e-07
      vertex -6.57092 4.42915 1.90735e-07
    endloop
  endfacet
  facet normal 0 0 -1
    outer loop
      vertex -6.40514 4.48846 1.90735e-07
      vertex -6.80215 4.2094 1.90735e-07
      vertex -6.46225 4.47415 1.90735e-07
    endloop
  endfacet
  facet normal 0 0 -1
    outer loop
      vertex -7.35918 -3.13435 1.90735e-07
      vertex -7.03168 -3.45627 1.90735e-07
      vertex -7.08513 -3.43155 1.90735e-07
    endloop
  endfacet
  facet normal 0 0 -1
    outer loop
      vertex -7.35918 -3.13435 1.90735e-07
      vertex -7.08513 -3.43155 1.90735e-07
      vertex -7.13588 -3.40172 1.90735e-07
    endloop
  endfacet
  facet normal 0 0 -1
    outer loop
      vertex -7.35918 -3.13435 1.90735e-07
      vertex -7.13588 -3.40172 1.90735e-07
      vertex -7.18347 -3.36705 1.90735e-07
    endloop
  endfacet
  facet normal 0 0 -1
    outer loop
      vertex -6.28809 4.5 1.90735e-07
      vertex -6.80215 4.2094 1.90735e-07
      vertex -6.34689 4.4971 1.90735e-07
    endloop
  endfacet
  facet normal 0 -0 -1
    outer loop
      vertex -6.9227 4.00911 1.90735e-07
      vertex -6.28809 4.5 1.90735e-07
      vertex -6.93352 3.99039 1.90735e-07
    endloop
  endfacet
  facet normal 0 0 -1
    outer loop
      vertex -7.35918 -3.13435 1.90735e-07
      vertex -7.18347 -3.36705 1.90735e-07
      vertex -7.22745 -3.32788 1.90735e-07
    endloop
  endfacet
  facet normal 0 0 -1
    outer loop
      vertex -7.35918 -3.13435 1.90735e-07
      vertex -7.22745 -3.32788 1.90735e-07
      vertex -7.26736 -3.28461 1.90735e-07
    endloop
  endfacet
  facet normal 0 0 -1
    outer loop
      vertex -7.35918 -3.13435 1.90735e-07
      vertex -7.26736 -3.28461 1.90735e-07
      vertex -7.30284 -3.23761 1.90735e-07
    endloop
  endfacet
  facet normal 0 -0 -1
    outer loop
      vertex -7.06148 3.75932 1.90735e-07
      vertex -6.28809 4.5 1.90735e-07
      vertex -7.07144 3.74057 1.90735e-07
    endloop
  endfacet
  facet normal 0 -0 -1
    outer loop
      vertex -7.19809 3.49066 1.90735e-07
      vertex -6.28809 4.5 1.90735e-07
      vertex -7.30576 3.25932 1.90735e-07
    endloop
  endfacet
  facet normal 0 0 -1
    outer loop
      vertex -7.35918 -3.13435 1.90735e-07
      vertex -7.30284 -3.23761 1.90735e-07
      vertex -7.33354 -3.18736 1.90735e-07
    endloop
  endfacet
  facet normal 0 0 -1
    outer loop
      vertex -6.80684 -3.5 1.90735e-07
      vertex -7.35918 -3.13435 1.90735e-07
      vertex -7.41217 -3.00946 1.90735e-07
    endloop
  endfacet
  facet normal 0 -0 -1
    outer loop
      vertex -7.30576 3.25932 1.90735e-07
      vertex -2.2 1.72139 1.90735e-07
      vertex -7.3141 3.24054 1.90735e-07
    endloop
  endfacet
  facet normal 0 0 -1
    outer loop
      vertex -6.80684 -3.5 1.90735e-07
      vertex -7.41217 -3.00946 1.90735e-07
      vertex -7.41972 -2.99077 1.90735e-07
    endloop
  endfacet
  facet normal 0 0 -1
    outer loop
      vertex -6.80684 -3.5 1.90735e-07
      vertex -7.41972 -2.99077 1.90735e-07
      vertex -7.50894 -2.75916 1.90735e-07
    endloop
  endfacet
  facet normal 0 0 -1
    outer loop
      vertex -2.2 1.72139 1.90735e-07
      vertex -7.41972 2.99077 1.90735e-07
      vertex -7.41216 3.00949 1.90735e-07
    endloop
  endfacet
  facet normal 0 0 -1
    outer loop
      vertex -6.80684 -3.5 1.90735e-07
      vertex -7.50894 -2.75916 1.90735e-07
      vertex -7.51582 -2.74039 1.90735e-07
    endloop
  endfacet
  facet normal 0 0 -1
    outer loop
      vertex -2.2 1.72139 1.90735e-07
      vertex -7.50894 2.75916 1.90735e-07
      vertex -7.41972 2.99077 1.90735e-07
    endloop
  endfacet
  facet normal 0 0 -1
    outer loop
      vertex -6.80684 -3.5 1.90735e-07
      vertex -7.51582 -2.74039 1.90735e-07
      vertex -7.59605 -2.50945 1.90735e-07
    endloop
  endfacet
  facet normal 0 0 -1
    outer loop
      vertex -2.2 1.72139 1.90735e-07
      vertex -7.51582 2.74039 1.90735e-07
      vertex -7.50894 2.75916 1.90735e-07
    endloop
  endfacet
  facet normal 0 0 -1
    outer loop
      vertex -6.80684 -3.5 1.90735e-07
      vertex -7.59605 -2.50945 1.90735e-07
      vertex -7.60222 -2.49069 1.90735e-07
    endloop
  endfacet
  facet normal 0 0 -1
    outer loop
      vertex -2.2 1.72139 1.90735e-07
      vertex -7.59605 2.50945 1.90735e-07
      vertex -7.51582 2.74039 1.90735e-07
    endloop
  endfacet
  facet normal 0 0 -1
    outer loop
      vertex -6.80684 -3.5 1.90735e-07
      vertex -7.60222 -2.49069 1.90735e-07
      vertex -7.67412 -2.25946 1.90735e-07
    endloop
  endfacet
  facet normal 0 0 -1
    outer loop
      vertex -2.2 1.72139 1.90735e-07
      vertex -7.60222 2.49069 1.90735e-07
      vertex -7.59605 2.50945 1.90735e-07
    endloop
  endfacet
  facet normal 0 0 -1
    outer loop
      vertex -6.80684 -3.5 1.90735e-07
      vertex -7.67412 -2.25946 1.90735e-07
      vertex -7.67963 -2.24071 1.90735e-07
    endloop
  endfacet
  facet normal 0 0 -1
    outer loop
      vertex -2.2 1.72139 1.90735e-07
      vertex -7.67412 2.25946 1.90735e-07
      vertex -7.60222 2.49069 1.90735e-07
    endloop
  endfacet
  facet normal 0 0 -1
    outer loop
      vertex -6.80684 -3.5 1.90735e-07
      vertex -7.67963 -2.24071 1.90735e-07
      vertex -7.74344 -2.00912 1.90735e-07
    endloop
  endfacet
  facet normal 0 0 -1
    outer loop
      vertex -2.2 1.72139 1.90735e-07
      vertex -7.67963 2.24071 1.90735e-07
      vertex -7.67412 2.25946 1.90735e-07
    endloop
  endfacet
  facet normal 0 0 -1
    outer loop
      vertex -2.2 -1.72139 1.90735e-07
      vertex -7.74344 -2.00912 1.90735e-07
      vertex -7.74828 -1.99039 1.90735e-07
    endloop
  endfacet
  facet normal 0 0 -1
    outer loop
      vertex -2.2 1.72139 1.90735e-07
      vertex -7.74344 2.00912 1.90735e-07
      vertex -7.67963 2.24071 1.90735e-07
    endloop
  endfacet
  facet normal 0 0 -1
    outer loop
      vertex -2.2 -0.897002 1.90735e-07
      vertex -7.74828 -1.99039 1.90735e-07
      vertex -7.80397 -1.75943 1.90735e-07
    endloop
  endfacet
  facet normal 0 0 -1
    outer loop
      vertex -2.2 1.72139 1.90735e-07
      vertex -7.74828 1.99039 1.90735e-07
      vertex -7.74344 2.00912 1.90735e-07
    endloop
  endfacet
  facet normal 0 0 -1
    outer loop
      vertex -2.2 -0.897002 1.90735e-07
      vertex -7.80397 -1.75943 1.90735e-07
      vertex -7.80818 -1.74065 1.90735e-07
    endloop
  endfacet
  facet normal 0 0 -1
    outer loop
      vertex -2.2 0.897002 1.90735e-07
      vertex -7.74828 1.99039 1.90735e-07
      vertex -2.2 1.72139 1.90735e-07
    endloop
  endfacet
  facet normal 0 0 -1
    outer loop
      vertex -2.2 -0.897002 1.90735e-07
      vertex -7.80818 -1.74065 1.90735e-07
      vertex -7.85623 -1.50903 1.90735e-07
    endloop
  endfacet
  facet normal 0 -0 -1
    outer loop
      vertex -7.74828 1.99039 1.90735e-07
      vertex -2.2 0.897002 1.90735e-07
      vertex -7.80397 1.75943 1.90735e-07
    endloop
  endfacet
  facet normal 0 0 -1
    outer loop
      vertex -7.90007 -1.25955 1.90735e-07
      vertex -2.2 -0.897002 1.90735e-07
      vertex -7.8598 -1.49031 1.90735e-07
    endloop
  endfacet
  facet normal 0 -0 -1
    outer loop
      vertex -7.80397 1.75943 1.90735e-07
      vertex -2.2 0.897002 1.90735e-07
      vertex -7.80818 1.74065 1.90735e-07
    endloop
  endfacet
  facet normal 0 0 -1
    outer loop
      vertex -7.90305 -1.24078 1.90735e-07
      vertex -2.2 -0.897002 1.90735e-07
      vertex -7.90007 -1.25955 1.90735e-07
    endloop
  endfacet
  facet normal 0 -0 -1
    outer loop
      vertex -7.80818 1.74065 1.90735e-07
      vertex -2.2 0.897002 1.90735e-07
      vertex -7.85623 1.50903 1.90735e-07
    endloop
  endfacet
  facet normal 0 0 -1
    outer loop
      vertex -7.9359 -1.00949 1.90735e-07
      vertex -2.2 -0.897002 1.90735e-07
      vertex -7.90305 -1.24078 1.90735e-07
    endloop
  endfacet
  facet normal 0 -0 -1
    outer loop
      vertex -7.85623 1.50903 1.90735e-07
      vertex -2.2 0.897002 1.90735e-07
      vertex -7.8598 1.49031 1.90735e-07
    endloop
  endfacet
  facet normal -0 0 -1
    outer loop
      vertex -2.2 -0.897002 1.90735e-07
      vertex -7.9359 -1.00949 1.90735e-07
      vertex -2.2 -0.4 1.90735e-07
    endloop
  endfacet
  facet normal 0 -0 -1
    outer loop
      vertex -7.8598 1.49031 1.90735e-07
      vertex -2.2 0.897002 1.90735e-07
      vertex -7.90007 1.25955 1.90735e-07
    endloop
  endfacet
  facet normal 0 0 -1
    outer loop
      vertex -7.96376 -0.759003 1.90735e-07
      vertex -2.2 -0.4 1.90735e-07
      vertex -7.93826 -0.990738 1.90735e-07
    endloop
  endfacet
  facet normal 0 -0 -1
    outer loop
      vertex -7.90007 1.25955 1.90735e-07
      vertex -2.2 0.897002 1.90735e-07
      vertex -7.90305 1.24078 1.90735e-07
    endloop
  endfacet
  facet normal 0 0 -1
    outer loop
      vertex -7.96552 -0.740265 1.90735e-07
      vertex -2.2 -0.4 1.90735e-07
      vertex -7.96376 -0.759003 1.90735e-07
    endloop
  endfacet
  facet normal 0 -0 -1
    outer loop
      vertex -7.90305 1.24078 1.90735e-07
      vertex -2.2 0.897002 1.90735e-07
      vertex -7.9359 1.00949 1.90735e-07
    endloop
  endfacet
  facet normal 0 0 -1
    outer loop
      vertex -7.98361 -0.509415 1.90735e-07
      vertex -2.2 -0.4 1.90735e-07
      vertex -7.96552 -0.740265 1.90735e-07
    endloop
  endfacet
  facet normal 0 -0 -1
    outer loop
      vertex -7.9359 1.00949 1.90735e-07
      vertex -2.2 0.897002 1.90735e-07
      vertex -7.93826 0.990738 1.90735e-07
    endloop
  endfacet
  facet normal 0 0 -1
    outer loop
      vertex -7.98479 -0.490631 1.90735e-07
      vertex -2.2 -0.4 1.90735e-07
      vertex -7.98361 -0.509415 1.90735e-07
    endloop
  endfacet
  facet normal 0 0 -1
    outer loop
      vertex -2.2 0.4 1.90735e-07
      vertex -7.93826 0.990738 1.90735e-07
      vertex -2.2 0.897002 1.90735e-07
    endloop
  endfacet
  facet normal 0 0 -1
    outer loop
      vertex -7.99622 -0.240921 1.90735e-07
      vertex -2.2 -0.4 1.90735e-07
      vertex -7.99562 -0.259613 1.90735e-07
    endloop
  endfacet
  facet normal 0 -0 -1
    outer loop
      vertex -7.93826 0.990738 1.90735e-07
      vertex -2.2 0.4 1.90735e-07
      vertex -7.96376 0.759003 1.90735e-07
    endloop
  endfacet
  facet normal 0 0 -1
    outer loop
      vertex -7.99985 -0.00941467 1.90735e-07
      vertex -2.2 -0.4 1.90735e-07
      vertex -7.99622 -0.240921 1.90735e-07
    endloop
  endfacet
  facet normal 0 -0 -1
    outer loop
      vertex -7.96376 0.759003 1.90735e-07
      vertex -2.2 0.4 1.90735e-07
      vertex -7.96552 0.740265 1.90735e-07
    endloop
  endfacet
  facet normal 0 0 -1
    outer loop
      vertex -2.2 -0.4 1.90735e-07
      vertex -7.99985 -0.00941467 1.90735e-07
      vertex -2.2 0.4 1.90735e-07
    endloop
  endfacet
  facet normal 0 -0 -1
    outer loop
      vertex -7.96552 0.740265 1.90735e-07
      vertex -2.2 0.4 1.90735e-07
      vertex -7.98361 0.509415 1.90735e-07
    endloop
  endfacet
  facet normal 0 0 -1
    outer loop
      vertex -7.99985 0.00941467 1.90735e-07
      vertex -2.2 0.4 1.90735e-07
      vertex -7.99985 -0.00941467 1.90735e-07
    endloop
  endfacet
  facet normal 0 -0 -1
    outer loop
      vertex -7.98361 0.509415 1.90735e-07
      vertex -2.2 0.4 1.90735e-07
      vertex -7.98479 0.490631 1.90735e-07
    endloop
  endfacet
  facet normal 0 -0 -1
    outer loop
      vertex -7.99622 0.240921 1.90735e-07
      vertex -2.2 0.4 1.90735e-07
      vertex -7.99985 0.00941467 1.90735e-07
    endloop
  endfacet
  facet normal 0 -0 -1
    outer loop
      vertex -7.98479 0.490631 1.90735e-07
      vertex -2.2 0.4 1.90735e-07
      vertex -7.99562 0.259613 1.90735e-07
    endloop
  endfacet
  facet normal 0 0 -1
    outer loop
      vertex 2.84856 -0.609124 1.90735e-07
      vertex 2.9582 -0.483009 1.90735e-07
      vertex 2.94835 -0.497056 1.90735e-07
    endloop
  endfacet
  facet normal 0 0 -1
    outer loop
      vertex 1.75 -0.897002 1.90735e-07
      vertex 2.9582 -0.483009 1.90735e-07
      vertex 2.84856 -0.609124 1.90735e-07
    endloop
  endfacet
  facet normal 0 0 -1
    outer loop
      vertex 1.75 -0.897002 1.90735e-07
      vertex 2.84856 -0.609124 1.90735e-07
      vertex 2.81981 -0.641413 1.90735e-07
    endloop
  endfacet
  facet normal 0 0 -1
    outer loop
      vertex 1.75 -0.897002 1.90735e-07
      vertex 2.81981 -0.641413 1.90735e-07
      vertex 2.64808 -0.801815 1.90735e-07
    endloop
  endfacet
  facet normal 0 0 -1
    outer loop
      vertex 1.75 -0.897002 1.90735e-07
      vertex 2.64808 -0.801815 1.90735e-07
      vertex 2.54065 -0.888417 1.90735e-07
    endloop
  endfacet
  facet normal 0 0 -1
    outer loop
      vertex 1.75 -0.897002 1.90735e-07
      vertex 2.54065 -0.888417 1.90735e-07
      vertex 2.42106 -0.984814 1.90735e-07
    endloop
  endfacet
  facet normal 0 0 -1
    outer loop
      vertex 1.75 -0.897002 1.90735e-07
      vertex 2.42106 -0.984814 1.90735e-07
      vertex 2.32331 -1.05471 1.90735e-07
    endloop
  endfacet
  facet normal 0 0 -1
    outer loop
      vertex 1.75 -0.897002 1.90735e-07
      vertex 2.32331 -1.05471 1.90735e-07
      vertex 2.12012 -1.2 1.90735e-07
    endloop
  endfacet
  facet normal 0 0 -1
    outer loop
      vertex 1.75 -0.897002 1.90735e-07
      vertex 2.12012 -1.2 1.90735e-07
      vertex 1.75 -1.43987 1.90735e-07
    endloop
  endfacet
  facet normal -0 0 -1
    outer loop
      vertex 2.9582 -0.483009 1.90735e-07
      vertex 1.75 -0.897002 1.90735e-07
      vertex 3.01644 -0.4 1.90735e-07
    endloop
  endfacet
  facet normal 0 0 -1
    outer loop
      vertex -2.2 -0.4 1.90735e-07
      vertex 1.75 -0.897002 1.90735e-07
      vertex -2.2 -0.897002 1.90735e-07
    endloop
  endfacet
  facet normal 0 0 -1
    outer loop
      vertex 1.75 -0.897002 1.90735e-07
      vertex -2.2 -0.4 1.90735e-07
      vertex 3.01644 -0.4 1.90735e-07
    endloop
  endfacet
  facet normal 0 0 -1
    outer loop
      vertex 2.9582 0.483009 1.90735e-07
      vertex 2.84856 0.609124 1.90735e-07
      vertex 2.94835 0.497056 1.90735e-07
    endloop
  endfacet
  facet normal 0 0 -1
    outer loop
      vertex 1.75 0.897002 1.90735e-07
      vertex 2.9582 0.483009 1.90735e-07
      vertex 3.01644 0.4 1.90735e-07
    endloop
  endfacet
  facet normal 0 0 -1
    outer loop
      vertex 2.9582 0.483009 1.90735e-07
      vertex 1.75 0.897002 1.90735e-07
      vertex 2.84856 0.609124 1.90735e-07
    endloop
  endfacet
  facet normal 0 0 -1
    outer loop
      vertex 2.84856 0.609124 1.90735e-07
      vertex 1.75 0.897002 1.90735e-07
      vertex 2.81981 0.641413 1.90735e-07
    endloop
  endfacet
  facet normal 0 0 -1
    outer loop
      vertex 2.81981 0.641413 1.90735e-07
      vertex 1.75 0.897002 1.90735e-07
      vertex 2.64808 0.801815 1.90735e-07
    endloop
  endfacet
  facet normal 0 0 -1
    outer loop
      vertex 2.64808 0.801815 1.90735e-07
      vertex 1.75 0.897002 1.90735e-07
      vertex 2.54065 0.888417 1.90735e-07
    endloop
  endfacet
  facet normal 0 0 -1
    outer loop
      vertex 2.54065 0.888417 1.90735e-07
      vertex 1.75 0.897002 1.90735e-07
      vertex 2.42106 0.984814 1.90735e-07
    endloop
  endfacet
  facet normal -0 0 -1
    outer loop
      vertex 2.42106 0.984814 1.90735e-07
      vertex 1.75 0.897002 1.90735e-07
      vertex 2.32331 1.05471 1.90735e-07
    endloop
  endfacet
  facet normal -0 0 -1
    outer loop
      vertex 2.32331 1.05471 1.90735e-07
      vertex 1.75 0.897002 1.90735e-07
      vertex 2.12012 1.2 1.90735e-07
    endloop
  endfacet
  facet normal 0 0 -1
    outer loop
      vertex -2.2 0.4 1.90735e-07
      vertex 1.75 0.897002 1.90735e-07
      vertex 3.01644 0.4 1.90735e-07
    endloop
  endfacet
  facet normal -0 0 -1
    outer loop
      vertex 1.75 0.897002 1.90735e-07
      vertex -2.2 0.4 1.90735e-07
      vertex -2.2 0.897002 1.90735e-07
    endloop
  endfacet
  facet normal -0 0 -1
    outer loop
      vertex 2.12012 1.2 1.90735e-07
      vertex 1.75 0.897002 1.90735e-07
      vertex 1.75 1.43987 1.90735e-07
    endloop
  endfacet
  facet normal 0 0 -1
    outer loop
      vertex -2.2 1.72139 1.90735e-07
      vertex 0 3.89999 1.90735e-07
      vertex 0 1.72139 1.90735e-07
    endloop
  endfacet
  facet normal 0 -0 -1
    outer loop
      vertex -0.600006 4.5 1.90735e-07
      vertex 0 3.89999 1.90735e-07
      vertex -2.2 1.72139 1.90735e-07
    endloop
  endfacet
  facet normal 0 0 -1
    outer loop
      vertex 0 3.89999 1.90735e-07
      vertex -0.600006 4.5 1.90735e-07
      vertex -0.00289917 3.9588 1.90735e-07
    endloop
  endfacet
  facet normal 0 0 -1
    outer loop
      vertex -0.00289917 3.9588 1.90735e-07
      vertex -0.600006 4.5 1.90735e-07
      vertex -0.0115356 4.01704 1.90735e-07
    endloop
  endfacet
  facet normal 0 0 -1
    outer loop
      vertex -0.0115356 4.01704 1.90735e-07
      vertex -0.600006 4.5 1.90735e-07
      vertex -0.0258484 4.07416 1.90735e-07
    endloop
  endfacet
  facet normal 0 0 -1
    outer loop
      vertex -0.0258484 4.07416 1.90735e-07
      vertex -0.600006 4.5 1.90735e-07
      vertex -0.0456848 4.12961 1.90735e-07
    endloop
  endfacet
  facet normal 0 0 -1
    outer loop
      vertex -0.0708466 4.18283 1.90735e-07
      vertex -0.600006 4.5 1.90735e-07
      vertex -0.10112 4.23334 1.90735e-07
    endloop
  endfacet
  facet normal 0 0 -1
    outer loop
      vertex -0.10112 4.23334 1.90735e-07
      vertex -0.600006 4.5 1.90735e-07
      vertex -0.1362 4.28062 1.90735e-07
    endloop
  endfacet
  facet normal 0 0 -1
    outer loop
      vertex -0.1362 4.28062 1.90735e-07
      vertex -0.600006 4.5 1.90735e-07
      vertex -0.175735 4.32426 1.90735e-07
    endloop
  endfacet
  facet normal 0 0 -1
    outer loop
      vertex -0.175735 4.32426 1.90735e-07
      vertex -0.600006 4.5 1.90735e-07
      vertex -0.219376 4.3638 1.90735e-07
    endloop
  endfacet
  facet normal 0 0 -1
    outer loop
      vertex -0.219376 4.3638 1.90735e-07
      vertex -0.600006 4.5 1.90735e-07
      vertex -0.266663 4.39888 1.90735e-07
    endloop
  endfacet
  facet normal 0 0 -1
    outer loop
      vertex -0.266663 4.39888 1.90735e-07
      vertex -0.600006 4.5 1.90735e-07
      vertex -0.317169 4.42915 1.90735e-07
    endloop
  endfacet
  facet normal 0 0 -1
    outer loop
      vertex -0.317169 4.42915 1.90735e-07
      vertex -0.600006 4.5 1.90735e-07
      vertex -0.370392 4.45432 1.90735e-07
    endloop
  endfacet
  facet normal 0 0 -1
    outer loop
      vertex -0.370392 4.45432 1.90735e-07
      vertex -0.600006 4.5 1.90735e-07
      vertex -0.425842 4.47415 1.90735e-07
    endloop
  endfacet
  facet normal 0 0 -1
    outer loop
      vertex -0.425842 4.47415 1.90735e-07
      vertex -0.600006 4.5 1.90735e-07
      vertex -0.482956 4.48846 1.90735e-07
    endloop
  endfacet
  facet normal 0 0 -1
    outer loop
      vertex -0.482956 4.48846 1.90735e-07
      vertex -0.600006 4.5 1.90735e-07
      vertex -0.541199 4.4971 1.90735e-07
    endloop
  endfacet
  facet normal 0 0 -1
    outer loop
      vertex -0.0456848 4.12961 1.90735e-07
      vertex -0.600006 4.5 1.90735e-07
      vertex -0.0708466 4.18283 1.90735e-07
    endloop
  endfacet
  facet normal -0 0 -1
    outer loop
      vertex -0.600006 4.5 1.90735e-07
      vertex -2.2 1.72139 1.90735e-07
      vertex -6.28809 4.5 1.90735e-07
    endloop
  endfacet
  facet normal 0.243039 -0.970016 0
    outer loop
      vertex -0.482956 -3.48846 1.90735e-07
      vertex -0.425842 -3.47415 4.5
      vertex -0.482956 -3.48846 4.5
    endloop
  endfacet
  facet normal 0.243039 -0.970016 0
    outer loop
      vertex -0.425842 -3.47415 4.5
      vertex -0.482956 -3.48846 1.90735e-07
      vertex -0.425842 -3.47415 1.90735e-07
    endloop
  endfacet
  facet normal 0.207476 -0.580159 0.787635
    outer loop
      vertex -0.870392 -2.95432 5
      vertex -0.425842 -3.47415 4.5
      vertex -0.370392 -3.45432 4.5
    endloop
  endfacet
  facet normal 0.207476 -0.580159 0.787635
    outer loop
      vertex -0.425842 -3.47415 4.5
      vertex -0.870392 -2.95432 5
      vertex -0.925842 -2.97415 5
    endloop
  endfacet
  facet normal 0.671429 -0.741069 0
    outer loop
      vertex -0.219376 -3.3638 1.90735e-07
      vertex -0.175735 -3.32426 4.5
      vertex -0.219376 -3.3638 4.5
    endloop
  endfacet
  facet normal 0.671429 -0.741069 0
    outer loop
      vertex -0.175735 -3.32426 4.5
      vertex -0.219376 -3.3638 1.90735e-07
      vertex -0.175735 -3.32426 1.90735e-07
    endloop
  endfacet
  facet normal 0.542913 -0.256685 0.799599
    outer loop
      vertex -0.570847 -2.68283 5
      vertex -0.0456848 -3.12961 4.5
      vertex -0.545685 -2.62961 5
    endloop
  endfacet
  facet normal 0.542914 -0.256684 0.799598
    outer loop
      vertex -0.0456848 -3.12961 4.5
      vertex -0.570847 -2.68283 5
      vertex -0.0708466 -3.18283 4.5
    endloop
  endfacet
  facet normal 0.617016 -0.1546 0.771616
    outer loop
      vertex -0.525848 -2.57416 5
      vertex -0.0115356 -3.01704 4.5
      vertex -0.511536 -2.51704 5
    endloop
  endfacet
  facet normal 0.617011 -0.154607 0.771618
    outer loop
      vertex -0.0115356 -3.01704 4.5
      vertex -0.525848 -2.57416 5
      vertex -0.0258484 -3.07416 4.5
    endloop
  endfacet
  facet normal 0.970011 -0.24306 0
    outer loop
      vertex -0.0258484 -3.07416 4.5
      vertex -0.0115356 -3.01704 1.90735e-07
      vertex -0.0115356 -3.01704 4.5
    endloop
  endfacet
  facet normal 0.970011 -0.24306 0
    outer loop
      vertex -0.0115356 -3.01704 1.90735e-07
      vertex -0.0258484 -3.07416 4.5
      vertex -0.0258484 -3.07416 1.90735e-07
    endloop
  endfacet
  facet normal 0.941565 -0.336831 0
    outer loop
      vertex -0.0456848 -3.12961 4.5
      vertex -0.0258484 -3.07416 1.90735e-07
      vertex -0.0258484 -3.07416 4.5
    endloop
  endfacet
  facet normal 0.941565 -0.336831 0
    outer loop
      vertex -0.0258484 -3.07416 1.90735e-07
      vertex -0.0456848 -3.12961 4.5
      vertex -0.0456848 -3.12961 1.90735e-07
    endloop
  endfacet
  facet normal 0.671429 0.741069 -0
    outer loop
      vertex -0.175735 4.32426 1.90735e-07
      vertex -0.219376 4.3638 4.5
      vertex -0.175735 4.32426 4.5
    endloop
  endfacet
  facet normal 0.671429 0.741069 0
    outer loop
      vertex -0.219376 4.3638 4.5
      vertex -0.175735 4.32426 1.90735e-07
      vertex -0.219376 4.3638 1.90735e-07
    endloop
  endfacet
  facet normal 0.58012 0.207529 0.78765
    outer loop
      vertex -0.545685 3.62961 5
      vertex -0.0258484 4.07416 4.5
      vertex -0.0456848 4.12961 4.5
    endloop
  endfacet
  facet normal 0.580117 0.207534 0.787651
    outer loop
      vertex -0.0258484 4.07416 4.5
      vertex -0.545685 3.62961 5
      vertex -0.525848 3.57416 5
    endloop
  endfacet
  facet normal -0.337173 0.562623 0.754831
    outer loop
      vertex -6.62143 4.39888 4.5
      vertex -6.28589 3.92915 5
      vertex -6.57092 4.42915 4.5
    endloop
  endfacet
  facet normal -0.337173 0.562623 0.754831
    outer loop
      vertex -6.28589 3.92915 5
      vertex -6.62143 4.39888 4.5
      vertex -6.3364 3.89888 5
    endloop
  endfacet
  facet normal -0.392339 0.528897 0.752554
    outer loop
      vertex -6.66872 4.3638 4.5
      vertex -6.3364 3.89888 5
      vertex -6.62143 4.39888 4.5
    endloop
  endfacet
  facet normal -0.392393 0.528858 0.752554
    outer loop
      vertex -6.3364 3.89888 5
      vertex -6.66872 4.3638 4.5
      vertex -6.38368 3.8638 5
    endloop
  endfacet
  facet normal -0.59578 0.803148 0
    outer loop
      vertex -6.62143 4.39888 1.90735e-07
      vertex -6.66872 4.3638 4.5
      vertex -6.62143 4.39888 4.5
    endloop
  endfacet
  facet normal -0.59578 0.803148 0
    outer loop
      vertex -6.66872 4.3638 4.5
      vertex -6.62143 4.39888 1.90735e-07
      vertex -6.66872 4.3638 1.90735e-07
    endloop
  endfacet
  facet normal -0.100057 0.674461 0.731499
    outer loop
      vertex -6.34689 4.4971 4.5
      vertex -6.1201 3.98846 5
      vertex -6.06186 3.9971 5
    endloop
  endfacet
  facet normal -0.100041 0.674466 0.731497
    outer loop
      vertex -6.1201 3.98846 5
      vertex -6.34689 4.4971 4.5
      vertex -6.40514 4.48846 4.5
    endloop
  endfacet
  facet normal -0.856783 0.515678 0
    outer loop
      vertex -6.9227 4.00911 1.90735e-07
      vertex -6.80215 4.2094 4.5
      vertex -6.80215 4.2094 1.90735e-07
    endloop
  endfacet
  facet normal -0.856783 0.515678 0
    outer loop
      vertex -6.80215 4.2094 4.5
      vertex -6.9227 4.00911 1.90735e-07
      vertex -6.9227 4.00911 4.5
    endloop
  endfacet
  facet normal -0.891415 0.453189 0
    outer loop
      vertex -7.18896 3.50941 1.90735e-07
      vertex -7.07144 3.74057 4.5
      vertex -7.07144 3.74057 1.90735e-07
    endloop
  endfacet
  facet normal -0.891415 0.453189 0
    outer loop
      vertex -7.07144 3.74057 4.5
      vertex -7.18896 3.50941 1.90735e-07
      vertex -7.18896 3.50941 4.5
    endloop
  endfacet
  facet normal -0.968197 0.250191 0
    outer loop
      vertex -7.74828 1.99039 1.90735e-07
      vertex -7.74344 2.00912 4.5
      vertex -7.74344 2.00912 1.90735e-07
    endloop
  endfacet
  facet normal -0.968197 0.250191 0
    outer loop
      vertex -7.74344 2.00912 4.5
      vertex -7.74828 1.99039 1.90735e-07
      vertex -7.74828 1.99039 4.5
    endloop
  endfacet
  facet normal -0.949942 0.312427 0
    outer loop
      vertex -7.60222 2.49069 1.90735e-07
      vertex -7.59605 2.50945 4.5
      vertex -7.59605 2.50945 1.90735e-07
    endloop
  endfacet
  facet normal -0.949942 0.312427 0
    outer loop
      vertex -7.59605 2.50945 4.5
      vertex -7.60222 2.49069 1.90735e-07
      vertex -7.60222 2.49069 4.5
    endloop
  endfacet
  facet normal -0.927242 0.374463 0
    outer loop
      vertex -7.41972 2.99077 1.90735e-07
      vertex -7.41216 3.00949 4.5
      vertex -7.41216 3.00949 1.90735e-07
    endloop
  endfacet
  facet normal -0.927242 0.374463 0
    outer loop
      vertex -7.41216 3.00949 4.5
      vertex -7.41972 2.99077 1.90735e-07
      vertex -7.41972 2.99077 4.5
    endloop
  endfacet
  facet normal -0.650917 0.276229 0.70711
    outer loop
      vertex -6.85716 3.03738 5
      vertex -7.41216 3.00949 4.5
      vertex -6.94876 2.82153 5
    endloop
  endfacet
  facet normal -0.920526 0.390681 0
    outer loop
      vertex -7.41216 3.00949 1.90735e-07
      vertex -7.3141 3.24054 4.5
      vertex -7.3141 3.24054 1.90735e-07
    endloop
  endfacet
  facet normal -0.920526 0.390681 0
    outer loop
      vertex -7.3141 3.24054 4.5
      vertex -7.41216 3.00949 1.90735e-07
      vertex -7.41216 3.00949 4.5
    endloop
  endfacet
  facet normal -0.979152 0.203127 0
    outer loop
      vertex -7.85623 1.50903 1.90735e-07
      vertex -7.80818 1.74065 4.5
      vertex -7.80818 1.74065 1.90735e-07
    endloop
  endfacet
  facet normal -0.979152 0.203127 0
    outer loop
      vertex -7.80818 1.74065 4.5
      vertex -7.85623 1.50903 1.90735e-07
      vertex -7.85623 1.50903 4.5
    endloop
  endfacet
  facet normal -0.98763 0.1568 0
    outer loop
      vertex -7.90305 1.24078 1.90735e-07
      vertex -7.90007 1.25955 4.5
      vertex -7.90007 1.25955 1.90735e-07
    endloop
  endfacet
  facet normal -0.98763 0.1568 0
    outer loop
      vertex -7.90007 1.25955 4.5
      vertex -7.90305 1.24078 1.90735e-07
      vertex -7.90305 1.24078 4.5
    endloop
  endfacet
  facet normal -0.704944 0.0552506 0.707108
    outer loop
      vertex -7.46764 0.693588 5
      vertex -7.98361 0.509415 4.5
      vertex -7.48453 0.478088 5
    endloop
  endfacet
  facet normal -0.706698 0.0226845 0.707152
    outer loop
      vertex -7.99562 0.259613 4.5
      vertex -7.99622 0.240921 4.5
      vertex -7.4958 0.243988 5
    endloop
  endfacet
  facet normal -0.999877 -0.015678 0
    outer loop
      vertex -7.99622 -0.240921 1.90735e-07
      vertex -7.99985 -0.00941467 4.5
      vertex -7.99985 -0.00941467 1.90735e-07
    endloop
  endfacet
  facet normal -0.999877 -0.015678 0
    outer loop
      vertex -7.99985 -0.00941467 4.5
      vertex -7.99622 -0.240921 1.90735e-07
      vertex -7.99622 -0.240921 4.5
    endloop
  endfacet
  facet normal -0.707021 -0.011086 0.707106
    outer loop
      vertex -7.99985 -0.00941467 4.5
      vertex -7.99622 -0.240921 4.5
      vertex -7.49979 -0.00941467 5
    endloop
  endfacet
  facet normal -0.992173 -0.124868 0
    outer loop
      vertex -7.9359 -1.00949 1.90735e-07
      vertex -7.93826 -0.990738 4.5
      vertex -7.93826 -0.990738 1.90735e-07
    endloop
  endfacet
  facet normal -0.992173 -0.124868 0
    outer loop
      vertex -7.93826 -0.990738 4.5
      vertex -7.9359 -1.00949 1.90735e-07
      vertex -7.9359 -1.00949 4.5
    endloop
  endfacet
  facet normal -0.999485 -0.0320828 0
    outer loop
      vertex -7.99562 -0.259613 1.90735e-07
      vertex -7.99622 -0.240921 4.5
      vertex -7.99622 -0.240921 1.90735e-07
    endloop
  endfacet
  facet normal -0.999485 -0.0320828 0
    outer loop
      vertex -7.99622 -0.240921 4.5
      vertex -7.99562 -0.259613 1.90735e-07
      vertex -7.99562 -0.259613 4.5
    endloop
  endfacet
  facet normal -0.990064 -0.140618 0
    outer loop
      vertex -7.90305 -1.24078 1.90735e-07
      vertex -7.9359 -1.00949 4.5
      vertex -7.9359 -1.00949 1.90735e-07
    endloop
  endfacet
  facet normal -0.990064 -0.140618 0
    outer loop
      vertex -7.9359 -1.00949 4.5
      vertex -7.90305 -1.24078 1.90735e-07
      vertex -7.90305 -1.24078 4.5
    endloop
  endfacet
  facet normal -0.938914 -0.344152 0
    outer loop
      vertex -7.50894 -2.75916 1.90735e-07
      vertex -7.51582 -2.74039 4.5
      vertex -7.51582 -2.74039 1.90735e-07
    endloop
  endfacet
  facet normal -0.938914 -0.344152 0
    outer loop
      vertex -7.51582 -2.74039 4.5
      vertex -7.50894 -2.75916 1.90735e-07
      vertex -7.50894 -2.75916 4.5
    endloop
  endfacet
  facet normal -0.927205 -0.374553 0
    outer loop
      vertex -7.41217 -3.00946 1.90735e-07
      vertex -7.41972 -2.99077 4.5
      vertex -7.41972 -2.99077 1.90735e-07
    endloop
  endfacet
  facet normal -0.927205 -0.374553 0
    outer loop
      vertex -7.41972 -2.99077 4.5
      vertex -7.41217 -3.00946 1.90735e-07
      vertex -7.41217 -3.00946 4.5
    endloop
  endfacet
  facet normal -0.900226 -0.435423 0
    outer loop
      vertex -7.33354 -3.18736 1.90735e-07
      vertex -7.35918 -3.13435 4.5
      vertex -7.35918 -3.13435 1.90735e-07
    endloop
  endfacet
  facet normal -0.900226 -0.435423 0
    outer loop
      vertex -7.35918 -3.13435 4.5
      vertex -7.33354 -3.18736 1.90735e-07
      vertex -7.33354 -3.18736 4.5
    endloop
  endfacet
  facet normal -0.853345 -0.521347 0
    outer loop
      vertex -7.30284 -3.23761 1.90735e-07
      vertex -7.33354 -3.18736 4.5
      vertex -7.33354 -3.18736 1.90735e-07
    endloop
  endfacet
  facet normal -0.853345 -0.521347 0
    outer loop
      vertex -7.33354 -3.18736 4.5
      vertex -7.30284 -3.23761 1.90735e-07
      vertex -7.30284 -3.23761 4.5
    endloop
  endfacet
  facet normal -0.588828 -0.808258 0
    outer loop
      vertex -7.18347 -3.36705 1.90735e-07
      vertex -7.13588 -3.40172 4.5
      vertex -7.18347 -3.36705 4.5
    endloop
  endfacet
  facet normal -0.588828 -0.808258 -0
    outer loop
      vertex -7.13588 -3.40172 4.5
      vertex -7.18347 -3.36705 1.90735e-07
      vertex -7.13588 -3.40172 1.90735e-07
    endloop
  endfacet
  facet normal -0.328784 -0.944405 0
    outer loop
      vertex -7.03168 -3.45627 1.90735e-07
      vertex -6.97607 -3.47563 4.5
      vertex -7.03168 -3.45627 4.5
    endloop
  endfacet
  facet normal -0.328784 -0.944405 -0
    outer loop
      vertex -6.97607 -3.47563 4.5
      vertex -7.03168 -3.45627 1.90735e-07
      vertex -6.97607 -3.47563 1.90735e-07
    endloop
  endfacet
  facet normal -0.0448505 -0.998994 0
    outer loop
      vertex -6.86052 -3.49759 1.90735e-07
      vertex -6.80684 -3.5 4.5
      vertex -6.86052 -3.49759 4.5
    endloop
  endfacet
  facet normal -0.0448505 -0.998994 -0
    outer loop
      vertex -6.80684 -3.5 4.5
      vertex -6.86052 -3.49759 1.90735e-07
      vertex -6.80684 -3.5 1.90735e-07
    endloop
  endfacet
  facet normal -0.042658 -0.691247 0.721359
    outer loop
      vertex -6.54225 -2.99545 5
      vertex -6.86052 -3.49759 4.5
      vertex -6.46852 -3 5
    endloop
  endfacet
  facet normal -0.959431 -0.281945 0
    outer loop
      vertex -7.67412 -2.25946 1.90735e-07
      vertex -7.67963 -2.24071 4.5
      vertex -7.67963 -2.24071 1.90735e-07
    endloop
  endfacet
  facet normal -0.959431 -0.281945 0
    outer loop
      vertex -7.67963 -2.24071 4.5
      vertex -7.67412 -2.25946 1.90735e-07
      vertex -7.67412 -2.25946 4.5
    endloop
  endfacet
  facet normal -0.426731 -0.479133 0.767028
    outer loop
      vertex -7.22745 -3.32788 4.5
      vertex -7.18347 -3.36705 4.5
      vertex -6.86064 -2.85414 5
    endloop
  endfacet
  facet normal -0.138068 -0.990423 0
    outer loop
      vertex -6.91884 -3.48946 1.90735e-07
      vertex -6.86052 -3.49759 4.5
      vertex -6.91884 -3.48946 4.5
    endloop
  endfacet
  facet normal -0.138068 -0.990423 -0
    outer loop
      vertex -6.86052 -3.49759 4.5
      vertex -6.91884 -3.48946 1.90735e-07
      vertex -6.86052 -3.49759 1.90735e-07
    endloop
  endfacet
  facet normal -0.700085 -0.0994327 0.707103
    outer loop
      vertex -7.9359 -1.00949 4.5
      vertex -7.90305 -1.24078 4.5
      vertex -7.40915 -1.16254 5
    endloop
  endfacet
  facet normal 0.207476 0.580159 0.787635
    outer loop
      vertex -0.425842 4.47415 4.5
      vertex -0.870392 3.95432 5
      vertex -0.370392 4.45432 4.5
    endloop
  endfacet
  facet normal 0.207476 0.580159 0.787635
    outer loop
      vertex -0.870392 3.95432 5
      vertex -0.425842 4.47415 4.5
      vertex -0.925842 3.97415 5
    endloop
  endfacet
  facet normal 0.256734 0.542875 0.799609
    outer loop
      vertex -0.370392 4.45432 4.5
      vertex -0.817169 3.92915 5
      vertex -0.317169 4.42915 4.5
    endloop
  endfacet
  facet normal 0.256734 0.542875 0.799609
    outer loop
      vertex -0.817169 3.92915 5
      vertex -0.370392 4.45432 4.5
      vertex -0.870392 3.95432 5
    endloop
  endfacet
  facet normal 0.803088 0.595861 0
    outer loop
      vertex -0.10112 4.23334 4.5
      vertex -0.1362 4.28062 1.90735e-07
      vertex -0.1362 4.28062 4.5
    endloop
  endfacet
  facet normal 0.803088 0.595861 0
    outer loop
      vertex -0.1362 4.28062 1.90735e-07
      vertex -0.10112 4.23334 4.5
      vertex -0.10112 4.23334 1.90735e-07
    endloop
  endfacet
  facet normal 0.154595 -0.617019 0.771614
    outer loop
      vertex -0.925842 -2.97415 5
      vertex -0.482956 -3.48846 4.5
      vertex -0.425842 -3.47415 4.5
    endloop
  endfacet
  facet normal 0.154595 -0.617019 0.771614
    outer loop
      vertex -0.482956 -3.48846 4.5
      vertex -0.925842 -2.97415 5
      vertex -0.982956 -2.98846 5
    endloop
  endfacet
  facet normal 0 0 1
    outer loop
      vertex -1.10001 4 5
      vertex -0.5 3.39999 5
      vertex -0.502899 3.4588 5
    endloop
  endfacet
  facet normal 0 0 1
    outer loop
      vertex -0.5 3.39999 5
      vertex -7.40617 1.18134 5
      vertex -0.5 -2.39999 5
    endloop
  endfacet
  facet normal 0 0 1
    outer loop
      vertex -1.10001 4 5
      vertex -0.502899 3.4588 5
      vertex -0.511536 3.51704 5
    endloop
  endfacet
  facet normal -0 0 1
    outer loop
      vertex -7.40915 1.16254 5
      vertex -0.5 -2.39999 5
      vertex -7.40617 1.18134 5
    endloop
  endfacet
  facet normal 0 0 1
    outer loop
      vertex -1.10001 4 5
      vertex -0.511536 3.51704 5
      vertex -0.525848 3.57416 5
    endloop
  endfacet
  facet normal 0 0 1
    outer loop
      vertex -7.25917 1.8844 5
      vertex -0.5 3.39999 5
      vertex -1.10001 4 5
    endloop
  endfacet
  facet normal 0 0 1
    outer loop
      vertex -1.10001 4 5
      vertex -0.525848 3.57416 5
      vertex -0.545685 3.62961 5
    endloop
  endfacet
  facet normal -0 0 1
    outer loop
      vertex -7.43976 0.947006 5
      vertex -0.5 -2.39999 5
      vertex -7.40915 1.16254 5
    endloop
  endfacet
  facet normal 0 0 1
    outer loop
      vertex -1.10001 4 5
      vertex -0.545685 3.62961 5
      vertex -0.570847 3.68283 5
    endloop
  endfacet
  facet normal 0 0 1
    outer loop
      vertex -0.511536 -2.51704 5
      vertex -1.10001 -3 5
      vertex -0.525848 -2.57416 5
    endloop
  endfacet
  facet normal 0 0 1
    outer loop
      vertex -1.10001 4 5
      vertex -0.570847 3.68283 5
      vertex -0.60112 3.73334 5
    endloop
  endfacet
  facet normal 0 0 1
    outer loop
      vertex -0.525848 -2.57416 5
      vertex -1.10001 -3 5
      vertex -0.545685 -2.62961 5
    endloop
  endfacet
  facet normal 0 0 1
    outer loop
      vertex -1.10001 4 5
      vertex -0.60112 3.73334 5
      vertex -0.6362 3.78062 5
    endloop
  endfacet
  facet normal 0 0 1
    outer loop
      vertex -0.545685 -2.62961 5
      vertex -1.10001 -3 5
      vertex -0.570847 -2.68283 5
    endloop
  endfacet
  facet normal 0 0 1
    outer loop
      vertex -1.10001 4 5
      vertex -0.6362 3.78062 5
      vertex -0.675735 3.82426 5
    endloop
  endfacet
  facet normal 0 0 1
    outer loop
      vertex -0.570847 -2.68283 5
      vertex -1.10001 -3 5
      vertex -0.60112 -2.73334 5
    endloop
  endfacet
  facet normal 0 0 1
    outer loop
      vertex -1.10001 4 5
      vertex -0.675735 3.82426 5
      vertex -0.719376 3.8638 5
    endloop
  endfacet
  facet normal 0 0 1
    outer loop
      vertex -0.60112 -2.73334 5
      vertex -1.10001 -3 5
      vertex -0.6362 -2.78062 5
    endloop
  endfacet
  facet normal 0 0 1
    outer loop
      vertex -1.10001 4 5
      vertex -0.719376 3.8638 5
      vertex -0.766663 3.89888 5
    endloop
  endfacet
  facet normal 0 0 1
    outer loop
      vertex -0.6362 -2.78062 5
      vertex -1.10001 -3 5
      vertex -0.675735 -2.82426 5
    endloop
  endfacet
  facet normal 0 0 1
    outer loop
      vertex -1.10001 4 5
      vertex -0.766663 3.89888 5
      vertex -0.817169 3.92915 5
    endloop
  endfacet
  facet normal 0 0 1
    outer loop
      vertex -0.675735 -2.82426 5
      vertex -1.10001 -3 5
      vertex -0.719376 -2.8638 5
    endloop
  endfacet
  facet normal 0 0 1
    outer loop
      vertex -1.10001 4 5
      vertex -0.817169 3.92915 5
      vertex -0.870392 3.95432 5
    endloop
  endfacet
  facet normal 0 0 1
    outer loop
      vertex -0.719376 -2.8638 5
      vertex -1.10001 -3 5
      vertex -0.766663 -2.89888 5
    endloop
  endfacet
  facet normal 0 0 1
    outer loop
      vertex -1.10001 4 5
      vertex -0.870392 3.95432 5
      vertex -0.925842 3.97415 5
    endloop
  endfacet
  facet normal 0 0 1
    outer loop
      vertex -0.766663 -2.89888 5
      vertex -1.10001 -3 5
      vertex -0.817169 -2.92915 5
    endloop
  endfacet
  facet normal 0 0 1
    outer loop
      vertex -1.10001 4 5
      vertex -0.925842 3.97415 5
      vertex -0.982956 3.98846 5
    endloop
  endfacet
  facet normal 0 0 1
    outer loop
      vertex -0.817169 -2.92915 5
      vertex -1.10001 -3 5
      vertex -0.870392 -2.95432 5
    endloop
  endfacet
  facet normal 0 0 1
    outer loop
      vertex -1.10001 4 5
      vertex -0.982956 3.98846 5
      vertex -1.0412 3.9971 5
    endloop
  endfacet
  facet normal 0 0 1
    outer loop
      vertex -0.870392 -2.95432 5
      vertex -1.10001 -3 5
      vertex -0.925842 -2.97415 5
    endloop
  endfacet
  facet normal 0 0 1
    outer loop
      vertex -0.925842 -2.97415 5
      vertex -1.10001 -3 5
      vertex -0.982956 -2.98846 5
    endloop
  endfacet
  facet normal 0 0 1
    outer loop
      vertex -0.982956 -2.98846 5
      vertex -1.10001 -3 5
      vertex -1.0412 -2.9971 5
    endloop
  endfacet
  facet normal 0 0 1
    outer loop
      vertex -7.19429 2.11868 5
      vertex -1.10001 4 5
      vertex -6.00305 4 5
    endloop
  endfacet
  facet normal 0 0 1
    outer loop
      vertex -6.52794 3.69069 5
      vertex -6.00305 4 5
      vertex -6.06186 3.9971 5
    endloop
  endfacet
  facet normal 0 0 1
    outer loop
      vertex -6.52794 3.69069 5
      vertex -6.06186 3.9971 5
      vertex -6.1201 3.98846 5
    endloop
  endfacet
  facet normal 0 0 1
    outer loop
      vertex -6.52794 3.69069 5
      vertex -6.1201 3.98846 5
      vertex -6.17722 3.97415 5
    endloop
  endfacet
  facet normal 0 0 1
    outer loop
      vertex -6.52794 3.69069 5
      vertex -6.17722 3.97415 5
      vertex -6.23267 3.95432 5
    endloop
  endfacet
  facet normal 0 0 1
    outer loop
      vertex -6.52794 3.69069 5
      vertex -6.23267 3.95432 5
      vertex -6.28589 3.92915 5
    endloop
  endfacet
  facet normal 0 0 1
    outer loop
      vertex -6.52794 3.69069 5
      vertex -6.28589 3.92915 5
      vertex -6.3364 3.89888 5
    endloop
  endfacet
  facet normal 0 0 1
    outer loop
      vertex -6.52794 3.69069 5
      vertex -6.3364 3.89888 5
      vertex -6.38368 3.8638 5
    endloop
  endfacet
  facet normal 0 0 1
    outer loop
      vertex -6.52794 3.69069 5
      vertex -6.38368 3.8638 5
      vertex -6.42732 3.82426 5
    endloop
  endfacet
  facet normal 0 0 1
    outer loop
      vertex -6.52794 3.69069 5
      vertex -6.42732 3.82426 5
      vertex -6.46686 3.78062 5
    endloop
  endfacet
  facet normal 0 0 1
    outer loop
      vertex -6.00305 4 5
      vertex -6.73947 3.29025 5
      vertex -6.7486 3.2715 5
    endloop
  endfacet
  facet normal 0 0 1
    outer loop
      vertex -6.52794 3.69069 5
      vertex -6.46686 3.78062 5
      vertex -6.50194 3.73334 5
    endloop
  endfacet
  facet normal 0 0 1
    outer loop
      vertex -6.00305 4 5
      vertex -6.52794 3.69069 5
      vertex -6.61972 3.52496 5
    endloop
  endfacet
  facet normal 0 0 1
    outer loop
      vertex -6.00305 4 5
      vertex -6.61972 3.52496 5
      vertex -6.62968 3.5062 5
    endloop
  endfacet
  facet normal 0 0 1
    outer loop
      vertex -6.00305 4 5
      vertex -6.62968 3.5062 5
      vertex -6.73947 3.29025 5
    endloop
  endfacet
  facet normal 0 0 1
    outer loop
      vertex -6.00305 4 5
      vertex -6.7486 3.2715 5
      vertex -6.84882 3.05617 5
    endloop
  endfacet
  facet normal 0 0 1
    outer loop
      vertex -6.00305 4 5
      vertex -6.84882 3.05617 5
      vertex -6.85716 3.03738 5
    endloop
  endfacet
  facet normal 0 0 1
    outer loop
      vertex -6.00305 4 5
      vertex -6.85716 3.03738 5
      vertex -6.94876 2.82153 5
    endloop
  endfacet
  facet normal 0 0 1
    outer loop
      vertex -6.00305 4 5
      vertex -6.94876 2.82153 5
      vertex -6.95634 2.8028 5
    endloop
  endfacet
  facet normal 0 0 1
    outer loop
      vertex -6.00305 4 5
      vertex -6.95634 2.8028 5
      vertex -7.03923 2.5876 5
    endloop
  endfacet
  facet normal 0 0 1
    outer loop
      vertex -6.00305 4 5
      vertex -7.03923 2.5876 5
      vertex -7.04608 2.56886 5
    endloop
  endfacet
  facet normal 0 0 1
    outer loop
      vertex -6.00305 4 5
      vertex -7.04608 2.56886 5
      vertex -7.12108 2.35301 5
    endloop
  endfacet
  facet normal 0 0 1
    outer loop
      vertex -6.00305 4 5
      vertex -7.12108 2.35301 5
      vertex -7.12727 2.33423 5
    endloop
  endfacet
  facet normal 0 0 1
    outer loop
      vertex -6.00305 4 5
      vertex -7.12727 2.33423 5
      vertex -7.19429 2.11868 5
    endloop
  endfacet
  facet normal 0 0 1
    outer loop
      vertex -1.10001 4 5
      vertex -7.19429 2.11868 5
      vertex -7.19978 2.09993 5
    endloop
  endfacet
  facet normal 0 0 1
    outer loop
      vertex -7.25917 1.8844 5
      vertex -1.10001 4 5
      vertex -7.19978 2.09993 5
    endloop
  endfacet
  facet normal 0 0 1
    outer loop
      vertex -0.5 3.39999 5
      vertex -7.25917 1.8844 5
      vertex -7.26401 1.86568 5
    endloop
  endfacet
  facet normal 0 0 1
    outer loop
      vertex -0.5 3.39999 5
      vertex -7.26401 1.86568 5
      vertex -7.31602 1.64998 5
    endloop
  endfacet
  facet normal 0 0 1
    outer loop
      vertex -0.5 3.39999 5
      vertex -7.31602 1.64998 5
      vertex -7.32024 1.6312 5
    endloop
  endfacet
  facet normal 0 0 1
    outer loop
      vertex -0.5 3.39999 5
      vertex -7.32024 1.6312 5
      vertex -7.36507 1.4151 5
    endloop
  endfacet
  facet normal 0 0 1
    outer loop
      vertex -0.5 3.39999 5
      vertex -7.36507 1.4151 5
      vertex -7.36864 1.39639 5
    endloop
  endfacet
  facet normal 0 0 1
    outer loop
      vertex -0.5 3.39999 5
      vertex -7.36864 1.39639 5
      vertex -7.40617 1.18134 5
    endloop
  endfacet
  facet normal -0 0 1
    outer loop
      vertex -7.44212 0.928253 5
      vertex -0.5 -2.39999 5
      vertex -7.43976 0.947006 5
    endloop
  endfacet
  facet normal -0 0 1
    outer loop
      vertex -7.46588 0.712311 5
      vertex -0.5 -2.39999 5
      vertex -7.44212 0.928253 5
    endloop
  endfacet
  facet normal 0 0 1
    outer loop
      vertex -0.502899 -2.4588 5
      vertex -1.10001 -3 5
      vertex -0.511536 -2.51704 5
    endloop
  endfacet
  facet normal 0 0 1
    outer loop
      vertex -6.97559 -2.72075 5
      vertex -7.02841 -2.61566 5
      vertex -7.00458 -2.66951 5
    endloop
  endfacet
  facet normal 0 0 1
    outer loop
      vertex -6.9417 -2.76891 5
      vertex -7.02841 -2.61566 5
      vertex -6.97559 -2.72075 5
    endloop
  endfacet
  facet normal 0 0 1
    outer loop
      vertex -6.86064 -2.85414 5
      vertex -7.02841 -2.61566 5
      vertex -6.90326 -2.81351 5
    endloop
  endfacet
  facet normal 0 0 1
    outer loop
      vertex -6.90326 -2.81351 5
      vertex -7.02841 -2.61566 5
      vertex -6.9417 -2.76891 5
    endloop
  endfacet
  facet normal -0 0 1
    outer loop
      vertex -7.46764 0.693588 5
      vertex -0.5 -2.39999 5
      vertex -7.46588 0.712311 5
    endloop
  endfacet
  facet normal 0 0 1
    outer loop
      vertex -6.81424 -2.89038 5
      vertex -7.02841 -2.61566 5
      vertex -6.86064 -2.85414 5
    endloop
  endfacet
  facet normal -0 0 1
    outer loop
      vertex -7.48453 0.478088 5
      vertex -0.5 -2.39999 5
      vertex -7.46764 0.693588 5
    endloop
  endfacet
  facet normal 0 0 1
    outer loop
      vertex -6.76451 -2.92191 5
      vertex -7.02841 -2.61566 5
      vertex -6.81424 -2.89038 5
    endloop
  endfacet
  facet normal -0 0 1
    outer loop
      vertex -7.4857 0.45932 5
      vertex -0.5 -2.39999 5
      vertex -7.48453 0.478088 5
    endloop
  endfacet
  facet normal 0 0 1
    outer loop
      vertex -6.71193 -2.94841 5
      vertex -7.02841 -2.61566 5
      vertex -6.76451 -2.92191 5
    endloop
  endfacet
  facet normal 0 0 1
    outer loop
      vertex -0.5 -2.39999 5
      vertex -1.10001 -3 5
      vertex -0.502899 -2.4588 5
    endloop
  endfacet
  facet normal 0 0 1
    outer loop
      vertex -6.657 -2.96962 5
      vertex -7.02841 -2.61566 5
      vertex -6.71193 -2.94841 5
    endloop
  endfacet
  facet normal -0 0 1
    outer loop
      vertex -7.4958 0.243988 5
      vertex -0.5 -2.39999 5
      vertex -7.4857 0.45932 5
    endloop
  endfacet
  facet normal 0 0 1
    outer loop
      vertex -6.60025 -2.98535 5
      vertex -7.02841 -2.61566 5
      vertex -6.657 -2.96962 5
    endloop
  endfacet
  facet normal 0 0 1
    outer loop
      vertex -6.46852 -3 5
      vertex -7.02841 -2.61566 5
      vertex -6.54225 -2.99545 5
    endloop
  endfacet
  facet normal 0 0 1
    outer loop
      vertex -6.54225 -2.99545 5
      vertex -7.02841 -2.61566 5
      vertex -6.60025 -2.98535 5
    endloop
  endfacet
  facet normal -0 0 1
    outer loop
      vertex -7.4964 0.225281 5
      vertex -0.5 -2.39999 5
      vertex -7.4958 0.243988 5
    endloop
  endfacet
  facet normal -0 -0 1
    outer loop
      vertex -7.02841 -2.61566 5
      vertex -6.46852 -3 5
      vertex -7.03922 -2.58762 5
    endloop
  endfacet
  facet normal 0 0 1
    outer loop
      vertex -0.5 -2.39999 5
      vertex -7.4964 0.225281 5
      vertex -1.10001 -3 5
    endloop
  endfacet
  facet normal -0 -0 1
    outer loop
      vertex -7.03922 -2.58762 5
      vertex -6.46852 -3 5
      vertex -7.04608 -2.56886 5
    endloop
  endfacet
  facet normal -0 0 1
    outer loop
      vertex -7.49979 0.00941467 5
      vertex -1.10001 -3 5
      vertex -7.4964 0.225281 5
    endloop
  endfacet
  facet normal -0 -0 1
    outer loop
      vertex -7.04608 -2.56886 5
      vertex -6.46852 -3 5
      vertex -7.12108 -2.35301 5
    endloop
  endfacet
  facet normal -0 -0 1
    outer loop
      vertex -7.12727 -2.33423 5
      vertex -6.46852 -3 5
      vertex -7.19429 -2.11868 5
    endloop
  endfacet
  facet normal -0 -0 1
    outer loop
      vertex -7.12108 -2.35301 5
      vertex -6.46852 -3 5
      vertex -7.12727 -2.33423 5
    endloop
  endfacet
  facet normal -0 0 1
    outer loop
      vertex -7.49979 -0.00941467 5
      vertex -1.10001 -3 5
      vertex -7.49979 0.00941467 5
    endloop
  endfacet
  facet normal -0 -0 1
    outer loop
      vertex -7.19429 -2.11868 5
      vertex -6.46852 -3 5
      vertex -7.19978 -2.09993 5
    endloop
  endfacet
  facet normal -0 -0 1
    outer loop
      vertex -7.4958 -0.243988 5
      vertex -1.10001 -3 5
      vertex -7.4964 -0.225281 5
    endloop
  endfacet
  facet normal -0 -0 1
    outer loop
      vertex -7.19978 -2.09993 5
      vertex -6.46852 -3 5
      vertex -7.25917 -1.8844 5
    endloop
  endfacet
  facet normal -0 -0 1
    outer loop
      vertex -7.4857 -0.45932 5
      vertex -1.10001 -3 5
      vertex -7.4958 -0.243988 5
    endloop
  endfacet
  facet normal -0 -0 1
    outer loop
      vertex -7.25917 -1.8844 5
      vertex -6.46852 -3 5
      vertex -7.26401 -1.86568 5
    endloop
  endfacet
  facet normal -0 -0 1
    outer loop
      vertex -7.31602 -1.64998 5
      vertex -6.46852 -3 5
      vertex -7.32024 -1.6312 5
    endloop
  endfacet
  facet normal -0 -0 1
    outer loop
      vertex -7.26401 -1.86568 5
      vertex -6.46852 -3 5
      vertex -7.31602 -1.64998 5
    endloop
  endfacet
  facet normal -0 -0 1
    outer loop
      vertex -7.44212 -0.928253 5
      vertex -1.10001 -3 5
      vertex -7.46588 -0.712311 5
    endloop
  endfacet
  facet normal -0 -0 1
    outer loop
      vertex -7.32024 -1.6312 5
      vertex -6.46852 -3 5
      vertex -7.36507 -1.4151 5
    endloop
  endfacet
  facet normal -0 -0 1
    outer loop
      vertex -7.36864 -1.39639 5
      vertex -6.46852 -3 5
      vertex -7.40617 -1.18134 5
    endloop
  endfacet
  facet normal -0 -0 1
    outer loop
      vertex -7.36507 -1.4151 5
      vertex -6.46852 -3 5
      vertex -7.36864 -1.39639 5
    endloop
  endfacet
  facet normal 0 0 1
    outer loop
      vertex -1.10001 -3 5
      vertex -7.44212 -0.928253 5
      vertex -6.46852 -3 5
    endloop
  endfacet
  facet normal -0 -0 1
    outer loop
      vertex -7.40617 -1.18134 5
      vertex -6.46852 -3 5
      vertex -7.40915 -1.16254 5
    endloop
  endfacet
  facet normal -0 -0 1
    outer loop
      vertex -7.40915 -1.16254 5
      vertex -6.46852 -3 5
      vertex -7.43976 -0.947006 5
    endloop
  endfacet
  facet normal -0 -0 1
    outer loop
      vertex -7.43976 -0.947006 5
      vertex -6.46852 -3 5
      vertex -7.44212 -0.928253 5
    endloop
  endfacet
  facet normal -0 -0 1
    outer loop
      vertex -7.46588 -0.712311 5
      vertex -1.10001 -3 5
      vertex -7.46764 -0.693588 5
    endloop
  endfacet
  facet normal -0 -0 1
    outer loop
      vertex -7.46764 -0.693588 5
      vertex -1.10001 -3 5
      vertex -7.48453 -0.478088 5
    endloop
  endfacet
  facet normal -0 -0 1
    outer loop
      vertex -7.48453 -0.478088 5
      vertex -1.10001 -3 5
      vertex -7.4857 -0.45932 5
    endloop
  endfacet
  facet normal 0 0 1
    outer loop
      vertex -1.10001 -3 5
      vertex -7.49979 -0.00941467 5
      vertex -7.4964 -0.225281 5
    endloop
  endfacet
  facet normal 0.146738 -0.989175 0
    outer loop
      vertex -0.541199 -3.4971 1.90735e-07
      vertex -0.482956 -3.48846 4.5
      vertex -0.541199 -3.4971 4.5
    endloop
  endfacet
  facet normal 0.146738 -0.989175 0
    outer loop
      vertex -0.482956 -3.48846 4.5
      vertex -0.541199 -3.4971 1.90735e-07
      vertex -0.482956 -3.48846 1.90735e-07
    endloop
  endfacet
  facet normal 0.427519 -0.904006 0
    outer loop
      vertex -0.370392 -3.45432 1.90735e-07
      vertex -0.317169 -3.42915 4.5
      vertex -0.370392 -3.45432 4.5
    endloop
  endfacet
  facet normal 0.427519 -0.904006 0
    outer loop
      vertex -0.317169 -3.42915 4.5
      vertex -0.370392 -3.45432 1.90735e-07
      vertex -0.317169 -3.42915 1.90735e-07
    endloop
  endfacet
  facet normal 0.336734 -0.9416 0
    outer loop
      vertex -0.425842 -3.47415 1.90735e-07
      vertex -0.370392 -3.45432 4.5
      vertex -0.425842 -3.47415 4.5
    endloop
  endfacet
  facet normal 0.336734 -0.9416 0
    outer loop
      vertex -0.370392 -3.45432 4.5
      vertex -0.425842 -3.47415 1.90735e-07
      vertex -0.370392 -3.45432 1.90735e-07
    endloop
  endfacet
  facet normal 0.256734 -0.542875 0.799609
    outer loop
      vertex -0.817169 -2.92915 5
      vertex -0.370392 -3.45432 4.5
      vertex -0.317169 -3.42915 4.5
    endloop
  endfacet
  facet normal 0.256734 -0.542875 0.799609
    outer loop
      vertex -0.370392 -3.45432 4.5
      vertex -0.817169 -2.92915 5
      vertex -0.870392 -2.95432 5
    endloop
  endfacet
  facet normal 0.346479 -0.467045 0.813524
    outer loop
      vertex -0.719376 -2.8638 5
      vertex -0.266663 -3.39888 4.5
      vertex -0.219376 -3.3638 4.5
    endloop
  endfacet
  facet normal 0.346479 -0.467045 0.813524
    outer loop
      vertex -0.266663 -3.39888 4.5
      vertex -0.719376 -2.8638 5
      vertex -0.766663 -2.89888 5
    endloop
  endfacet
  facet normal 0.741103 -0.671391 0
    outer loop
      vertex -0.175735 -3.32426 4.5
      vertex -0.1362 -3.28062 1.90735e-07
      vertex -0.1362 -3.28062 4.5
    endloop
  endfacet
  facet normal 0.741103 -0.671391 0
    outer loop
      vertex -0.1362 -3.28062 1.90735e-07
      vertex -0.175735 -3.32426 4.5
      vertex -0.175735 -3.32426 1.90735e-07
    endloop
  endfacet
  facet normal 0.857737 -0.514089 0
    outer loop
      vertex -0.10112 -3.23334 4.5
      vertex -0.0708466 -3.18283 1.90735e-07
      vertex -0.0708466 -3.18283 4.5
    endloop
  endfacet
  facet normal 0.857737 -0.514089 0
    outer loop
      vertex -0.0708466 -3.18283 1.90735e-07
      vertex -0.10112 -3.23334 4.5
      vertex -0.10112 -3.23334 1.90735e-07
    endloop
  endfacet
  facet normal 0.505261 -0.302827 0.808088
    outer loop
      vertex -0.60112 -2.73334 5
      vertex -0.0708466 -3.18283 4.5
      vertex -0.570847 -2.68283 5
    endloop
  endfacet
  facet normal 0.505259 -0.302829 0.808089
    outer loop
      vertex -0.0708466 -3.18283 4.5
      vertex -0.60112 -2.73334 5
      vertex -0.10112 -3.23334 4.5
    endloop
  endfacet
  facet normal 0.467017 -0.346509 0.813527
    outer loop
      vertex -0.6362 -2.78062 5
      vertex -0.10112 -3.23334 4.5
      vertex -0.60112 -2.73334 5
    endloop
  endfacet
  facet normal 0.467017 -0.346509 0.813527
    outer loop
      vertex -0.10112 -3.23334 4.5
      vertex -0.6362 -2.78062 5
      vertex -0.1362 -3.28062 4.5
    endloop
  endfacet
  facet normal 0.595804 0.80313 -0
    outer loop
      vertex -0.219376 4.3638 1.90735e-07
      vertex -0.266663 4.39888 4.5
      vertex -0.219376 4.3638 4.5
    endloop
  endfacet
  facet normal 0.595804 0.80313 0
    outer loop
      vertex -0.266663 4.39888 4.5
      vertex -0.219376 4.3638 1.90735e-07
      vertex -0.266663 4.39888 1.90735e-07
    endloop
  endfacet
  facet normal 0.741103 0.671391 0
    outer loop
      vertex -0.1362 4.28062 4.5
      vertex -0.175735 4.32426 1.90735e-07
      vertex -0.175735 4.32426 4.5
    endloop
  endfacet
  facet normal 0.741103 0.671391 0
    outer loop
      vertex -0.175735 4.32426 1.90735e-07
      vertex -0.1362 4.28062 4.5
      vertex -0.1362 4.28062 1.90735e-07
    endloop
  endfacet
  facet normal 0.542914 0.256684 0.799598
    outer loop
      vertex -0.570847 3.68283 5
      vertex -0.0456848 4.12961 4.5
      vertex -0.0708466 4.18283 4.5
    endloop
  endfacet
  facet normal 0.542913 0.256685 0.799599
    outer loop
      vertex -0.0456848 4.12961 4.5
      vertex -0.570847 3.68283 5
      vertex -0.545685 3.62961 5
    endloop
  endfacet
  facet normal 0.617011 0.154607 0.771618
    outer loop
      vertex -0.525848 3.57416 5
      vertex -0.0115356 4.01704 4.5
      vertex -0.0258484 4.07416 4.5
    endloop
  endfacet
  facet normal 0.617016 0.1546 0.771616
    outer loop
      vertex -0.0115356 4.01704 4.5
      vertex -0.525848 3.57416 5
      vertex -0.511536 3.51704 5
    endloop
  endfacet
  facet normal -0.446337 0.492619 0.747067
    outer loop
      vertex -6.71236 4.32426 4.5
      vertex -6.38368 3.8638 5
      vertex -6.66872 4.3638 4.5
    endloop
  endfacet
  facet normal -0.446337 0.492619 0.747067
    outer loop
      vertex -6.38368 3.8638 5
      vertex -6.71236 4.32426 4.5
      vertex -6.42732 3.82426 5
    endloop
  endfacet
  facet normal -0.671438 0.741061 0
    outer loop
      vertex -6.66872 4.3638 1.90735e-07
      vertex -6.71236 4.32426 4.5
      vertex -6.66872 4.3638 4.5
    endloop
  endfacet
  facet normal -0.671438 0.741061 0
    outer loop
      vertex -6.71236 4.32426 4.5
      vertex -6.66872 4.3638 1.90735e-07
      vertex -6.71236 4.32426 1.90735e-07
    endloop
  endfacet
  facet normal -0.427539 0.903997 0
    outer loop
      vertex -6.5177 4.45432 1.90735e-07
      vertex -6.57092 4.42915 4.5
      vertex -6.5177 4.45432 4.5
    endloop
  endfacet
  facet normal -0.427539 0.903997 0
    outer loop
      vertex -6.57092 4.42915 4.5
      vertex -6.5177 4.45432 1.90735e-07
      vertex -6.57092 4.42915 1.90735e-07
    endloop
  endfacet
  facet normal -0.336734 0.9416 0
    outer loop
      vertex -6.46225 4.47415 1.90735e-07
      vertex -6.5177 4.45432 4.5
      vertex -6.46225 4.47415 4.5
    endloop
  endfacet
  facet normal -0.336734 0.9416 0
    outer loop
      vertex -6.5177 4.45432 4.5
      vertex -6.46225 4.47415 1.90735e-07
      vertex -6.5177 4.45432 1.90735e-07
    endloop
  endfacet
  facet normal -0.611517 0.353452 0.707897
    outer loop
      vertex -6.9227 4.00911 4.5
      vertex -6.93352 3.99039 4.5
      vertex -6.52794 3.69069 5
    endloop
  endfacet
  facet normal -0.883134 0.469121 0
    outer loop
      vertex -7.07144 3.74057 1.90735e-07
      vertex -7.06148 3.75932 4.5
      vertex -7.06148 3.75932 1.90735e-07
    endloop
  endfacet
  facet normal -0.883134 0.469121 0
    outer loop
      vertex -7.06148 3.75932 4.5
      vertex -7.07144 3.74057 1.90735e-07
      vertex -7.07144 3.74057 4.5
    endloop
  endfacet
  facet normal -0.874819 0.48445 0
    outer loop
      vertex -7.06148 3.75932 1.90735e-07
      vertex -6.93352 3.99039 4.5
      vertex -6.93352 3.99039 1.90735e-07
    endloop
  endfacet
  facet normal -0.874819 0.48445 0
    outer loop
      vertex -6.93352 3.99039 4.5
      vertex -7.06148 3.75932 1.90735e-07
      vertex -7.06148 3.75932 4.5
    endloop
  endfacet
  facet normal -0.630321 0.320458 0.707109
    outer loop
      vertex -6.62968 3.5062 5
      vertex -7.18896 3.50941 4.5
      vertex -6.73947 3.29025 5
    endloop
  endfacet
  facet normal -0.899077 0.437791 0
    outer loop
      vertex -7.19809 3.49066 1.90735e-07
      vertex -7.18896 3.50941 4.5
      vertex -7.18896 3.50941 1.90735e-07
    endloop
  endfacet
  facet normal -0.899077 0.437791 0
    outer loop
      vertex -7.18896 3.50941 4.5
      vertex -7.19809 3.49066 1.90735e-07
      vertex -7.19809 3.49066 4.5
    endloop
  endfacet
  facet normal -0.635697 0.309542 0.707158
    outer loop
      vertex -7.18896 3.50941 4.5
      vertex -6.7486 3.2715 5
      vertex -6.73947 3.29025 5
    endloop
  endfacet
  facet normal -0.635697 0.309542 0.707158
    outer loop
      vertex -6.7486 3.2715 5
      vertex -7.18896 3.50941 4.5
      vertex -7.19809 3.49066 4.5
    endloop
  endfacet
  facet normal -0.959431 0.281945 0
    outer loop
      vertex -7.67963 2.24071 1.90735e-07
      vertex -7.67412 2.25946 4.5
      vertex -7.67412 2.25946 1.90735e-07
    endloop
  endfacet
  facet normal -0.959431 0.281945 0
    outer loop
      vertex -7.67412 2.25946 4.5
      vertex -7.67963 2.24071 1.90735e-07
      vertex -7.67963 2.24071 4.5
    endloop
  endfacet
  facet normal -0.938914 0.344152 0
    outer loop
      vertex -7.51582 2.74039 1.90735e-07
      vertex -7.50894 2.75916 4.5
      vertex -7.50894 2.75916 1.90735e-07
    endloop
  endfacet
  facet normal -0.938914 0.344152 0
    outer loop
      vertex -7.50894 2.75916 4.5
      vertex -7.51582 2.74039 1.90735e-07
      vertex -7.51582 2.74039 4.5
    endloop
  endfacet
  facet normal -0.933158 0.359468 0
    outer loop
      vertex -7.50894 2.75916 1.90735e-07
      vertex -7.41972 2.99077 4.5
      vertex -7.41972 2.99077 1.90735e-07
    endloop
  endfacet
  facet normal -0.933158 0.359468 0
    outer loop
      vertex -7.41972 2.99077 4.5
      vertex -7.50894 2.75916 1.90735e-07
      vertex -7.50894 2.75916 4.5
    endloop
  endfacet
  facet normal -0.671672 0.220907 0.707147
    outer loop
      vertex -7.59605 2.50945 4.5
      vertex -7.60222 2.49069 4.5
      vertex -7.12727 2.33423 5
    endloop
  endfacet
  facet normal -0.659858 0.254188 0.70709
    outer loop
      vertex -7.41972 2.99077 4.5
      vertex -7.50894 2.75916 4.5
      vertex -6.95634 2.8028 5
    endloop
  endfacet
  facet normal -0.913932 0.405868 0
    outer loop
      vertex -7.3141 3.24054 1.90735e-07
      vertex -7.30576 3.25932 4.5
      vertex -7.30576 3.25932 1.90735e-07
    endloop
  endfacet
  facet normal -0.913932 0.405868 0
    outer loop
      vertex -7.30576 3.25932 4.5
      vertex -7.3141 3.24054 1.90735e-07
      vertex -7.3141 3.24054 4.5
    endloop
  endfacet
  facet normal -0.681699 0.187829 0.707112
    outer loop
      vertex -7.67963 2.24071 4.5
      vertex -7.74344 2.00912 4.5
      vertex -7.19978 2.09993 5
    endloop
  endfacet
  facet normal -0.972139 0.234406 0
    outer loop
      vertex -7.80397 1.75943 1.90735e-07
      vertex -7.74828 1.99039 4.5
      vertex -7.74828 1.99039 1.90735e-07
    endloop
  endfacet
  facet normal -0.972139 0.234406 0
    outer loop
      vertex -7.74828 1.99039 4.5
      vertex -7.80397 1.75943 1.90735e-07
      vertex -7.80397 1.75943 4.5
    endloop
  endfacet
  facet normal -0.964075 0.265632 0
    outer loop
      vertex -7.74344 2.00912 1.90735e-07
      vertex -7.67963 2.24071 4.5
      vertex -7.67963 2.24071 1.90735e-07
    endloop
  endfacet
  facet normal -0.964075 0.265632 0
    outer loop
      vertex -7.67963 2.24071 4.5
      vertex -7.74344 2.00912 1.90735e-07
      vertex -7.74344 2.00912 4.5
    endloop
  endfacet
  facet normal -0.687398 0.165748 0.707114
    outer loop
      vertex -7.74828 1.99039 4.5
      vertex -7.80397 1.75943 4.5
      vertex -7.31602 1.64998 5
    endloop
  endfacet
  facet normal -0.692365 0.143632 0.707107
    outer loop
      vertex -7.80818 1.74065 4.5
      vertex -7.85623 1.50903 4.5
      vertex -7.32024 1.6312 5
    endloop
  endfacet
  facet normal -0.992173 0.124868 0
    outer loop
      vertex -7.93826 0.990738 1.90735e-07
      vertex -7.9359 1.00949 4.5
      vertex -7.9359 1.00949 1.90735e-07
    endloop
  endfacet
  facet normal -0.992173 0.124868 0
    outer loop
      vertex -7.9359 1.00949 4.5
      vertex -7.93826 0.990738 1.90735e-07
      vertex -7.93826 0.990738 4.5
    endloop
  endfacet
  facet normal -0.705665 -0.0443295 0.707157
    outer loop
      vertex -7.98479 -0.490631 4.5
      vertex -7.98361 -0.509415 4.5
      vertex -7.4857 -0.45932 5
    endloop
  endfacet
  facet normal -0.933158 -0.359468 0
    outer loop
      vertex -7.41972 -2.99077 1.90735e-07
      vertex -7.50894 -2.75916 4.5
      vertex -7.50894 -2.75916 1.90735e-07
    endloop
  endfacet
  facet normal -0.933158 -0.359468 0
    outer loop
      vertex -7.50894 -2.75916 4.5
      vertex -7.41972 -2.99077 1.90735e-07
      vertex -7.41972 -2.99077 4.5
    endloop
  endfacet
  facet normal -0.659846 -0.254184 0.707102
    outer loop
      vertex -7.50894 -2.75916 4.5
      vertex -7.41972 -2.99077 4.5
      vertex -7.02841 -2.61566 5
    endloop
  endfacet
  facet normal -0.155694 -0.644276 0.748777
    outer loop
      vertex -6.97607 -3.47563 4.5
      vertex -6.91884 -3.48946 4.5
      vertex -6.60025 -2.98535 5
    endloop
  endfacet
  facet normal -0.233125 -0.60375 0.762324
    outer loop
      vertex -6.71193 -2.94841 5
      vertex -7.03168 -3.45627 4.5
      vertex -6.657 -2.96962 5
    endloop
  endfacet
  facet normal -0.234895 -0.972021 0
    outer loop
      vertex -6.97607 -3.47563 1.90735e-07
      vertex -6.91884 -3.48946 4.5
      vertex -6.97607 -3.47563 4.5
    endloop
  endfacet
  facet normal -0.234895 -0.972021 -0
    outer loop
      vertex -6.91884 -3.48946 4.5
      vertex -6.97607 -3.47563 1.90735e-07
      vertex -6.91884 -3.48946 1.90735e-07
    endloop
  endfacet
  facet normal -0.375964 -0.51607 0.769625
    outer loop
      vertex -7.18347 -3.36705 4.5
      vertex -7.13588 -3.40172 4.5
      vertex -6.81424 -2.89038 5
    endloop
  endfacet
  facet normal -0.665091 -0.746763 0
    outer loop
      vertex -7.22745 -3.32788 1.90735e-07
      vertex -7.18347 -3.36705 4.5
      vertex -7.22745 -3.32788 4.5
    endloop
  endfacet
  facet normal -0.665091 -0.746763 -0
    outer loop
      vertex -7.18347 -3.36705 4.5
      vertex -7.22745 -3.32788 1.90735e-07
      vertex -7.18347 -3.36705 1.90735e-07
    endloop
  endfacet
  facet normal -0.968197 -0.250191 0
    outer loop
      vertex -7.74344 -2.00912 1.90735e-07
      vertex -7.74828 -1.99039 4.5
      vertex -7.74828 -1.99039 1.90735e-07
    endloop
  endfacet
  facet normal -0.968197 -0.250191 0
    outer loop
      vertex -7.74828 -1.99039 4.5
      vertex -7.74344 -2.00912 1.90735e-07
      vertex -7.74344 -2.00912 4.5
    endloop
  endfacet
  facet normal -0.525986 -0.397064 0.752117
    outer loop
      vertex -7.30284 -3.23761 4.5
      vertex -7.26736 -3.28461 4.5
      vertex -6.9417 -2.76891 5
    endloop
  endfacet
  facet normal -0.443476 -0.465197 0.766108
    outer loop
      vertex -6.90326 -2.81351 5
      vertex -7.22745 -3.32788 4.5
      vertex -6.86064 -2.85414 5
    endloop
  endfacet
  facet normal -0.39292 -0.503076 0.769758
    outer loop
      vertex -6.86064 -2.85414 5
      vertex -7.18347 -3.36705 4.5
      vertex -6.81424 -2.89038 5
    endloop
  endfacet
  facet normal -0.341425 -0.538506 0.770351
    outer loop
      vertex -6.81424 -2.89038 5
      vertex -7.13588 -3.40172 4.5
      vertex -6.76451 -2.92191 5
    endloop
  endfacet
  facet normal -0.998033 -0.0626958 0
    outer loop
      vertex -7.98361 -0.509415 1.90735e-07
      vertex -7.98479 -0.490631 4.5
      vertex -7.98479 -0.490631 1.90735e-07
    endloop
  endfacet
  facet normal -0.998033 -0.0626958 0
    outer loop
      vertex -7.98479 -0.490631 4.5
      vertex -7.98361 -0.509415 1.90735e-07
      vertex -7.98361 -0.509415 4.5
    endloop
  endfacet
  facet normal -0.703958 -0.0661735 0.707152
    outer loop
      vertex -7.46764 -0.693588 5
      vertex -7.96376 -0.759003 4.5
      vertex -7.46588 -0.712311 5
    endloop
  endfacet
  facet normal -0.701532 -0.0882853 0.707149
    outer loop
      vertex -7.44212 -0.928253 5
      vertex -7.9359 -1.00949 4.5
      vertex -7.43976 -0.947006 5
    endloop
  endfacet
  facet normal -0.701531 -0.0882899 0.707149
    outer loop
      vertex -7.9359 -1.00949 4.5
      vertex -7.44212 -0.928253 5
      vertex -7.93826 -0.990738 4.5
    endloop
  endfacet
  facet normal -0.694534 -0.132522 0.70715
    outer loop
      vertex -7.36864 -1.39639 5
      vertex -7.85623 -1.50903 4.5
      vertex -7.36507 -1.4151 5
    endloop
  endfacet
  facet normal -0.98763 -0.1568 0
    outer loop
      vertex -7.90007 -1.25955 1.90735e-07
      vertex -7.90305 -1.24078 4.5
      vertex -7.90305 -1.24078 1.90735e-07
    endloop
  endfacet
  facet normal -0.98763 -0.1568 0
    outer loop
      vertex -7.90305 -1.24078 4.5
      vertex -7.90007 -1.25955 1.90735e-07
      vertex -7.90007 -1.25955 4.5
    endloop
  endfacet
  facet normal -0.162775 0.649734 0.742529
    outer loop
      vertex -6.40514 4.48846 4.5
      vertex -6.17722 3.97415 5
      vertex -6.1201 3.98846 5
    endloop
  endfacet
  facet normal -0.162801 0.649725 0.742532
    outer loop
      vertex -6.17722 3.97415 5
      vertex -6.40514 4.48846 4.5
      vertex -6.46225 4.47415 4.5
    endloop
  endfacet
  facet normal 0.096961 -0.653623 0.750584
    outer loop
      vertex -0.982956 -2.98846 5
      vertex -0.541199 -3.4971 4.5
      vertex -0.482956 -3.48846 4.5
    endloop
  endfacet
  facet normal 0.0969595 -0.653624 0.750583
    outer loop
      vertex -0.541199 -3.4971 4.5
      vertex -0.982956 -2.98846 5
      vertex -1.0412 -2.9971 5
    endloop
  endfacet
  facet normal 0.0340015 -0.689493 0.723494
    outer loop
      vertex -1.0412 -2.9971 5
      vertex -0.600006 -3.5 4.5
      vertex -0.541199 -3.4971 4.5
    endloop
  endfacet
  facet normal 0.0339998 -0.689493 0.723494
    outer loop
      vertex -0.600006 -3.5 4.5
      vertex -1.0412 -2.9971 5
      vertex -1.10001 -3 5
    endloop
  endfacet
  facet normal 0.428223 -0.387942 0.816165
    outer loop
      vertex -0.675735 -2.82426 5
      vertex -0.1362 -3.28062 4.5
      vertex -0.6362 -2.78062 5
    endloop
  endfacet
  facet normal 0.428223 -0.387942 0.816165
    outer loop
      vertex -0.1362 -3.28062 4.5
      vertex -0.675735 -2.82426 5
      vertex -0.175735 -3.32426 4.5
    endloop
  endfacet
  facet normal 0.580117 -0.207534 0.787651
    outer loop
      vertex -0.545685 -2.62961 5
      vertex -0.0258484 -3.07416 4.5
      vertex -0.525848 -2.57416 5
    endloop
  endfacet
  facet normal 0.58012 -0.207529 0.78765
    outer loop
      vertex -0.0258484 -3.07416 4.5
      vertex -0.545685 -2.62961 5
      vertex -0.0456848 -3.12961 4.5
    endloop
  endfacet
  facet normal 0.387964 0.428202 0.816166
    outer loop
      vertex -0.219376 4.3638 4.5
      vertex -0.675735 3.82426 5
      vertex -0.175735 4.32426 4.5
    endloop
  endfacet
  facet normal 0.387964 0.428202 0.816166
    outer loop
      vertex -0.675735 3.82426 5
      vertex -0.219376 4.3638 4.5
      vertex -0.719376 3.8638 5
    endloop
  endfacet
  facet normal 0.428223 0.387942 0.816165
    outer loop
      vertex -0.675735 3.82426 5
      vertex -0.1362 4.28062 4.5
      vertex -0.175735 4.32426 4.5
    endloop
  endfacet
  facet normal 0.428223 0.387942 0.816165
    outer loop
      vertex -0.1362 4.28062 4.5
      vertex -0.675735 3.82426 5
      vertex -0.6362 3.78062 5
    endloop
  endfacet
  facet normal 0.653642 0.0969288 0.750571
    outer loop
      vertex -0.511536 3.51704 5
      vertex -0.00289917 3.9588 4.5
      vertex -0.0115356 4.01704 4.5
    endloop
  endfacet
  facet normal 0.653639 0.0969347 0.750573
    outer loop
      vertex -0.00289917 3.9588 4.5
      vertex -0.511536 3.51704 5
      vertex -0.502899 3.4588 5
    endloop
  endfacet
  facet normal -0.280859 0.593854 0.75396
    outer loop
      vertex -6.5177 4.45432 4.5
      vertex -6.28589 3.92915 5
      vertex -6.23267 3.95432 5
    endloop
  endfacet
  facet normal -0.280859 0.593854 0.75396
    outer loop
      vertex -6.28589 3.92915 5
      vertex -6.5177 4.45432 4.5
      vertex -6.57092 4.42915 4.5
    endloop
  endfacet
  facet normal -0.618585 0.342568 0.707107
    outer loop
      vertex -6.52794 3.69069 5
      vertex -6.93352 3.99039 4.5
      vertex -6.61972 3.52496 5
    endloop
  endfacet
  facet normal -0.55284 0.410186 0.725338
    outer loop
      vertex -6.46686 3.78062 5
      vertex -6.75189 4.28062 4.5
      vertex -6.50194 3.73334 5
    endloop
  endfacet
  facet normal -0.624422 0.331693 0.707161
    outer loop
      vertex -7.06148 3.75932 4.5
      vertex -7.07144 3.74057 4.5
      vertex -6.61972 3.52496 5
    endloop
  endfacet
  facet normal -0.618593 0.342559 0.707104
    outer loop
      vertex -6.93352 3.99039 4.5
      vertex -7.06148 3.75932 4.5
      vertex -6.61972 3.52496 5
    endloop
  endfacet
  facet normal -0.641079 0.298374 0.7071
    outer loop
      vertex -6.7486 3.2715 5
      vertex -7.19809 3.49066 4.5
      vertex -6.84882 3.05617 5
    endloop
  endfacet
  facet normal -0.650913 0.276254 0.707104
    outer loop
      vertex -7.3141 3.24054 4.5
      vertex -7.41216 3.00949 4.5
      vertex -6.85716 3.03738 5
    endloop
  endfacet
  facet normal -0.675226 0.209959 0.707098
    outer loop
      vertex -7.60222 2.49069 4.5
      vertex -7.67412 2.25946 4.5
      vertex -7.12727 2.33423 5
    endloop
  endfacet
  facet normal -0.689852 0.155015 0.707159
    outer loop
      vertex -7.80397 1.75943 4.5
      vertex -7.32024 1.6312 5
      vertex -7.31602 1.64998 5
    endloop
  endfacet
  facet normal -0.689937 0.154666 0.707153
    outer loop
      vertex -7.32024 1.6312 5
      vertex -7.80397 1.75943 4.5
      vertex -7.80818 1.74065 4.5
    endloop
  endfacet
  facet normal -0.696585 0.121561 0.707101
    outer loop
      vertex -7.8598 1.49031 4.5
      vertex -7.90007 1.25955 4.5
      vertex -7.40617 1.18134 5
    endloop
  endfacet
  facet normal -0.995618 0.0935152 0
    outer loop
      vertex -7.96552 0.740265 1.90735e-07
      vertex -7.96376 0.759003 4.5
      vertex -7.96376 0.759003 1.90735e-07
    endloop
  endfacet
  facet normal -0.995618 0.0935152 0
    outer loop
      vertex -7.96376 0.759003 4.5
      vertex -7.96552 0.740265 1.90735e-07
      vertex -7.96552 0.740265 4.5
    endloop
  endfacet
  facet normal -0.701532 0.0882853 0.707149
    outer loop
      vertex -7.9359 1.00949 4.5
      vertex -7.44212 0.928253 5
      vertex -7.43976 0.947006 5
    endloop
  endfacet
  facet normal -0.701531 0.0882899 0.707149
    outer loop
      vertex -7.44212 0.928253 5
      vertex -7.9359 1.00949 4.5
      vertex -7.93826 0.990738 4.5
    endloop
  endfacet
  facet normal -0.985112 0.171912 0
    outer loop
      vertex -7.90007 1.25955 1.90735e-07
      vertex -7.8598 1.49031 4.5
      vertex -7.8598 1.49031 1.90735e-07
    endloop
  endfacet
  facet normal -0.985112 0.171912 0
    outer loop
      vertex -7.8598 1.49031 4.5
      vertex -7.90007 1.25955 1.90735e-07
      vertex -7.90007 1.25955 4.5
    endloop
  endfacet
  facet normal -0.994 0.109379 0
    outer loop
      vertex -7.96376 0.759003 1.90735e-07
      vertex -7.93826 0.990738 4.5
      vertex -7.93826 0.990738 1.90735e-07
    endloop
  endfacet
  facet normal -0.994 0.109379 0
    outer loop
      vertex -7.93826 0.990738 4.5
      vertex -7.96376 0.759003 1.90735e-07
      vertex -7.96376 0.759003 4.5
    endloop
  endfacet
  facet normal -0.999877 0.015678 0
    outer loop
      vertex -7.99985 0.00941467 1.90735e-07
      vertex -7.99622 0.240921 4.5
      vertex -7.99622 0.240921 1.90735e-07
    endloop
  endfacet
  facet normal -0.999877 0.015678 0
    outer loop
      vertex -7.99622 0.240921 4.5
      vertex -7.99985 0.00941467 1.90735e-07
      vertex -7.99985 0.00941467 4.5
    endloop
  endfacet
  facet normal -0.998033 0.0626958 0
    outer loop
      vertex -7.98479 0.490631 1.90735e-07
      vertex -7.98361 0.509415 4.5
      vertex -7.98361 0.509415 1.90735e-07
    endloop
  endfacet
  facet normal -0.998033 0.0626958 0
    outer loop
      vertex -7.98361 0.509415 4.5
      vertex -7.98479 0.490631 1.90735e-07
      vertex -7.98479 0.490631 4.5
    endloop
  endfacet
  facet normal -0.638669 -0.282628 0.715698
    outer loop
      vertex -7.02841 -2.61566 5
      vertex -7.35918 -3.13435 4.5
      vertex -7.00458 -2.66951 5
    endloop
  endfacet
  facet normal -0.94462 -0.328167 0
    outer loop
      vertex -7.51582 -2.74039 1.90735e-07
      vertex -7.59605 -2.50945 4.5
      vertex -7.59605 -2.50945 1.90735e-07
    endloop
  endfacet
  facet normal -0.94462 -0.328167 0
    outer loop
      vertex -7.59605 -2.50945 4.5
      vertex -7.51582 -2.74039 1.90735e-07
      vertex -7.51582 -2.74039 4.5
    endloop
  endfacet
  facet normal -0.949942 -0.312427 0
    outer loop
      vertex -7.59605 -2.50945 1.90735e-07
      vertex -7.60222 -2.49069 4.5
      vertex -7.60222 -2.49069 1.90735e-07
    endloop
  endfacet
  facet normal -0.949942 -0.312427 0
    outer loop
      vertex -7.60222 -2.49069 4.5
      vertex -7.59605 -2.50945 1.90735e-07
      vertex -7.59605 -2.50945 4.5
    endloop
  endfacet
  facet normal -0.954902 -0.296923 0
    outer loop
      vertex -7.60222 -2.49069 1.90735e-07
      vertex -7.67412 -2.25946 4.5
      vertex -7.67412 -2.25946 1.90735e-07
    endloop
  endfacet
  facet normal -0.954902 -0.296923 0
    outer loop
      vertex -7.67412 -2.25946 4.5
      vertex -7.60222 -2.49069 1.90735e-07
      vertex -7.60222 -2.49069 4.5
    endloop
  endfacet
  facet normal -0.687398 -0.165748 0.707114
    outer loop
      vertex -7.80397 -1.75943 4.5
      vertex -7.74828 -1.99039 4.5
      vertex -7.31602 -1.64998 5
    endloop
  endfacet
  facet normal -0.646339 -0.274237 0.712067
    outer loop
      vertex -7.41217 -3.00946 4.5
      vertex -7.35918 -3.13435 4.5
      vertex -7.02841 -2.61566 5
    endloop
  endfacet
  facet normal -0.27001 -0.58382 0.765669
    outer loop
      vertex -7.08513 -3.43155 4.5
      vertex -7.03168 -3.45627 4.5
      vertex -6.71193 -2.94841 5
    endloop
  endfacet
  facet normal -0.288293 -0.572016 0.767909
    outer loop
      vertex -6.76451 -2.92191 5
      vertex -7.08513 -3.43155 4.5
      vertex -6.71193 -2.94841 5
    endloop
  endfacet
  facet normal -0.214086 -0.614945 0.758953
    outer loop
      vertex -7.03168 -3.45627 4.5
      vertex -6.97607 -3.47563 4.5
      vertex -6.657 -2.96962 5
    endloop
  endfacet
  facet normal -0.175645 -0.633685 0.753388
    outer loop
      vertex -6.657 -2.96962 5
      vertex -6.97607 -3.47563 4.5
      vertex -6.60025 -2.98535 5
    endloop
  endfacet
  facet normal -0.0936856 -0.672047 0.734558
    outer loop
      vertex -6.91884 -3.48946 4.5
      vertex -6.86052 -3.49759 4.5
      vertex -6.54225 -2.99545 5
    endloop
  endfacet
  facet normal -0.115253 -0.661848 0.740725
    outer loop
      vertex -6.60025 -2.98535 5
      vertex -6.91884 -3.48946 4.5
      vertex -6.54225 -2.99545 5
    endloop
  endfacet
  facet normal -0.541935 -0.381358 0.748914
    outer loop
      vertex -6.97559 -2.72075 5
      vertex -7.30284 -3.23761 4.5
      vertex -6.9417 -2.76891 5
    endloop
  endfacet
  facet normal -0.964075 -0.265632 0
    outer loop
      vertex -7.67963 -2.24071 1.90735e-07
      vertex -7.74344 -2.00912 4.5
      vertex -7.74344 -2.00912 1.90735e-07
    endloop
  endfacet
  facet normal -0.964075 -0.265632 0
    outer loop
      vertex -7.74344 -2.00912 4.5
      vertex -7.67963 -2.24071 1.90735e-07
      vertex -7.67963 -2.24071 4.5
    endloop
  endfacet
  facet normal -0.681699 -0.187829 0.707112
    outer loop
      vertex -7.74344 -2.00912 4.5
      vertex -7.67963 -2.24071 4.5
      vertex -7.19978 -2.09993 5
    endloop
  endfacet
  facet normal -0.975782 -0.218746 0
    outer loop
      vertex -7.80397 -1.75943 1.90735e-07
      vertex -7.80818 -1.74065 4.5
      vertex -7.80818 -1.74065 1.90735e-07
    endloop
  endfacet
  facet normal -0.975782 -0.218746 0
    outer loop
      vertex -7.80818 -1.74065 4.5
      vertex -7.80397 -1.75943 1.90735e-07
      vertex -7.80397 -1.75943 4.5
    endloop
  endfacet
  facet normal -0.982297 -0.187329 0
    outer loop
      vertex -7.85623 -1.50903 1.90735e-07
      vertex -7.8598 -1.49031 4.5
      vertex -7.8598 -1.49031 1.90735e-07
    endloop
  endfacet
  facet normal -0.982297 -0.187329 0
    outer loop
      vertex -7.8598 -1.49031 4.5
      vertex -7.85623 -1.50903 1.90735e-07
      vertex -7.85623 -1.50903 4.5
    endloop
  endfacet
  facet normal -0.694548 -0.132454 0.707149
    outer loop
      vertex -7.8598 -1.49031 4.5
      vertex -7.85623 -1.50903 4.5
      vertex -7.36864 -1.39639 5
    endloop
  endfacet
  facet normal -0.702866 -0.077343 0.707105
    outer loop
      vertex -7.96376 -0.759003 4.5
      vertex -7.93826 -0.990738 4.5
      vertex -7.44212 -0.928253 5
    endloop
  endfacet
  facet normal -0.702865 -0.0773359 0.707107
    outer loop
      vertex -7.46588 -0.712311 5
      vertex -7.96376 -0.759003 4.5
      vertex -7.44212 -0.928253 5
    endloop
  endfacet
  facet normal -0.996944 -0.0781231 0
    outer loop
      vertex -7.96552 -0.740265 1.90735e-07
      vertex -7.98361 -0.509415 4.5
      vertex -7.98361 -0.509415 1.90735e-07
    endloop
  endfacet
  facet normal -0.996944 -0.0781231 0
    outer loop
      vertex -7.98361 -0.509415 4.5
      vertex -7.96552 -0.740265 1.90735e-07
      vertex -7.96552 -0.740265 4.5
    endloop
  endfacet
  facet normal 0.346479 0.467045 0.813524
    outer loop
      vertex -0.266663 4.39888 4.5
      vertex -0.719376 3.8638 5
      vertex -0.219376 4.3638 4.5
    endloop
  endfacet
  facet normal 0.346479 0.467045 0.813524
    outer loop
      vertex -0.719376 3.8638 5
      vertex -0.266663 4.39888 4.5
      vertex -0.766663 3.89888 5
    endloop
  endfacet
  facet normal -0.624493 0.331554 0.707164
    outer loop
      vertex -6.61972 3.52496 5
      vertex -7.07144 3.74057 4.5
      vertex -6.62968 3.5062 5
    endloop
  endfacet
  facet normal -0.601274 0.366544 0.710011
    outer loop
      vertex -6.50194 3.73334 5
      vertex -6.80215 4.2094 4.5
      vertex -6.52794 3.69069 5
    endloop
  endfacet
  facet normal -0.566425 0.399727 0.720681
    outer loop
      vertex -6.75189 4.28062 4.5
      vertex -6.80215 4.2094 4.5
      vertex -6.50194 3.73334 5
    endloop
  endfacet
  facet normal -0.641081 0.298371 0.707099
    outer loop
      vertex -7.19809 3.49066 4.5
      vertex -7.30576 3.25932 4.5
      vertex -6.84882 3.05617 5
    endloop
  endfacet
  facet normal -0.659861 0.254163 0.707095
    outer loop
      vertex -6.95634 2.8028 5
      vertex -7.50894 2.75916 4.5
      vertex -7.03923 2.5876 5
    endloop
  endfacet
  facet normal -0.663873 0.243337 0.707149
    outer loop
      vertex -7.50894 2.75916 4.5
      vertex -7.51582 2.74039 4.5
      vertex -7.03923 2.5876 5
    endloop
  endfacet
  facet normal -0.667924 0.232079 0.707118
    outer loop
      vertex -7.04608 2.56886 5
      vertex -7.51582 2.74039 4.5
      vertex -7.12108 2.35301 5
    endloop
  endfacet
  facet normal -0.667944 0.232048 0.70711
    outer loop
      vertex -7.51582 2.74039 4.5
      vertex -7.59605 2.50945 4.5
      vertex -7.12108 2.35301 5
    endloop
  endfacet
  facet normal -0.675227 0.209945 0.707101
    outer loop
      vertex -7.12727 2.33423 5
      vertex -7.67412 2.25946 4.5
      vertex -7.19429 2.11868 5
    endloop
  endfacet
  facet normal -0.694534 0.132522 0.70715
    outer loop
      vertex -7.36507 1.4151 5
      vertex -7.85623 1.50903 4.5
      vertex -7.36864 1.39639 5
    endloop
  endfacet
  facet normal -0.687399 0.165747 0.707114
    outer loop
      vertex -7.26401 1.86568 5
      vertex -7.74828 1.99039 4.5
      vertex -7.31602 1.64998 5
    endloop
  endfacet
  facet normal -0.982297 0.187329 0
    outer loop
      vertex -7.8598 1.49031 1.90735e-07
      vertex -7.85623 1.50903 4.5
      vertex -7.85623 1.50903 1.90735e-07
    endloop
  endfacet
  facet normal -0.982297 0.187329 0
    outer loop
      vertex -7.85623 1.50903 4.5
      vertex -7.8598 1.49031 1.90735e-07
      vertex -7.8598 1.49031 4.5
    endloop
  endfacet
  facet normal -0.694548 0.132454 0.707149
    outer loop
      vertex -7.85623 1.50903 4.5
      vertex -7.8598 1.49031 4.5
      vertex -7.36864 1.39639 5
    endloop
  endfacet
  facet normal -0.703958 0.0661735 0.707152
    outer loop
      vertex -7.46588 0.712311 5
      vertex -7.96376 0.759003 4.5
      vertex -7.46764 0.693588 5
    endloop
  endfacet
  facet normal -0.702865 0.0773359 0.707107
    outer loop
      vertex -7.44212 0.928253 5
      vertex -7.96376 0.759003 4.5
      vertex -7.46588 0.712311 5
    endloop
  endfacet
  facet normal -0.698322 0.110868 0.707145
    outer loop
      vertex -7.90007 1.25955 4.5
      vertex -7.90305 1.24078 4.5
      vertex -7.40617 1.18134 5
    endloop
  endfacet
  facet normal -0.990064 0.140618 0
    outer loop
      vertex -7.9359 1.00949 1.90735e-07
      vertex -7.90305 1.24078 4.5
      vertex -7.90305 1.24078 1.90735e-07
    endloop
  endfacet
  facet normal -0.990064 0.140618 0
    outer loop
      vertex -7.90305 1.24078 4.5
      vertex -7.9359 1.00949 1.90735e-07
      vertex -7.9359 1.00949 4.5
    endloop
  endfacet
  facet normal -0.996944 0.0781231 0
    outer loop
      vertex -7.98361 0.509415 1.90735e-07
      vertex -7.96552 0.740265 4.5
      vertex -7.96552 0.740265 1.90735e-07
    endloop
  endfacet
  facet normal -0.996944 0.0781231 0
    outer loop
      vertex -7.96552 0.740265 4.5
      vertex -7.98361 0.509415 1.90735e-07
      vertex -7.98361 0.509415 4.5
    endloop
  endfacet
  facet normal -0.705693 0.043993 0.707151
    outer loop
      vertex -7.48453 0.478088 5
      vertex -7.98361 0.509415 4.5
      vertex -7.4857 0.45932 5
    endloop
  endfacet
  facet normal -0.705665 0.0443295 0.707157
    outer loop
      vertex -7.98361 0.509415 4.5
      vertex -7.98479 0.490631 4.5
      vertex -7.4857 0.45932 5
    endloop
  endfacet
  facet normal -0.706698 0.0226663 0.707152
    outer loop
      vertex -7.4958 0.243988 5
      vertex -7.99622 0.240921 4.5
      vertex -7.4964 0.225281 5
    endloop
  endfacet
  facet normal -0.707017 0.0111031 0.70711
    outer loop
      vertex -7.4964 0.225281 5
      vertex -7.99622 0.240921 4.5
      vertex -7.49979 0.00941467 5
    endloop
  endfacet
  facet normal -0.998903 0.046828 0
    outer loop
      vertex -7.99562 0.259613 1.90735e-07
      vertex -7.98479 0.490631 4.5
      vertex -7.98479 0.490631 1.90735e-07
    endloop
  endfacet
  facet normal -0.998903 0.046828 0
    outer loop
      vertex -7.98479 0.490631 4.5
      vertex -7.99562 0.259613 1.90735e-07
      vertex -7.99562 0.259613 4.5
    endloop
  endfacet
  facet normal -0.667944 -0.232048 0.70711
    outer loop
      vertex -7.59605 -2.50945 4.5
      vertex -7.51582 -2.74039 4.5
      vertex -7.12108 -2.35301 5
    endloop
  endfacet
  facet normal -0.653458 -0.26397 0.709445
    outer loop
      vertex -7.41972 -2.99077 4.5
      vertex -7.41217 -3.00946 4.5
      vertex -7.02841 -2.61566 5
    endloop
  endfacet
  facet normal -0.323817 -0.550913 0.769179
    outer loop
      vertex -7.13588 -3.40172 4.5
      vertex -7.08513 -3.43155 4.5
      vertex -6.76451 -2.92191 5
    endloop
  endfacet
  facet normal -0.506731 -0.862104 0
    outer loop
      vertex -7.13588 -3.40172 1.90735e-07
      vertex -7.08513 -3.43155 4.5
      vertex -7.13588 -3.40172 4.5
    endloop
  endfacet
  facet normal -0.506731 -0.862104 -0
    outer loop
      vertex -7.08513 -3.43155 4.5
      vertex -7.13588 -3.40172 1.90735e-07
      vertex -7.08513 -3.43155 1.90735e-07
    endloop
  endfacet
  facet normal -0.0312523 -0.696109 0.717256
    outer loop
      vertex -6.86052 -3.49759 4.5
      vertex -6.80684 -3.5 4.5
      vertex -6.46852 -3 5
    endloop
  endfacet
  facet normal -0.492948 -0.424864 0.759271
    outer loop
      vertex -6.9417 -2.76891 5
      vertex -7.26736 -3.28461 4.5
      vertex -6.90326 -2.81351 5
    endloop
  endfacet
  facet normal -0.476629 -0.439618 0.761289
    outer loop
      vertex -7.26736 -3.28461 4.5
      vertex -7.22745 -3.32788 4.5
      vertex -6.90326 -2.81351 5
    endloop
  endfacet
  facet normal -0.590554 -0.334117 0.734583
    outer loop
      vertex -7.00458 -2.66951 5
      vertex -7.33354 -3.18736 4.5
      vertex -6.97559 -2.72075 5
    endloop
  endfacet
  facet normal -0.574754 -0.351143 0.73916
    outer loop
      vertex -7.33354 -3.18736 4.5
      vertex -7.30284 -3.23761 4.5
      vertex -6.97559 -2.72075 5
    endloop
  endfacet
  facet normal -0.687399 -0.165747 0.707114
    outer loop
      vertex -7.31602 -1.64998 5
      vertex -7.74828 -1.99039 4.5
      vertex -7.26401 -1.86568 5
    endloop
  endfacet
  facet normal -0.678382 -0.199354 0.707146
    outer loop
      vertex -7.67963 -2.24071 4.5
      vertex -7.67412 -2.25946 4.5
      vertex -7.19429 -2.11868 5
    endloop
  endfacet
  facet normal -0.684571 -0.176899 0.707156
    outer loop
      vertex -7.74828 -1.99039 4.5
      vertex -7.74344 -2.00912 4.5
      vertex -7.26401 -1.86568 5
    endloop
  endfacet
  facet normal -0.692365 -0.143631 0.707107
    outer loop
      vertex -7.36507 -1.4151 5
      vertex -7.85623 -1.50903 4.5
      vertex -7.32024 -1.6312 5
    endloop
  endfacet
  facet normal -0.985112 -0.171912 0
    outer loop
      vertex -7.8598 -1.49031 1.90735e-07
      vertex -7.90007 -1.25955 4.5
      vertex -7.90007 -1.25955 1.90735e-07
    endloop
  endfacet
  facet normal -0.985112 -0.171912 0
    outer loop
      vertex -7.90007 -1.25955 4.5
      vertex -7.8598 -1.49031 1.90735e-07
      vertex -7.8598 -1.49031 4.5
    endloop
  endfacet
  facet normal -0.689852 -0.155015 0.707159
    outer loop
      vertex -7.32024 -1.6312 5
      vertex -7.80397 -1.75943 4.5
      vertex -7.31602 -1.64998 5
    endloop
  endfacet
  facet normal -0.689937 -0.154666 0.707153
    outer loop
      vertex -7.80397 -1.75943 4.5
      vertex -7.32024 -1.6312 5
      vertex -7.80818 -1.74065 4.5
    endloop
  endfacet
  facet normal -0.707064 0 0.707149
    outer loop
      vertex -7.99985 0.00941467 4.5
      vertex -7.49979 -0.00941467 5
      vertex -7.49979 0.00941467 5
    endloop
  endfacet
  facet normal -0.707064 0 0.707149
    outer loop
      vertex -7.49979 -0.00941467 5
      vertex -7.99985 0.00941467 4.5
      vertex -7.99985 -0.00941467 4.5
    endloop
  endfacet
  facet normal -0.705693 -0.043993 0.707151
    outer loop
      vertex -7.4857 -0.45932 5
      vertex -7.98361 -0.509415 4.5
      vertex -7.48453 -0.478088 5
    endloop
  endfacet
  facet normal -0.65542 0.265247 0.707155
    outer loop
      vertex -6.94876 2.82153 5
      vertex -7.41216 3.00949 4.5
      vertex -6.95634 2.8028 5
    endloop
  endfacet
  facet normal -0.655624 0.264771 0.707144
    outer loop
      vertex -7.41216 3.00949 4.5
      vertex -7.41972 2.99077 4.5
      vertex -6.95634 2.8028 5
    endloop
  endfacet
  facet normal -0.671521 0.221337 0.707156
    outer loop
      vertex -7.12108 2.35301 5
      vertex -7.59605 2.50945 4.5
      vertex -7.12727 2.33423 5
    endloop
  endfacet
  facet normal -0.664078 0.242739 0.707162
    outer loop
      vertex -7.03923 2.5876 5
      vertex -7.51582 2.74039 4.5
      vertex -7.04608 2.56886 5
    endloop
  endfacet
  facet normal -0.684546 0.176987 0.707158
    outer loop
      vertex -7.25917 1.8844 5
      vertex -7.74344 2.00912 4.5
      vertex -7.26401 1.86568 5
    endloop
  endfacet
  facet normal -0.684571 0.176899 0.707156
    outer loop
      vertex -7.74344 2.00912 4.5
      vertex -7.74828 1.99039 4.5
      vertex -7.26401 1.86568 5
    endloop
  endfacet
  facet normal -0.702866 0.077343 0.707105
    outer loop
      vertex -7.93826 0.990738 4.5
      vertex -7.96376 0.759003 4.5
      vertex -7.44212 0.928253 5
    endloop
  endfacet
  facet normal -0.703964 0.066121 0.707151
    outer loop
      vertex -7.96376 0.759003 4.5
      vertex -7.96552 0.740265 4.5
      vertex -7.46764 0.693588 5
    endloop
  endfacet
  facet normal -0.698347 0.110695 0.707148
    outer loop
      vertex -7.40617 1.18134 5
      vertex -7.90305 1.24078 4.5
      vertex -7.40915 1.16254 5
    endloop
  endfacet
  facet normal -0.706324 0.0331296 0.707113
    outer loop
      vertex -7.4857 0.45932 5
      vertex -7.98479 0.490631 4.5
      vertex -7.4958 0.243988 5
    endloop
  endfacet
  facet normal -0.706329 0.0331123 0.707109
    outer loop
      vertex -7.98479 0.490631 4.5
      vertex -7.99562 0.259613 4.5
      vertex -7.4958 0.243988 5
    endloop
  endfacet
  facet normal -0.999485 0.0320828 0
    outer loop
      vertex -7.99622 0.240921 1.90735e-07
      vertex -7.99562 0.259613 4.5
      vertex -7.99562 0.259613 1.90735e-07
    endloop
  endfacet
  facet normal -0.999485 0.0320828 0
    outer loop
      vertex -7.99562 0.259613 4.5
      vertex -7.99622 0.240921 1.90735e-07
      vertex -7.99622 0.240921 4.5
    endloop
  endfacet
  facet normal -0.664047 -0.242823 0.707162
    outer loop
      vertex -7.04608 -2.56886 5
      vertex -7.51582 -2.74039 4.5
      vertex -7.03922 -2.58762 5
    endloop
  endfacet
  facet normal -0.663871 -0.243337 0.707151
    outer loop
      vertex -7.51582 -2.74039 4.5
      vertex -7.50894 -2.75916 4.5
      vertex -7.03922 -2.58762 5
    endloop
  endfacet
  facet normal -0.678565 -0.198684 0.70716
    outer loop
      vertex -7.19978 -2.09993 5
      vertex -7.67963 -2.24071 4.5
      vertex -7.19429 -2.11868 5
    endloop
  endfacet
  facet normal -0.681698 -0.187844 0.707108
    outer loop
      vertex -7.25917 -1.8844 5
      vertex -7.74344 -2.00912 4.5
      vertex -7.19978 -2.09993 5
    endloop
  endfacet
  facet normal -0.698347 -0.110695 0.707148
    outer loop
      vertex -7.40915 -1.16254 5
      vertex -7.90305 -1.24078 4.5
      vertex -7.40617 -1.18134 5
    endloop
  endfacet
  facet normal -0.692365 -0.143632 0.707107
    outer loop
      vertex -7.85623 -1.50903 4.5
      vertex -7.80818 -1.74065 4.5
      vertex -7.32024 -1.6312 5
    endloop
  endfacet
  facet normal -0.995618 -0.0935152 0
    outer loop
      vertex -7.96376 -0.759003 1.90735e-07
      vertex -7.96552 -0.740265 4.5
      vertex -7.96552 -0.740265 1.90735e-07
    endloop
  endfacet
  facet normal -0.995618 -0.0935152 0
    outer loop
      vertex -7.96552 -0.740265 4.5
      vertex -7.96376 -0.759003 1.90735e-07
      vertex -7.96376 -0.759003 4.5
    endloop
  endfacet
  facet normal -0.700084 -0.0994255 0.707104
    outer loop
      vertex -7.43976 -0.947006 5
      vertex -7.9359 -1.00949 4.5
      vertex -7.40915 -1.16254 5
    endloop
  endfacet
  facet normal -0.707017 -0.0111031 0.70711
    outer loop
      vertex -7.49979 -0.00941467 5
      vertex -7.99622 -0.240921 4.5
      vertex -7.4964 -0.225281 5
    endloop
  endfacet
  facet normal -0.998903 -0.046828 0
    outer loop
      vertex -7.98479 -0.490631 1.90735e-07
      vertex -7.99562 -0.259613 4.5
      vertex -7.99562 -0.259613 1.90735e-07
    endloop
  endfacet
  facet normal -0.998903 -0.046828 0
    outer loop
      vertex -7.99562 -0.259613 4.5
      vertex -7.98479 -0.490631 1.90735e-07
      vertex -7.98479 -0.490631 4.5
    endloop
  endfacet
  facet normal -0.706698 -0.0226663 0.707152
    outer loop
      vertex -7.4964 -0.225281 5
      vertex -7.99622 -0.240921 4.5
      vertex -7.4958 -0.243988 5
    endloop
  endfacet
  facet normal -0.678382 0.199354 0.707146
    outer loop
      vertex -7.67412 2.25946 4.5
      vertex -7.67963 2.24071 4.5
      vertex -7.19429 2.11868 5
    endloop
  endfacet
  facet normal -0.678565 0.198684 0.70716
    outer loop
      vertex -7.19429 2.11868 5
      vertex -7.67963 2.24071 4.5
      vertex -7.19978 2.09993 5
    endloop
  endfacet
  facet normal -0.696583 0.121566 0.707102
    outer loop
      vertex -7.36864 1.39639 5
      vertex -7.8598 1.49031 4.5
      vertex -7.40617 1.18134 5
    endloop
  endfacet
  facet normal -0.704942 0.0552411 0.70711
    outer loop
      vertex -7.96552 0.740265 4.5
      vertex -7.98361 0.509415 4.5
      vertex -7.46764 0.693588 5
    endloop
  endfacet
  facet normal -0.659786 -0.254361 0.707095
    outer loop
      vertex -7.03922 -2.58762 5
      vertex -7.50894 -2.75916 4.5
      vertex -7.02841 -2.61566 5
    endloop
  endfacet
  facet normal -0.667924 -0.232079 0.707118
    outer loop
      vertex -7.12108 -2.35301 5
      vertex -7.51582 -2.74039 4.5
      vertex -7.04608 -2.56886 5
    endloop
  endfacet
  facet normal -0.684546 -0.176987 0.707158
    outer loop
      vertex -7.26401 -1.86568 5
      vertex -7.74344 -2.00912 4.5
      vertex -7.25917 -1.8844 5
    endloop
  endfacet
  facet normal -0.698322 -0.110868 0.707145
    outer loop
      vertex -7.90305 -1.24078 4.5
      vertex -7.90007 -1.25955 4.5
      vertex -7.40617 -1.18134 5
    endloop
  endfacet
  facet normal -0.704944 -0.0552506 0.707108
    outer loop
      vertex -7.48453 -0.478088 5
      vertex -7.98361 -0.509415 4.5
      vertex -7.46764 -0.693588 5
    endloop
  endfacet
  facet normal -0.706324 -0.0331296 0.707113
    outer loop
      vertex -7.4958 -0.243988 5
      vertex -7.98479 -0.490631 4.5
      vertex -7.4857 -0.45932 5
    endloop
  endfacet
  facet normal -0.681698 0.187844 0.707108
    outer loop
      vertex -7.19978 2.09993 5
      vertex -7.74344 2.00912 4.5
      vertex -7.25917 1.8844 5
    endloop
  endfacet
  facet normal -0.696585 -0.121561 0.707101
    outer loop
      vertex -7.90007 -1.25955 4.5
      vertex -7.8598 -1.49031 4.5
      vertex -7.40617 -1.18134 5
    endloop
  endfacet
  facet normal -0.696583 -0.121566 0.707102
    outer loop
      vertex -7.40617 -1.18134 5
      vertex -7.8598 -1.49031 4.5
      vertex -7.36864 -1.39639 5
    endloop
  endfacet
  facet normal -0.704942 -0.0552411 0.70711
    outer loop
      vertex -7.98361 -0.509415 4.5
      vertex -7.96552 -0.740265 4.5
      vertex -7.46764 -0.693588 5
    endloop
  endfacet
  facet normal -0.703964 -0.066121 0.707151
    outer loop
      vertex -7.96552 -0.740265 4.5
      vertex -7.96376 -0.759003 4.5
      vertex -7.46764 -0.693588 5
    endloop
  endfacet
  facet normal -0.706698 -0.0226845 0.707152
    outer loop
      vertex -7.99622 -0.240921 4.5
      vertex -7.99562 -0.259613 4.5
      vertex -7.4958 -0.243988 5
    endloop
  endfacet
  facet normal -0.706329 -0.0331123 0.707109
    outer loop
      vertex -7.99562 -0.259613 4.5
      vertex -7.98479 -0.490631 4.5
      vertex -7.4958 -0.243988 5
    endloop
  endfacet
  facet normal 0 0.803249 0.595643
    outer loop
      vertex 1.75 1.2472 2.03335
      vertex -2.2 1.15952 2.15159
      vertex 1.75 1.15952 2.15159
    endloop
  endfacet
  facet normal 0 0.803249 0.595643
    outer loop
      vertex -2.2 1.15952 2.15159
      vertex 1.75 1.2472 2.03335
      vertex -2.2 1.2472 2.03335
    endloop
  endfacet
  facet normal 0 0.941546 -0.336885
    outer loop
      vertex 1.75 1.38582 0.625976
      vertex -2.2 1.43541 0.764573
      vertex 1.75 1.43541 0.764573
    endloop
  endfacet
  facet normal 0 0.941546 -0.336885
    outer loop
      vertex -2.2 1.43541 0.764573
      vertex 1.75 1.38582 0.625976
      vertex -2.2 1.38582 0.625976
    endloop
  endfacet
  facet normal -0 0.427569 0.903983
    outer loop
      vertex -2.2 0.707094 2.52288
      vertex 1.75 0.574024 2.58582
      vertex 1.75 0.707094 2.52288
    endloop
  endfacet
  facet normal 0 0.427569 0.903983
    outer loop
      vertex 1.75 0.574024 2.58582
      vertex -2.2 0.707094 2.52288
      vertex -2.2 0.574024 2.58582
    endloop
  endfacet
  facet normal -0 0.514113 0.857722
    outer loop
      vertex -2.2 0.833355 2.4472
      vertex 1.75 0.707094 2.52288
      vertex 1.75 0.833355 2.4472
    endloop
  endfacet
  facet normal 0 0.514113 0.857722
    outer loop
      vertex 1.75 0.707094 2.52288
      vertex -2.2 0.833355 2.4472
      vertex -2.2 0.707094 2.52288
    endloop
  endfacet
  facet normal 0 0.94154 0.3369
    outer loop
      vertex 1.75 1.43541 1.63543
      vertex -2.2 1.38582 1.77402
      vertex 1.75 1.38582 1.77402
    endloop
  endfacet
  facet normal 0 0.94154 0.3369
    outer loop
      vertex -2.2 1.38582 1.77402
      vertex 1.75 1.43541 1.63543
      vertex -2.2 1.43541 1.63543
    endloop
  endfacet
  facet normal 0 0.998796 0.0490465
    outer loop
      vertex 1.75 1.5 1.2
      vertex -2.2 1.49278 1.34703
      vertex 1.75 1.49278 1.34703
    endloop
  endfacet
  facet normal 0 0.998796 0.0490465
    outer loop
      vertex -2.2 1.49278 1.34703
      vertex 1.75 1.5 1.2
      vertex -2.2 1.5 1.2
    endloop
  endfacet
  facet normal 0 0.671563 -0.740947
    outer loop
      vertex -2.2 0.95159 0.0404846
      vertex 1.75 1.06066 0.139341
      vertex 1.75 0.95159 0.0404846
    endloop
  endfacet
  facet normal 0 0.671563 -0.740947
    outer loop
      vertex 1.75 1.06066 0.139341
      vertex -2.2 0.95159 0.0404846
      vertex -2.2 1.06066 0.139341
    endloop
  endfacet
  facet normal 0 0.989175 -0.146741
    outer loop
      vertex 1.75 1.47118 0.907365
      vertex -2.2 1.49278 1.05297
      vertex 1.75 1.49278 1.05297
    endloop
  endfacet
  facet normal 0 0.989175 -0.146741
    outer loop
      vertex -2.2 1.49278 1.05297
      vertex 1.75 1.47118 0.907365
      vertex -2.2 1.47118 0.907365
    endloop
  endfacet
  facet normal 0 -0.59566 0.803237
    outer loop
      vertex -2.2 -0.833355 2.4472
      vertex 1.75 -0.95159 2.35952
      vertex 1.75 -0.833355 2.4472
    endloop
  endfacet
  facet normal 0 -0.59566 0.803237
    outer loop
      vertex 1.75 -0.95159 2.35952
      vertex -2.2 -0.833355 2.4472
      vertex -2.2 -0.95159 2.35952
    endloop
  endfacet
  facet normal 0 -0.989175 -0.146741
    outer loop
      vertex -2.2 -1.47118 0.907365
      vertex 1.75 -1.49278 1.05297
      vertex -2.2 -1.49278 1.05297
    endloop
  endfacet
  facet normal 0 -0.989175 -0.146741
    outer loop
      vertex 1.75 -1.49278 1.05297
      vertex -2.2 -1.47118 0.907365
      vertex 1.75 -1.47118 0.907365
    endloop
  endfacet
  facet normal 0 -0.740932 -0.67158
    outer loop
      vertex -2.2 -1.06066 0.139341
      vertex 1.75 -1.15952 0.24841
      vertex -2.2 -1.15952 0.24841
    endloop
  endfacet
  facet normal 0 -0.740932 -0.67158
    outer loop
      vertex 1.75 -1.15952 0.24841
      vertex -2.2 -1.06066 0.139341
      vertex 1.75 -1.06066 0.139341
    endloop
  endfacet
  facet normal -0 0.242877 0.970057
    outer loop
      vertex -2.2 0.435427 2.63541
      vertex 1.75 0.4 2.64428
      vertex 1.75 0.435427 2.63541
    endloop
  endfacet
  facet normal 0 0.242877 0.970057
    outer loop
      vertex 1.75 0.4 2.64428
      vertex -2.2 0.435427 2.63541
      vertex -2.2 0.4 2.64428
    endloop
  endfacet
  facet normal -0 0.336885 0.941546
    outer loop
      vertex -2.2 0.574024 2.58582
      vertex 1.75 0.435427 2.63541
      vertex 1.75 0.574024 2.58582
    endloop
  endfacet
  facet normal 0 0.336885 0.941546
    outer loop
      vertex 1.75 0.435427 2.63541
      vertex -2.2 0.574024 2.58582
      vertex -2.2 0.435427 2.63541
    endloop
  endfacet
  facet normal -0 0.671577 0.740935
    outer loop
      vertex -2.2 1.06066 2.26066
      vertex 1.75 0.95159 2.35952
      vertex 1.75 1.06066 2.26066
    endloop
  endfacet
  facet normal 0 0.671577 0.740935
    outer loop
      vertex 1.75 0.95159 2.35952
      vertex -2.2 1.06066 2.26066
      vertex -2.2 0.95159 2.35952
    endloop
  endfacet
  facet normal -0 0.59566 0.803237
    outer loop
      vertex -2.2 0.95159 2.35952
      vertex 1.75 0.833355 2.4472
      vertex 1.75 0.95159 2.35952
    endloop
  endfacet
  facet normal 0 0.59566 0.803237
    outer loop
      vertex 1.75 0.833355 2.4472
      vertex -2.2 0.95159 2.35952
      vertex -2.2 0.833355 2.4472
    endloop
  endfacet
  facet normal 0 0.740935 0.671577
    outer loop
      vertex 1.75 1.15952 2.15159
      vertex -2.2 1.06066 2.26066
      vertex 1.75 1.06066 2.26066
    endloop
  endfacet
  facet normal 0 0.740935 0.671577
    outer loop
      vertex -2.2 1.06066 2.26066
      vertex 1.75 1.15952 2.15159
      vertex -2.2 1.15952 2.15159
    endloop
  endfacet
  facet normal 0 0.857721 0.514116
    outer loop
      vertex 1.75 1.32288 1.90709
      vertex -2.2 1.2472 2.03335
      vertex 1.75 1.2472 2.03335
    endloop
  endfacet
  facet normal 0 0.857721 0.514116
    outer loop
      vertex -2.2 1.2472 2.03335
      vertex 1.75 1.32288 1.90709
      vertex -2.2 1.32288 1.90709
    endloop
  endfacet
  facet normal 0 0.903983 0.427569
    outer loop
      vertex 1.75 1.38582 1.77402
      vertex -2.2 1.32288 1.90709
      vertex 1.75 1.32288 1.90709
    endloop
  endfacet
  facet normal 0 0.903983 0.427569
    outer loop
      vertex -2.2 1.32288 1.90709
      vertex 1.75 1.38582 1.77402
      vertex -2.2 1.38582 1.77402
    endloop
  endfacet
  facet normal 0 0.970027 0.242999
    outer loop
      vertex 1.75 1.47118 1.49264
      vertex -2.2 1.43541 1.63543
      vertex 1.75 1.43541 1.63543
    endloop
  endfacet
  facet normal 0 0.970027 0.242999
    outer loop
      vertex -2.2 1.43541 1.63543
      vertex 1.75 1.47118 1.49264
      vertex -2.2 1.47118 1.49264
    endloop
  endfacet
  facet normal 0 0.989176 0.146736
    outer loop
      vertex 1.75 1.49278 1.34703
      vertex -2.2 1.47118 1.49264
      vertex 1.75 1.47118 1.49264
    endloop
  endfacet
  facet normal 0 0.989176 0.146736
    outer loop
      vertex -2.2 1.47118 1.49264
      vertex 1.75 1.49278 1.34703
      vertex -2.2 1.49278 1.34703
    endloop
  endfacet
  facet normal 0 0.595692 -0.803213
    outer loop
      vertex -2.2 0.897002 1.90735e-07
      vertex 1.75 0.95159 0.0404846
      vertex 1.75 0.897002 1.90735e-07
    endloop
  endfacet
  facet normal 0 0.595692 -0.803213
    outer loop
      vertex 1.75 0.95159 0.0404846
      vertex -2.2 0.897002 1.90735e-07
      vertex -2.2 0.95159 0.0404846
    endloop
  endfacet
  facet normal 0 0.970027 -0.242996
    outer loop
      vertex 1.75 1.43541 0.764573
      vertex -2.2 1.47118 0.907365
      vertex 1.75 1.47118 0.907365
    endloop
  endfacet
  facet normal 0 0.970027 -0.242996
    outer loop
      vertex -2.2 1.47118 0.907365
      vertex 1.75 1.43541 0.764573
      vertex -2.2 1.43541 0.764573
    endloop
  endfacet
  facet normal 0 0.998796 -0.0490465
    outer loop
      vertex 1.75 1.49278 1.05297
      vertex -2.2 1.5 1.2
      vertex 1.75 1.5 1.2
    endloop
  endfacet
  facet normal 0 0.998796 -0.0490465
    outer loop
      vertex -2.2 1.5 1.2
      vertex 1.75 1.49278 1.05297
      vertex -2.2 1.49278 1.05297
    endloop
  endfacet
  facet normal 0 0.857722 -0.514113
    outer loop
      vertex 1.75 1.2472 0.366645
      vertex -2.2 1.32288 0.492906
      vertex 1.75 1.32288 0.492906
    endloop
  endfacet
  facet normal 0 0.857722 -0.514113
    outer loop
      vertex -2.2 1.32288 0.492906
      vertex 1.75 1.2472 0.366645
      vertex -2.2 1.2472 0.366645
    endloop
  endfacet
  facet normal 0 0.803237 -0.59566
    outer loop
      vertex 1.75 1.15952 0.24841
      vertex -2.2 1.2472 0.366645
      vertex 1.75 1.2472 0.366645
    endloop
  endfacet
  facet normal 0 0.803237 -0.59566
    outer loop
      vertex -2.2 1.2472 0.366645
      vertex 1.75 1.15952 0.24841
      vertex -2.2 1.15952 0.24841
    endloop
  endfacet
  facet normal 0 0.903983 -0.427569
    outer loop
      vertex 1.75 1.32288 0.492906
      vertex -2.2 1.38582 0.625976
      vertex 1.75 1.38582 0.625976
    endloop
  endfacet
  facet normal 0 0.903983 -0.427569
    outer loop
      vertex -2.2 1.38582 0.625976
      vertex 1.75 1.32288 0.492906
      vertex -2.2 1.32288 0.492906
    endloop
  endfacet
  facet normal 0 0.740932 -0.67158
    outer loop
      vertex 1.75 1.06066 0.139341
      vertex -2.2 1.15952 0.24841
      vertex 1.75 1.15952 0.24841
    endloop
  endfacet
  facet normal 0 0.740932 -0.67158
    outer loop
      vertex -2.2 1.15952 0.24841
      vertex 1.75 1.06066 0.139341
      vertex -2.2 1.06066 0.139341
    endloop
  endfacet
  facet normal 0 -0.998796 0.0490465
    outer loop
      vertex -2.2 -1.5 1.2
      vertex 1.75 -1.49278 1.34703
      vertex -2.2 -1.49278 1.34703
    endloop
  endfacet
  facet normal 0 -0.998796 0.0490465
    outer loop
      vertex 1.75 -1.49278 1.34703
      vertex -2.2 -1.5 1.2
      vertex 1.75 -1.5 1.2
    endloop
  endfacet
  facet normal 0 -0.94154 0.3369
    outer loop
      vertex -2.2 -1.43541 1.63543
      vertex 1.75 -1.38582 1.77402
      vertex -2.2 -1.38582 1.77402
    endloop
  endfacet
  facet normal 0 -0.94154 0.3369
    outer loop
      vertex 1.75 -1.38582 1.77402
      vertex -2.2 -1.43541 1.63543
      vertex 1.75 -1.43541 1.63543
    endloop
  endfacet
  facet normal 0 -0.740935 0.671577
    outer loop
      vertex -2.2 -1.15952 2.15159
      vertex 1.75 -1.06066 2.26066
      vertex -2.2 -1.06066 2.26066
    endloop
  endfacet
  facet normal 0 -0.740935 0.671577
    outer loop
      vertex 1.75 -1.06066 2.26066
      vertex -2.2 -1.15952 2.15159
      vertex 1.75 -1.15952 2.15159
    endloop
  endfacet
  facet normal 0 -0.857721 0.514116
    outer loop
      vertex -2.2 -1.32288 1.90709
      vertex 1.75 -1.2472 2.03335
      vertex -2.2 -1.2472 2.03335
    endloop
  endfacet
  facet normal 0 -0.857721 0.514116
    outer loop
      vertex 1.75 -1.2472 2.03335
      vertex -2.2 -1.32288 1.90709
      vertex 1.75 -1.32288 1.90709
    endloop
  endfacet
  facet normal 0 -0.427569 0.903983
    outer loop
      vertex -2.2 -0.574024 2.58582
      vertex 1.75 -0.707094 2.52288
      vertex 1.75 -0.574024 2.58582
    endloop
  endfacet
  facet normal 0 -0.427569 0.903983
    outer loop
      vertex 1.75 -0.707094 2.52288
      vertex -2.2 -0.574024 2.58582
      vertex -2.2 -0.707094 2.52288
    endloop
  endfacet
  facet normal 0 -0.998796 -0.0490465
    outer loop
      vertex -2.2 -1.49278 1.05297
      vertex 1.75 -1.5 1.2
      vertex -2.2 -1.5 1.2
    endloop
  endfacet
  facet normal 0 -0.998796 -0.0490465
    outer loop
      vertex 1.75 -1.5 1.2
      vertex -2.2 -1.49278 1.05297
      vertex 1.75 -1.49278 1.05297
    endloop
  endfacet
  facet normal 0 -0.941546 -0.336885
    outer loop
      vertex -2.2 -1.38582 0.625976
      vertex 1.75 -1.43541 0.764573
      vertex -2.2 -1.43541 0.764573
    endloop
  endfacet
  facet normal 0 -0.941546 -0.336885
    outer loop
      vertex 1.75 -1.43541 0.764573
      vertex -2.2 -1.38582 0.625976
      vertex 1.75 -1.38582 0.625976
    endloop
  endfacet
  facet normal 0 -0.857722 -0.514113
    outer loop
      vertex -2.2 -1.2472 0.366645
      vertex 1.75 -1.32288 0.492906
      vertex -2.2 -1.32288 0.492906
    endloop
  endfacet
  facet normal 0 -0.857722 -0.514113
    outer loop
      vertex 1.75 -1.32288 0.492906
      vertex -2.2 -1.2472 0.366645
      vertex 1.75 -1.2472 0.366645
    endloop
  endfacet
  facet normal 0 -0.595692 -0.803213
    outer loop
      vertex -2.2 -0.95159 0.0404846
      vertex 1.75 -0.897002 1.90735e-07
      vertex 1.75 -0.95159 0.0404846
    endloop
  endfacet
  facet normal -0 -0.595692 -0.803213
    outer loop
      vertex 1.75 -0.897002 1.90735e-07
      vertex -2.2 -0.95159 0.0404846
      vertex -2.2 -0.897002 1.90735e-07
    endloop
  endfacet
  facet normal 0 -0.671563 -0.740947
    outer loop
      vertex -2.2 -1.06066 0.139341
      vertex 1.75 -0.95159 0.0404846
      vertex 1.75 -1.06066 0.139341
    endloop
  endfacet
  facet normal -0 -0.671563 -0.740947
    outer loop
      vertex 1.75 -0.95159 0.0404846
      vertex -2.2 -1.06066 0.139341
      vertex -2.2 -0.95159 0.0404846
    endloop
  endfacet
  facet normal 0 -0.242877 0.970057
    outer loop
      vertex -2.2 -0.4 2.64428
      vertex 1.75 -0.435427 2.63541
      vertex 1.75 -0.4 2.64428
    endloop
  endfacet
  facet normal 0 -0.242877 0.970057
    outer loop
      vertex 1.75 -0.435427 2.63541
      vertex -2.2 -0.4 2.64428
      vertex -2.2 -0.435427 2.63541
    endloop
  endfacet
  facet normal 0 -0.989176 0.146736
    outer loop
      vertex -2.2 -1.49278 1.34703
      vertex 1.75 -1.47118 1.49264
      vertex -2.2 -1.47118 1.49264
    endloop
  endfacet
  facet normal 0 -0.989176 0.146736
    outer loop
      vertex 1.75 -1.47118 1.49264
      vertex -2.2 -1.49278 1.34703
      vertex 1.75 -1.49278 1.34703
    endloop
  endfacet
  facet normal 0 -0.903983 0.427569
    outer loop
      vertex -2.2 -1.38582 1.77402
      vertex 1.75 -1.32288 1.90709
      vertex -2.2 -1.32288 1.90709
    endloop
  endfacet
  facet normal 0 -0.903983 0.427569
    outer loop
      vertex 1.75 -1.32288 1.90709
      vertex -2.2 -1.38582 1.77402
      vertex 1.75 -1.38582 1.77402
    endloop
  endfacet
  facet normal 0 -0.671577 0.740935
    outer loop
      vertex -2.2 -0.95159 2.35952
      vertex 1.75 -1.06066 2.26066
      vertex 1.75 -0.95159 2.35952
    endloop
  endfacet
  facet normal 0 -0.671577 0.740935
    outer loop
      vertex 1.75 -1.06066 2.26066
      vertex -2.2 -0.95159 2.35952
      vertex -2.2 -1.06066 2.26066
    endloop
  endfacet
  facet normal 0 -0.803249 0.595643
    outer loop
      vertex -2.2 -1.2472 2.03335
      vertex 1.75 -1.15952 2.15159
      vertex -2.2 -1.15952 2.15159
    endloop
  endfacet
  facet normal 0 -0.803249 0.595643
    outer loop
      vertex 1.75 -1.15952 2.15159
      vertex -2.2 -1.2472 2.03335
      vertex 1.75 -1.2472 2.03335
    endloop
  endfacet
  facet normal 0 -0.336885 0.941546
    outer loop
      vertex -2.2 -0.435427 2.63541
      vertex 1.75 -0.574024 2.58582
      vertex 1.75 -0.435427 2.63541
    endloop
  endfacet
  facet normal 0 -0.336885 0.941546
    outer loop
      vertex 1.75 -0.574024 2.58582
      vertex -2.2 -0.435427 2.63541
      vertex -2.2 -0.574024 2.58582
    endloop
  endfacet
  facet normal 0 -0.514113 0.857722
    outer loop
      vertex -2.2 -0.707094 2.52288
      vertex 1.75 -0.833355 2.4472
      vertex 1.75 -0.707094 2.52288
    endloop
  endfacet
  facet normal 0 -0.514113 0.857722
    outer loop
      vertex 1.75 -0.833355 2.4472
      vertex -2.2 -0.707094 2.52288
      vertex -2.2 -0.833355 2.4472
    endloop
  endfacet
  facet normal 0 -0.970027 -0.242996
    outer loop
      vertex -2.2 -1.43541 0.764573
      vertex 1.75 -1.47118 0.907365
      vertex -2.2 -1.47118 0.907365
    endloop
  endfacet
  facet normal 0 -0.970027 -0.242996
    outer loop
      vertex 1.75 -1.47118 0.907365
      vertex -2.2 -1.43541 0.764573
      vertex 1.75 -1.43541 0.764573
    endloop
  endfacet
  facet normal 0 -0.903983 -0.427569
    outer loop
      vertex -2.2 -1.32288 0.492906
      vertex 1.75 -1.38582 0.625976
      vertex -2.2 -1.38582 0.625976
    endloop
  endfacet
  facet normal 0 -0.903983 -0.427569
    outer loop
      vertex 1.75 -1.38582 0.625976
      vertex -2.2 -1.32288 0.492906
      vertex 1.75 -1.32288 0.492906
    endloop
  endfacet
  facet normal 0 -0.803237 -0.59566
    outer loop
      vertex -2.2 -1.15952 0.24841
      vertex 1.75 -1.2472 0.366645
      vertex -2.2 -1.2472 0.366645
    endloop
  endfacet
  facet normal 0 -0.803237 -0.59566
    outer loop
      vertex 1.75 -1.2472 0.366645
      vertex -2.2 -1.15952 0.24841
      vertex 1.75 -1.15952 0.24841
    endloop
  endfacet
  facet normal 0 -0.970027 0.242999
    outer loop
      vertex -2.2 -1.47118 1.49264
      vertex 1.75 -1.43541 1.63543
      vertex -2.2 -1.43541 1.63543
    endloop
  endfacet
  facet normal 0 -0.970027 0.242999
    outer loop
      vertex 1.75 -1.43541 1.63543
      vertex -2.2 -1.47118 1.49264
      vertex 1.75 -1.47118 1.49264
    endloop
  endfacet
  facet normal 0.432869 0.667942 -0.605374
    outer loop
      vertex 2.12012 1.2 1.90735e-07
      vertex 1.75 1.44939 0.0105135
      vertex 3.05 0.883883 0.316117
    endloop
  endfacet
  facet normal 0.433023 0.668156 -0.605028
    outer loop
      vertex 1.75 1.44939 0.0105135
      vertex 2.12012 1.2 1.90735e-07
      vertex 1.75 1.43987 1.90735e-07
    endloop
  endfacet
  facet normal 0.432871 0.537028 0.724033
    outer loop
      vertex 3.05 0.694463 2.23934
      vertex 3.05 0.792991 2.16626
      vertex 1.75 1.18949 2.64939
    endloop
  endfacet
  facet normal 0.432868 -0.667917 0.605402
    outer loop
      vertex 1.75 -1.44939 2.38949
      vertex 3.05 -0.883883 2.08388
      vertex 1.75 -1.32582 2.52582
    endloop
  endfacet
  facet normal 0.432868 -0.84876 -0.303696
    outer loop
      vertex 1.75 -1.79426 0.655717
      vertex 1.75 -1.73227 0.482469
      vertex 3.05 -1.15485 0.721646
    endloop
  endfacet
  facet normal 0.432871 0.605382 0.667934
    outer loop
      vertex 3.05 0.792991 2.16626
      vertex 3.05 0.883883 2.08388
      vertex 1.75 1.18949 2.64939
    endloop
  endfacet
  facet normal 0.432871 -0.537028 0.724033
    outer loop
      vertex 1.75 -1.18949 2.64939
      vertex 3.05 -0.792991 2.16626
      vertex 3.05 -0.694463 2.23934
    endloop
  endfacet
  facet normal 0.43287 -0.667927 0.60539
    outer loop
      vertex 1.75 -1.44939 2.38949
      vertex 3.05 -0.966263 1.99299
      vertex 3.05 -0.883883 2.08388
    endloop
  endfacet
  facet normal 0.432873 -0.21903 0.874441
    outer loop
      vertex 1.75 -0.544283 2.99426
      vertex 2.78384 -0.4 2.51862
      vertex 1.75 -0.4 3.0304
    endloop
  endfacet
  facet normal 0.432868 -0.303696 0.84876
    outer loop
      vertex 1.75 -0.717531 2.93227
      vertex 3.05 -0.478354 2.35485
      vertex 1.75 -0.544283 2.99426
    endloop
  endfacet
  facet normal 0.432874 -0.385423 -0.814904
    outer loop
      vertex 3.05 -0.589246 0.0975992
      vertex 2.94835 -0.497056 1.90735e-07
      vertex 3.05 -0.478354 0.0451509
    endloop
  endfacet
  facet normal 0.432861 -0.385438 -0.814904
    outer loop
      vertex 2.94835 -0.497056 1.90735e-07
      vertex 3.05 -0.589246 0.0975992
      vertex 2.84856 -0.609124 1.90735e-07
    endloop
  endfacet
  facet normal 0.43287 0.536995 -0.724058
    outer loop
      vertex 2.54065 0.888417 1.90735e-07
      vertex 3.05 0.792991 0.233737
      vertex 3.05 0.694463 0.160664
    endloop
  endfacet
  facet normal 0.432868 0.537015 -0.724045
    outer loop
      vertex 3.05 0.792991 0.233737
      vertex 2.54065 0.888417 1.90735e-07
      vertex 2.42106 0.984814 1.90735e-07
    endloop
  endfacet
  facet normal 0.432871 0.303537 -0.848816
    outer loop
      vertex 3.05 0.478354 0.0451509
      vertex 2.9582 0.483009 1.90735e-07
      vertex 2.94835 0.497056 1.90735e-07
    endloop
  endfacet
  facet normal 0.43287 0.90037 0.0442395
    outer loop
      vertex 3.05 1.24398 1.32252
      vertex 3.05 1.25 1.2
      vertex 1.75 1.875 1.2
    endloop
  endfacet
  facet normal 0.432865 0.536979 0.724072
    outer loop
      vertex 1.75 1.04169 2.759
      vertex 3.05 0.694463 2.23934
      vertex 1.75 1.18949 2.64939
    endloop
  endfacet
  facet normal 0.432868 -0.605402 0.667917
    outer loop
      vertex 1.75 -1.32582 2.52582
      vertex 3.05 -0.883883 2.08388
      vertex 1.75 -1.18949 2.64939
    endloop
  endfacet
  facet normal 0.432866 -0.724072 0.536979
    outer loop
      vertex 1.75 -1.559 2.24169
      vertex 3.05 -1.03934 1.89446
      vertex 1.75 -1.44939 2.38949
    endloop
  endfacet
  facet normal 0.43287 -0.90037 0.0442395
    outer loop
      vertex 3.05 -1.24398 1.32252
      vertex 1.75 -1.875 1.2
      vertex 3.05 -1.25 1.2
    endloop
  endfacet
  facet normal 0.432865 -0.536979 0.724072
    outer loop
      vertex 1.75 -1.18949 2.64939
      vertex 3.05 -0.694463 2.23934
      vertex 1.75 -1.04169 2.759
    endloop
  endfacet
  facet normal 0.432872 -0.303638 0.848779
    outer loop
      vertex 2.78384 -0.4 2.51862
      vertex 3.05 -0.478354 2.35485
      vertex 3.05 -0.4 2.38288
    endloop
  endfacet
  facet normal 0.432874 -0.303633 0.84878
    outer loop
      vertex 3.05 -0.478354 2.35485
      vertex 2.78384 -0.4 2.51862
      vertex 1.75 -0.544283 2.99426
    endloop
  endfacet
  facet normal 0.432871 -0.303537 -0.848816
    outer loop
      vertex 3.05 -0.478354 0.0451509
      vertex 2.94835 -0.497056 1.90735e-07
      vertex 2.9582 -0.483009 1.90735e-07
    endloop
  endfacet
  facet normal 0.43287 -0.90037 -0.0442395
    outer loop
      vertex 1.75 -1.875 1.2
      vertex 1.75 -1.86597 1.01622
      vertex 3.05 -1.24398 1.07748
    endloop
  endfacet
  facet normal 0.432869 -0.724044 -0.537015
    outer loop
      vertex 3.05 -1.03934 0.505537
      vertex 1.75 -1.44939 0.0105135
      vertex 3.05 -0.966263 0.407009
    endloop
  endfacet
  facet normal -1 0 0
    outer loop
      vertex 1.75 -1.43987 1.90735e-07
      vertex 1.75 -0.95159 0.0404846
      vertex 1.75 -0.897002 1.90735e-07
    endloop
  endfacet
  facet normal -1 0 0
    outer loop
      vertex 1.75 -1.43987 1.90735e-07
      vertex 1.75 -1.06066 0.139341
      vertex 1.75 -0.95159 0.0404846
    endloop
  endfacet
  facet normal -1 0 0
    outer loop
      vertex 1.75 -1.43987 1.90735e-07
      vertex 1.75 -1.15952 0.24841
      vertex 1.75 -1.06066 0.139341
    endloop
  endfacet
  facet normal -1 0 0
    outer loop
      vertex 1.75 -1.44939 0.0105135
      vertex 1.75 -1.15952 0.24841
      vertex 1.75 -1.43987 1.90735e-07
    endloop
  endfacet
  facet normal -1 -0 0
    outer loop
      vertex 1.75 -1.15952 0.24841
      vertex 1.75 -1.44939 0.0105135
      vertex 1.75 -1.2472 0.366645
    endloop
  endfacet
  facet normal -1 0 0
    outer loop
      vertex 1.75 -1.559 0.158306
      vertex 1.75 -1.2472 0.366645
      vertex 1.75 -1.44939 0.0105135
    endloop
  endfacet
  facet normal -1 -0 0
    outer loop
      vertex 1.75 -1.2472 0.366645
      vertex 1.75 -1.559 0.158306
      vertex 1.75 -1.32288 0.492906
    endloop
  endfacet
  facet normal -1 0 0
    outer loop
      vertex 1.75 -1.6536 0.316132
      vertex 1.75 -1.32288 0.492906
      vertex 1.75 -1.559 0.158306
    endloop
  endfacet
  facet normal -1 -0 0
    outer loop
      vertex 1.75 -1.32288 0.492906
      vertex 1.75 -1.6536 0.316132
      vertex 1.75 -1.38582 0.625976
    endloop
  endfacet
  facet normal -1 0 0
    outer loop
      vertex 1.75 -1.73227 0.482469
      vertex 1.75 -1.38582 0.625976
      vertex 1.75 -1.6536 0.316132
    endloop
  endfacet
  facet normal -1 -0 0
    outer loop
      vertex 1.75 -1.38582 0.625976
      vertex 1.75 -1.73227 0.482469
      vertex 1.75 -1.43541 0.764573
    endloop
  endfacet
  facet normal -1 0 0
    outer loop
      vertex 1.75 -1.79426 0.655717
      vertex 1.75 -1.43541 0.764573
      vertex 1.75 -1.73227 0.482469
    endloop
  endfacet
  facet normal -1 0 0
    outer loop
      vertex 1.75 -0.544283 2.99426
      vertex 1.75 -0.4 2.64428
      vertex 1.75 -0.435427 2.63541
    endloop
  endfacet
  facet normal -1 0 0
    outer loop
      vertex 1.75 -0.4 2.64428
      vertex 1.75 -0.544283 2.99426
      vertex 1.75 -0.4 3.0304
    endloop
  endfacet
  facet normal -1 0 0
    outer loop
      vertex 1.75 -0.574024 2.58582
      vertex 1.75 -0.544283 2.99426
      vertex 1.75 -0.435427 2.63541
    endloop
  endfacet
  facet normal -1 0 0
    outer loop
      vertex 1.75 -0.717531 2.93227
      vertex 1.75 -0.574024 2.58582
      vertex 1.75 -0.707094 2.52288
    endloop
  endfacet
  facet normal -1 0 0
    outer loop
      vertex 1.75 -0.574024 2.58582
      vertex 1.75 -0.717531 2.93227
      vertex 1.75 -0.544283 2.99426
    endloop
  endfacet
  facet normal -1 0 0
    outer loop
      vertex 1.75 -0.883868 2.8536
      vertex 1.75 -0.707094 2.52288
      vertex 1.75 -0.833355 2.4472
    endloop
  endfacet
  facet normal -1 0 0
    outer loop
      vertex 1.75 -0.707094 2.52288
      vertex 1.75 -0.883868 2.8536
      vertex 1.75 -0.717531 2.93227
    endloop
  endfacet
  facet normal -1 0 0
    outer loop
      vertex 1.75 -1.04169 2.759
      vertex 1.75 -0.833355 2.4472
      vertex 1.75 -0.95159 2.35952
    endloop
  endfacet
  facet normal -1 0 0
    outer loop
      vertex 1.75 -0.833355 2.4472
      vertex 1.75 -1.04169 2.759
      vertex 1.75 -0.883868 2.8536
    endloop
  endfacet
  facet normal -1 0 0
    outer loop
      vertex 1.75 -1.18949 2.64939
      vertex 1.75 -0.95159 2.35952
      vertex 1.75 -1.06066 2.26066
    endloop
  endfacet
  facet normal -1 0 0
    outer loop
      vertex 1.75 -1.32582 2.52582
      vertex 1.75 -1.06066 2.26066
      vertex 1.75 -1.15952 2.15159
    endloop
  endfacet
  facet normal -1 0 0
    outer loop
      vertex 1.75 -0.95159 2.35952
      vertex 1.75 -1.18949 2.64939
      vertex 1.75 -1.04169 2.759
    endloop
  endfacet
  facet normal -1 0 0
    outer loop
      vertex 1.75 -1.44939 2.38949
      vertex 1.75 -1.15952 2.15159
      vertex 1.75 -1.2472 2.03335
    endloop
  endfacet
  facet normal -1 0 0
    outer loop
      vertex 1.75 -1.559 2.24169
      vertex 1.75 -1.2472 2.03335
      vertex 1.75 -1.32288 1.90709
    endloop
  endfacet
  facet normal -1 0 0
    outer loop
      vertex 1.75 -1.06066 2.26066
      vertex 1.75 -1.32582 2.52582
      vertex 1.75 -1.18949 2.64939
    endloop
  endfacet
  facet normal -1 0 0
    outer loop
      vertex 1.75 -1.6536 2.08387
      vertex 1.75 -1.32288 1.90709
      vertex 1.75 -1.38582 1.77402
    endloop
  endfacet
  facet normal -1 0 0
    outer loop
      vertex 1.75 -1.73227 1.91753
      vertex 1.75 -1.38582 1.77402
      vertex 1.75 -1.43541 1.63543
    endloop
  endfacet
  facet normal -1 0 0
    outer loop
      vertex 1.75 -1.15952 2.15159
      vertex 1.75 -1.44939 2.38949
      vertex 1.75 -1.32582 2.52582
    endloop
  endfacet
  facet normal -1 0 0
    outer loop
      vertex 1.75 -1.79426 1.74428
      vertex 1.75 -1.43541 1.63543
      vertex 1.75 -1.47118 1.49264
    endloop
  endfacet
  facet normal -1 0 0
    outer loop
      vertex 1.75 -1.83897 1.56579
      vertex 1.75 -1.47118 1.49264
      vertex 1.75 -1.49278 1.34703
    endloop
  endfacet
  facet normal -1 0 0
    outer loop
      vertex 1.75 -1.86597 1.38378
      vertex 1.75 -1.49278 1.34703
      vertex 1.75 -1.5 1.2
    endloop
  endfacet
  facet normal -1 -0 0
    outer loop
      vertex 1.75 -1.43541 0.764573
      vertex 1.75 -1.79426 0.655717
      vertex 1.75 -1.47118 0.907365
    endloop
  endfacet
  facet normal -1 0 0
    outer loop
      vertex 1.75 -1.2472 2.03335
      vertex 1.75 -1.559 2.24169
      vertex 1.75 -1.44939 2.38949
    endloop
  endfacet
  facet normal -1 0 0
    outer loop
      vertex 1.75 -1.83897 0.834206
      vertex 1.75 -1.47118 0.907365
      vertex 1.75 -1.79426 0.655717
    endloop
  endfacet
  facet normal -1 0 0
    outer loop
      vertex 1.75 -1.32288 1.90709
      vertex 1.75 -1.6536 2.08387
      vertex 1.75 -1.559 2.24169
    endloop
  endfacet
  facet normal -1 -0 0
    outer loop
      vertex 1.75 -1.47118 0.907365
      vertex 1.75 -1.83897 0.834206
      vertex 1.75 -1.49278 1.05297
    endloop
  endfacet
  facet normal -1 0 0
    outer loop
      vertex 1.75 -1.38582 1.77402
      vertex 1.75 -1.73227 1.91753
      vertex 1.75 -1.6536 2.08387
    endloop
  endfacet
  facet normal -1 0 0
    outer loop
      vertex 1.75 -1.86597 1.01622
      vertex 1.75 -1.49278 1.05297
      vertex 1.75 -1.83897 0.834206
    endloop
  endfacet
  facet normal -1 0 0
    outer loop
      vertex 1.75 -1.43541 1.63543
      vertex 1.75 -1.79426 1.74428
      vertex 1.75 -1.73227 1.91753
    endloop
  endfacet
  facet normal -1 -0 0
    outer loop
      vertex 1.75 -1.49278 1.05297
      vertex 1.75 -1.86597 1.01622
      vertex 1.75 -1.5 1.2
    endloop
  endfacet
  facet normal -1 0 0
    outer loop
      vertex 1.75 -1.47118 1.49264
      vertex 1.75 -1.83897 1.56579
      vertex 1.75 -1.79426 1.74428
    endloop
  endfacet
  facet normal -1 0 0
    outer loop
      vertex 1.75 -1.875 1.2
      vertex 1.75 -1.5 1.2
      vertex 1.75 -1.86597 1.01622
    endloop
  endfacet
  facet normal -1 0 0
    outer loop
      vertex 1.75 -1.49278 1.34703
      vertex 1.75 -1.86597 1.38378
      vertex 1.75 -1.83897 1.56579
    endloop
  endfacet
  facet normal -1 0 0
    outer loop
      vertex 1.75 -1.5 1.2
      vertex 1.75 -1.875 1.2
      vertex 1.75 -1.86597 1.38378
    endloop
  endfacet
  facet normal -1 0 0
    outer loop
      vertex 1.75 1.5 1.2
      vertex 1.75 1.875 1.2
      vertex 1.75 1.86597 1.01622
    endloop
  endfacet
  facet normal -1 0 0
    outer loop
      vertex 1.75 1.49278 1.05297
      vertex 1.75 1.86597 1.01622
      vertex 1.75 1.83897 0.834206
    endloop
  endfacet
  facet normal -1 0 0
    outer loop
      vertex 1.75 1.875 1.2
      vertex 1.75 1.5 1.2
      vertex 1.75 1.86597 1.38378
    endloop
  endfacet
  facet normal -1 0 0
    outer loop
      vertex 1.75 1.47118 0.907365
      vertex 1.75 1.83897 0.834206
      vertex 1.75 1.79426 0.655717
    endloop
  endfacet
  facet normal -1 0 0
    outer loop
      vertex 1.75 1.49278 1.34703
      vertex 1.75 1.86597 1.38378
      vertex 1.75 1.5 1.2
    endloop
  endfacet
  facet normal -1 0 0
    outer loop
      vertex 1.75 1.43541 0.764573
      vertex 1.75 1.79426 0.655717
      vertex 1.75 1.73227 0.482469
    endloop
  endfacet
  facet normal -1 -0 0
    outer loop
      vertex 1.75 1.86597 1.38378
      vertex 1.75 1.49278 1.34703
      vertex 1.75 1.83897 1.56579
    endloop
  endfacet
  facet normal -1 0 0
    outer loop
      vertex 1.75 1.38582 0.625976
      vertex 1.75 1.73227 0.482469
      vertex 1.75 1.6536 0.316132
    endloop
  endfacet
  facet normal -1 0 0
    outer loop
      vertex 1.75 1.47118 1.49264
      vertex 1.75 1.83897 1.56579
      vertex 1.75 1.49278 1.34703
    endloop
  endfacet
  facet normal -1 0 0
    outer loop
      vertex 1.75 1.32288 0.492906
      vertex 1.75 1.6536 0.316132
      vertex 1.75 1.559 0.158306
    endloop
  endfacet
  facet normal -1 -0 0
    outer loop
      vertex 1.75 1.83897 1.56579
      vertex 1.75 1.47118 1.49264
      vertex 1.75 1.79426 1.74428
    endloop
  endfacet
  facet normal -1 0 0
    outer loop
      vertex 1.75 1.43541 1.63543
      vertex 1.75 1.79426 1.74428
      vertex 1.75 1.47118 1.49264
    endloop
  endfacet
  facet normal -1 0 0
    outer loop
      vertex 1.75 1.86597 1.01622
      vertex 1.75 1.49278 1.05297
      vertex 1.75 1.5 1.2
    endloop
  endfacet
  facet normal -1 0 0
    outer loop
      vertex 1.75 1.83897 0.834206
      vertex 1.75 1.47118 0.907365
      vertex 1.75 1.49278 1.05297
    endloop
  endfacet
  facet normal -1 0 0
    outer loop
      vertex 1.75 1.2472 0.366645
      vertex 1.75 1.559 0.158306
      vertex 1.75 1.44939 0.0105135
    endloop
  endfacet
  facet normal -1 0 0
    outer loop
      vertex 1.75 1.15952 0.24841
      vertex 1.75 1.44939 0.0105135
      vertex 1.75 1.43987 1.90735e-07
    endloop
  endfacet
  facet normal -1 0 0
    outer loop
      vertex 1.75 1.79426 0.655717
      vertex 1.75 1.43541 0.764573
      vertex 1.75 1.47118 0.907365
    endloop
  endfacet
  facet normal -1 0 0
    outer loop
      vertex 1.75 1.73227 0.482469
      vertex 1.75 1.38582 0.625976
      vertex 1.75 1.43541 0.764573
    endloop
  endfacet
  facet normal -1 0 0
    outer loop
      vertex 1.75 1.6536 0.316132
      vertex 1.75 1.32288 0.492906
      vertex 1.75 1.38582 0.625976
    endloop
  endfacet
  facet normal -1 0 0
    outer loop
      vertex 1.75 1.559 0.158306
      vertex 1.75 1.2472 0.366645
      vertex 1.75 1.32288 0.492906
    endloop
  endfacet
  facet normal -1 0 0
    outer loop
      vertex 1.75 1.44939 0.0105135
      vertex 1.75 1.15952 0.24841
      vertex 1.75 1.2472 0.366645
    endloop
  endfacet
  facet normal -1 0 0
    outer loop
      vertex 1.75 1.43987 1.90735e-07
      vertex 1.75 1.06066 0.139341
      vertex 1.75 1.15952 0.24841
    endloop
  endfacet
  facet normal -1 0 0
    outer loop
      vertex 1.75 1.43987 1.90735e-07
      vertex 1.75 0.95159 0.0404846
      vertex 1.75 1.06066 0.139341
    endloop
  endfacet
  facet normal -1 0 -0
    outer loop
      vertex 1.75 0.95159 0.0404846
      vertex 1.75 1.43987 1.90735e-07
      vertex 1.75 0.897002 1.90735e-07
    endloop
  endfacet
  facet normal -1 -0 0
    outer loop
      vertex 1.75 1.79426 1.74428
      vertex 1.75 1.43541 1.63543
      vertex 1.75 1.73227 1.91753
    endloop
  endfacet
  facet normal -1 0 0
    outer loop
      vertex 1.75 1.38582 1.77402
      vertex 1.75 1.73227 1.91753
      vertex 1.75 1.43541 1.63543
    endloop
  endfacet
  facet normal -1 -0 0
    outer loop
      vertex 1.75 1.73227 1.91753
      vertex 1.75 1.38582 1.77402
      vertex 1.75 1.6536 2.08387
    endloop
  endfacet
  facet normal -1 0 0
    outer loop
      vertex 1.75 1.32288 1.90709
      vertex 1.75 1.6536 2.08387
      vertex 1.75 1.38582 1.77402
    endloop
  endfacet
  facet normal -1 -0 0
    outer loop
      vertex 1.75 1.6536 2.08387
      vertex 1.75 1.32288 1.90709
      vertex 1.75 1.559 2.24169
    endloop
  endfacet
  facet normal -1 0 0
    outer loop
      vertex 1.75 1.2472 2.03335
      vertex 1.75 1.559 2.24169
      vertex 1.75 1.32288 1.90709
    endloop
  endfacet
  facet normal -1 -0 0
    outer loop
      vertex 1.75 1.559 2.24169
      vertex 1.75 1.2472 2.03335
      vertex 1.75 1.44939 2.38949
    endloop
  endfacet
  facet normal -1 0 0
    outer loop
      vertex 1.75 1.15952 2.15159
      vertex 1.75 1.44939 2.38949
      vertex 1.75 1.2472 2.03335
    endloop
  endfacet
  facet normal -1 -0 0
    outer loop
      vertex 1.75 1.44939 2.38949
      vertex 1.75 1.15952 2.15159
      vertex 1.75 1.32582 2.52582
    endloop
  endfacet
  facet normal -1 0 0
    outer loop
      vertex 1.75 1.06066 2.26066
      vertex 1.75 1.32582 2.52582
      vertex 1.75 1.15952 2.15159
    endloop
  endfacet
  facet normal -1 -0 0
    outer loop
      vertex 1.75 1.32582 2.52582
      vertex 1.75 1.06066 2.26066
      vertex 1.75 1.18949 2.64939
    endloop
  endfacet
  facet normal -1 0 0
    outer loop
      vertex 1.75 0.95159 2.35952
      vertex 1.75 1.18949 2.64939
      vertex 1.75 1.06066 2.26066
    endloop
  endfacet
  facet normal -1 -0 0
    outer loop
      vertex 1.75 1.18949 2.64939
      vertex 1.75 0.95159 2.35952
      vertex 1.75 1.04169 2.759
    endloop
  endfacet
  facet normal -1 0 0
    outer loop
      vertex 1.75 0.833355 2.4472
      vertex 1.75 1.04169 2.759
      vertex 1.75 0.95159 2.35952
    endloop
  endfacet
  facet normal -1 -0 0
    outer loop
      vertex 1.75 1.04169 2.759
      vertex 1.75 0.833355 2.4472
      vertex 1.75 0.883868 2.8536
    endloop
  endfacet
  facet normal -1 0 0
    outer loop
      vertex 1.75 0.707094 2.52288
      vertex 1.75 0.883868 2.8536
      vertex 1.75 0.833355 2.4472
    endloop
  endfacet
  facet normal -1 -0 0
    outer loop
      vertex 1.75 0.883868 2.8536
      vertex 1.75 0.707094 2.52288
      vertex 1.75 0.717531 2.93227
    endloop
  endfacet
  facet normal -1 0 0
    outer loop
      vertex 1.75 0.574024 2.58582
      vertex 1.75 0.717531 2.93227
      vertex 1.75 0.707094 2.52288
    endloop
  endfacet
  facet normal -1 0 0
    outer loop
      vertex 1.75 0.574024 2.58582
      vertex 1.75 0.544283 2.99426
      vertex 1.75 0.717531 2.93227
    endloop
  endfacet
  facet normal -1 0 0
    outer loop
      vertex 1.75 0.435427 2.63541
      vertex 1.75 0.544283 2.99426
      vertex 1.75 0.574024 2.58582
    endloop
  endfacet
  facet normal -1 0 0
    outer loop
      vertex 1.75 0.4 2.64428
      vertex 1.75 0.544283 2.99426
      vertex 1.75 0.435427 2.63541
    endloop
  endfacet
  facet normal -1 -0 0
    outer loop
      vertex 1.75 0.544283 2.99426
      vertex 1.75 0.4 2.64428
      vertex 1.75 0.4 3.0304
    endloop
  endfacet
  facet normal 0.432869 0.605374 -0.667942
    outer loop
      vertex 3.05 0.883883 0.316117
      vertex 2.32331 1.05471 1.90735e-07
      vertex 2.12012 1.2 1.90735e-07
    endloop
  endfacet
  facet normal 0.432866 0.724059 -0.536997
    outer loop
      vertex 3.05 1.03934 0.505537
      vertex 1.75 1.44939 0.0105135
      vertex 1.75 1.559 0.158306
    endloop
  endfacet
  facet normal 0.43287 0.90037 -0.0442395
    outer loop
      vertex 3.05 1.24398 1.07748
      vertex 1.75 1.86597 1.01622
      vertex 1.75 1.875 1.2
    endloop
  endfacet
  facet normal 0.43287 0.90037 -0.0442395
    outer loop
      vertex 3.05 1.25 1.2
      vertex 3.05 1.24398 1.07748
      vertex 1.75 1.875 1.2
    endloop
  endfacet
  facet normal 0.432867 0.536973 -0.724076
    outer loop
      vertex 3.05 0.694463 0.160664
      vertex 2.64808 0.801815 1.90735e-07
      vertex 2.54065 0.888417 1.90735e-07
    endloop
  endfacet
  facet normal 0.432874 0.385423 -0.814904
    outer loop
      vertex 2.94835 0.497056 1.90735e-07
      vertex 3.05 0.589246 0.0975992
      vertex 3.05 0.478354 0.0451509
    endloop
  endfacet
  facet normal 0.432861 0.385438 -0.814904
    outer loop
      vertex 3.05 0.589246 0.0975992
      vertex 2.94835 0.497056 1.90735e-07
      vertex 2.84856 0.609124 1.90735e-07
    endloop
  endfacet
  facet normal 0.432869 0.303688 -0.848763
    outer loop
      vertex 3.01644 0.4 1.90735e-07
      vertex 3.05 0.478354 0.0451509
      vertex 3.05 0.4 0.0171158
    endloop
  endfacet
  facet normal 0.432855 0.303696 -0.848767
    outer loop
      vertex 3.05 0.478354 0.0451509
      vertex 3.01644 0.4 1.90735e-07
      vertex 2.9582 0.483009 1.90735e-07
    endloop
  endfacet
  facet normal 0.43287 0.90037 0.0442395
    outer loop
      vertex 3.05 1.24398 1.32252
      vertex 1.75 1.875 1.2
      vertex 1.75 1.86597 1.38378
    endloop
  endfacet
  facet normal 0.432866 0.724072 0.536979
    outer loop
      vertex 1.75 1.44939 2.38949
      vertex 3.05 1.03934 1.89446
      vertex 1.75 1.559 2.24169
    endloop
  endfacet
  facet normal 0.432869 0.814912 0.385412
    outer loop
      vertex 3.05 1.1024 1.78925
      vertex 3.05 1.15485 1.67835
      vertex 1.75 1.73227 1.91753
    endloop
  endfacet
  facet normal 0.432868 0.605402 0.667917
    outer loop
      vertex 1.75 1.18949 2.64939
      vertex 3.05 0.883883 2.08388
      vertex 1.75 1.32582 2.52582
    endloop
  endfacet
  facet normal 0.43287 0.385416 0.81491
    outer loop
      vertex 1.75 0.717531 2.93227
      vertex 3.05 0.589246 2.3024
      vertex 1.75 0.883868 2.8536
    endloop
  endfacet
  facet normal 0.432868 0.303696 0.84876
    outer loop
      vertex 1.75 0.544283 2.99426
      vertex 3.05 0.478354 2.35485
      vertex 1.75 0.717531 2.93227
    endloop
  endfacet
  facet normal 0.432871 -0.605382 0.667934
    outer loop
      vertex 1.75 -1.18949 2.64939
      vertex 3.05 -0.883883 2.08388
      vertex 3.05 -0.792991 2.16626
    endloop
  endfacet
  facet normal 0.432869 -0.814913 0.385411
    outer loop
      vertex 1.75 -1.73227 1.91753
      vertex 3.05 -1.1024 1.78925
      vertex 1.75 -1.6536 2.08387
    endloop
  endfacet
  facet normal 0.43287 -0.891699 0.132278
    outer loop
      vertex 1.75 -1.86597 1.38378
      vertex 3.05 -1.24398 1.32252
      vertex 1.75 -1.83897 1.56579
    endloop
  endfacet
  facet normal 0.432869 -0.814912 0.385412
    outer loop
      vertex 1.75 -1.73227 1.91753
      vertex 3.05 -1.15485 1.67835
      vertex 3.05 -1.1024 1.78925
    endloop
  endfacet
  facet normal 0.43287 -0.90037 0.0442395
    outer loop
      vertex 1.75 -1.86597 1.38378
      vertex 1.75 -1.875 1.2
      vertex 3.05 -1.24398 1.32252
    endloop
  endfacet
  facet normal 0.432868 -0.848761 0.303692
    outer loop
      vertex 1.75 -1.79426 1.74428
      vertex 3.05 -1.15485 1.67835
      vertex 1.75 -1.73227 1.91753
    endloop
  endfacet
  facet normal 0.432869 -0.874438 0.21905
    outer loop
      vertex 1.75 -1.83897 1.56579
      vertex 3.05 -1.22598 1.44386
      vertex 3.05 -1.19617 1.56286
    endloop
  endfacet
  facet normal 0.43287 -0.385416 0.81491
    outer loop
      vertex 1.75 -0.883868 2.8536
      vertex 3.05 -0.589246 2.3024
      vertex 1.75 -0.717531 2.93227
    endloop
  endfacet
  facet normal 0.43287 -0.463416 0.77322
    outer loop
      vertex 1.75 -0.883868 2.8536
      vertex 3.05 -0.694463 2.23934
      vertex 3.05 -0.589246 2.3024
    endloop
  endfacet
  facet normal 0.432865 -0.463461 0.773196
    outer loop
      vertex 3.05 -0.694463 2.23934
      vertex 1.75 -0.883868 2.8536
      vertex 1.75 -1.04169 2.759
    endloop
  endfacet
  facet normal 1 0 0
    outer loop
      vertex 3.05 1.24398 1.32252
      vertex 3.05 1.24398 1.07748
      vertex 3.05 1.25 1.2
    endloop
  endfacet
  facet normal 1 0 0
    outer loop
      vertex 3.05 1.22598 1.44386
      vertex 3.05 1.24398 1.07748
      vertex 3.05 1.24398 1.32252
    endloop
  endfacet
  facet normal 1 0 0
    outer loop
      vertex 3.05 1.22598 1.44386
      vertex 3.05 1.22598 0.956138
      vertex 3.05 1.24398 1.07748
    endloop
  endfacet
  facet normal 1 0 0
    outer loop
      vertex 3.05 1.19617 1.56286
      vertex 3.05 1.22598 0.956138
      vertex 3.05 1.22598 1.44386
    endloop
  endfacet
  facet normal 1 0 0
    outer loop
      vertex 3.05 1.19617 1.56286
      vertex 3.05 1.19617 0.837145
      vertex 3.05 1.22598 0.956138
    endloop
  endfacet
  facet normal 1 0 0
    outer loop
      vertex 3.05 1.15485 1.67835
      vertex 3.05 1.19617 0.837145
      vertex 3.05 1.19617 1.56286
    endloop
  endfacet
  facet normal 1 0 0
    outer loop
      vertex 3.05 1.15485 1.67835
      vertex 3.05 1.15485 0.721646
      vertex 3.05 1.19617 0.837145
    endloop
  endfacet
  facet normal 1 0 0
    outer loop
      vertex 3.05 1.1024 1.78925
      vertex 3.05 1.15485 0.721646
      vertex 3.05 1.15485 1.67835
    endloop
  endfacet
  facet normal 1 0 0
    outer loop
      vertex 3.05 1.1024 1.78925
      vertex 3.05 1.1024 0.610754
      vertex 3.05 1.15485 0.721646
    endloop
  endfacet
  facet normal 1 0 0
    outer loop
      vertex 3.05 1.03934 1.89446
      vertex 3.05 1.1024 0.610754
      vertex 3.05 1.1024 1.78925
    endloop
  endfacet
  facet normal 1 0 0
    outer loop
      vertex 3.05 1.03934 1.89446
      vertex 3.05 1.03934 0.505537
      vertex 3.05 1.1024 0.610754
    endloop
  endfacet
  facet normal 1 0 0
    outer loop
      vertex 3.05 0.966263 1.99299
      vertex 3.05 1.03934 0.505537
      vertex 3.05 1.03934 1.89446
    endloop
  endfacet
  facet normal 1 0 0
    outer loop
      vertex 3.05 0.966263 1.99299
      vertex 3.05 0.966263 0.407009
      vertex 3.05 1.03934 0.505537
    endloop
  endfacet
  facet normal 1 0 0
    outer loop
      vertex 3.05 0.883883 2.08388
      vertex 3.05 0.966263 0.407009
      vertex 3.05 0.966263 1.99299
    endloop
  endfacet
  facet normal 1 0 0
    outer loop
      vertex 3.05 0.883883 2.08388
      vertex 3.05 0.883883 0.316117
      vertex 3.05 0.966263 0.407009
    endloop
  endfacet
  facet normal 1 0 0
    outer loop
      vertex 3.05 0.792991 2.16626
      vertex 3.05 0.883883 0.316117
      vertex 3.05 0.883883 2.08388
    endloop
  endfacet
  facet normal 1 0 0
    outer loop
      vertex 3.05 0.792991 2.16626
      vertex 3.05 0.792991 0.233737
      vertex 3.05 0.883883 0.316117
    endloop
  endfacet
  facet normal 1 0 0
    outer loop
      vertex 3.05 0.694463 2.23934
      vertex 3.05 0.792991 0.233737
      vertex 3.05 0.792991 2.16626
    endloop
  endfacet
  facet normal 1 0 0
    outer loop
      vertex 3.05 0.694463 2.23934
      vertex 3.05 0.694463 0.160664
      vertex 3.05 0.792991 0.233737
    endloop
  endfacet
  facet normal 1 0 0
    outer loop
      vertex 3.05 0.589246 2.3024
      vertex 3.05 0.694463 0.160664
      vertex 3.05 0.694463 2.23934
    endloop
  endfacet
  facet normal 1 0 0
    outer loop
      vertex 3.05 0.589246 2.3024
      vertex 3.05 0.589246 0.0975992
      vertex 3.05 0.694463 0.160664
    endloop
  endfacet
  facet normal 1 0 0
    outer loop
      vertex 3.05 0.4 2.38288
      vertex 3.05 0.589246 2.3024
      vertex 3.05 0.478354 2.35485
    endloop
  endfacet
  facet normal 1 0 0
    outer loop
      vertex 3.05 0.589246 2.3024
      vertex 3.05 0.4 2.38288
      vertex 3.05 0.589246 0.0975992
    endloop
  endfacet
  facet normal 1 0 0
    outer loop
      vertex 3.05 0.4 0.0171158
      vertex 3.05 0.589246 0.0975992
      vertex 3.05 0.4 2.38288
    endloop
  endfacet
  facet normal 1 0 0
    outer loop
      vertex 3.05 0.589246 0.0975992
      vertex 3.05 0.4 0.0171158
      vertex 3.05 0.478354 0.0451509
    endloop
  endfacet
  facet normal 1 0 0
    outer loop
      vertex 3.05 -0.589246 2.3024
      vertex 3.05 -0.4 2.38288
      vertex 3.05 -0.478354 2.35485
    endloop
  endfacet
  facet normal 1 0 0
    outer loop
      vertex 3.05 -0.4 2.38288
      vertex 3.05 -0.589246 2.3024
      vertex 3.05 -0.4 0.0171158
    endloop
  endfacet
  facet normal 1 -0 0
    outer loop
      vertex 3.05 -0.589246 0.0975992
      vertex 3.05 -0.4 0.0171158
      vertex 3.05 -0.589246 2.3024
    endloop
  endfacet
  facet normal 1 0 0
    outer loop
      vertex 3.05 -0.4 0.0171158
      vertex 3.05 -0.589246 0.0975992
      vertex 3.05 -0.478354 0.0451509
    endloop
  endfacet
  facet normal 1 -0 0
    outer loop
      vertex 3.05 -0.694463 2.23934
      vertex 3.05 -0.589246 0.0975992
      vertex 3.05 -0.589246 2.3024
    endloop
  endfacet
  facet normal 1 0 0
    outer loop
      vertex 3.05 -0.694463 2.23934
      vertex 3.05 -0.694463 0.160664
      vertex 3.05 -0.589246 0.0975992
    endloop
  endfacet
  facet normal 1 -0 0
    outer loop
      vertex 3.05 -0.792991 2.16626
      vertex 3.05 -0.694463 0.160664
      vertex 3.05 -0.694463 2.23934
    endloop
  endfacet
  facet normal 1 0 0
    outer loop
      vertex 3.05 -0.792991 2.16626
      vertex 3.05 -0.792991 0.233737
      vertex 3.05 -0.694463 0.160664
    endloop
  endfacet
  facet normal 1 -0 0
    outer loop
      vertex 3.05 -0.883883 2.08388
      vertex 3.05 -0.792991 0.233737
      vertex 3.05 -0.792991 2.16626
    endloop
  endfacet
  facet normal 1 0 0
    outer loop
      vertex 3.05 -0.883883 2.08388
      vertex 3.05 -0.883883 0.316117
      vertex 3.05 -0.792991 0.233737
    endloop
  endfacet
  facet normal 1 -0 0
    outer loop
      vertex 3.05 -0.966263 1.99299
      vertex 3.05 -0.883883 0.316117
      vertex 3.05 -0.883883 2.08388
    endloop
  endfacet
  facet normal 1 0 0
    outer loop
      vertex 3.05 -0.966263 1.99299
      vertex 3.05 -0.966263 0.407009
      vertex 3.05 -0.883883 0.316117
    endloop
  endfacet
  facet normal 1 -0 0
    outer loop
      vertex 3.05 -1.03934 1.89446
      vertex 3.05 -0.966263 0.407009
      vertex 3.05 -0.966263 1.99299
    endloop
  endfacet
  facet normal 1 0 0
    outer loop
      vertex 3.05 -1.03934 1.89446
      vertex 3.05 -1.03934 0.505537
      vertex 3.05 -0.966263 0.407009
    endloop
  endfacet
  facet normal 1 -0 0
    outer loop
      vertex 3.05 -1.1024 1.78925
      vertex 3.05 -1.03934 0.505537
      vertex 3.05 -1.03934 1.89446
    endloop
  endfacet
  facet normal 1 0 0
    outer loop
      vertex 3.05 -1.1024 1.78925
      vertex 3.05 -1.1024 0.610754
      vertex 3.05 -1.03934 0.505537
    endloop
  endfacet
  facet normal 1 -0 0
    outer loop
      vertex 3.05 -1.15485 1.67835
      vertex 3.05 -1.1024 0.610754
      vertex 3.05 -1.1024 1.78925
    endloop
  endfacet
  facet normal 1 0 0
    outer loop
      vertex 3.05 -1.15485 1.67835
      vertex 3.05 -1.15485 0.721646
      vertex 3.05 -1.1024 0.610754
    endloop
  endfacet
  facet normal 1 -0 0
    outer loop
      vertex 3.05 -1.19617 1.56286
      vertex 3.05 -1.15485 0.721646
      vertex 3.05 -1.15485 1.67835
    endloop
  endfacet
  facet normal 1 0 0
    outer loop
      vertex 3.05 -1.19617 1.56286
      vertex 3.05 -1.19617 0.837145
      vertex 3.05 -1.15485 0.721646
    endloop
  endfacet
  facet normal 1 -0 0
    outer loop
      vertex 3.05 -1.22598 1.44386
      vertex 3.05 -1.19617 0.837145
      vertex 3.05 -1.19617 1.56286
    endloop
  endfacet
  facet normal 1 0 0
    outer loop
      vertex 3.05 -1.22598 1.44386
      vertex 3.05 -1.22598 0.956138
      vertex 3.05 -1.19617 0.837145
    endloop
  endfacet
  facet normal 1 -0 0
    outer loop
      vertex 3.05 -1.24398 1.32252
      vertex 3.05 -1.22598 0.956138
      vertex 3.05 -1.22598 1.44386
    endloop
  endfacet
  facet normal 1 0 0
    outer loop
      vertex 3.05 -1.24398 1.32252
      vertex 3.05 -1.24398 1.07748
      vertex 3.05 -1.22598 0.956138
    endloop
  endfacet
  facet normal 1 0 -0
    outer loop
      vertex 3.05 -1.24398 1.07748
      vertex 3.05 -1.24398 1.32252
      vertex 3.05 -1.25 1.2
    endloop
  endfacet
  facet normal 0.432869 -0.303688 -0.848763
    outer loop
      vertex 3.05 -0.478354 0.0451509
      vertex 3.01644 -0.4 1.90735e-07
      vertex 3.05 -0.4 0.0171158
    endloop
  endfacet
  facet normal 0.432855 -0.303696 -0.848767
    outer loop
      vertex 3.01644 -0.4 1.90735e-07
      vertex 3.05 -0.478354 0.0451509
      vertex 2.9582 -0.483009 1.90735e-07
    endloop
  endfacet
  facet normal 0.432863 -0.463444 -0.773207
    outer loop
      vertex 3.05 -0.694463 0.160664
      vertex 2.81981 -0.641413 1.90735e-07
      vertex 3.05 -0.589246 0.0975992
    endloop
  endfacet
  facet normal 0.432866 -0.463437 -0.77321
    outer loop
      vertex 2.81981 -0.641413 1.90735e-07
      vertex 3.05 -0.694463 0.160664
      vertex 2.64808 -0.801815 1.90735e-07
    endloop
  endfacet
  facet normal 0.432869 -0.874434 -0.219062
    outer loop
      vertex 3.05 -1.22598 0.956138
      vertex 1.75 -1.83897 0.834206
      vertex 3.05 -1.19617 0.837145
    endloop
  endfacet
  facet normal 0.43287 -0.891699 -0.132275
    outer loop
      vertex 1.75 -1.86597 1.01622
      vertex 1.75 -1.83897 0.834206
      vertex 3.05 -1.24398 1.07748
    endloop
  endfacet
  facet normal 0.43287 -0.891699 -0.132276
    outer loop
      vertex 3.05 -1.24398 1.07748
      vertex 1.75 -1.83897 0.834206
      vertex 3.05 -1.22598 0.956138
    endloop
  endfacet
  facet normal 0.43287 -0.77322 -0.463416
    outer loop
      vertex 1.75 -1.6536 0.316132
      vertex 3.05 -1.03934 0.505537
      vertex 3.05 -1.1024 0.610754
    endloop
  endfacet
  facet normal 0.432866 -0.773201 -0.463452
    outer loop
      vertex 3.05 -1.03934 0.505537
      vertex 1.75 -1.6536 0.316132
      vertex 1.75 -1.559 0.158306
    endloop
  endfacet
  facet normal 0.432866 -0.724059 -0.536997
    outer loop
      vertex 1.75 -1.559 0.158306
      vertex 1.75 -1.44939 0.0105135
      vertex 3.05 -1.03934 0.505537
    endloop
  endfacet
  facet normal 0.433023 -0.668156 -0.605028
    outer loop
      vertex 2.12012 -1.2 1.90735e-07
      vertex 1.75 -1.44939 0.0105135
      vertex 1.75 -1.43987 1.90735e-07
    endloop
  endfacet
  facet normal 0.432869 -0.667942 -0.605374
    outer loop
      vertex 1.75 -1.44939 0.0105135
      vertex 2.12012 -1.2 1.90735e-07
      vertex 3.05 -0.883883 0.316117
    endloop
  endfacet
  facet normal 0.432868 -0.667935 -0.605383
    outer loop
      vertex 3.05 -0.966263 0.407009
      vertex 1.75 -1.44939 0.0105135
      vertex 3.05 -0.883883 0.316117
    endloop
  endfacet
  facet normal 0.432867 0.605383 -0.667935
    outer loop
      vertex 2.42106 0.984814 1.90735e-07
      vertex 3.05 0.883883 0.316117
      vertex 3.05 0.792991 0.233737
    endloop
  endfacet
  facet normal 0.43287 0.605371 -0.667944
    outer loop
      vertex 3.05 0.883883 0.316117
      vertex 2.42106 0.984814 1.90735e-07
      vertex 2.32331 1.05471 1.90735e-07
    endloop
  endfacet
  facet normal 0.43287 0.77322 -0.463416
    outer loop
      vertex 3.05 1.03934 0.505537
      vertex 1.75 1.6536 0.316132
      vertex 3.05 1.1024 0.610754
    endloop
  endfacet
  facet normal 0.432866 0.773201 -0.463452
    outer loop
      vertex 1.75 1.6536 0.316132
      vertex 3.05 1.03934 0.505537
      vertex 1.75 1.559 0.158306
    endloop
  endfacet
  facet normal 0.432872 0.874439 -0.21904
    outer loop
      vertex 3.05 1.19617 0.837145
      vertex 1.75 1.79426 0.655717
      vertex 1.75 1.83897 0.834206
    endloop
  endfacet
  facet normal 0.432868 0.84876 -0.303696
    outer loop
      vertex 3.05 1.15485 0.721646
      vertex 1.75 1.73227 0.482469
      vertex 1.75 1.79426 0.655717
    endloop
  endfacet
  facet normal 0.432869 0.874434 -0.219062
    outer loop
      vertex 3.05 1.19617 0.837145
      vertex 1.75 1.83897 0.834206
      vertex 3.05 1.22598 0.956138
    endloop
  endfacet
  facet normal 0.432863 0.463444 -0.773207
    outer loop
      vertex 2.81981 0.641413 1.90735e-07
      vertex 3.05 0.694463 0.160664
      vertex 3.05 0.589246 0.0975992
    endloop
  endfacet
  facet normal 0.432866 0.463437 -0.77321
    outer loop
      vertex 3.05 0.694463 0.160664
      vertex 2.81981 0.641413 1.90735e-07
      vertex 2.64808 0.801815 1.90735e-07
    endloop
  endfacet
  facet normal 0.432868 0.848761 0.303692
    outer loop
      vertex 1.75 1.73227 1.91753
      vertex 3.05 1.15485 1.67835
      vertex 1.75 1.79426 1.74428
    endloop
  endfacet
  facet normal 0.432869 0.814913 0.385411
    outer loop
      vertex 1.75 1.6536 2.08387
      vertex 3.05 1.1024 1.78925
      vertex 1.75 1.73227 1.91753
    endloop
  endfacet
  facet normal 0.432868 0.667917 0.605402
    outer loop
      vertex 1.75 1.32582 2.52582
      vertex 3.05 0.883883 2.08388
      vertex 1.75 1.44939 2.38949
    endloop
  endfacet
  facet normal 0.43287 0.667927 0.60539
    outer loop
      vertex 3.05 0.883883 2.08388
      vertex 3.05 0.966263 1.99299
      vertex 1.75 1.44939 2.38949
    endloop
  endfacet
  facet normal 0.432868 0.385435 0.814902
    outer loop
      vertex 3.05 0.478354 2.35485
      vertex 3.05 0.589246 2.3024
      vertex 1.75 0.717531 2.93227
    endloop
  endfacet
  facet normal 0.432865 0.463461 0.773196
    outer loop
      vertex 1.75 0.883868 2.8536
      vertex 3.05 0.694463 2.23934
      vertex 1.75 1.04169 2.759
    endloop
  endfacet
  facet normal 0.43287 0.463416 0.77322
    outer loop
      vertex 3.05 0.694463 2.23934
      vertex 1.75 0.883868 2.8536
      vertex 3.05 0.589246 2.3024
    endloop
  endfacet
  facet normal 0.432872 0.303638 0.848779
    outer loop
      vertex 3.05 0.478354 2.35485
      vertex 2.78384 0.4 2.51862
      vertex 3.05 0.4 2.38288
    endloop
  endfacet
  facet normal 0.432874 0.303633 0.84878
    outer loop
      vertex 2.78384 0.4 2.51862
      vertex 3.05 0.478354 2.35485
      vertex 1.75 0.544283 2.99426
    endloop
  endfacet
  facet normal 0.432873 0.21903 0.874441
    outer loop
      vertex 1.75 0.4 3.0304
      vertex 2.78384 0.4 2.51862
      vertex 1.75 0.544283 2.99426
    endloop
  endfacet
  facet normal 0.43287 -0.891699 0.132278
    outer loop
      vertex 1.75 -1.83897 1.56579
      vertex 3.05 -1.24398 1.32252
      vertex 3.05 -1.22598 1.44386
    endloop
  endfacet
  facet normal 0.43287 -0.724049 0.537007
    outer loop
      vertex 1.75 -1.44939 2.38949
      vertex 3.05 -1.03934 1.89446
      vertex 3.05 -0.966263 1.99299
    endloop
  endfacet
  facet normal 0.43287 -0.848768 0.303672
    outer loop
      vertex 1.75 -1.79426 1.74428
      vertex 3.05 -1.19617 1.56286
      vertex 3.05 -1.15485 1.67835
    endloop
  endfacet
  facet normal 0.432871 -0.87444 0.219039
    outer loop
      vertex 1.75 -1.83897 1.56579
      vertex 3.05 -1.19617 1.56286
      vertex 1.75 -1.79426 1.74428
    endloop
  endfacet
  facet normal 0.432868 -0.385435 0.814902
    outer loop
      vertex 1.75 -0.717531 2.93227
      vertex 3.05 -0.589246 2.3024
      vertex 3.05 -0.478354 2.35485
    endloop
  endfacet
  facet normal 0.432863 -0.38542 -0.814912
    outer loop
      vertex 3.05 -0.589246 0.0975992
      vertex 2.81981 -0.641413 1.90735e-07
      vertex 2.84856 -0.609124 1.90735e-07
    endloop
  endfacet
  facet normal 0.432867 -0.536973 -0.724076
    outer loop
      vertex 3.05 -0.694463 0.160664
      vertex 2.54065 -0.888417 1.90735e-07
      vertex 2.64808 -0.801815 1.90735e-07
    endloop
  endfacet
  facet normal 0.43287 -0.536995 -0.724058
    outer loop
      vertex 3.05 -0.792991 0.233737
      vertex 2.54065 -0.888417 1.90735e-07
      vertex 3.05 -0.694463 0.160664
    endloop
  endfacet
  facet normal 0.432868 -0.537015 -0.724045
    outer loop
      vertex 2.54065 -0.888417 1.90735e-07
      vertex 3.05 -0.792991 0.233737
      vertex 2.42106 -0.984814 1.90735e-07
    endloop
  endfacet
  facet normal 0.432872 -0.874439 -0.21904
    outer loop
      vertex 1.75 -1.83897 0.834206
      vertex 1.75 -1.79426 0.655717
      vertex 3.05 -1.19617 0.837145
    endloop
  endfacet
  facet normal 0.432872 -0.848774 -0.303651
    outer loop
      vertex 3.05 -1.19617 0.837145
      vertex 1.75 -1.79426 0.655717
      vertex 3.05 -1.15485 0.721646
    endloop
  endfacet
  facet normal 0.43287 -0.90037 -0.0442395
    outer loop
      vertex 1.75 -1.875 1.2
      vertex 3.05 -1.24398 1.07748
      vertex 3.05 -1.25 1.2
    endloop
  endfacet
  facet normal 0.43287 0.891699 -0.132276
    outer loop
      vertex 3.05 1.22598 0.956138
      vertex 1.75 1.83897 0.834206
      vertex 3.05 1.24398 1.07748
    endloop
  endfacet
  facet normal 0.43287 0.891699 -0.132275
    outer loop
      vertex 3.05 1.24398 1.07748
      vertex 1.75 1.83897 0.834206
      vertex 1.75 1.86597 1.01622
    endloop
  endfacet
  facet normal 0.432868 0.667935 -0.605383
    outer loop
      vertex 3.05 0.883883 0.316117
      vertex 1.75 1.44939 0.0105135
      vertex 3.05 0.966263 0.407009
    endloop
  endfacet
  facet normal 0.432869 0.724044 -0.537015
    outer loop
      vertex 3.05 0.966263 0.407009
      vertex 1.75 1.44939 0.0105135
      vertex 3.05 1.03934 0.505537
    endloop
  endfacet
  facet normal 0.43287 0.81491 -0.385416
    outer loop
      vertex 3.05 1.1024 0.610754
      vertex 1.75 1.6536 0.316132
      vertex 1.75 1.73227 0.482469
    endloop
  endfacet
  facet normal 0.432872 0.848774 -0.303651
    outer loop
      vertex 3.05 1.15485 0.721646
      vertex 1.75 1.79426 0.655717
      vertex 3.05 1.19617 0.837145
    endloop
  endfacet
  facet normal 0.432863 0.38542 -0.814912
    outer loop
      vertex 3.05 0.589246 0.0975992
      vertex 2.84856 0.609124 1.90735e-07
      vertex 2.81981 0.641413 1.90735e-07
    endloop
  endfacet
  facet normal 0.432869 0.874438 0.21905
    outer loop
      vertex 3.05 1.19617 1.56286
      vertex 3.05 1.22598 1.44386
      vertex 1.75 1.83897 1.56579
    endloop
  endfacet
  facet normal 0.432866 0.773193 0.463465
    outer loop
      vertex 3.05 1.03934 1.89446
      vertex 1.75 1.6536 2.08387
      vertex 1.75 1.559 2.24169
    endloop
  endfacet
  facet normal 0.432869 0.773207 0.463439
    outer loop
      vertex 1.75 1.6536 2.08387
      vertex 3.05 1.03934 1.89446
      vertex 3.05 1.1024 1.78925
    endloop
  endfacet
  facet normal 0.43287 0.724049 0.537007
    outer loop
      vertex 3.05 0.966263 1.99299
      vertex 3.05 1.03934 1.89446
      vertex 1.75 1.44939 2.38949
    endloop
  endfacet
  facet normal 0.432866 -0.773193 0.463465
    outer loop
      vertex 1.75 -1.6536 2.08387
      vertex 3.05 -1.03934 1.89446
      vertex 1.75 -1.559 2.24169
    endloop
  endfacet
  facet normal 0.432869 -0.773207 0.463439
    outer loop
      vertex 3.05 -1.03934 1.89446
      vertex 1.75 -1.6536 2.08387
      vertex 3.05 -1.1024 1.78925
    endloop
  endfacet
  facet normal 0.432869 -0.605374 -0.667942
    outer loop
      vertex 3.05 -0.883883 0.316117
      vertex 2.12012 -1.2 1.90735e-07
      vertex 2.32331 -1.05471 1.90735e-07
    endloop
  endfacet
  facet normal 0.432868 -0.814902 -0.385435
    outer loop
      vertex 3.05 -1.15485 0.721646
      vertex 1.75 -1.73227 0.482469
      vertex 3.05 -1.1024 0.610754
    endloop
  endfacet
  facet normal 0.43287 -0.81491 -0.385416
    outer loop
      vertex 1.75 -1.73227 0.482469
      vertex 1.75 -1.6536 0.316132
      vertex 3.05 -1.1024 0.610754
    endloop
  endfacet
  facet normal 0.432868 0.814902 -0.385435
    outer loop
      vertex 3.05 1.1024 0.610754
      vertex 1.75 1.73227 0.482469
      vertex 3.05 1.15485 0.721646
    endloop
  endfacet
  facet normal 0.43287 0.891699 0.132278
    outer loop
      vertex 1.75 1.83897 1.56579
      vertex 3.05 1.24398 1.32252
      vertex 1.75 1.86597 1.38378
    endloop
  endfacet
  facet normal 0.43287 0.891699 0.132278
    outer loop
      vertex 3.05 1.22598 1.44386
      vertex 3.05 1.24398 1.32252
      vertex 1.75 1.83897 1.56579
    endloop
  endfacet
  facet normal 0.432871 0.87444 0.219039
    outer loop
      vertex 1.75 1.79426 1.74428
      vertex 3.05 1.19617 1.56286
      vertex 1.75 1.83897 1.56579
    endloop
  endfacet
  facet normal 0.43287 0.848768 0.303672
    outer loop
      vertex 3.05 1.15485 1.67835
      vertex 3.05 1.19617 1.56286
      vertex 1.75 1.79426 1.74428
    endloop
  endfacet
  facet normal 0.432867 -0.605383 -0.667935
    outer loop
      vertex 3.05 -0.883883 0.316117
      vertex 2.42106 -0.984814 1.90735e-07
      vertex 3.05 -0.792991 0.233737
    endloop
  endfacet
  facet normal 0.43287 -0.605371 -0.667944
    outer loop
      vertex 2.42106 -0.984814 1.90735e-07
      vertex 3.05 -0.883883 0.316117
      vertex 2.32331 -1.05471 1.90735e-07
    endloop
  endfacet
  facet normal 0 -0.998796 0.0490579
    outer loop
      vertex -2.2 2.08989 0.994165
      vertex 0 2.1 1.2
      vertex -2.2 2.1 1.2
    endloop
  endfacet
  facet normal 0 -0.998796 0.0490579
    outer loop
      vertex 0 2.1 1.2
      vertex -2.2 2.08989 0.994165
      vertex 0 2.08989 0.994165
    endloop
  endfacet
  facet normal 0 0.998796 -0.0490567
    outer loop
      vertex 0 -2.1 1.2
      vertex -2.2 -2.08989 1.40584
      vertex 0 -2.08989 1.40584
    endloop
  endfacet
  facet normal 0 0.998796 -0.0490567
    outer loop
      vertex -2.2 -2.08989 1.40584
      vertex 0 -2.1 1.2
      vertex -2.2 -2.1 1.2
    endloop
  endfacet
  facet normal 0 -0.740927 -0.671585
    outer loop
      vertex -2.2 1.62332 2.53223
      vertex 0 1.48492 2.68492
      vertex -2.2 1.48492 2.68492
    endloop
  endfacet
  facet normal 0 -0.740927 -0.671585
    outer loop
      vertex 0 1.48492 2.68492
      vertex -2.2 1.62332 2.53223
      vertex 0 1.62332 2.53223
    endloop
  endfacet
  facet normal 0 -0.903975 0.427585
    outer loop
      vertex -2.2 1.85203 0.210067
      vertex 0 1.94015 0.396365
      vertex -2.2 1.94015 0.396365
    endloop
  endfacet
  facet normal 0 -0.903975 0.427585
    outer loop
      vertex 0 1.94015 0.396365
      vertex -2.2 1.85203 0.210067
      vertex 0 1.85203 0.210067
    endloop
  endfacet
  facet normal 0 -0.427585 -0.903975
    outer loop
      vertex -2.2 0.803635 3.14015
      vertex 0 0.989933 3.05203
      vertex 0 0.803635 3.14015
    endloop
  endfacet
  facet normal -0 -0.427585 -0.903975
    outer loop
      vertex 0 0.989933 3.05203
      vertex -2.2 0.803635 3.14015
      vertex -2.2 0.989933 3.05203
    endloop
  endfacet
  facet normal 0 -0.941552 -0.336868
    outer loop
      vertex -2.2 2.00957 1.8096
      vertex 0 1.94015 2.00363
      vertex -2.2 1.94015 2.00363
    endloop
  endfacet
  facet normal 0 -0.941552 -0.336868
    outer loop
      vertex 0 1.94015 2.00363
      vertex -2.2 2.00957 1.8096
      vertex 0 2.00957 1.8096
    endloop
  endfacet
  facet normal 0 -0.857754 -0.51406
    outer loop
      vertex -2.2 1.85203 2.18993
      vertex 0 1.74609 2.3667
      vertex -2.2 1.74609 2.3667
    endloop
  endfacet
  facet normal 0 -0.857754 -0.51406
    outer loop
      vertex 0 1.74609 2.3667
      vertex -2.2 1.85203 2.18993
      vertex 0 1.85203 2.18993
    endloop
  endfacet
  facet normal 0 -0.970025 0.243006
    outer loop
      vertex -2.2 2.00957 0.590403
      vertex 0 2.05965 0.790311
      vertex -2.2 2.05965 0.790311
    endloop
  endfacet
  facet normal 0 -0.970025 0.243006
    outer loop
      vertex 0 2.05965 0.790311
      vertex -2.2 2.00957 0.590403
      vertex 0 2.00957 0.590403
    endloop
  endfacet
  facet normal 0 0.989175 -0.146739
    outer loop
      vertex 0 -2.08989 1.40584
      vertex -2.2 -2.05965 1.60969
      vertex 0 -2.05965 1.60969
    endloop
  endfacet
  facet normal 0 0.989175 -0.146739
    outer loop
      vertex -2.2 -2.05965 1.60969
      vertex 0 -2.08989 1.40584
      vertex -2.2 -2.08989 1.40584
    endloop
  endfacet
  facet normal 0 -0.243006 -0.970025
    outer loop
      vertex -2.2 0.409689 3.25965
      vertex 0 0.609597 3.20957
      vertex 0 0.409689 3.25965
    endloop
  endfacet
  facet normal -0 -0.243006 -0.970025
    outer loop
      vertex 0 0.609597 3.20957
      vertex -2.2 0.409689 3.25965
      vertex -2.2 0.609597 3.20957
    endloop
  endfacet
  facet normal 0 -0.147007 -0.989135
    outer loop
      vertex -2.2 0.4 3.26109
      vertex 0 0.409689 3.25965
      vertex 0 0.4 3.26109
    endloop
  endfacet
  facet normal -0 -0.147007 -0.989135
    outer loop
      vertex 0 0.409689 3.25965
      vertex -2.2 0.4 3.26109
      vertex -2.2 0.409689 3.25965
    endloop
  endfacet
  facet normal 0 -0.336856 -0.941556
    outer loop
      vertex -2.2 0.609597 3.20957
      vertex 0 0.803635 3.14015
      vertex 0 0.609597 3.20957
    endloop
  endfacet
  facet normal -0 -0.336856 -0.941556
    outer loop
      vertex 0 0.803635 3.14015
      vertex -2.2 0.609597 3.20957
      vertex -2.2 0.803635 3.14015
    endloop
  endfacet
  facet normal 0 -0.595714 -0.803197
    outer loop
      vertex -2.2 1.1667 2.94609
      vertex 0 1.33223 2.82332
      vertex 0 1.1667 2.94609
    endloop
  endfacet
  facet normal -0 -0.595714 -0.803197
    outer loop
      vertex 0 1.33223 2.82332
      vertex -2.2 1.1667 2.94609
      vertex -2.2 1.33223 2.82332
    endloop
  endfacet
  facet normal 0 -0.671585 -0.740927
    outer loop
      vertex -2.2 1.33223 2.82332
      vertex 0 1.48492 2.68492
      vertex 0 1.33223 2.82332
    endloop
  endfacet
  facet normal -0 -0.671585 -0.740927
    outer loop
      vertex 0 1.48492 2.68492
      vertex -2.2 1.33223 2.82332
      vertex -2.2 1.48492 2.68492
    endloop
  endfacet
  facet normal 0 -0.514067 -0.85775
    outer loop
      vertex -2.2 0.989933 3.05203
      vertex 0 1.1667 2.94609
      vertex 0 0.989933 3.05203
    endloop
  endfacet
  facet normal -0 -0.514067 -0.85775
    outer loop
      vertex 0 1.1667 2.94609
      vertex -2.2 0.989933 3.05203
      vertex -2.2 1.1667 2.94609
    endloop
  endfacet
  facet normal 0 -0.989175 -0.146739
    outer loop
      vertex -2.2 2.08989 1.40584
      vertex 0 2.05965 1.60969
      vertex -2.2 2.05965 1.60969
    endloop
  endfacet
  facet normal 0 -0.989175 -0.146739
    outer loop
      vertex 0 2.05965 1.60969
      vertex -2.2 2.08989 1.40584
      vertex 0 2.08989 1.40584
    endloop
  endfacet
  facet normal 0 -0.970025 -0.243004
    outer loop
      vertex -2.2 2.05965 1.60969
      vertex 0 2.00957 1.8096
      vertex -2.2 2.00957 1.8096
    endloop
  endfacet
  facet normal 0 -0.970025 -0.243004
    outer loop
      vertex 0 2.00957 1.8096
      vertex -2.2 2.05965 1.60969
      vertex 0 2.05965 1.60969
    endloop
  endfacet
  facet normal 0 -0.998796 -0.0490567
    outer loop
      vertex -2.2 2.1 1.2
      vertex 0 2.08989 1.40584
      vertex -2.2 2.08989 1.40584
    endloop
  endfacet
  facet normal 0 -0.998796 -0.0490567
    outer loop
      vertex 0 2.08989 1.40584
      vertex -2.2 2.1 1.2
      vertex 0 2.1 1.2
    endloop
  endfacet
  facet normal 0 -0.803197 -0.595714
    outer loop
      vertex -2.2 1.74609 2.3667
      vertex 0 1.62332 2.53223
      vertex -2.2 1.62332 2.53223
    endloop
  endfacet
  facet normal 0 -0.803197 -0.595714
    outer loop
      vertex 0 1.62332 2.53223
      vertex -2.2 1.74609 2.3667
      vertex 0 1.74609 2.3667
    endloop
  endfacet
  facet normal 1 -0 0
    outer loop
      vertex -2.2 -0.409689 3.25965
      vertex -2.2 -0.4 2.64428
      vertex -2.2 -0.4 3.26109
    endloop
  endfacet
  facet normal 1 -0 0
    outer loop
      vertex -2.2 -0.609597 3.20957
      vertex -2.2 -0.4 2.64428
      vertex -2.2 -0.409689 3.25965
    endloop
  endfacet
  facet normal 1 0 0
    outer loop
      vertex -2.2 -0.4 2.64428
      vertex -2.2 -0.609597 3.20957
      vertex -2.2 -0.435427 2.63541
    endloop
  endfacet
  facet normal 1 0 0
    outer loop
      vertex -2.2 -0.435427 2.63541
      vertex -2.2 -0.609597 3.20957
      vertex -2.2 -0.574024 2.58582
    endloop
  endfacet
  facet normal 1 -0 0
    outer loop
      vertex -2.2 -0.803635 3.14015
      vertex -2.2 -0.574024 2.58582
      vertex -2.2 -0.609597 3.20957
    endloop
  endfacet
  facet normal 1 0 0
    outer loop
      vertex -2.2 -0.574024 2.58582
      vertex -2.2 -0.803635 3.14015
      vertex -2.2 -0.707094 2.52288
    endloop
  endfacet
  facet normal 1 -0 0
    outer loop
      vertex -2.2 -0.989933 3.05203
      vertex -2.2 -0.707094 2.52288
      vertex -2.2 -0.803635 3.14015
    endloop
  endfacet
  facet normal 1 0 0
    outer loop
      vertex -2.2 -0.707094 2.52288
      vertex -2.2 -0.989933 3.05203
      vertex -2.2 -0.833355 2.4472
    endloop
  endfacet
  facet normal 1 -0 0
    outer loop
      vertex -2.2 -1.1667 2.94609
      vertex -2.2 -0.833355 2.4472
      vertex -2.2 -0.989933 3.05203
    endloop
  endfacet
  facet normal 1 0 0
    outer loop
      vertex -2.2 -0.833355 2.4472
      vertex -2.2 -1.1667 2.94609
      vertex -2.2 -0.95159 2.35952
    endloop
  endfacet
  facet normal 1 -0 0
    outer loop
      vertex -2.2 -1.33223 2.82332
      vertex -2.2 -0.95159 2.35952
      vertex -2.2 -1.1667 2.94609
    endloop
  endfacet
  facet normal 1 0 0
    outer loop
      vertex -2.2 -0.95159 2.35952
      vertex -2.2 -1.33223 2.82332
      vertex -2.2 -1.06066 2.26066
    endloop
  endfacet
  facet normal 1 -0 0
    outer loop
      vertex -2.2 -1.48492 2.68492
      vertex -2.2 -1.06066 2.26066
      vertex -2.2 -1.33223 2.82332
    endloop
  endfacet
  facet normal 1 0 0
    outer loop
      vertex -2.2 -1.06066 2.26066
      vertex -2.2 -1.48492 2.68492
      vertex -2.2 -1.15952 2.15159
    endloop
  endfacet
  facet normal 1 -0 0
    outer loop
      vertex -2.2 -1.62332 2.53223
      vertex -2.2 -1.15952 2.15159
      vertex -2.2 -1.48492 2.68492
    endloop
  endfacet
  facet normal 1 0 0
    outer loop
      vertex -2.2 -1.15952 2.15159
      vertex -2.2 -1.62332 2.53223
      vertex -2.2 -1.2472 2.03335
    endloop
  endfacet
  facet normal 1 -0 0
    outer loop
      vertex -2.2 -1.74609 2.3667
      vertex -2.2 -1.2472 2.03335
      vertex -2.2 -1.62332 2.53223
    endloop
  endfacet
  facet normal 1 0 0
    outer loop
      vertex -2.2 -1.2472 2.03335
      vertex -2.2 -1.74609 2.3667
      vertex -2.2 -1.32288 1.90709
    endloop
  endfacet
  facet normal 1 -0 0
    outer loop
      vertex -2.2 -1.85203 2.18993
      vertex -2.2 -1.32288 1.90709
      vertex -2.2 -1.74609 2.3667
    endloop
  endfacet
  facet normal 1 0 0
    outer loop
      vertex -2.2 -1.32288 1.90709
      vertex -2.2 -1.85203 2.18993
      vertex -2.2 -1.38582 1.77402
    endloop
  endfacet
  facet normal 1 -0 0
    outer loop
      vertex -2.2 -1.94015 2.00363
      vertex -2.2 -1.38582 1.77402
      vertex -2.2 -1.85203 2.18993
    endloop
  endfacet
  facet normal 1 0 0
    outer loop
      vertex -2.2 -1.38582 1.77402
      vertex -2.2 -1.94015 2.00363
      vertex -2.2 -1.43541 1.63543
    endloop
  endfacet
  facet normal 1 0 0
    outer loop
      vertex -2.2 -0.4 3.26109
      vertex -2.2 0.4 3.26109
      vertex -2.2 0.4 3.4
    endloop
  endfacet
  facet normal 1 0 0
    outer loop
      vertex -2.2 0.4 3.26109
      vertex -2.2 -0.4 3.26109
      vertex -2.2 0.4 2.64428
    endloop
  endfacet
  facet normal 1 0 0
    outer loop
      vertex -2.2 -0.4 3.26109
      vertex -2.2 0.4 3.4
      vertex -2.2 -0.4 3.4
    endloop
  endfacet
  facet normal 1 0 0
    outer loop
      vertex -2.2 0.4 2.64428
      vertex -2.2 -0.4 3.26109
      vertex -2.2 -0.4 2.64428
    endloop
  endfacet
  facet normal 1 0 0
    outer loop
      vertex -2.2 0.4 2.64428
      vertex -2.2 -0.4 2.64428
      vertex -2.2 0.4 1.90735e-07
    endloop
  endfacet
  facet normal 1 0 0
    outer loop
      vertex -2.2 0.4 1.90735e-07
      vertex -2.2 -0.4 2.64428
      vertex -2.2 -0.4 1.90735e-07
    endloop
  endfacet
  facet normal 1 0 0
    outer loop
      vertex -2.2 2.08989 1.40584
      vertex -2.2 1.49278 1.34703
      vertex -2.2 1.5 1.2
    endloop
  endfacet
  facet normal 1 0 0
    outer loop
      vertex -2.2 1.15952 2.15159
      vertex -2.2 1.62332 2.53223
      vertex -2.2 1.48492 2.68492
    endloop
  endfacet
  facet normal 1 0 0
    outer loop
      vertex -2.2 1.74609 2.3667
      vertex -2.2 1.47118 1.49264
      vertex -2.2 1.49278 1.34703
    endloop
  endfacet
  facet normal 1 0 0
    outer loop
      vertex -2.2 1.74609 2.3667
      vertex -2.2 1.43541 1.63543
      vertex -2.2 1.47118 1.49264
    endloop
  endfacet
  facet normal 1 0 0
    outer loop
      vertex -2.2 1.74609 2.3667
      vertex -2.2 1.38582 1.77402
      vertex -2.2 1.43541 1.63543
    endloop
  endfacet
  facet normal 1 0 0
    outer loop
      vertex -2.2 1.06066 2.26066
      vertex -2.2 1.48492 2.68492
      vertex -2.2 1.33223 2.82332
    endloop
  endfacet
  facet normal 1 0 0
    outer loop
      vertex -2.2 1.74609 2.3667
      vertex -2.2 1.32288 1.90709
      vertex -2.2 1.38582 1.77402
    endloop
  endfacet
  facet normal 1 0 0
    outer loop
      vertex -2.2 1.74609 2.3667
      vertex -2.2 1.2472 2.03335
      vertex -2.2 1.32288 1.90709
    endloop
  endfacet
  facet normal 1 0 0
    outer loop
      vertex -2.2 0.95159 2.35952
      vertex -2.2 1.33223 2.82332
      vertex -2.2 1.1667 2.94609
    endloop
  endfacet
  facet normal 1 0 0
    outer loop
      vertex -2.2 1.62332 2.53223
      vertex -2.2 1.15952 2.15159
      vertex -2.2 1.2472 2.03335
    endloop
  endfacet
  facet normal 1 0 0
    outer loop
      vertex -2.2 1.48492 2.68492
      vertex -2.2 1.06066 2.26066
      vertex -2.2 1.15952 2.15159
    endloop
  endfacet
  facet normal 1 0 0
    outer loop
      vertex -2.2 0.833355 2.4472
      vertex -2.2 1.1667 2.94609
      vertex -2.2 0.989933 3.05203
    endloop
  endfacet
  facet normal 1 0 0
    outer loop
      vertex -2.2 1.33223 2.82332
      vertex -2.2 0.95159 2.35952
      vertex -2.2 1.06066 2.26066
    endloop
  endfacet
  facet normal 1 0 0
    outer loop
      vertex -2.2 1.1667 2.94609
      vertex -2.2 0.833355 2.4472
      vertex -2.2 0.95159 2.35952
    endloop
  endfacet
  facet normal 1 0 0
    outer loop
      vertex -2.2 0.707094 2.52288
      vertex -2.2 0.989933 3.05203
      vertex -2.2 0.803635 3.14015
    endloop
  endfacet
  facet normal 1 0 0
    outer loop
      vertex -2.2 0.989933 3.05203
      vertex -2.2 0.707094 2.52288
      vertex -2.2 0.833355 2.4472
    endloop
  endfacet
  facet normal 1 0 0
    outer loop
      vertex -2.2 0.574024 2.58582
      vertex -2.2 0.803635 3.14015
      vertex -2.2 0.609597 3.20957
    endloop
  endfacet
  facet normal 1 0 0
    outer loop
      vertex -2.2 0.803635 3.14015
      vertex -2.2 0.574024 2.58582
      vertex -2.2 0.707094 2.52288
    endloop
  endfacet
  facet normal 1 0 0
    outer loop
      vertex -2.2 0.609597 3.20957
      vertex -2.2 0.435427 2.63541
      vertex -2.2 0.574024 2.58582
    endloop
  endfacet
  facet normal 1 0 0
    outer loop
      vertex -2.2 0.4 2.64428
      vertex -2.2 0.609597 3.20957
      vertex -2.2 0.409689 3.25965
    endloop
  endfacet
  facet normal 1 0 0
    outer loop
      vertex -2.2 0.4 2.64428
      vertex -2.2 0.409689 3.25965
      vertex -2.2 0.4 3.26109
    endloop
  endfacet
  facet normal 1 0 0
    outer loop
      vertex -2.2 0.609597 3.20957
      vertex -2.2 0.4 2.64428
      vertex -2.2 0.435427 2.63541
    endloop
  endfacet
  facet normal 1 0 0
    outer loop
      vertex -2.2 1.5 1.2
      vertex -2.2 2.1 1.2
      vertex -2.2 2.08989 1.40584
    endloop
  endfacet
  facet normal 1 0 0
    outer loop
      vertex -2.2 1.49278 1.34703
      vertex -2.2 2.08989 1.40584
      vertex -2.2 2.05965 1.60969
    endloop
  endfacet
  facet normal 1 0 0
    outer loop
      vertex -2.2 2.1 1.2
      vertex -2.2 1.5 1.2
      vertex -2.2 2.08989 0.994165
    endloop
  endfacet
  facet normal 1 0 0
    outer loop
      vertex -2.2 1.49278 1.34703
      vertex -2.2 2.05965 1.60969
      vertex -2.2 2.00957 1.8096
    endloop
  endfacet
  facet normal 1 -0 0
    outer loop
      vertex -2.2 1.49278 1.05297
      vertex -2.2 2.08989 0.994165
      vertex -2.2 1.5 1.2
    endloop
  endfacet
  facet normal 1 0 0
    outer loop
      vertex -2.2 1.49278 1.34703
      vertex -2.2 2.00957 1.8096
      vertex -2.2 1.94015 2.00363
    endloop
  endfacet
  facet normal 1 0 0
    outer loop
      vertex -2.2 2.08989 0.994165
      vertex -2.2 1.49278 1.05297
      vertex -2.2 2.05965 0.790311
    endloop
  endfacet
  facet normal 1 0 0
    outer loop
      vertex -2.2 1.49278 1.34703
      vertex -2.2 1.94015 2.00363
      vertex -2.2 1.85203 2.18993
    endloop
  endfacet
  facet normal 1 -0 0
    outer loop
      vertex -2.2 1.47118 0.907365
      vertex -2.2 2.05965 0.790311
      vertex -2.2 1.49278 1.05297
    endloop
  endfacet
  facet normal 1 0 0
    outer loop
      vertex -2.2 1.49278 1.34703
      vertex -2.2 1.85203 2.18993
      vertex -2.2 1.74609 2.3667
    endloop
  endfacet
  facet normal 1 0 0
    outer loop
      vertex -2.2 2.05965 0.790311
      vertex -2.2 1.47118 0.907365
      vertex -2.2 2.00957 0.590403
    endloop
  endfacet
  facet normal 1 -0 0
    outer loop
      vertex -2.2 1.43541 0.764573
      vertex -2.2 2.00957 0.590403
      vertex -2.2 1.47118 0.907365
    endloop
  endfacet
  facet normal 1 0 0
    outer loop
      vertex -2.2 1.2472 2.03335
      vertex -2.2 1.74609 2.3667
      vertex -2.2 1.62332 2.53223
    endloop
  endfacet
  facet normal 1 0 0
    outer loop
      vertex -2.2 2.00957 0.590403
      vertex -2.2 1.43541 0.764573
      vertex -2.2 1.94015 0.396365
    endloop
  endfacet
  facet normal 1 -0 0
    outer loop
      vertex -2.2 1.38582 0.625976
      vertex -2.2 1.94015 0.396365
      vertex -2.2 1.43541 0.764573
    endloop
  endfacet
  facet normal 1 0 0
    outer loop
      vertex -2.2 1.94015 0.396365
      vertex -2.2 1.38582 0.625976
      vertex -2.2 1.85203 0.210067
    endloop
  endfacet
  facet normal 1 -0 0
    outer loop
      vertex -2.2 1.32288 0.492906
      vertex -2.2 1.85203 0.210067
      vertex -2.2 1.38582 0.625976
    endloop
  endfacet
  facet normal 1 0 0
    outer loop
      vertex -2.2 1.85203 0.210067
      vertex -2.2 1.32288 0.492906
      vertex -2.2 1.74609 0.0333035
    endloop
  endfacet
  facet normal 1 -0 0
    outer loop
      vertex -2.2 1.2472 0.366645
      vertex -2.2 1.74609 0.0333035
      vertex -2.2 1.32288 0.492906
    endloop
  endfacet
  facet normal 1 0 0
    outer loop
      vertex -2.2 1.74609 0.0333035
      vertex -2.2 1.2472 0.366645
      vertex -2.2 1.72139 1.90735e-07
    endloop
  endfacet
  facet normal 1 -0 0
    outer loop
      vertex -2.2 1.15952 0.24841
      vertex -2.2 1.72139 1.90735e-07
      vertex -2.2 1.2472 0.366645
    endloop
  endfacet
  facet normal 1 -0 0
    outer loop
      vertex -2.2 1.06066 0.139341
      vertex -2.2 1.72139 1.90735e-07
      vertex -2.2 1.15952 0.24841
    endloop
  endfacet
  facet normal 1 -0 0
    outer loop
      vertex -2.2 0.95159 0.0404846
      vertex -2.2 1.72139 1.90735e-07
      vertex -2.2 1.06066 0.139341
    endloop
  endfacet
  facet normal 1 0 0
    outer loop
      vertex -2.2 1.72139 1.90735e-07
      vertex -2.2 0.95159 0.0404846
      vertex -2.2 0.897002 1.90735e-07
    endloop
  endfacet
  facet normal 1 -0 0
    outer loop
      vertex -2.2 -2.00957 1.8096
      vertex -2.2 -1.43541 1.63543
      vertex -2.2 -1.94015 2.00363
    endloop
  endfacet
  facet normal 1 0 0
    outer loop
      vertex -2.2 -0.95159 0.0404846
      vertex -2.2 -1.72139 1.90735e-07
      vertex -2.2 -0.897002 1.90735e-07
    endloop
  endfacet
  facet normal 1 0 0
    outer loop
      vertex -2.2 -1.06066 0.139341
      vertex -2.2 -1.72139 1.90735e-07
      vertex -2.2 -0.95159 0.0404846
    endloop
  endfacet
  facet normal 1 0 0
    outer loop
      vertex -2.2 -1.15952 0.24841
      vertex -2.2 -1.72139 1.90735e-07
      vertex -2.2 -1.06066 0.139341
    endloop
  endfacet
  facet normal 1 0 0
    outer loop
      vertex -2.2 -1.2472 0.366645
      vertex -2.2 -1.72139 1.90735e-07
      vertex -2.2 -1.15952 0.24841
    endloop
  endfacet
  facet normal 1 0 0
    outer loop
      vertex -2.2 -1.74609 0.0333035
      vertex -2.2 -1.2472 0.366645
      vertex -2.2 -1.32288 0.492906
    endloop
  endfacet
  facet normal 1 0 0
    outer loop
      vertex -2.2 -1.85203 0.210067
      vertex -2.2 -1.32288 0.492906
      vertex -2.2 -1.38582 0.625976
    endloop
  endfacet
  facet normal 1 0 0
    outer loop
      vertex -2.2 -1.94015 0.396365
      vertex -2.2 -1.38582 0.625976
      vertex -2.2 -1.43541 0.764573
    endloop
  endfacet
  facet normal 1 0 0
    outer loop
      vertex -2.2 -2.00957 0.590403
      vertex -2.2 -1.43541 0.764573
      vertex -2.2 -1.47118 0.907365
    endloop
  endfacet
  facet normal 1 0 0
    outer loop
      vertex -2.2 -2.05965 0.790311
      vertex -2.2 -1.47118 0.907365
      vertex -2.2 -1.49278 1.05297
    endloop
  endfacet
  facet normal 1 0 0
    outer loop
      vertex -2.2 -1.43541 1.63543
      vertex -2.2 -2.00957 1.8096
      vertex -2.2 -1.47118 1.49264
    endloop
  endfacet
  facet normal 1 -0 0
    outer loop
      vertex -2.2 -2.05965 1.60969
      vertex -2.2 -1.47118 1.49264
      vertex -2.2 -2.00957 1.8096
    endloop
  endfacet
  facet normal 1 0 0
    outer loop
      vertex -2.2 -1.47118 1.49264
      vertex -2.2 -2.05965 1.60969
      vertex -2.2 -1.49278 1.34703
    endloop
  endfacet
  facet normal 1 0 0
    outer loop
      vertex -2.2 -1.32288 0.492906
      vertex -2.2 -1.85203 0.210067
      vertex -2.2 -1.74609 0.0333035
    endloop
  endfacet
  facet normal 1 0 0
    outer loop
      vertex -2.2 -1.2472 0.366645
      vertex -2.2 -1.74609 0.0333035
      vertex -2.2 -1.72139 1.90735e-07
    endloop
  endfacet
  facet normal 1 -0 0
    outer loop
      vertex -2.2 -2.08989 1.40584
      vertex -2.2 -1.49278 1.34703
      vertex -2.2 -2.05965 1.60969
    endloop
  endfacet
  facet normal 1 0 0
    outer loop
      vertex -2.2 -1.38582 0.625976
      vertex -2.2 -1.94015 0.396365
      vertex -2.2 -1.85203 0.210067
    endloop
  endfacet
  facet normal 1 0 0
    outer loop
      vertex -2.2 -1.49278 1.34703
      vertex -2.2 -2.08989 1.40584
      vertex -2.2 -1.5 1.2
    endloop
  endfacet
  facet normal 1 0 0
    outer loop
      vertex -2.2 -1.43541 0.764573
      vertex -2.2 -2.00957 0.590403
      vertex -2.2 -1.94015 0.396365
    endloop
  endfacet
  facet normal 1 0 0
    outer loop
      vertex -2.2 -2.1 1.2
      vertex -2.2 -1.5 1.2
      vertex -2.2 -2.08989 1.40584
    endloop
  endfacet
  facet normal 1 0 0
    outer loop
      vertex -2.2 -1.47118 0.907365
      vertex -2.2 -2.05965 0.790311
      vertex -2.2 -2.00957 0.590403
    endloop
  endfacet
  facet normal 1 0 0
    outer loop
      vertex -2.2 -1.5 1.2
      vertex -2.2 -2.1 1.2
      vertex -2.2 -1.49278 1.05297
    endloop
  endfacet
  facet normal 1 0 0
    outer loop
      vertex -2.2 -1.49278 1.05297
      vertex -2.2 -2.08989 0.994165
      vertex -2.2 -2.05965 0.790311
    endloop
  endfacet
  facet normal 1 0 0
    outer loop
      vertex -2.2 -1.49278 1.05297
      vertex -2.2 -2.1 1.2
      vertex -2.2 -2.08989 0.994165
    endloop
  endfacet
  facet normal 0 -0.803201 0.595708
    outer loop
      vertex -2.2 1.72139 1.90735e-07
      vertex 0 1.74609 0.0333035
      vertex -2.2 1.74609 0.0333035
    endloop
  endfacet
  facet normal 0 -0.803201 0.595708
    outer loop
      vertex 0 1.74609 0.0333035
      vertex -2.2 1.72139 1.90735e-07
      vertex 0 1.72139 1.90735e-07
    endloop
  endfacet
  facet normal 0 -0.941556 0.336856
    outer loop
      vertex -2.2 1.94015 0.396365
      vertex 0 2.00957 0.590403
      vertex -2.2 2.00957 0.590403
    endloop
  endfacet
  facet normal 0 -0.941556 0.336856
    outer loop
      vertex 0 2.00957 0.590403
      vertex -2.2 1.94015 0.396365
      vertex 0 1.94015 0.396365
    endloop
  endfacet
  facet normal 0 -0.989176 0.146736
    outer loop
      vertex -2.2 2.05965 0.790311
      vertex 0 2.08989 0.994165
      vertex -2.2 2.08989 0.994165
    endloop
  endfacet
  facet normal 0 -0.989176 0.146736
    outer loop
      vertex 0 2.08989 0.994165
      vertex -2.2 2.05965 0.790311
      vertex 0 2.05965 0.790311
    endloop
  endfacet
  facet normal 0 0.671585 -0.740927
    outer loop
      vertex -2.2 -1.48492 2.68492
      vertex 0 -1.33223 2.82332
      vertex 0 -1.48492 2.68492
    endloop
  endfacet
  facet normal 0 0.671585 -0.740927
    outer loop
      vertex 0 -1.33223 2.82332
      vertex -2.2 -1.48492 2.68492
      vertex -2.2 -1.33223 2.82332
    endloop
  endfacet
  facet normal 0 0.941552 -0.336868
    outer loop
      vertex 0 -2.00957 1.8096
      vertex -2.2 -1.94015 2.00363
      vertex 0 -1.94015 2.00363
    endloop
  endfacet
  facet normal 0 0.941552 -0.336868
    outer loop
      vertex -2.2 -1.94015 2.00363
      vertex 0 -2.00957 1.8096
      vertex -2.2 -2.00957 1.8096
    endloop
  endfacet
  facet normal 0 -0.903977 -0.427582
    outer loop
      vertex -2.2 1.94015 2.00363
      vertex 0 1.85203 2.18993
      vertex -2.2 1.85203 2.18993
    endloop
  endfacet
  facet normal 0 -0.903977 -0.427582
    outer loop
      vertex 0 1.85203 2.18993
      vertex -2.2 1.94015 2.00363
      vertex 0 1.94015 2.00363
    endloop
  endfacet
  facet normal 0 -0.857746 0.514074
    outer loop
      vertex -2.2 1.74609 0.0333035
      vertex 0 1.85203 0.210067
      vertex -2.2 1.85203 0.210067
    endloop
  endfacet
  facet normal 0 -0.857746 0.514074
    outer loop
      vertex 0 1.85203 0.210067
      vertex -2.2 1.74609 0.0333035
      vertex 0 1.74609 0.0333035
    endloop
  endfacet
  facet normal 0 0.336856 -0.941556
    outer loop
      vertex -2.2 -0.803635 3.14015
      vertex 0 -0.609597 3.20957
      vertex 0 -0.803635 3.14015
    endloop
  endfacet
  facet normal 0 0.336856 -0.941556
    outer loop
      vertex 0 -0.609597 3.20957
      vertex -2.2 -0.803635 3.14015
      vertex -2.2 -0.609597 3.20957
    endloop
  endfacet
  facet normal 0 0.243006 -0.970025
    outer loop
      vertex -2.2 -0.609597 3.20957
      vertex 0 -0.409689 3.25965
      vertex 0 -0.609597 3.20957
    endloop
  endfacet
  facet normal 0 0.243006 -0.970025
    outer loop
      vertex 0 -0.409689 3.25965
      vertex -2.2 -0.609597 3.20957
      vertex -2.2 -0.409689 3.25965
    endloop
  endfacet
  facet normal 0 0.147007 -0.989135
    outer loop
      vertex -2.2 -0.409689 3.25965
      vertex 0 -0.4 3.26109
      vertex 0 -0.409689 3.25965
    endloop
  endfacet
  facet normal 0 0.147007 -0.989135
    outer loop
      vertex 0 -0.4 3.26109
      vertex -2.2 -0.409689 3.25965
      vertex -2.2 -0.4 3.26109
    endloop
  endfacet
  facet normal 0 0.740927 -0.671585
    outer loop
      vertex 0 -1.62332 2.53223
      vertex -2.2 -1.48492 2.68492
      vertex 0 -1.48492 2.68492
    endloop
  endfacet
  facet normal 0 0.740927 -0.671585
    outer loop
      vertex -2.2 -1.48492 2.68492
      vertex 0 -1.62332 2.53223
      vertex -2.2 -1.62332 2.53223
    endloop
  endfacet
  facet normal 0 0.427585 -0.903975
    outer loop
      vertex -2.2 -0.989933 3.05203
      vertex 0 -0.803635 3.14015
      vertex 0 -0.989933 3.05203
    endloop
  endfacet
  facet normal 0 0.427585 -0.903975
    outer loop
      vertex 0 -0.803635 3.14015
      vertex -2.2 -0.989933 3.05203
      vertex -2.2 -0.803635 3.14015
    endloop
  endfacet
  facet normal 0 0.595714 -0.803197
    outer loop
      vertex -2.2 -1.33223 2.82332
      vertex 0 -1.1667 2.94609
      vertex 0 -1.33223 2.82332
    endloop
  endfacet
  facet normal 0 0.595714 -0.803197
    outer loop
      vertex 0 -1.1667 2.94609
      vertex -2.2 -1.33223 2.82332
      vertex -2.2 -1.1667 2.94609
    endloop
  endfacet
  facet normal 0 0.941556 0.336856
    outer loop
      vertex 0 -1.94015 0.396365
      vertex -2.2 -2.00957 0.590403
      vertex 0 -2.00957 0.590403
    endloop
  endfacet
  facet normal 0 0.941556 0.336856
    outer loop
      vertex -2.2 -2.00957 0.590403
      vertex 0 -1.94015 0.396365
      vertex -2.2 -1.94015 0.396365
    endloop
  endfacet
  facet normal 0 0.903977 -0.427582
    outer loop
      vertex 0 -1.94015 2.00363
      vertex -2.2 -1.85203 2.18993
      vertex 0 -1.85203 2.18993
    endloop
  endfacet
  facet normal 0 0.903977 -0.427582
    outer loop
      vertex -2.2 -1.85203 2.18993
      vertex 0 -1.94015 2.00363
      vertex -2.2 -1.94015 2.00363
    endloop
  endfacet
  facet normal 0 0.970025 -0.243004
    outer loop
      vertex 0 -2.05965 1.60969
      vertex -2.2 -2.00957 1.8096
      vertex 0 -2.00957 1.8096
    endloop
  endfacet
  facet normal 0 0.970025 -0.243004
    outer loop
      vertex -2.2 -2.00957 1.8096
      vertex 0 -2.05965 1.60969
      vertex -2.2 -2.05965 1.60969
    endloop
  endfacet
  facet normal 0 0.857754 -0.51406
    outer loop
      vertex 0 -1.85203 2.18993
      vertex -2.2 -1.74609 2.3667
      vertex 0 -1.74609 2.3667
    endloop
  endfacet
  facet normal 0 0.857754 -0.51406
    outer loop
      vertex -2.2 -1.74609 2.3667
      vertex 0 -1.85203 2.18993
      vertex -2.2 -1.85203 2.18993
    endloop
  endfacet
  facet normal 0 0.803197 -0.595714
    outer loop
      vertex 0 -1.74609 2.3667
      vertex -2.2 -1.62332 2.53223
      vertex 0 -1.62332 2.53223
    endloop
  endfacet
  facet normal 0 0.803197 -0.595714
    outer loop
      vertex -2.2 -1.62332 2.53223
      vertex 0 -1.74609 2.3667
      vertex -2.2 -1.74609 2.3667
    endloop
  endfacet
  facet normal 0 0.514067 -0.85775
    outer loop
      vertex -2.2 -1.1667 2.94609
      vertex 0 -0.989933 3.05203
      vertex 0 -1.1667 2.94609
    endloop
  endfacet
  facet normal 0 0.514067 -0.85775
    outer loop
      vertex 0 -0.989933 3.05203
      vertex -2.2 -1.1667 2.94609
      vertex -2.2 -0.989933 3.05203
    endloop
  endfacet
  facet normal 0 0.803201 0.595708
    outer loop
      vertex 0 -1.72139 1.90735e-07
      vertex -2.2 -1.74609 0.0333035
      vertex 0 -1.74609 0.0333035
    endloop
  endfacet
  facet normal 0 0.803201 0.595708
    outer loop
      vertex -2.2 -1.74609 0.0333035
      vertex 0 -1.72139 1.90735e-07
      vertex -2.2 -1.72139 1.90735e-07
    endloop
  endfacet
  facet normal 0 0.903975 0.427585
    outer loop
      vertex 0 -1.85203 0.210067
      vertex -2.2 -1.94015 0.396365
      vertex 0 -1.94015 0.396365
    endloop
  endfacet
  facet normal 0 0.903975 0.427585
    outer loop
      vertex -2.2 -1.94015 0.396365
      vertex 0 -1.85203 0.210067
      vertex -2.2 -1.85203 0.210067
    endloop
  endfacet
  facet normal 0 0.989176 0.146736
    outer loop
      vertex 0 -2.05965 0.790311
      vertex -2.2 -2.08989 0.994165
      vertex 0 -2.08989 0.994165
    endloop
  endfacet
  facet normal 0 0.989176 0.146736
    outer loop
      vertex -2.2 -2.08989 0.994165
      vertex 0 -2.05965 0.790311
      vertex -2.2 -2.05965 0.790311
    endloop
  endfacet
  facet normal 0 0.970025 0.243006
    outer loop
      vertex 0 -2.00957 0.590403
      vertex -2.2 -2.05965 0.790311
      vertex 0 -2.05965 0.790311
    endloop
  endfacet
  facet normal 0 0.970025 0.243006
    outer loop
      vertex -2.2 -2.05965 0.790311
      vertex 0 -2.00957 0.590403
      vertex -2.2 -2.00957 0.590403
    endloop
  endfacet
  facet normal 0 0.998796 0.0490579
    outer loop
      vertex 0 -2.08989 0.994165
      vertex -2.2 -2.1 1.2
      vertex 0 -2.1 1.2
    endloop
  endfacet
  facet normal 0 0.998796 0.0490579
    outer loop
      vertex -2.2 -2.1 1.2
      vertex 0 -2.08989 0.994165
      vertex -2.2 -2.08989 0.994165
    endloop
  endfacet
  facet normal 0 0.857746 0.514074
    outer loop
      vertex 0 -1.74609 0.0333035
      vertex -2.2 -1.85203 0.210067
      vertex 0 -1.85203 0.210067
    endloop
  endfacet
  facet normal 0 0.857746 0.514074
    outer loop
      vertex -2.2 -1.85203 0.210067
      vertex 0 -1.74609 0.0333035
      vertex -2.2 -1.74609 0.0333035
    endloop
  endfacet
  facet normal 0 0 -1
    outer loop
      vertex -2.2 -0.4 3.4
      vertex 0 0.4 3.4
      vertex 0 -0.4 3.4
    endloop
  endfacet
  facet normal -0 0 -1
    outer loop
      vertex 0 0.4 3.4
      vertex -2.2 -0.4 3.4
      vertex -2.2 0.4 3.4
    endloop
  endfacet
  facet normal 0 1 -0
    outer loop
      vertex 0 -0.4 3.26109
      vertex -2.2 -0.4 3.4
      vertex 0 -0.4 3.4
    endloop
  endfacet
  facet normal 0 1 0
    outer loop
      vertex -2.2 -0.4 3.4
      vertex 0 -0.4 3.26109
      vertex -2.2 -0.4 3.26109
    endloop
  endfacet
  facet normal 0 1 0
    outer loop
      vertex 2.78384 -0.4 2.51862
      vertex 1.75 -0.4 2.64428
      vertex 1.75 -0.4 3.0304
    endloop
  endfacet
  facet normal 0 1 0
    outer loop
      vertex 3.01644 -0.4 1.90735e-07
      vertex 1.75 -0.4 2.64428
      vertex 2.78384 -0.4 2.51862
    endloop
  endfacet
  facet normal 0 1 -0
    outer loop
      vertex 3.01644 -0.4 1.90735e-07
      vertex 2.78384 -0.4 2.51862
      vertex 3.05 -0.4 2.38288
    endloop
  endfacet
  facet normal 0 1 0
    outer loop
      vertex 3.01644 -0.4 1.90735e-07
      vertex 3.05 -0.4 2.38288
      vertex 3.05 -0.4 0.0171158
    endloop
  endfacet
  facet normal 0 1 0
    outer loop
      vertex 1.75 -0.4 2.64428
      vertex 3.01644 -0.4 1.90735e-07
      vertex -2.2 -0.4 1.90735e-07
    endloop
  endfacet
  facet normal 0 1 0
    outer loop
      vertex 1.75 -0.4 2.64428
      vertex -2.2 -0.4 1.90735e-07
      vertex -2.2 -0.4 2.64428
    endloop
  endfacet
  facet normal 0 -1 0
    outer loop
      vertex -2.2 0.4 3.26109
      vertex 0 0.4 3.4
      vertex -2.2 0.4 3.4
    endloop
  endfacet
  facet normal 0 -1 -0
    outer loop
      vertex 0 0.4 3.4
      vertex -2.2 0.4 3.26109
      vertex 0 0.4 3.26109
    endloop
  endfacet
  facet normal 0 -1 0
    outer loop
      vertex -2.2 0.4 1.90735e-07
      vertex 1.75 0.4 2.64428
      vertex -2.2 0.4 2.64428
    endloop
  endfacet
  facet normal 0 -1 0
    outer loop
      vertex 3.01644 0.4 1.90735e-07
      vertex 1.75 0.4 2.64428
      vertex -2.2 0.4 1.90735e-07
    endloop
  endfacet
  facet normal 0 -1 0
    outer loop
      vertex 1.75 0.4 2.64428
      vertex 3.01644 0.4 1.90735e-07
      vertex 2.78384 0.4 2.51862
    endloop
  endfacet
  facet normal 0 -1 0
    outer loop
      vertex 2.78384 0.4 2.51862
      vertex 3.01644 0.4 1.90735e-07
      vertex 3.05 0.4 2.38288
    endloop
  endfacet
  facet normal 0 -1 -0
    outer loop
      vertex 3.05 0.4 2.38288
      vertex 3.01644 0.4 1.90735e-07
      vertex 3.05 0.4 0.0171158
    endloop
  endfacet
  facet normal 0 -1 0
    outer loop
      vertex 1.75 0.4 3.0304
      vertex 1.75 0.4 2.64428
      vertex 2.78384 0.4 2.51862
    endloop
  endfacet
endsolid OpenSCAD_Model
