solid OpenSCAD_Model
  facet normal -0.0347377 0.706674 -0.706686
    outer loop
      vertex -1.45065 14.7287 0.5
      vertex 0 14.3 0
      vertex -1.40164 14.2311 0
    endloop
  endfacet
  facet normal 0.10381 -0.69987 -0.706686
    outer loop
      vertex 1.40164 -14.2311 0
      vertex 2.78979 -14.0252 0
      vertex 1.45065 -14.7287 0.5
    endloop
  endfacet
  facet normal -0.998794 -0.0490911 0
    outer loop
      vertex -14.7287 -1.45065 0.5
      vertex -14.8 0 1.65
      vertex -14.8 0 0.5
    endloop
  endfacet
  facet normal -0.998794 -0.0490911 0
    outer loop
      vertex -14.8 0 1.65
      vertex -14.7287 -1.45065 0.5
      vertex -14.7287 -1.45065 1.65
    endloop
  endfacet
  facet normal -0.998794 -0.0490911 0
    outer loop
      vertex -14.7287 -1.45065 5.35
      vertex -14.8 0 6.5
      vertex -14.8 0 5.35
    endloop
  endfacet
  facet normal -0.998794 -0.0490911 0
    outer loop
      vertex -14.8 0 6.5
      vertex -14.7287 -1.45065 5.35
      vertex -14.7287 -1.45065 6.5
    endloop
  endfacet
  facet normal -0.706674 0.0347377 -0.706686
    outer loop
      vertex -14.7287 1.45065 0.5
      vertex -14.2311 1.40164 0
      vertex -14.3 0 0
    endloop
  endfacet
  facet normal -0.70668 0.0347336 -0.70668
    outer loop
      vertex -14.8 0 0.5
      vertex -14.7287 1.45065 0.5
      vertex -14.3 0 0
    endloop
  endfacet
  facet normal 0.639623 0.302527 0.706654
    outer loop
      vertex 13.0524 6.97667 6.5
      vertex 13.2115 5.47237 7
      vertex 13.6734 5.66371 6.5
    endloop
  endfacet
  facet normal 0.363779 -0.606893 -0.706644
    outer loop
      vertex 6.74097 -12.6115 0
      vertex 7.94465 -11.89 0
      vertex 6.97667 -13.0524 0.5
    endloop
  endfacet
  facet normal 0.238339 0.66621 -0.706653
    outer loop
      vertex 4.15107 13.6842 0
      vertex 5.66371 13.6734 0.5
      vertex 5.47237 13.2115 0
    endloop
  endfacet
  facet normal -0.524252 0.475153 0.706675
    outer loop
      vertex -11.4405 9.38901 6.5
      vertex -11.054 9.07182 7
      vertex -10.1116 10.1116 7
    endloop
  endfacet
  facet normal -0.639637 0.302524 -0.706642
    outer loop
      vertex -13.2115 5.47237 0
      vertex -13.0524 6.97667 0.5
      vertex -12.6115 6.74097 0
    endloop
  endfacet
  facet normal -0.706674 -0.0347377 -0.706686
    outer loop
      vertex -14.7287 -1.45065 0.5
      vertex -14.3 0 0
      vertex -14.2311 -1.40164 0
    endloop
  endfacet
  facet normal 0.989178 0.146723 0
    outer loop
      vertex 14.7287 1.45065 6.5
      vertex 14.5156 2.88733 5.35
      vertex 14.5156 2.88733 6.5
    endloop
  endfacet
  facet normal 0.989178 0.146723 0
    outer loop
      vertex 14.5156 2.88733 5.35
      vertex 14.7287 1.45065 6.5
      vertex 14.7287 1.45065 5.35
    endloop
  endfacet
  facet normal 0.989178 0.146723 0
    outer loop
      vertex 14.7287 1.45065 1.65
      vertex 14.5156 2.88733 0.5
      vertex 14.5156 2.88733 1.65
    endloop
  endfacet
  facet normal 0.989178 0.146723 0
    outer loop
      vertex 14.5156 2.88733 0.5
      vertex 14.7287 1.45065 1.65
      vertex 14.7287 1.45065 0.5
    endloop
  endfacet
  facet normal -0.803206 -0.595702 0
    outer loop
      vertex -11.4405 -9.38901 5.35
      vertex -12.3057 -8.22243 6.5
      vertex -12.3057 -8.22243 5.35
    endloop
  endfacet
  facet normal -0.803206 -0.595702 0
    outer loop
      vertex -12.3057 -8.22243 6.5
      vertex -11.4405 -9.38901 5.35
      vertex -11.4405 -9.38901 6.5
    endloop
  endfacet
  facet normal -0.803206 -0.595702 0
    outer loop
      vertex -11.4405 -9.38901 0.5
      vertex -12.3057 -8.22243 1.65
      vertex -12.3057 -8.22243 0.5
    endloop
  endfacet
  facet normal -0.803206 -0.595702 0
    outer loop
      vertex -12.3057 -8.22243 1.65
      vertex -11.4405 -9.38901 0.5
      vertex -11.4405 -9.38901 1.65
    endloop
  endfacet
  facet normal -0.524252 0.475153 -0.706675
    outer loop
      vertex -11.4405 9.38901 0.5
      vertex -10.1116 10.1116 0
      vertex -11.054 9.07182 0
    endloop
  endfacet
  facet normal -0.903985 -0.427564 0
    outer loop
      vertex -13.0524 -6.97667 0.5
      vertex -13.6734 -5.66371 1.65
      vertex -13.6734 -5.66371 0.5
    endloop
  endfacet
  facet normal -0.903985 -0.427564 0
    outer loop
      vertex -13.6734 -5.66371 1.65
      vertex -13.0524 -6.97667 0.5
      vertex -13.0524 -6.97667 1.65
    endloop
  endfacet
  facet normal -0.903985 -0.427564 0
    outer loop
      vertex -13.0524 -6.97667 5.35
      vertex -13.6734 -5.66371 6.5
      vertex -13.6734 -5.66371 5.35
    endloop
  endfacet
  facet normal -0.903985 -0.427564 0
    outer loop
      vertex -13.6734 -5.66371 6.5
      vertex -13.0524 -6.97667 5.35
      vertex -13.0524 -6.97667 6.5
    endloop
  endfacet
  facet normal 0.70668 -0.0347336 0.70668
    outer loop
      vertex 14.3 0 7
      vertex 14.7287 -1.45065 6.5
      vertex 14.8 0 6.5
    endloop
  endfacet
  facet normal 0.421491 -0.568292 -0.706675
    outer loop
      vertex 7.94465 -11.89 0
      vertex 9.07182 -11.054 0
      vertex 9.38901 -11.4405 0.5
    endloop
  endfacet
  facet normal -0.363763 0.606886 0.706658
    outer loop
      vertex -8.22243 12.3057 6.5
      vertex -7.94465 11.89 7
      vertex -6.97667 13.0524 6.5
    endloop
  endfacet
  facet normal -0.103811 0.699871 0.706685
    outer loop
      vertex -2.88733 14.5156 6.5
      vertex -2.78979 14.0252 7
      vertex -1.45065 14.7287 6.5
    endloop
  endfacet
  facet normal 0.514113 0.857722 -0
    outer loop
      vertex 8.22243 12.3057 0.5
      vertex 6.97667 13.0524 1.65
      vertex 8.22243 12.3057 1.65
    endloop
  endfacet
  facet normal 0.514113 0.857722 0
    outer loop
      vertex 6.97667 13.0524 1.65
      vertex 8.22243 12.3057 0.5
      vertex 6.97667 13.0524 0.5
    endloop
  endfacet
  facet normal 0.514113 0.857722 -0
    outer loop
      vertex 8.22243 12.3057 5.35
      vertex 6.97667 13.0524 6.5
      vertex 8.22243 12.3057 6.5
    endloop
  endfacet
  facet normal 0.514113 0.857722 0
    outer loop
      vertex 6.97667 13.0524 6.5
      vertex 8.22243 12.3057 5.35
      vertex 6.97667 13.0524 5.35
    endloop
  endfacet
  facet normal 0.524252 0.475153 0.706675
    outer loop
      vertex 10.1116 10.1116 7
      vertex 11.054 9.07182 7
      vertex 11.4405 9.38901 6.5
    endloop
  endfacet
  facet normal 0.524238 0.475092 -0.706726
    outer loop
      vertex 10.1116 10.1116 0
      vertex 10.4652 10.4652 0.5
      vertex 11.4405 9.38901 0.5
    endloop
  endfacet
  facet normal 0.706674 -0.0347377 0.706686
    outer loop
      vertex 14.2311 -1.40164 7
      vertex 14.7287 -1.45065 6.5
      vertex 14.3 0 7
    endloop
  endfacet
  facet normal -0.606893 0.363779 -0.706644
    outer loop
      vertex -13.0524 6.97667 0.5
      vertex -11.89 7.94465 0
      vertex -12.6115 6.74097 0
    endloop
  endfacet
  facet normal -0.699871 -0.103811 -0.706685
    outer loop
      vertex -14.7287 -1.45065 0.5
      vertex -14.0252 -2.78979 0
      vertex -14.5156 -2.88733 0.5
    endloop
  endfacet
  facet normal -0.70668 0.0347336 0.70668
    outer loop
      vertex -14.8 0 6.5
      vertex -14.3 0 7
      vertex -14.7287 1.45065 6.5
    endloop
  endfacet
  facet normal -0.421491 -0.568292 -0.706675
    outer loop
      vertex -9.38901 -11.4405 0.5
      vertex -9.07182 -11.054 0
      vertex -7.94465 -11.89 0
    endloop
  endfacet
  facet normal -0.68631 -0.171909 0.706701
    outer loop
      vertex -14.5156 -2.88733 6.5
      vertex -14.1627 -4.29621 6.5
      vertex -13.6842 -4.15107 7
    endloop
  endfacet
  facet normal -0.238339 -0.66621 -0.706653
    outer loop
      vertex -5.66371 -13.6734 0.5
      vertex -5.47237 -13.2115 0
      vertex -4.15107 -13.6842 0
    endloop
  endfacet
  facet normal -0.302524 -0.639637 0.706642
    outer loop
      vertex -6.97667 -13.0524 6.5
      vertex -5.47237 -13.2115 7
      vertex -6.74097 -12.6115 7
    endloop
  endfacet
  facet normal -0.699871 0.103811 -0.706685
    outer loop
      vertex -14.7287 1.45065 0.5
      vertex -14.5156 2.88733 0.5
      vertex -14.0252 2.78979 0
    endloop
  endfacet
  facet normal -0.524238 0.475092 0.706726
    outer loop
      vertex -11.4405 9.38901 6.5
      vertex -10.1116 10.1116 7
      vertex -10.4652 10.4652 6.5
    endloop
  endfacet
  facet normal -0.639637 0.302524 0.706642
    outer loop
      vertex -13.2115 5.47237 7
      vertex -12.6115 6.74097 7
      vertex -13.0524 6.97667 6.5
    endloop
  endfacet
  facet normal -0.568312 0.421492 0.706659
    outer loop
      vertex -12.3057 8.22243 6.5
      vertex -11.89 7.94465 7
      vertex -11.4405 9.38901 6.5
    endloop
  endfacet
  facet normal -0.238339 0.66621 -0.706653
    outer loop
      vertex -5.66371 13.6734 0.5
      vertex -4.15107 13.6842 0
      vertex -5.47237 13.2115 0
    endloop
  endfacet
  facet normal -0.302524 0.639637 -0.706642
    outer loop
      vertex -6.97667 13.0524 0.5
      vertex -5.47237 13.2115 0
      vertex -6.74097 12.6115 0
    endloop
  endfacet
  facet normal -0.421491 0.568292 0.706675
    outer loop
      vertex -9.38901 11.4405 6.5
      vertex -9.07182 11.054 7
      vertex -7.94465 11.89 7
    endloop
  endfacet
  facet normal -0.0347336 0.70668 -0.70668
    outer loop
      vertex -1.45065 14.7287 0.5
      vertex 0 14.8 0.5
      vertex 0 14.3 0
    endloop
  endfacet
  facet normal 0.70668 0.0347336 -0.70668
    outer loop
      vertex 14.3 0 0
      vertex 14.7287 1.45065 0.5
      vertex 14.8 0 0.5
    endloop
  endfacet
  facet normal 0.67152 0.740986 -0
    outer loop
      vertex 10.4652 10.4652 0.5
      vertex 9.38901 11.4405 1.65
      vertex 10.4652 10.4652 1.65
    endloop
  endfacet
  facet normal 0.67152 0.740986 0
    outer loop
      vertex 9.38901 11.4405 1.65
      vertex 10.4652 10.4652 0.5
      vertex 9.38901 11.4405 0.5
    endloop
  endfacet
  facet normal 0.67152 0.740986 -0
    outer loop
      vertex 10.4652 10.4652 5.35
      vertex 9.38901 11.4405 6.5
      vertex 10.4652 10.4652 6.5
    endloop
  endfacet
  facet normal 0.67152 0.740986 0
    outer loop
      vertex 9.38901 11.4405 6.5
      vertex 10.4652 10.4652 5.35
      vertex 9.38901 11.4405 5.35
    endloop
  endfacet
  facet normal 0.67152 -0.740986 0
    outer loop
      vertex 9.38901 -11.4405 0.5
      vertex 10.4652 -10.4652 1.65
      vertex 9.38901 -11.4405 1.65
    endloop
  endfacet
  facet normal 0.67152 -0.740986 0
    outer loop
      vertex 10.4652 -10.4652 1.65
      vertex 9.38901 -11.4405 0.5
      vertex 10.4652 -10.4652 0.5
    endloop
  endfacet
  facet normal 0.67152 -0.740986 0
    outer loop
      vertex 9.38901 -11.4405 5.35
      vertex 10.4652 -10.4652 6.5
      vertex 9.38901 -11.4405 6.5
    endloop
  endfacet
  facet normal 0.67152 -0.740986 0
    outer loop
      vertex 10.4652 -10.4652 6.5
      vertex 9.38901 -11.4405 5.35
      vertex 10.4652 -10.4652 5.35
    endloop
  endfacet
  facet normal 0.69987 -0.10381 0.706686
    outer loop
      vertex 14.0252 -2.78979 7
      vertex 14.7287 -1.45065 6.5
      vertex 14.2311 -1.40164 7
    endloop
  endfacet
  facet normal -0.998794 0.0490911 0
    outer loop
      vertex -14.8 0 0.5
      vertex -14.7287 1.45065 1.65
      vertex -14.7287 1.45065 0.5
    endloop
  endfacet
  facet normal -0.998794 0.0490911 0
    outer loop
      vertex -14.7287 1.45065 1.65
      vertex -14.8 0 0.5
      vertex -14.8 0 1.65
    endloop
  endfacet
  facet normal -0.998794 0.0490911 0
    outer loop
      vertex -14.8 0 5.35
      vertex -14.7287 1.45065 6.5
      vertex -14.7287 1.45065 5.35
    endloop
  endfacet
  facet normal -0.998794 0.0490911 0
    outer loop
      vertex -14.7287 1.45065 6.5
      vertex -14.8 0 5.35
      vertex -14.8 0 6.5
    endloop
  endfacet
  facet normal 0.302527 0.639623 -0.706654
    outer loop
      vertex 5.47237 13.2115 0
      vertex 5.66371 13.6734 0.5
      vertex 6.97667 13.0524 0.5
    endloop
  endfacet
  facet normal 0.238354 0.666155 0.7067
    outer loop
      vertex 4.15107 13.6842 7
      vertex 5.66371 13.6734 6.5
      vertex 4.29621 14.1627 6.5
    endloop
  endfacet
  facet normal 0.421492 0.568312 0.706659
    outer loop
      vertex 7.94465 11.89 7
      vertex 9.38901 11.4405 6.5
      vertex 8.22243 12.3057 6.5
    endloop
  endfacet
  facet normal 0.363779 0.606893 -0.706644
    outer loop
      vertex 6.74097 12.6115 0
      vertex 6.97667 13.0524 0.5
      vertex 7.94465 11.89 0
    endloop
  endfacet
  facet normal -0.427564 0.903985 0
    outer loop
      vertex -5.66371 13.6734 0.5
      vertex -6.97667 13.0524 1.65
      vertex -5.66371 13.6734 1.65
    endloop
  endfacet
  facet normal -0.427564 0.903985 0
    outer loop
      vertex -6.97667 13.0524 1.65
      vertex -5.66371 13.6734 0.5
      vertex -6.97667 13.0524 0.5
    endloop
  endfacet
  facet normal -0.427564 0.903985 0
    outer loop
      vertex -5.66371 13.6734 5.35
      vertex -6.97667 13.0524 6.5
      vertex -5.66371 13.6734 6.5
    endloop
  endfacet
  facet normal -0.427564 0.903985 0
    outer loop
      vertex -6.97667 13.0524 6.5
      vertex -5.66371 13.6734 5.35
      vertex -6.97667 13.0524 5.35
    endloop
  endfacet
  facet normal -0.0347336 0.70668 0.70668
    outer loop
      vertex -1.45065 14.7287 6.5
      vertex 0 14.3 7
      vertex 0 14.8 6.5
    endloop
  endfacet
  facet normal -0.68631 -0.171909 -0.706701
    outer loop
      vertex -14.5156 -2.88733 0.5
      vertex -13.6842 -4.15107 0
      vertex -14.1627 -4.29621 0.5
    endloop
  endfacet
  facet normal -0.70668 -0.0347336 -0.70668
    outer loop
      vertex -14.8 0 0.5
      vertex -14.3 0 0
      vertex -14.7287 -1.45065 0.5
    endloop
  endfacet
  facet normal -0.666155 -0.238354 -0.7067
    outer loop
      vertex -14.1627 -4.29621 0.5
      vertex -13.6842 -4.15107 0
      vertex -13.6734 -5.66371 0.5
    endloop
  endfacet
  facet normal -0.989178 0.146723 0
    outer loop
      vertex -14.7287 1.45065 0.5
      vertex -14.5156 2.88733 1.65
      vertex -14.5156 2.88733 0.5
    endloop
  endfacet
  facet normal -0.989178 0.146723 0
    outer loop
      vertex -14.5156 2.88733 1.65
      vertex -14.7287 1.45065 0.5
      vertex -14.7287 1.45065 1.65
    endloop
  endfacet
  facet normal -0.989178 0.146723 0
    outer loop
      vertex -14.7287 1.45065 5.35
      vertex -14.5156 2.88733 6.5
      vertex -14.5156 2.88733 5.35
    endloop
  endfacet
  facet normal -0.989178 0.146723 0
    outer loop
      vertex -14.5156 2.88733 6.5
      vertex -14.7287 1.45065 5.35
      vertex -14.7287 1.45065 6.5
    endloop
  endfacet
  facet normal -0.857722 -0.514113 0
    outer loop
      vertex -12.3057 -8.22243 0.5
      vertex -13.0524 -6.97667 1.65
      vertex -13.0524 -6.97667 0.5
    endloop
  endfacet
  facet normal -0.857722 -0.514113 0
    outer loop
      vertex -13.0524 -6.97667 1.65
      vertex -12.3057 -8.22243 0.5
      vertex -12.3057 -8.22243 1.65
    endloop
  endfacet
  facet normal -0.857722 -0.514113 0
    outer loop
      vertex -12.3057 -8.22243 5.35
      vertex -13.0524 -6.97667 6.5
      vertex -13.0524 -6.97667 5.35
    endloop
  endfacet
  facet normal -0.857722 -0.514113 0
    outer loop
      vertex -13.0524 -6.97667 6.5
      vertex -12.3057 -8.22243 5.35
      vertex -12.3057 -8.22243 6.5
    endloop
  endfacet
  facet normal -0.639623 -0.302527 -0.706654
    outer loop
      vertex -13.6734 -5.66371 0.5
      vertex -13.2115 -5.47237 0
      vertex -13.0524 -6.97667 0.5
    endloop
  endfacet
  facet normal -0.568312 -0.421492 -0.706659
    outer loop
      vertex -12.3057 -8.22243 0.5
      vertex -11.89 -7.94465 0
      vertex -11.4405 -9.38901 0.5
    endloop
  endfacet
  facet normal -0.10381 -0.69987 -0.706686
    outer loop
      vertex -2.78979 -14.0252 0
      vertex -1.40164 -14.2311 0
      vertex -1.45065 -14.7287 0.5
    endloop
  endfacet
  facet normal 0.302524 -0.639637 0.706642
    outer loop
      vertex 5.47237 -13.2115 7
      vertex 6.97667 -13.0524 6.5
      vertex 6.74097 -12.6115 7
    endloop
  endfacet
  facet normal 0.171909 -0.68631 0.706701
    outer loop
      vertex 2.88733 -14.5156 6.5
      vertex 4.29621 -14.1627 6.5
      vertex 4.15107 -13.6842 7
    endloop
  endfacet
  facet normal 0.524238 -0.475092 0.706726
    outer loop
      vertex 10.1116 -10.1116 7
      vertex 10.4652 -10.4652 6.5
      vertex 11.4405 -9.38901 6.5
    endloop
  endfacet
  facet normal 0 0 -1
    outer loop
      vertex -1.83929 -5.30704 0
      vertex 1.83929 -5.30704 0
      vertex -1.73204 -5.50004 0
    endloop
  endfacet
  facet normal 0 0 -1
    outer loop
      vertex 2.26647 4.80355 0
      vertex -1.50482 6.34803 0
      vertex -1.5012 6.56881 0
    endloop
  endfacet
  facet normal 0 0 -1
    outer loop
      vertex 1.83929 -5.30704 0
      vertex -1.83929 -5.30704 0
      vertex 1.96495 -5.12548 0
    endloop
  endfacet
  facet normal 0 0 -1
    outer loop
      vertex 2.26647 4.80355 0
      vertex -1.53005 6.12868 0
      vertex -1.50482 6.34803 0
    endloop
  endfacet
  facet normal 0 0 -1
    outer loop
      vertex -1.96495 -5.12548 0
      vertex 1.96495 -5.12548 0
      vertex -1.83929 -5.30704 0
    endloop
  endfacet
  facet normal 0 0 -1
    outer loop
      vertex 2.26647 4.80355 0
      vertex -1.57667 5.91285 0
      vertex -1.53005 6.12868 0
    endloop
  endfacet
  facet normal 0 0 -1
    outer loop
      vertex 1.96495 -5.12548 0
      vertex -1.96495 -5.12548 0
      vertex 2.10781 -4.95711 0
    endloop
  endfacet
  facet normal 0 0 -1
    outer loop
      vertex 2.26647 4.80355 0
      vertex -1.64421 5.70263 0
      vertex -1.57667 5.91285 0
    endloop
  endfacet
  facet normal 0 0 -1
    outer loop
      vertex -2.10781 -4.95711 0
      vertex 2.10781 -4.95711 0
      vertex -1.96495 -5.12548 0
    endloop
  endfacet
  facet normal 0 0 -1
    outer loop
      vertex 2.26647 4.80355 0
      vertex -1.73204 5.50004 0
      vertex -1.64421 5.70263 0
    endloop
  endfacet
  facet normal 0 0 -1
    outer loop
      vertex 2.10781 -4.95711 0
      vertex -2.10781 -4.95711 0
      vertex 2.26647 -4.80355 0
    endloop
  endfacet
  facet normal 0 0 -1
    outer loop
      vertex 2.26647 4.80355 0
      vertex -1.83929 5.30704 0
      vertex -1.73204 5.50004 0
    endloop
  endfacet
  facet normal 0 0 -1
    outer loop
      vertex -2.26647 -4.80355 0
      vertex 2.26647 -4.80355 0
      vertex -2.10781 -4.95711 0
    endloop
  endfacet
  facet normal 0 0 -1
    outer loop
      vertex 2.26647 4.80355 0
      vertex -1.96495 5.12548 0
      vertex -1.83929 5.30704 0
    endloop
  endfacet
  facet normal 0 0 -1
    outer loop
      vertex -2.43942 -4.66628 0
      vertex 2.26647 -4.80355 0
      vertex -2.26647 -4.80355 0
    endloop
  endfacet
  facet normal 0 0 -1
    outer loop
      vertex 2.26647 4.80355 0
      vertex -2.10781 4.95711 0
      vertex -1.96495 5.12548 0
    endloop
  endfacet
  facet normal 0 0 -1
    outer loop
      vertex -2.625 -4.54663 0
      vertex 2.26647 -4.80355 0
      vertex -2.43942 -4.66628 0
    endloop
  endfacet
  facet normal 0 0 -1
    outer loop
      vertex 2.26647 4.80355 0
      vertex -2.26647 4.80355 0
      vertex -2.10781 4.95711 0
    endloop
  endfacet
  facet normal 0 0 -1
    outer loop
      vertex 2.26647 -4.80355 0
      vertex -2.625 -4.54663 0
      vertex 2.26647 4.80355 0
    endloop
  endfacet
  facet normal -0 0 -1
    outer loop
      vertex 2.26647 4.80355 0
      vertex -2.43942 4.66628 0
      vertex -2.26647 4.80355 0
    endloop
  endfacet
  facet normal 0 0 -1
    outer loop
      vertex -2.625 4.54663 0
      vertex 2.26647 4.80355 0
      vertex -2.625 -4.54663 0
    endloop
  endfacet
  facet normal 0 0 -1
    outer loop
      vertex 2.26647 4.80355 0
      vertex -2.625 4.54663 0
      vertex -2.43942 4.66628 0
    endloop
  endfacet
  facet normal 0 0 -1
    outer loop
      vertex -5.25 0 0
      vertex -2.625 -4.54663 0
      vertex -2.82141 -4.44575 0
    endloop
  endfacet
  facet normal 0 0 -1
    outer loop
      vertex -2.625 -4.54663 0
      vertex -5.25 0 0
      vertex -2.625 4.54663 0
    endloop
  endfacet
  facet normal 0 0 -1
    outer loop
      vertex -5.26083 -0.220538 0
      vertex -2.82141 -4.44575 0
      vertex -3.02676 -4.3646 0
    endloop
  endfacet
  facet normal 0 0 -1
    outer loop
      vertex -2.625 4.54663 0
      vertex -5.25 0 0
      vertex -2.82141 4.44575 0
    endloop
  endfacet
  facet normal 0 0 -1
    outer loop
      vertex -5.29323 -0.438952 0
      vertex -3.02676 -4.3646 0
      vertex -3.23908 -4.30397 0
    endloop
  endfacet
  facet normal 0 0 -1
    outer loop
      vertex -5.26083 0.220538 0
      vertex -2.82141 4.44575 0
      vertex -5.25 0 0
    endloop
  endfacet
  facet normal 0 0 -1
    outer loop
      vertex -5.34688 -0.65314 0
      vertex -3.23908 -4.30397 0
      vertex -3.45632 -4.26444 0
    endloop
  endfacet
  facet normal 0 0 -1
    outer loop
      vertex -2.82141 4.44575 0
      vertex -5.26083 0.220538 0
      vertex -3.02676 4.3646 0
    endloop
  endfacet
  facet normal 0 0 -1
    outer loop
      vertex -5.42127 -0.861037 0
      vertex -3.45632 -4.26444 0
      vertex -3.67638 -4.2464 0
    endloop
  endfacet
  facet normal 0 0 -1
    outer loop
      vertex -5.29323 0.438952 0
      vertex -3.02676 4.3646 0
      vertex -5.26083 0.220538 0
    endloop
  endfacet
  facet normal 0 0 -1
    outer loop
      vertex -5.51568 -1.06064 0
      vertex -3.67638 -4.2464 0
      vertex -3.89716 -4.25001 0
    endloop
  endfacet
  facet normal 0 0 -1
    outer loop
      vertex -3.02676 4.3646 0
      vertex -5.29323 0.438952 0
      vertex -3.23908 4.30397 0
    endloop
  endfacet
  facet normal 0 0 -1
    outer loop
      vertex -5.62919 -1.25003 0
      vertex -3.89716 -4.25001 0
      vertex -4.11651 -4.27524 0
    endloop
  endfacet
  facet normal 0 0 -1
    outer loop
      vertex -5.34688 0.65314 0
      vertex -3.23908 4.30397 0
      vertex -5.29323 0.438952 0
    endloop
  endfacet
  facet normal 0 0 -1
    outer loop
      vertex -5.76073 -1.42738 0
      vertex -4.11651 -4.27524 0
      vertex -4.33234 -4.32186 0
    endloop
  endfacet
  facet normal 0 0 -1
    outer loop
      vertex -3.23908 4.30397 0
      vertex -5.34688 0.65314 0
      vertex -3.45632 4.26444 0
    endloop
  endfacet
  facet normal 0 0 -1
    outer loop
      vertex -5.90901 -1.59099 0
      vertex -4.33234 -4.32186 0
      vertex -4.54256 -4.3894 0
    endloop
  endfacet
  facet normal 0 0 -1
    outer loop
      vertex -5.42127 0.861037 0
      vertex -3.45632 4.26444 0
      vertex -5.34688 0.65314 0
    endloop
  endfacet
  facet normal 0 0 -1
    outer loop
      vertex -6.07261 -1.73927 0
      vertex -4.54256 -4.3894 0
      vertex -4.74515 -4.47723 0
    endloop
  endfacet
  facet normal 0 0 -1
    outer loop
      vertex -3.45632 4.26444 0
      vertex -5.42127 0.861037 0
      vertex -3.67638 4.2464 0
    endloop
  endfacet
  facet normal 0 0 -1
    outer loop
      vertex -6.24997 -1.87081 0
      vertex -4.74515 -4.47723 0
      vertex -4.93815 -4.58449 0
    endloop
  endfacet
  facet normal 0 0 -1
    outer loop
      vertex -5.51568 1.06064 0
      vertex -3.67638 4.2464 0
      vertex -5.42127 0.861037 0
    endloop
  endfacet
  facet normal 0 0 -1
    outer loop
      vertex -6.43936 -1.98432 0
      vertex -4.93815 -4.58449 0
      vertex -5.11971 -4.71014 0
    endloop
  endfacet
  facet normal -0 0 -1
    outer loop
      vertex -3.67638 4.2464 0
      vertex -5.51568 1.06064 0
      vertex -3.89716 4.25001 0
    endloop
  endfacet
  facet normal 0 0 -1
    outer loop
      vertex -5.62919 1.25003 0
      vertex -3.89716 4.25001 0
      vertex -5.51568 1.06064 0
    endloop
  endfacet
  facet normal 0 0 -1
    outer loop
      vertex -2.82141 -4.44575 0
      vertex -5.26083 -0.220538 0
      vertex -5.25 0 0
    endloop
  endfacet
  facet normal 0 0 -1
    outer loop
      vertex -6.63896 -2.07873 0
      vertex -5.11971 -4.71014 0
      vertex -5.28808 -4.853 0
    endloop
  endfacet
  facet normal 0 0 -1
    outer loop
      vertex -3.02676 -4.3646 0
      vertex -5.29323 -0.438952 0
      vertex -5.26083 -0.220538 0
    endloop
  endfacet
  facet normal 0 0 -1
    outer loop
      vertex -3.23908 -4.30397 0
      vertex -5.34688 -0.65314 0
      vertex -5.29323 -0.438952 0
    endloop
  endfacet
  facet normal 0 0 -1
    outer loop
      vertex -3.45632 -4.26444 0
      vertex -5.42127 -0.861037 0
      vertex -5.34688 -0.65314 0
    endloop
  endfacet
  facet normal 0 0 -1
    outer loop
      vertex -6.84686 -2.15312 0
      vertex -5.28808 -4.853 0
      vertex -5.44164 -5.01166 0
    endloop
  endfacet
  facet normal 0 0 -1
    outer loop
      vertex -3.67638 -4.2464 0
      vertex -5.51568 -1.06064 0
      vertex -5.42127 -0.861037 0
    endloop
  endfacet
  facet normal 0 0 -1
    outer loop
      vertex -7.06105 -2.20677 0
      vertex -5.44164 -5.01166 0
      vertex -5.5789 -5.18462 0
    endloop
  endfacet
  facet normal 0 0 -1
    outer loop
      vertex -3.89716 -4.25001 0
      vertex -5.62919 -1.25003 0
      vertex -5.51568 -1.06064 0
    endloop
  endfacet
  facet normal 0 0 -1
    outer loop
      vertex -7.27946 -2.23917 0
      vertex -5.5789 -5.18462 0
      vertex -5.69856 -5.37019 0
    endloop
  endfacet
  facet normal 0 0 -1
    outer loop
      vertex -4.11651 -4.27524 0
      vertex -5.76073 -1.42738 0
      vertex -5.62919 -1.25003 0
    endloop
  endfacet
  facet normal 0 0 -1
    outer loop
      vertex -7.5 -2.25 0
      vertex -5.69856 -5.37019 0
      vertex -5.79944 -5.5666 0
    endloop
  endfacet
  facet normal 0 0 -1
    outer loop
      vertex -7.72054 -2.23917 0
      vertex -5.79944 -5.5666 0
      vertex -5.88059 -5.77195 0
    endloop
  endfacet
  facet normal 0 0 -1
    outer loop
      vertex -4.33234 -4.32186 0
      vertex -5.90901 -1.59099 0
      vertex -5.76073 -1.42738 0
    endloop
  endfacet
  facet normal 0 0 -1
    outer loop
      vertex -7.93895 -2.20677 0
      vertex -5.88059 -5.77195 0
      vertex -5.94122 -5.98427 0
    endloop
  endfacet
  facet normal 0 0 -1
    outer loop
      vertex -12.6115 -6.74097 0
      vertex -5.94122 -5.98427 0
      vertex -5.98075 -6.20151 0
    endloop
  endfacet
  facet normal 0 0 -1
    outer loop
      vertex -11.89 -7.94465 0
      vertex -5.98075 -6.20151 0
      vertex -5.99879 -6.42157 0
    endloop
  endfacet
  facet normal 0 0 -1
    outer loop
      vertex -4.54256 -4.3894 0
      vertex -6.07261 -1.73927 0
      vertex -5.90901 -1.59099 0
    endloop
  endfacet
  facet normal 0 0 -1
    outer loop
      vertex -1.70056 7.42378 0
      vertex 1.70056 7.42378 0
      vertex -1.61941 7.21843 0
    endloop
  endfacet
  facet normal 0 0 -1
    outer loop
      vertex 1.70056 7.42378 0
      vertex -1.70056 7.42378 0
      vertex 1.80144 7.62019 0
    endloop
  endfacet
  facet normal 0 0 -1
    outer loop
      vertex -1.80144 7.62019 0
      vertex 1.80144 7.62019 0
      vertex -1.70056 7.42378 0
    endloop
  endfacet
  facet normal 0 0 -1
    outer loop
      vertex 1.80144 7.62019 0
      vertex -1.80144 7.62019 0
      vertex 1.92109 7.80577 0
    endloop
  endfacet
  facet normal 0 0 -1
    outer loop
      vertex -1.92109 7.80577 0
      vertex 1.92109 7.80577 0
      vertex -1.80144 7.62019 0
    endloop
  endfacet
  facet normal 0 0 -1
    outer loop
      vertex 1.92109 7.80577 0
      vertex -1.92109 7.80577 0
      vertex 2.05836 7.97872 0
    endloop
  endfacet
  facet normal 0 0 -1
    outer loop
      vertex -2.05836 7.97872 0
      vertex 2.05836 7.97872 0
      vertex -1.92109 7.80577 0
    endloop
  endfacet
  facet normal 0 0 -1
    outer loop
      vertex -2.21192 8.13738 0
      vertex 2.05836 7.97872 0
      vertex -2.05836 7.97872 0
    endloop
  endfacet
  facet normal 0 0 -1
    outer loop
      vertex 2.05836 7.97872 0
      vertex -2.21192 8.13738 0
      vertex -1.40164 14.2311 0
    endloop
  endfacet
  facet normal 0 0 -1
    outer loop
      vertex -2.38029 8.28024 0
      vertex -1.40164 14.2311 0
      vertex -2.21192 8.13738 0
    endloop
  endfacet
  facet normal 0 0 -1
    outer loop
      vertex -2.56185 8.4059 0
      vertex -1.40164 14.2311 0
      vertex -2.38029 8.28024 0
    endloop
  endfacet
  facet normal 0 0 -1
    outer loop
      vertex -2.75485 8.51315 0
      vertex -1.40164 14.2311 0
      vertex -2.56185 8.4059 0
    endloop
  endfacet
  facet normal 0 0 -1
    outer loop
      vertex -2.75485 8.51315 0
      vertex -2.78979 14.0252 0
      vertex -1.40164 14.2311 0
    endloop
  endfacet
  facet normal 0 0 -1
    outer loop
      vertex -2.95744 8.60098 0
      vertex -2.78979 14.0252 0
      vertex -2.75485 8.51315 0
    endloop
  endfacet
  facet normal 0 0 -1
    outer loop
      vertex -3.16766 8.66852 0
      vertex -2.78979 14.0252 0
      vertex -2.95744 8.60098 0
    endloop
  endfacet
  facet normal 0 0 -1
    outer loop
      vertex -3.38348 8.71514 0
      vertex -2.78979 14.0252 0
      vertex -3.16766 8.66852 0
    endloop
  endfacet
  facet normal 0 0 -1
    outer loop
      vertex -4.15107 13.6842 0
      vertex -3.38348 8.71514 0
      vertex -3.60284 8.74037 0
    endloop
  endfacet
  facet normal 0 0 -1
    outer loop
      vertex -4.15107 13.6842 0
      vertex -3.60284 8.74037 0
      vertex -3.82362 8.74399 0
    endloop
  endfacet
  facet normal 0 0 -1
    outer loop
      vertex -5.47237 13.2115 0
      vertex -3.82362 8.74399 0
      vertex -4.04368 8.72594 0
    endloop
  endfacet
  facet normal 0 0 -1
    outer loop
      vertex -3.38348 8.71514 0
      vertex -4.15107 13.6842 0
      vertex -2.78979 14.0252 0
    endloop
  endfacet
  facet normal 0 0 -1
    outer loop
      vertex -5.47237 13.2115 0
      vertex -4.04368 8.72594 0
      vertex -4.26092 8.68641 0
    endloop
  endfacet
  facet normal 0 0 -1
    outer loop
      vertex -5.47237 13.2115 0
      vertex -4.26092 8.68641 0
      vertex -4.47324 8.62578 0
    endloop
  endfacet
  facet normal 0 0 -1
    outer loop
      vertex -6.74097 12.6115 0
      vertex -4.47324 8.62578 0
      vertex -4.67859 8.54463 0
    endloop
  endfacet
  facet normal 0 0 -1
    outer loop
      vertex -6.74097 12.6115 0
      vertex -4.67859 8.54463 0
      vertex -4.875 8.44375 0
    endloop
  endfacet
  facet normal 0 0 -1
    outer loop
      vertex -7.94465 11.89 0
      vertex -4.875 8.44375 0
      vertex -5.06057 8.32409 0
    endloop
  endfacet
  facet normal 0 0 -1
    outer loop
      vertex -7.94465 11.89 0
      vertex -5.06057 8.32409 0
      vertex -5.23353 8.18683 0
    endloop
  endfacet
  facet normal 0 0 -1
    outer loop
      vertex -7.94465 11.89 0
      vertex -5.23353 8.18683 0
      vertex -5.39219 8.03327 0
    endloop
  endfacet
  facet normal 0 0 -1
    outer loop
      vertex -3.82362 8.74399 0
      vertex -5.47237 13.2115 0
      vertex -4.15107 13.6842 0
    endloop
  endfacet
  facet normal 0 0 -1
    outer loop
      vertex -9.07182 11.054 0
      vertex -5.39219 8.03327 0
      vertex -5.53504 7.8649 0
    endloop
  endfacet
  facet normal 0 0 -1
    outer loop
      vertex -9.07182 11.054 0
      vertex -5.53504 7.8649 0
      vertex -5.6607 7.68334 0
    endloop
  endfacet
  facet normal 0 0 -1
    outer loop
      vertex -9.07182 11.054 0
      vertex -5.6607 7.68334 0
      vertex -5.76796 7.49034 0
    endloop
  endfacet
  facet normal 0 0 -1
    outer loop
      vertex -10.1116 10.1116 0
      vertex -5.76796 7.49034 0
      vertex -5.85579 7.28775 0
    endloop
  endfacet
  facet normal 0 0 -1
    outer loop
      vertex -10.1116 10.1116 0
      vertex -5.85579 7.28775 0
      vertex -5.92333 7.07753 0
    endloop
  endfacet
  facet normal 0 0 -1
    outer loop
      vertex -11.054 9.07182 0
      vertex -5.92333 7.07753 0
      vertex -5.96995 6.8617 0
    endloop
  endfacet
  facet normal 0 0 -1
    outer loop
      vertex -11.054 9.07182 0
      vertex -5.96995 6.8617 0
      vertex -5.99518 6.64235 0
    endloop
  endfacet
  facet normal -0 0 -1
    outer loop
      vertex -5.5789 5.18462 0
      vertex -7.27946 2.23917 0
      vertex -5.69856 5.37019 0
    endloop
  endfacet
  facet normal 0 0 -1
    outer loop
      vertex -7.5 2.25 0
      vertex -5.69856 5.37019 0
      vertex -7.27946 2.23917 0
    endloop
  endfacet
  facet normal -0 0 -1
    outer loop
      vertex -5.69856 5.37019 0
      vertex -7.5 2.25 0
      vertex -5.79944 5.5666 0
    endloop
  endfacet
  facet normal 0 0 -1
    outer loop
      vertex -7.72054 2.23917 0
      vertex -5.79944 5.5666 0
      vertex -7.5 2.25 0
    endloop
  endfacet
  facet normal -0 0 -1
    outer loop
      vertex -5.79944 5.5666 0
      vertex -7.72054 2.23917 0
      vertex -5.88059 5.77195 0
    endloop
  endfacet
  facet normal 0 0 -1
    outer loop
      vertex -4.47324 8.62578 0
      vertex -6.74097 12.6115 0
      vertex -5.47237 13.2115 0
    endloop
  endfacet
  facet normal 0 0 -1
    outer loop
      vertex -7.93895 2.20677 0
      vertex -5.88059 5.77195 0
      vertex -7.72054 2.23917 0
    endloop
  endfacet
  facet normal -0 0 -1
    outer loop
      vertex -5.88059 5.77195 0
      vertex -7.93895 2.20677 0
      vertex -5.94122 5.98427 0
    endloop
  endfacet
  facet normal 0 0 -1
    outer loop
      vertex -8.15314 2.15312 0
      vertex -5.94122 5.98427 0
      vertex -7.93895 2.20677 0
    endloop
  endfacet
  facet normal 0 0 -1
    outer loop
      vertex -12.6115 6.74097 0
      vertex -5.94122 5.98427 0
      vertex -8.15314 2.15312 0
    endloop
  endfacet
  facet normal 0 0 -1
    outer loop
      vertex -5.94122 5.98427 0
      vertex -12.6115 6.74097 0
      vertex -5.98075 6.20151 0
    endloop
  endfacet
  facet normal 0 -0 -1
    outer loop
      vertex -11.89 7.94465 0
      vertex -5.98075 6.20151 0
      vertex -12.6115 6.74097 0
    endloop
  endfacet
  facet normal 0 0 -1
    outer loop
      vertex -4.875 8.44375 0
      vertex -7.94465 11.89 0
      vertex -6.74097 12.6115 0
    endloop
  endfacet
  facet normal 0 0 -1
    outer loop
      vertex -5.98075 6.20151 0
      vertex -11.89 7.94465 0
      vertex -5.99879 6.42157 0
    endloop
  endfacet
  facet normal 0 0 -1
    outer loop
      vertex -12.6115 6.74097 0
      vertex -8.15314 2.15312 0
      vertex -8.36104 2.07873 0
    endloop
  endfacet
  facet normal 0 0 -1
    outer loop
      vertex -12.6115 6.74097 0
      vertex -8.36104 2.07873 0
      vertex -8.56064 1.98432 0
    endloop
  endfacet
  facet normal 0 0 -1
    outer loop
      vertex -13.2115 5.47237 0
      vertex -8.56064 1.98432 0
      vertex -8.75003 1.87081 0
    endloop
  endfacet
  facet normal 0 0 -1
    outer loop
      vertex -13.2115 5.47237 0
      vertex -8.75003 1.87081 0
      vertex -8.92738 1.73927 0
    endloop
  endfacet
  facet normal 0 0 -1
    outer loop
      vertex -5.39219 8.03327 0
      vertex -9.07182 11.054 0
      vertex -7.94465 11.89 0
    endloop
  endfacet
  facet normal 0 0 -1
    outer loop
      vertex -13.6842 4.15107 0
      vertex -8.92738 1.73927 0
      vertex -9.09099 1.59099 0
    endloop
  endfacet
  facet normal 0 0 -1
    outer loop
      vertex -13.6842 4.15107 0
      vertex -9.09099 1.59099 0
      vertex -9.23927 1.42738 0
    endloop
  endfacet
  facet normal 0 0 -1
    outer loop
      vertex -13.6842 4.15107 0
      vertex -9.23927 1.42738 0
      vertex -9.37081 1.25003 0
    endloop
  endfacet
  facet normal 0 0 -1
    outer loop
      vertex -14.0252 2.78979 0
      vertex -9.37081 1.25003 0
      vertex -9.48432 1.06064 0
    endloop
  endfacet
  facet normal 0 0 -1
    outer loop
      vertex -14.0252 2.78979 0
      vertex -9.48432 1.06064 0
      vertex -9.57873 0.861037 0
    endloop
  endfacet
  facet normal 0 0 -1
    outer loop
      vertex -14.2311 1.40164 0
      vertex -9.57873 0.861037 0
      vertex -9.65312 0.65314 0
    endloop
  endfacet
  facet normal 0 0 -1
    outer loop
      vertex -14.2311 1.40164 0
      vertex -9.65312 0.65314 0
      vertex -9.70677 0.438952 0
    endloop
  endfacet
  facet normal 0 0 -1
    outer loop
      vertex -14.2311 1.40164 0
      vertex -9.70677 0.438952 0
      vertex -9.73917 0.220538 0
    endloop
  endfacet
  facet normal 0 0 -1
    outer loop
      vertex -5.76796 7.49034 0
      vertex -10.1116 10.1116 0
      vertex -9.07182 11.054 0
    endloop
  endfacet
  facet normal 0 0 -1
    outer loop
      vertex -14.3 0 0
      vertex -9.73917 0.220538 0
      vertex -9.75 0 0
    endloop
  endfacet
  facet normal -0 0 -1
    outer loop
      vertex -9.37081 -1.25003 0
      vertex -14.0252 -2.78979 0
      vertex -9.48432 -1.06064 0
    endloop
  endfacet
  facet normal -0 0 -1
    outer loop
      vertex -9.48432 -1.06064 0
      vertex -14.0252 -2.78979 0
      vertex -9.57873 -0.861037 0
    endloop
  endfacet
  facet normal 0 0 -1
    outer loop
      vertex -5.92333 7.07753 0
      vertex -11.054 9.07182 0
      vertex -10.1116 10.1116 0
    endloop
  endfacet
  facet normal 0 0 -1
    outer loop
      vertex -14.2311 -1.40164 0
      vertex -9.57873 -0.861037 0
      vertex -14.0252 -2.78979 0
    endloop
  endfacet
  facet normal 0 0 -1
    outer loop
      vertex -5.99518 6.64235 0
      vertex -11.89 7.94465 0
      vertex -11.054 9.07182 0
    endloop
  endfacet
  facet normal -0 0 -1
    outer loop
      vertex -9.57873 -0.861037 0
      vertex -14.2311 -1.40164 0
      vertex -9.65312 -0.65314 0
    endloop
  endfacet
  facet normal 0 0 -1
    outer loop
      vertex -5.99879 6.42157 0
      vertex -11.89 7.94465 0
      vertex -5.99518 6.64235 0
    endloop
  endfacet
  facet normal -0 0 -1
    outer loop
      vertex -9.65312 -0.65314 0
      vertex -14.2311 -1.40164 0
      vertex -9.70677 -0.438952 0
    endloop
  endfacet
  facet normal 0 0 -1
    outer loop
      vertex -8.56064 1.98432 0
      vertex -13.2115 5.47237 0
      vertex -12.6115 6.74097 0
    endloop
  endfacet
  facet normal -0 0 -1
    outer loop
      vertex -9.70677 -0.438952 0
      vertex -14.2311 -1.40164 0
      vertex -9.73917 -0.220538 0
    endloop
  endfacet
  facet normal 0 0 -1
    outer loop
      vertex -8.92738 1.73927 0
      vertex -13.6842 4.15107 0
      vertex -13.2115 5.47237 0
    endloop
  endfacet
  facet normal 0 0 -1
    outer loop
      vertex -14.3 0 0
      vertex -9.73917 -0.220538 0
      vertex -14.2311 -1.40164 0
    endloop
  endfacet
  facet normal 0 0 -1
    outer loop
      vertex -9.37081 1.25003 0
      vertex -14.0252 2.78979 0
      vertex -13.6842 4.15107 0
    endloop
  endfacet
  facet normal 0 0 -1
    outer loop
      vertex -9.73917 -0.220538 0
      vertex -14.3 0 0
      vertex -9.75 0 0
    endloop
  endfacet
  facet normal 0 0 -1
    outer loop
      vertex -9.57873 0.861037 0
      vertex -14.2311 1.40164 0
      vertex -14.0252 2.78979 0
    endloop
  endfacet
  facet normal -0 0 -1
    outer loop
      vertex -9.73917 0.220538 0
      vertex -14.3 0 0
      vertex -14.2311 1.40164 0
    endloop
  endfacet
  facet normal -0 0 -1
    outer loop
      vertex -3.89716 4.25001 0
      vertex -5.62919 1.25003 0
      vertex -4.11651 4.27524 0
    endloop
  endfacet
  facet normal 0 0 -1
    outer loop
      vertex -5.76073 1.42738 0
      vertex -4.11651 4.27524 0
      vertex -5.62919 1.25003 0
    endloop
  endfacet
  facet normal -0 0 -1
    outer loop
      vertex -4.11651 4.27524 0
      vertex -5.76073 1.42738 0
      vertex -4.33234 4.32186 0
    endloop
  endfacet
  facet normal 0 0 -1
    outer loop
      vertex -5.90901 1.59099 0
      vertex -4.33234 4.32186 0
      vertex -5.76073 1.42738 0
    endloop
  endfacet
  facet normal -0 0 -1
    outer loop
      vertex -4.33234 4.32186 0
      vertex -5.90901 1.59099 0
      vertex -4.54256 4.3894 0
    endloop
  endfacet
  facet normal 0 0 -1
    outer loop
      vertex -6.07261 1.73927 0
      vertex -4.54256 4.3894 0
      vertex -5.90901 1.59099 0
    endloop
  endfacet
  facet normal -0 0 -1
    outer loop
      vertex -4.54256 4.3894 0
      vertex -6.07261 1.73927 0
      vertex -4.74515 4.47723 0
    endloop
  endfacet
  facet normal 0 0 -1
    outer loop
      vertex -6.24997 1.87081 0
      vertex -4.74515 4.47723 0
      vertex -6.07261 1.73927 0
    endloop
  endfacet
  facet normal -0 0 -1
    outer loop
      vertex -4.74515 4.47723 0
      vertex -6.24997 1.87081 0
      vertex -4.93815 4.58449 0
    endloop
  endfacet
  facet normal 0 0 -1
    outer loop
      vertex -6.43936 1.98432 0
      vertex -4.93815 4.58449 0
      vertex -6.24997 1.87081 0
    endloop
  endfacet
  facet normal -0 0 -1
    outer loop
      vertex -4.93815 4.58449 0
      vertex -6.43936 1.98432 0
      vertex -5.11971 4.71014 0
    endloop
  endfacet
  facet normal 0 0 -1
    outer loop
      vertex -6.63896 2.07873 0
      vertex -5.11971 4.71014 0
      vertex -6.43936 1.98432 0
    endloop
  endfacet
  facet normal -0 0 -1
    outer loop
      vertex -5.11971 4.71014 0
      vertex -6.63896 2.07873 0
      vertex -5.28808 4.853 0
    endloop
  endfacet
  facet normal 0 0 -1
    outer loop
      vertex -6.84686 2.15312 0
      vertex -5.28808 4.853 0
      vertex -6.63896 2.07873 0
    endloop
  endfacet
  facet normal -0 0 -1
    outer loop
      vertex -5.28808 4.853 0
      vertex -6.84686 2.15312 0
      vertex -5.44164 5.01166 0
    endloop
  endfacet
  facet normal 0 0 -1
    outer loop
      vertex -7.06105 2.20677 0
      vertex -5.44164 5.01166 0
      vertex -6.84686 2.15312 0
    endloop
  endfacet
  facet normal -0 0 -1
    outer loop
      vertex -5.44164 5.01166 0
      vertex -7.06105 2.20677 0
      vertex -5.5789 5.18462 0
    endloop
  endfacet
  facet normal 0 0 -1
    outer loop
      vertex -7.27946 2.23917 0
      vertex -5.5789 5.18462 0
      vertex -7.06105 2.20677 0
    endloop
  endfacet
  facet normal 0 0 -1
    outer loop
      vertex 11.89 7.94465 0
      vertex 5.98075 6.20151 0
      vertex 5.99879 6.42157 0
    endloop
  endfacet
  facet normal 0 0 -1
    outer loop
      vertex 6.24997 1.87081 0
      vertex 5.94122 5.98427 0
      vertex 5.98075 6.20151 0
    endloop
  endfacet
  facet normal 0 0 -1
    outer loop
      vertex 4.54256 4.3894 0
      vertex 6.07261 1.73927 0
      vertex 5.90901 1.59099 0
    endloop
  endfacet
  facet normal 0 0 -1
    outer loop
      vertex 6.24997 1.87081 0
      vertex 5.88059 5.77195 0
      vertex 5.94122 5.98427 0
    endloop
  endfacet
  facet normal 0 0 -1
    outer loop
      vertex 6.24997 1.87081 0
      vertex 5.79944 5.5666 0
      vertex 5.88059 5.77195 0
    endloop
  endfacet
  facet normal 0 0 -1
    outer loop
      vertex 4.33234 4.32186 0
      vertex 5.90901 1.59099 0
      vertex 5.76073 1.42738 0
    endloop
  endfacet
  facet normal 0 0 -1
    outer loop
      vertex 6.24997 1.87081 0
      vertex 5.69856 5.37019 0
      vertex 5.79944 5.5666 0
    endloop
  endfacet
  facet normal 0 0 -1
    outer loop
      vertex 4.11651 4.27524 0
      vertex 5.76073 1.42738 0
      vertex 5.62919 1.25003 0
    endloop
  endfacet
  facet normal 0 0 -1
    outer loop
      vertex 6.24997 1.87081 0
      vertex 5.5789 5.18462 0
      vertex 5.69856 5.37019 0
    endloop
  endfacet
  facet normal 0 0 -1
    outer loop
      vertex 3.89716 4.25001 0
      vertex 5.62919 1.25003 0
      vertex 5.51568 1.06064 0
    endloop
  endfacet
  facet normal 0 0 -1
    outer loop
      vertex 6.24997 1.87081 0
      vertex 5.44164 5.01166 0
      vertex 5.5789 5.18462 0
    endloop
  endfacet
  facet normal 0 0 -1
    outer loop
      vertex 3.67638 4.2464 0
      vertex 5.51568 1.06064 0
      vertex 5.42127 0.861037 0
    endloop
  endfacet
  facet normal 0 0 -1
    outer loop
      vertex 3.45632 4.26444 0
      vertex 5.42127 0.861037 0
      vertex 5.34688 0.65314 0
    endloop
  endfacet
  facet normal 0 0 -1
    outer loop
      vertex 3.23908 4.30397 0
      vertex 5.34688 0.65314 0
      vertex 5.29323 0.438952 0
    endloop
  endfacet
  facet normal 0 0 -1
    outer loop
      vertex 6.24997 1.87081 0
      vertex 5.28808 4.853 0
      vertex 5.44164 5.01166 0
    endloop
  endfacet
  facet normal 0 0 -1
    outer loop
      vertex 3.02676 4.3646 0
      vertex 5.29323 0.438952 0
      vertex 5.26083 0.220538 0
    endloop
  endfacet
  facet normal 0 0 -1
    outer loop
      vertex 2.82141 4.44575 0
      vertex 5.26083 0.220538 0
      vertex 5.25 0 0
    endloop
  endfacet
  facet normal -0 0 -1
    outer loop
      vertex 5.62919 -1.25003 0
      vertex 3.89716 -4.25001 0
      vertex 5.51568 -1.06064 0
    endloop
  endfacet
  facet normal 0 0 -1
    outer loop
      vertex 6.24997 1.87081 0
      vertex 5.11971 4.71014 0
      vertex 5.28808 4.853 0
    endloop
  endfacet
  facet normal 0 0 -1
    outer loop
      vertex 3.67638 -4.2464 0
      vertex 5.51568 -1.06064 0
      vertex 3.89716 -4.25001 0
    endloop
  endfacet
  facet normal 0 0 -1
    outer loop
      vertex 6.24997 1.87081 0
      vertex 4.93815 4.58449 0
      vertex 5.11971 4.71014 0
    endloop
  endfacet
  facet normal -0 0 -1
    outer loop
      vertex 5.51568 -1.06064 0
      vertex 3.67638 -4.2464 0
      vertex 5.42127 -0.861037 0
    endloop
  endfacet
  facet normal 0 0 -1
    outer loop
      vertex 6.24997 1.87081 0
      vertex 4.74515 4.47723 0
      vertex 4.93815 4.58449 0
    endloop
  endfacet
  facet normal 0 0 -1
    outer loop
      vertex 3.45632 -4.26444 0
      vertex 5.42127 -0.861037 0
      vertex 3.67638 -4.2464 0
    endloop
  endfacet
  facet normal 0 0 -1
    outer loop
      vertex 6.07261 1.73927 0
      vertex 4.54256 4.3894 0
      vertex 4.74515 4.47723 0
    endloop
  endfacet
  facet normal -0 0 -1
    outer loop
      vertex 5.42127 -0.861037 0
      vertex 3.45632 -4.26444 0
      vertex 5.34688 -0.65314 0
    endloop
  endfacet
  facet normal 0 0 -1
    outer loop
      vertex 5.90901 1.59099 0
      vertex 4.33234 4.32186 0
      vertex 4.54256 4.3894 0
    endloop
  endfacet
  facet normal 0 0 -1
    outer loop
      vertex 3.23908 -4.30397 0
      vertex 5.34688 -0.65314 0
      vertex 3.45632 -4.26444 0
    endloop
  endfacet
  facet normal 0 0 -1
    outer loop
      vertex 5.76073 1.42738 0
      vertex 4.11651 4.27524 0
      vertex 4.33234 4.32186 0
    endloop
  endfacet
  facet normal -0 0 -1
    outer loop
      vertex 5.34688 -0.65314 0
      vertex 3.23908 -4.30397 0
      vertex 5.29323 -0.438952 0
    endloop
  endfacet
  facet normal 0 0 -1
    outer loop
      vertex 5.62919 1.25003 0
      vertex 3.89716 4.25001 0
      vertex 4.11651 4.27524 0
    endloop
  endfacet
  facet normal 0 0 -1
    outer loop
      vertex 3.02676 -4.3646 0
      vertex 5.29323 -0.438952 0
      vertex 3.23908 -4.30397 0
    endloop
  endfacet
  facet normal 0 0 -1
    outer loop
      vertex 5.51568 1.06064 0
      vertex 3.67638 4.2464 0
      vertex 3.89716 4.25001 0
    endloop
  endfacet
  facet normal -0 0 -1
    outer loop
      vertex 5.29323 -0.438952 0
      vertex 3.02676 -4.3646 0
      vertex 5.26083 -0.220538 0
    endloop
  endfacet
  facet normal 0 0 -1
    outer loop
      vertex 5.42127 0.861037 0
      vertex 3.45632 4.26444 0
      vertex 3.67638 4.2464 0
    endloop
  endfacet
  facet normal 0 0 -1
    outer loop
      vertex 2.82141 -4.44575 0
      vertex 5.26083 -0.220538 0
      vertex 3.02676 -4.3646 0
    endloop
  endfacet
  facet normal 0 0 -1
    outer loop
      vertex 5.34688 0.65314 0
      vertex 3.23908 4.30397 0
      vertex 3.45632 4.26444 0
    endloop
  endfacet
  facet normal -0 0 -1
    outer loop
      vertex 5.26083 -0.220538 0
      vertex 2.82141 -4.44575 0
      vertex 5.25 0 0
    endloop
  endfacet
  facet normal 0 0 -1
    outer loop
      vertex 5.29323 0.438952 0
      vertex 3.02676 4.3646 0
      vertex 3.23908 4.30397 0
    endloop
  endfacet
  facet normal 0 0 -1
    outer loop
      vertex 2.625 -4.54663 0
      vertex 5.25 0 0
      vertex 2.82141 -4.44575 0
    endloop
  endfacet
  facet normal 0 0 -1
    outer loop
      vertex 5.26083 0.220538 0
      vertex 2.82141 4.44575 0
      vertex 3.02676 4.3646 0
    endloop
  endfacet
  facet normal 0 0 -1
    outer loop
      vertex 2.625 4.54663 0
      vertex 5.25 0 0
      vertex 2.625 -4.54663 0
    endloop
  endfacet
  facet normal 0 0 -1
    outer loop
      vertex 5.25 0 0
      vertex 2.625 4.54663 0
      vertex 2.82141 4.44575 0
    endloop
  endfacet
  facet normal 0 0 -1
    outer loop
      vertex 2.43942 -4.66628 0
      vertex 2.625 4.54663 0
      vertex 2.625 -4.54663 0
    endloop
  endfacet
  facet normal 0 0 -1
    outer loop
      vertex 2.43942 -4.66628 0
      vertex 2.43942 4.66628 0
      vertex 2.625 4.54663 0
    endloop
  endfacet
  facet normal 0 0 -1
    outer loop
      vertex 2.26647 -4.80355 0
      vertex 2.43942 4.66628 0
      vertex 2.43942 -4.66628 0
    endloop
  endfacet
  facet normal 0 0 -1
    outer loop
      vertex 2.26647 -4.80355 0
      vertex 2.26647 4.80355 0
      vertex 2.43942 4.66628 0
    endloop
  endfacet
  facet normal 0 0 -1
    outer loop
      vertex 1.64421 -5.70263 0
      vertex -1.64421 -5.70263 0
      vertex 1.73204 -5.50004 0
    endloop
  endfacet
  facet normal 0 0 -1
    outer loop
      vertex -1.73204 -5.50004 0
      vertex 1.73204 -5.50004 0
      vertex -1.64421 -5.70263 0
    endloop
  endfacet
  facet normal 0 0 -1
    outer loop
      vertex -1.64421 -5.70263 0
      vertex 1.64421 -5.70263 0
      vertex -1.57667 -5.91285 0
    endloop
  endfacet
  facet normal 0 0 -1
    outer loop
      vertex 1.73204 -5.50004 0
      vertex -1.73204 -5.50004 0
      vertex 1.83929 -5.30704 0
    endloop
  endfacet
  facet normal 0 0 -1
    outer loop
      vertex 1.57667 -5.91285 0
      vertex -1.57667 -5.91285 0
      vertex 1.64421 -5.70263 0
    endloop
  endfacet
  facet normal 0 0 -1
    outer loop
      vertex 2.26647 4.80355 0
      vertex -1.5012 6.56881 0
      vertex 2.10781 4.95711 0
    endloop
  endfacet
  facet normal 0 0 -1
    outer loop
      vertex -1.57667 -5.91285 0
      vertex 1.57667 -5.91285 0
      vertex -1.53005 -6.12868 0
    endloop
  endfacet
  facet normal 0 0 -1
    outer loop
      vertex 2.10781 4.95711 0
      vertex -1.5012 6.56881 0
      vertex 1.96495 5.12548 0
    endloop
  endfacet
  facet normal 0 0 -1
    outer loop
      vertex 1.53005 -6.12868 0
      vertex -1.53005 -6.12868 0
      vertex 1.57667 -5.91285 0
    endloop
  endfacet
  facet normal 0 0 -1
    outer loop
      vertex 1.96495 5.12548 0
      vertex -1.5012 6.56881 0
      vertex 1.83929 5.30704 0
    endloop
  endfacet
  facet normal 0 0 -1
    outer loop
      vertex -1.53005 -6.12868 0
      vertex 1.53005 -6.12868 0
      vertex -1.50482 -6.34803 0
    endloop
  endfacet
  facet normal 0 0 -1
    outer loop
      vertex 1.83929 5.30704 0
      vertex -1.5012 6.56881 0
      vertex 1.73204 5.50004 0
    endloop
  endfacet
  facet normal 0 0 -1
    outer loop
      vertex 1.50482 -6.34803 0
      vertex -1.50482 -6.34803 0
      vertex 1.53005 -6.12868 0
    endloop
  endfacet
  facet normal 0 0 -1
    outer loop
      vertex 1.73204 5.50004 0
      vertex -1.5012 6.56881 0
      vertex 1.64421 5.70263 0
    endloop
  endfacet
  facet normal 0 0 -1
    outer loop
      vertex -1.50482 -6.34803 0
      vertex 1.50482 -6.34803 0
      vertex -1.5012 -6.56881 0
    endloop
  endfacet
  facet normal 0 0 -1
    outer loop
      vertex 1.64421 5.70263 0
      vertex -1.5012 6.56881 0
      vertex 1.57667 5.91285 0
    endloop
  endfacet
  facet normal 0 0 -1
    outer loop
      vertex -1.5012 -6.56881 0
      vertex 1.50482 -6.34803 0
      vertex 1.5012 -6.56881 0
    endloop
  endfacet
  facet normal 0 0 -1
    outer loop
      vertex 1.57667 5.91285 0
      vertex -1.5012 6.56881 0
      vertex 1.53005 6.12868 0
    endloop
  endfacet
  facet normal 0 0 -1
    outer loop
      vertex 9.73917 -0.220538 0
      vertex 14.3 0 0
      vertex 14.2311 -1.40164 0
    endloop
  endfacet
  facet normal 0 0 -1
    outer loop
      vertex 9.57873 -0.861037 0
      vertex 14.2311 -1.40164 0
      vertex 14.0252 -2.78979 0
    endloop
  endfacet
  facet normal -0 0 -1
    outer loop
      vertex 14.3 0 0
      vertex 9.73917 -0.220538 0
      vertex 9.75 0 0
    endloop
  endfacet
  facet normal 0 0 -1
    outer loop
      vertex 9.37081 -1.25003 0
      vertex 14.0252 -2.78979 0
      vertex 13.6842 -4.15107 0
    endloop
  endfacet
  facet normal 0 0 -1
    outer loop
      vertex 9.73917 0.220538 0
      vertex 14.3 0 0
      vertex 9.75 0 0
    endloop
  endfacet
  facet normal 0 0 -1
    outer loop
      vertex 8.92738 -1.73927 0
      vertex 13.6842 -4.15107 0
      vertex 13.2115 -5.47237 0
    endloop
  endfacet
  facet normal 0 0 -1
    outer loop
      vertex 14.3 0 0
      vertex 9.73917 0.220538 0
      vertex 14.2311 1.40164 0
    endloop
  endfacet
  facet normal 0 0 -1
    outer loop
      vertex 8.56064 -1.98432 0
      vertex 13.2115 -5.47237 0
      vertex 12.6115 -6.74097 0
    endloop
  endfacet
  facet normal 0 0 -1
    outer loop
      vertex 9.70677 0.438952 0
      vertex 14.2311 1.40164 0
      vertex 9.73917 0.220538 0
    endloop
  endfacet
  facet normal 0 0 -1
    outer loop
      vertex 5.98075 -6.20151 0
      vertex 12.6115 -6.74097 0
      vertex 11.89 -7.94465 0
    endloop
  endfacet
  facet normal 0 0 -1
    outer loop
      vertex 9.65312 0.65314 0
      vertex 14.2311 1.40164 0
      vertex 9.70677 0.438952 0
    endloop
  endfacet
  facet normal 0 0 -1
    outer loop
      vertex 5.99518 -6.64235 0
      vertex 11.89 -7.94465 0
      vertex 11.054 -9.07182 0
    endloop
  endfacet
  facet normal 0 0 -1
    outer loop
      vertex 9.57873 0.861037 0
      vertex 14.2311 1.40164 0
      vertex 9.65312 0.65314 0
    endloop
  endfacet
  facet normal 0 0 -1
    outer loop
      vertex 5.92333 -7.07753 0
      vertex 11.054 -9.07182 0
      vertex 10.1116 -10.1116 0
    endloop
  endfacet
  facet normal 0 0 -1
    outer loop
      vertex 9.48432 1.06064 0
      vertex 14.0252 2.78979 0
      vertex 9.57873 0.861037 0
    endloop
  endfacet
  facet normal 0 0 -1
    outer loop
      vertex 9.37081 1.25003 0
      vertex 14.0252 2.78979 0
      vertex 9.48432 1.06064 0
    endloop
  endfacet
  facet normal -0 0 -1
    outer loop
      vertex 14.2311 1.40164 0
      vertex 9.57873 0.861037 0
      vertex 14.0252 2.78979 0
    endloop
  endfacet
  facet normal 0 0 -1
    outer loop
      vertex 14.2311 -1.40164 0
      vertex 9.70677 -0.438952 0
      vertex 9.73917 -0.220538 0
    endloop
  endfacet
  facet normal 0 0 -1
    outer loop
      vertex 14.2311 -1.40164 0
      vertex 9.65312 -0.65314 0
      vertex 9.70677 -0.438952 0
    endloop
  endfacet
  facet normal 0 0 -1
    outer loop
      vertex 14.2311 -1.40164 0
      vertex 9.57873 -0.861037 0
      vertex 9.65312 -0.65314 0
    endloop
  endfacet
  facet normal 0 0 -1
    outer loop
      vertex 14.0252 -2.78979 0
      vertex 9.48432 -1.06064 0
      vertex 9.57873 -0.861037 0
    endloop
  endfacet
  facet normal 0 0 -1
    outer loop
      vertex 14.0252 -2.78979 0
      vertex 9.37081 -1.25003 0
      vertex 9.48432 -1.06064 0
    endloop
  endfacet
  facet normal 0 0 -1
    outer loop
      vertex 13.6842 -4.15107 0
      vertex 9.23927 -1.42738 0
      vertex 9.37081 -1.25003 0
    endloop
  endfacet
  facet normal 0 0 -1
    outer loop
      vertex 13.6842 -4.15107 0
      vertex 9.09099 -1.59099 0
      vertex 9.23927 -1.42738 0
    endloop
  endfacet
  facet normal 0 0 -1
    outer loop
      vertex 5.76796 -7.49034 0
      vertex 10.1116 -10.1116 0
      vertex 9.07182 -11.054 0
    endloop
  endfacet
  facet normal 0 0 -1
    outer loop
      vertex 13.6842 -4.15107 0
      vertex 8.92738 -1.73927 0
      vertex 9.09099 -1.59099 0
    endloop
  endfacet
  facet normal 0 0 -1
    outer loop
      vertex 13.2115 -5.47237 0
      vertex 8.75003 -1.87081 0
      vertex 8.92738 -1.73927 0
    endloop
  endfacet
  facet normal 0 0 -1
    outer loop
      vertex 13.2115 -5.47237 0
      vertex 8.56064 -1.98432 0
      vertex 8.75003 -1.87081 0
    endloop
  endfacet
  facet normal 0 0 -1
    outer loop
      vertex 11.89 -7.94465 0
      vertex 5.99879 -6.42157 0
      vertex 5.98075 -6.20151 0
    endloop
  endfacet
  facet normal 0 0 -1
    outer loop
      vertex 12.6115 -6.74097 0
      vertex 8.36104 -2.07873 0
      vertex 8.56064 -1.98432 0
    endloop
  endfacet
  facet normal 0 0 -1
    outer loop
      vertex 5.39219 -8.03327 0
      vertex 9.07182 -11.054 0
      vertex 7.94465 -11.89 0
    endloop
  endfacet
  facet normal 0 0 -1
    outer loop
      vertex 11.89 -7.94465 0
      vertex 5.99518 -6.64235 0
      vertex 5.99879 -6.42157 0
    endloop
  endfacet
  facet normal 0 0 -1
    outer loop
      vertex 5.94122 -5.98427 0
      vertex 12.6115 -6.74097 0
      vertex 5.98075 -6.20151 0
    endloop
  endfacet
  facet normal 0 0 -1
    outer loop
      vertex 12.6115 -6.74097 0
      vertex 8.15314 -2.15312 0
      vertex 8.36104 -2.07873 0
    endloop
  endfacet
  facet normal 0 0 -1
    outer loop
      vertex 12.6115 -6.74097 0
      vertex 5.94122 -5.98427 0
      vertex 8.15314 -2.15312 0
    endloop
  endfacet
  facet normal 0 0 -1
    outer loop
      vertex 5.88059 -5.77195 0
      vertex 7.93895 -2.20677 0
      vertex 5.94122 -5.98427 0
    endloop
  endfacet
  facet normal 0 0 -1
    outer loop
      vertex 7.93895 -2.20677 0
      vertex 5.88059 -5.77195 0
      vertex 7.72054 -2.23917 0
    endloop
  endfacet
  facet normal 0 0 -1
    outer loop
      vertex 4.875 -8.44375 0
      vertex 7.94465 -11.89 0
      vertex 6.74097 -12.6115 0
    endloop
  endfacet
  facet normal 0 0 -1
    outer loop
      vertex 8.15314 -2.15312 0
      vertex 5.94122 -5.98427 0
      vertex 7.93895 -2.20677 0
    endloop
  endfacet
  facet normal 0 0 -1
    outer loop
      vertex 5.79944 -5.5666 0
      vertex 7.72054 -2.23917 0
      vertex 5.88059 -5.77195 0
    endloop
  endfacet
  facet normal 0 0 -1
    outer loop
      vertex 5.69856 -5.37019 0
      vertex 7.5 -2.25 0
      vertex 5.79944 -5.5666 0
    endloop
  endfacet
  facet normal -0 0 -1
    outer loop
      vertex 7.5 -2.25 0
      vertex 5.69856 -5.37019 0
      vertex 7.27946 -2.23917 0
    endloop
  endfacet
  facet normal 0 0 -1
    outer loop
      vertex 5.5789 -5.18462 0
      vertex 7.27946 -2.23917 0
      vertex 5.69856 -5.37019 0
    endloop
  endfacet
  facet normal 0 0 -1
    outer loop
      vertex 7.72054 -2.23917 0
      vertex 5.79944 -5.5666 0
      vertex 7.5 -2.25 0
    endloop
  endfacet
  facet normal 0 0 -1
    outer loop
      vertex 11.054 -9.07182 0
      vertex 5.96995 -6.8617 0
      vertex 5.99518 -6.64235 0
    endloop
  endfacet
  facet normal 0 0 -1
    outer loop
      vertex 11.054 -9.07182 0
      vertex 5.92333 -7.07753 0
      vertex 5.96995 -6.8617 0
    endloop
  endfacet
  facet normal 0 0 -1
    outer loop
      vertex 10.1116 -10.1116 0
      vertex 5.85579 -7.28775 0
      vertex 5.92333 -7.07753 0
    endloop
  endfacet
  facet normal 0 0 -1
    outer loop
      vertex 10.1116 -10.1116 0
      vertex 5.76796 -7.49034 0
      vertex 5.85579 -7.28775 0
    endloop
  endfacet
  facet normal 0 0 -1
    outer loop
      vertex 9.07182 -11.054 0
      vertex 5.6607 -7.68334 0
      vertex 5.76796 -7.49034 0
    endloop
  endfacet
  facet normal 0 0 -1
    outer loop
      vertex 9.07182 -11.054 0
      vertex 5.53504 -7.8649 0
      vertex 5.6607 -7.68334 0
    endloop
  endfacet
  facet normal 0 0 -1
    outer loop
      vertex 4.47324 -8.62578 0
      vertex 6.74097 -12.6115 0
      vertex 5.47237 -13.2115 0
    endloop
  endfacet
  facet normal 0 0 -1
    outer loop
      vertex 9.07182 -11.054 0
      vertex 5.39219 -8.03327 0
      vertex 5.53504 -7.8649 0
    endloop
  endfacet
  facet normal 0 0 -1
    outer loop
      vertex 7.94465 -11.89 0
      vertex 5.23353 -8.18683 0
      vertex 5.39219 -8.03327 0
    endloop
  endfacet
  facet normal 0 0 -1
    outer loop
      vertex 7.94465 -11.89 0
      vertex 5.06057 -8.32409 0
      vertex 5.23353 -8.18683 0
    endloop
  endfacet
  facet normal 0 0 -1
    outer loop
      vertex 7.94465 -11.89 0
      vertex 4.875 -8.44375 0
      vertex 5.06057 -8.32409 0
    endloop
  endfacet
  facet normal 0 0 -1
    outer loop
      vertex 6.74097 -12.6115 0
      vertex 4.67859 -8.54463 0
      vertex 4.875 -8.44375 0
    endloop
  endfacet
  facet normal 0 0 -1
    outer loop
      vertex 6.74097 -12.6115 0
      vertex 4.47324 -8.62578 0
      vertex 4.67859 -8.54463 0
    endloop
  endfacet
  facet normal 0 0 -1
    outer loop
      vertex 5.47237 -13.2115 0
      vertex 4.26092 -8.68641 0
      vertex 4.47324 -8.62578 0
    endloop
  endfacet
  facet normal 0 0 -1
    outer loop
      vertex 3.82362 -8.74399 0
      vertex 5.47237 -13.2115 0
      vertex 4.15107 -13.6842 0
    endloop
  endfacet
  facet normal 0 0 -1
    outer loop
      vertex 5.47237 -13.2115 0
      vertex 4.04368 -8.72594 0
      vertex 4.26092 -8.68641 0
    endloop
  endfacet
  facet normal 0 0 -1
    outer loop
      vertex 5.47237 -13.2115 0
      vertex 3.82362 -8.74399 0
      vertex 4.04368 -8.72594 0
    endloop
  endfacet
  facet normal 0 0 -1
    outer loop
      vertex 4.15107 -13.6842 0
      vertex 3.60284 -8.74037 0
      vertex 3.82362 -8.74399 0
    endloop
  endfacet
  facet normal 0 0 -1
    outer loop
      vertex 4.15107 -13.6842 0
      vertex 3.38348 -8.71514 0
      vertex 3.60284 -8.74037 0
    endloop
  endfacet
  facet normal 0 0 -1
    outer loop
      vertex 2.78979 -14.0252 0
      vertex 3.38348 -8.71514 0
      vertex 4.15107 -13.6842 0
    endloop
  endfacet
  facet normal -0 0 -1
    outer loop
      vertex 3.38348 -8.71514 0
      vertex 2.78979 -14.0252 0
      vertex 3.16766 -8.66852 0
    endloop
  endfacet
  facet normal -0 0 -1
    outer loop
      vertex 3.16766 -8.66852 0
      vertex 2.78979 -14.0252 0
      vertex 2.95744 -8.60098 0
    endloop
  endfacet
  facet normal 0 0 -1
    outer loop
      vertex 2.78979 -14.0252 0
      vertex 2.75485 -8.51315 0
      vertex 2.95744 -8.60098 0
    endloop
  endfacet
  facet normal 0 0 -1
    outer loop
      vertex 1.40164 -14.2311 0
      vertex 2.75485 -8.51315 0
      vertex 2.78979 -14.0252 0
    endloop
  endfacet
  facet normal -0 0 -1
    outer loop
      vertex 2.75485 -8.51315 0
      vertex 1.40164 -14.2311 0
      vertex 2.56185 -8.4059 0
    endloop
  endfacet
  facet normal -0 0 -1
    outer loop
      vertex 2.56185 -8.4059 0
      vertex 1.40164 -14.2311 0
      vertex 2.38029 -8.28024 0
    endloop
  endfacet
  facet normal 0 0 -1
    outer loop
      vertex 0 -14.3 0
      vertex 2.38029 -8.28024 0
      vertex 1.40164 -14.2311 0
    endloop
  endfacet
  facet normal -0 0 -1
    outer loop
      vertex 2.38029 -8.28024 0
      vertex 0 -14.3 0
      vertex 2.21192 -8.13738 0
    endloop
  endfacet
  facet normal 0 0 -1
    outer loop
      vertex -2.21192 -8.13738 0
      vertex 2.21192 -8.13738 0
      vertex 0 -14.3 0
    endloop
  endfacet
  facet normal 0 0 -1
    outer loop
      vertex 2.21192 -8.13738 0
      vertex -2.21192 -8.13738 0
      vertex 2.05836 -7.97872 0
    endloop
  endfacet
  facet normal 0 -0 -1
    outer loop
      vertex -2.05836 -7.97872 0
      vertex 2.05836 -7.97872 0
      vertex -2.21192 -8.13738 0
    endloop
  endfacet
  facet normal 0 0 -1
    outer loop
      vertex 2.05836 -7.97872 0
      vertex -2.05836 -7.97872 0
      vertex 1.92109 -7.80577 0
    endloop
  endfacet
  facet normal 0 -0 -1
    outer loop
      vertex -1.92109 -7.80577 0
      vertex 1.92109 -7.80577 0
      vertex -2.05836 -7.97872 0
    endloop
  endfacet
  facet normal 0 0 -1
    outer loop
      vertex 1.70056 -7.42378 0
      vertex -1.70056 -7.42378 0
      vertex 1.61941 -7.21843 0
    endloop
  endfacet
  facet normal 0 -0 -1
    outer loop
      vertex -1.70056 -7.42378 0
      vertex 1.70056 -7.42378 0
      vertex -1.80144 -7.62019 0
    endloop
  endfacet
  facet normal 0 0 -1
    outer loop
      vertex 1.80144 -7.62019 0
      vertex -1.80144 -7.62019 0
      vertex 1.70056 -7.42378 0
    endloop
  endfacet
  facet normal -0 0 -1
    outer loop
      vertex 14.0252 2.78979 0
      vertex 9.37081 1.25003 0
      vertex 13.6842 4.15107 0
    endloop
  endfacet
  facet normal 0 0 -1
    outer loop
      vertex 9.23927 1.42738 0
      vertex 13.6842 4.15107 0
      vertex 9.37081 1.25003 0
    endloop
  endfacet
  facet normal 0 0 -1
    outer loop
      vertex 9.09099 1.59099 0
      vertex 13.6842 4.15107 0
      vertex 9.23927 1.42738 0
    endloop
  endfacet
  facet normal 0 0 -1
    outer loop
      vertex 8.92738 1.73927 0
      vertex 13.6842 4.15107 0
      vertex 9.09099 1.59099 0
    endloop
  endfacet
  facet normal -0 0 -1
    outer loop
      vertex 13.6842 4.15107 0
      vertex 8.92738 1.73927 0
      vertex 13.2115 5.47237 0
    endloop
  endfacet
  facet normal 0 0 -1
    outer loop
      vertex 8.75003 1.87081 0
      vertex 13.2115 5.47237 0
      vertex 8.92738 1.73927 0
    endloop
  endfacet
  facet normal 0 0 -1
    outer loop
      vertex 8.56064 1.98432 0
      vertex 13.2115 5.47237 0
      vertex 8.75003 1.87081 0
    endloop
  endfacet
  facet normal -0 0 -1
    outer loop
      vertex 13.2115 5.47237 0
      vertex 8.56064 1.98432 0
      vertex 12.6115 6.74097 0
    endloop
  endfacet
  facet normal 0 0 -1
    outer loop
      vertex 8.36104 2.07873 0
      vertex 12.6115 6.74097 0
      vertex 8.56064 1.98432 0
    endloop
  endfacet
  facet normal 0 0 -1
    outer loop
      vertex 8.15314 2.15312 0
      vertex 12.6115 6.74097 0
      vertex 8.36104 2.07873 0
    endloop
  endfacet
  facet normal 0 0 -1
    outer loop
      vertex 5.98075 6.20151 0
      vertex 12.6115 6.74097 0
      vertex 8.15314 2.15312 0
    endloop
  endfacet
  facet normal 0 0 -1
    outer loop
      vertex 5.99518 6.64235 0
      vertex 11.89 7.94465 0
      vertex 5.99879 6.42157 0
    endloop
  endfacet
  facet normal -0 0 -1
    outer loop
      vertex 11.89 7.94465 0
      vertex 5.99518 6.64235 0
      vertex 11.054 9.07182 0
    endloop
  endfacet
  facet normal 0 0 -1
    outer loop
      vertex 5.98075 6.20151 0
      vertex 11.89 7.94465 0
      vertex 12.6115 6.74097 0
    endloop
  endfacet
  facet normal 0 0 -1
    outer loop
      vertex 5.96995 6.8617 0
      vertex 11.054 9.07182 0
      vertex 5.99518 6.64235 0
    endloop
  endfacet
  facet normal 0 0 -1
    outer loop
      vertex 5.98075 6.20151 0
      vertex 8.15314 2.15312 0
      vertex 7.93895 2.20677 0
    endloop
  endfacet
  facet normal 0 0 -1
    outer loop
      vertex 5.98075 6.20151 0
      vertex 7.93895 2.20677 0
      vertex 7.72054 2.23917 0
    endloop
  endfacet
  facet normal 0 0 -1
    outer loop
      vertex 5.98075 6.20151 0
      vertex 7.72054 2.23917 0
      vertex 7.5 2.25 0
    endloop
  endfacet
  facet normal 0 0 -1
    outer loop
      vertex 5.98075 6.20151 0
      vertex 7.5 2.25 0
      vertex 7.27946 2.23917 0
    endloop
  endfacet
  facet normal 0 0 -1
    outer loop
      vertex 5.98075 6.20151 0
      vertex 7.27946 2.23917 0
      vertex 7.06105 2.20677 0
    endloop
  endfacet
  facet normal 0 0 -1
    outer loop
      vertex 5.98075 6.20151 0
      vertex 7.06105 2.20677 0
      vertex 6.84686 2.15312 0
    endloop
  endfacet
  facet normal 0 0 -1
    outer loop
      vertex 5.92333 7.07753 0
      vertex 11.054 9.07182 0
      vertex 5.96995 6.8617 0
    endloop
  endfacet
  facet normal 0 0 -1
    outer loop
      vertex 5.98075 6.20151 0
      vertex 6.84686 2.15312 0
      vertex 6.63896 2.07873 0
    endloop
  endfacet
  facet normal 0 0 -1
    outer loop
      vertex 5.98075 6.20151 0
      vertex 6.63896 2.07873 0
      vertex 6.43936 1.98432 0
    endloop
  endfacet
  facet normal 0 0 -1
    outer loop
      vertex 5.98075 6.20151 0
      vertex 6.43936 1.98432 0
      vertex 6.24997 1.87081 0
    endloop
  endfacet
  facet normal 0 0 -1
    outer loop
      vertex 4.74515 4.47723 0
      vertex 6.24997 1.87081 0
      vertex 6.07261 1.73927 0
    endloop
  endfacet
  facet normal -0 0 -1
    outer loop
      vertex 11.054 9.07182 0
      vertex 5.92333 7.07753 0
      vertex 10.1116 10.1116 0
    endloop
  endfacet
  facet normal 0 0 -1
    outer loop
      vertex 5.85579 7.28775 0
      vertex 10.1116 10.1116 0
      vertex 5.92333 7.07753 0
    endloop
  endfacet
  facet normal 0 0 -1
    outer loop
      vertex 5.76796 7.49034 0
      vertex 10.1116 10.1116 0
      vertex 5.85579 7.28775 0
    endloop
  endfacet
  facet normal -0 0 -1
    outer loop
      vertex 10.1116 10.1116 0
      vertex 5.76796 7.49034 0
      vertex 9.07182 11.054 0
    endloop
  endfacet
  facet normal 0 0 -1
    outer loop
      vertex 5.6607 7.68334 0
      vertex 9.07182 11.054 0
      vertex 5.76796 7.49034 0
    endloop
  endfacet
  facet normal 0 0 -1
    outer loop
      vertex 5.53504 7.8649 0
      vertex 9.07182 11.054 0
      vertex 5.6607 7.68334 0
    endloop
  endfacet
  facet normal 0 0 -1
    outer loop
      vertex 5.39219 8.03327 0
      vertex 9.07182 11.054 0
      vertex 5.53504 7.8649 0
    endloop
  endfacet
  facet normal -0 0 -1
    outer loop
      vertex 9.07182 11.054 0
      vertex 5.39219 8.03327 0
      vertex 7.94465 11.89 0
    endloop
  endfacet
  facet normal 0 0 -1
    outer loop
      vertex 5.23353 8.18683 0
      vertex 7.94465 11.89 0
      vertex 5.39219 8.03327 0
    endloop
  endfacet
  facet normal 0 0 -1
    outer loop
      vertex 5.06057 8.32409 0
      vertex 7.94465 11.89 0
      vertex 5.23353 8.18683 0
    endloop
  endfacet
  facet normal 0 0 -1
    outer loop
      vertex 4.875 8.44375 0
      vertex 7.94465 11.89 0
      vertex 5.06057 8.32409 0
    endloop
  endfacet
  facet normal -0 0 -1
    outer loop
      vertex 7.94465 11.89 0
      vertex 4.875 8.44375 0
      vertex 6.74097 12.6115 0
    endloop
  endfacet
  facet normal 0 0 -1
    outer loop
      vertex 4.67859 8.54463 0
      vertex 6.74097 12.6115 0
      vertex 4.875 8.44375 0
    endloop
  endfacet
  facet normal 0 0 -1
    outer loop
      vertex 4.47324 8.62578 0
      vertex 6.74097 12.6115 0
      vertex 4.67859 8.54463 0
    endloop
  endfacet
  facet normal -0 0 -1
    outer loop
      vertex 6.74097 12.6115 0
      vertex 4.47324 8.62578 0
      vertex 5.47237 13.2115 0
    endloop
  endfacet
  facet normal 0 0 -1
    outer loop
      vertex 4.26092 8.68641 0
      vertex 5.47237 13.2115 0
      vertex 4.47324 8.62578 0
    endloop
  endfacet
  facet normal 0 0 -1
    outer loop
      vertex 4.04368 8.72594 0
      vertex 5.47237 13.2115 0
      vertex 4.26092 8.68641 0
    endloop
  endfacet
  facet normal 0 0 -1
    outer loop
      vertex 3.82362 8.74399 0
      vertex 5.47237 13.2115 0
      vertex 4.04368 8.72594 0
    endloop
  endfacet
  facet normal -0 0 -1
    outer loop
      vertex 5.47237 13.2115 0
      vertex 3.82362 8.74399 0
      vertex 4.15107 13.6842 0
    endloop
  endfacet
  facet normal 0 0 -1
    outer loop
      vertex 3.60284 8.74037 0
      vertex 4.15107 13.6842 0
      vertex 3.82362 8.74399 0
    endloop
  endfacet
  facet normal 0 0 -1
    outer loop
      vertex 3.38348 8.71514 0
      vertex 4.15107 13.6842 0
      vertex 3.60284 8.74037 0
    endloop
  endfacet
  facet normal 0 0 -1
    outer loop
      vertex 2.78979 14.0252 0
      vertex 3.38348 8.71514 0
      vertex 3.16766 8.66852 0
    endloop
  endfacet
  facet normal 0 0 -1
    outer loop
      vertex 2.78979 14.0252 0
      vertex 3.16766 8.66852 0
      vertex 2.95744 8.60098 0
    endloop
  endfacet
  facet normal 0 0 -1
    outer loop
      vertex 3.38348 8.71514 0
      vertex 2.78979 14.0252 0
      vertex 4.15107 13.6842 0
    endloop
  endfacet
  facet normal 0 0 -1
    outer loop
      vertex 2.75485 8.51315 0
      vertex 2.78979 14.0252 0
      vertex 2.95744 8.60098 0
    endloop
  endfacet
  facet normal 0 0 -1
    outer loop
      vertex 1.40164 14.2311 0
      vertex 2.75485 8.51315 0
      vertex 2.56185 8.4059 0
    endloop
  endfacet
  facet normal 0 0 -1
    outer loop
      vertex 1.40164 14.2311 0
      vertex 2.56185 8.4059 0
      vertex 2.38029 8.28024 0
    endloop
  endfacet
  facet normal 0 0 -1
    outer loop
      vertex 0 14.3 0
      vertex 2.38029 8.28024 0
      vertex 2.21192 8.13738 0
    endloop
  endfacet
  facet normal 0 0 -1
    outer loop
      vertex 0 14.3 0
      vertex 2.21192 8.13738 0
      vertex 2.05836 7.97872 0
    endloop
  endfacet
  facet normal 0 0 -1
    outer loop
      vertex 1.61941 7.21843 0
      vertex -1.61941 7.21843 0
      vertex 1.70056 7.42378 0
    endloop
  endfacet
  facet normal 0 0 -1
    outer loop
      vertex -1.61941 7.21843 0
      vertex 1.61941 7.21843 0
      vertex -1.55878 7.00611 0
    endloop
  endfacet
  facet normal 0 0 -1
    outer loop
      vertex 1.55878 7.00611 0
      vertex -1.55878 7.00611 0
      vertex 1.61941 7.21843 0
    endloop
  endfacet
  facet normal 0 0 -1
    outer loop
      vertex -1.55878 7.00611 0
      vertex 1.55878 7.00611 0
      vertex -1.51925 6.78887 0
    endloop
  endfacet
  facet normal 0 0 -1
    outer loop
      vertex 1.51925 6.78887 0
      vertex -1.51925 6.78887 0
      vertex 1.55878 7.00611 0
    endloop
  endfacet
  facet normal 0 0 -1
    outer loop
      vertex -1.51925 6.78887 0
      vertex 1.51925 6.78887 0
      vertex -1.5012 6.56881 0
    endloop
  endfacet
  facet normal 0 0 -1
    outer loop
      vertex 2.75485 8.51315 0
      vertex 1.40164 14.2311 0
      vertex 2.78979 14.0252 0
    endloop
  endfacet
  facet normal 0 0 -1
    outer loop
      vertex -1.5012 6.56881 0
      vertex 1.51925 6.78887 0
      vertex 1.5012 6.56881 0
    endloop
  endfacet
  facet normal 0 0 -1
    outer loop
      vertex 1.53005 6.12868 0
      vertex -1.5012 6.56881 0
      vertex 1.50482 6.34803 0
    endloop
  endfacet
  facet normal 0 0 -1
    outer loop
      vertex 1.92109 -7.80577 0
      vertex -1.92109 -7.80577 0
      vertex 1.80144 -7.62019 0
    endloop
  endfacet
  facet normal 0 0 -1
    outer loop
      vertex -1.5012 6.56881 0
      vertex 1.5012 6.56881 0
      vertex 1.50482 6.34803 0
    endloop
  endfacet
  facet normal 0 0 -1
    outer loop
      vertex -2.38029 -8.28024 0
      vertex 0 -14.3 0
      vertex -1.40164 -14.2311 0
    endloop
  endfacet
  facet normal 0 0 -1
    outer loop
      vertex 2.38029 8.28024 0
      vertex 0 14.3 0
      vertex 1.40164 14.2311 0
    endloop
  endfacet
  facet normal 0 0 -1
    outer loop
      vertex 2.05836 7.97872 0
      vertex -1.40164 14.2311 0
      vertex 0 14.3 0
    endloop
  endfacet
  facet normal -0 0 -1
    outer loop
      vertex 1.5012 -6.56881 0
      vertex -1.51925 -6.78887 0
      vertex -1.5012 -6.56881 0
    endloop
  endfacet
  facet normal 0 0 -1
    outer loop
      vertex 1.51925 -6.78887 0
      vertex -1.51925 -6.78887 0
      vertex 1.5012 -6.56881 0
    endloop
  endfacet
  facet normal 0 -0 -1
    outer loop
      vertex -1.51925 -6.78887 0
      vertex 1.51925 -6.78887 0
      vertex -1.55878 -7.00611 0
    endloop
  endfacet
  facet normal 0 0 -1
    outer loop
      vertex 1.55878 -7.00611 0
      vertex -1.55878 -7.00611 0
      vertex 1.51925 -6.78887 0
    endloop
  endfacet
  facet normal 0 -0 -1
    outer loop
      vertex -1.55878 -7.00611 0
      vertex 1.55878 -7.00611 0
      vertex -1.61941 -7.21843 0
    endloop
  endfacet
  facet normal 0 0 -1
    outer loop
      vertex 1.61941 -7.21843 0
      vertex -1.61941 -7.21843 0
      vertex 1.55878 -7.00611 0
    endloop
  endfacet
  facet normal 0 -0 -1
    outer loop
      vertex -1.61941 -7.21843 0
      vertex 1.61941 -7.21843 0
      vertex -1.70056 -7.42378 0
    endloop
  endfacet
  facet normal 0 -0 -1
    outer loop
      vertex -1.80144 -7.62019 0
      vertex 1.80144 -7.62019 0
      vertex -1.92109 -7.80577 0
    endloop
  endfacet
  facet normal 0 0 -1
    outer loop
      vertex 0 -14.3 0
      vertex -2.38029 -8.28024 0
      vertex -2.21192 -8.13738 0
    endloop
  endfacet
  facet normal 0 0 -1
    outer loop
      vertex -1.40164 -14.2311 0
      vertex -2.56185 -8.4059 0
      vertex -2.38029 -8.28024 0
    endloop
  endfacet
  facet normal 0 0 -1
    outer loop
      vertex -1.40164 -14.2311 0
      vertex -2.75485 -8.51315 0
      vertex -2.56185 -8.4059 0
    endloop
  endfacet
  facet normal 0 0 -1
    outer loop
      vertex -2.78979 -14.0252 0
      vertex -2.75485 -8.51315 0
      vertex -1.40164 -14.2311 0
    endloop
  endfacet
  facet normal 0 0 -1
    outer loop
      vertex -2.78979 -14.0252 0
      vertex -2.95744 -8.60098 0
      vertex -2.75485 -8.51315 0
    endloop
  endfacet
  facet normal 0 0 -1
    outer loop
      vertex -2.78979 -14.0252 0
      vertex -3.16766 -8.66852 0
      vertex -2.95744 -8.60098 0
    endloop
  endfacet
  facet normal 0 0 -1
    outer loop
      vertex -2.78979 -14.0252 0
      vertex -3.38348 -8.71514 0
      vertex -3.16766 -8.66852 0
    endloop
  endfacet
  facet normal 0 0 -1
    outer loop
      vertex -4.15107 -13.6842 0
      vertex -3.38348 -8.71514 0
      vertex -2.78979 -14.0252 0
    endloop
  endfacet
  facet normal 0 0 -1
    outer loop
      vertex -3.38348 -8.71514 0
      vertex -4.15107 -13.6842 0
      vertex -3.60284 -8.74037 0
    endloop
  endfacet
  facet normal 0 0 -1
    outer loop
      vertex -3.60284 -8.74037 0
      vertex -4.15107 -13.6842 0
      vertex -3.82362 -8.74399 0
    endloop
  endfacet
  facet normal 0 0 -1
    outer loop
      vertex -5.47237 -13.2115 0
      vertex -3.82362 -8.74399 0
      vertex -4.15107 -13.6842 0
    endloop
  endfacet
  facet normal -0 0 -1
    outer loop
      vertex -3.82362 -8.74399 0
      vertex -5.47237 -13.2115 0
      vertex -4.04368 -8.72594 0
    endloop
  endfacet
  facet normal -0 0 -1
    outer loop
      vertex -4.04368 -8.72594 0
      vertex -5.47237 -13.2115 0
      vertex -4.26092 -8.68641 0
    endloop
  endfacet
  facet normal -0 0 -1
    outer loop
      vertex -4.26092 -8.68641 0
      vertex -5.47237 -13.2115 0
      vertex -4.47324 -8.62578 0
    endloop
  endfacet
  facet normal 0 0 -1
    outer loop
      vertex -6.74097 -12.6115 0
      vertex -4.47324 -8.62578 0
      vertex -5.47237 -13.2115 0
    endloop
  endfacet
  facet normal -0 0 -1
    outer loop
      vertex -4.47324 -8.62578 0
      vertex -6.74097 -12.6115 0
      vertex -4.67859 -8.54463 0
    endloop
  endfacet
  facet normal -0 0 -1
    outer loop
      vertex -4.67859 -8.54463 0
      vertex -6.74097 -12.6115 0
      vertex -4.875 -8.44375 0
    endloop
  endfacet
  facet normal 0 0 -1
    outer loop
      vertex -7.94465 -11.89 0
      vertex -4.875 -8.44375 0
      vertex -6.74097 -12.6115 0
    endloop
  endfacet
  facet normal -0 0 -1
    outer loop
      vertex -4.875 -8.44375 0
      vertex -7.94465 -11.89 0
      vertex -5.06057 -8.32409 0
    endloop
  endfacet
  facet normal -0 0 -1
    outer loop
      vertex -5.06057 -8.32409 0
      vertex -7.94465 -11.89 0
      vertex -5.23353 -8.18683 0
    endloop
  endfacet
  facet normal -0 0 -1
    outer loop
      vertex -5.23353 -8.18683 0
      vertex -7.94465 -11.89 0
      vertex -5.39219 -8.03327 0
    endloop
  endfacet
  facet normal 0 0 -1
    outer loop
      vertex -9.07182 -11.054 0
      vertex -5.39219 -8.03327 0
      vertex -7.94465 -11.89 0
    endloop
  endfacet
  facet normal -0 0 -1
    outer loop
      vertex -5.39219 -8.03327 0
      vertex -9.07182 -11.054 0
      vertex -5.53504 -7.8649 0
    endloop
  endfacet
  facet normal -0 0 -1
    outer loop
      vertex -5.53504 -7.8649 0
      vertex -9.07182 -11.054 0
      vertex -5.6607 -7.68334 0
    endloop
  endfacet
  facet normal -0 0 -1
    outer loop
      vertex -5.6607 -7.68334 0
      vertex -9.07182 -11.054 0
      vertex -5.76796 -7.49034 0
    endloop
  endfacet
  facet normal 0 0 -1
    outer loop
      vertex -10.1116 -10.1116 0
      vertex -5.76796 -7.49034 0
      vertex -9.07182 -11.054 0
    endloop
  endfacet
  facet normal 0 0 -1
    outer loop
      vertex -4.74515 -4.47723 0
      vertex -6.24997 -1.87081 0
      vertex -6.07261 -1.73927 0
    endloop
  endfacet
  facet normal -0 0 -1
    outer loop
      vertex -5.96995 -6.8617 0
      vertex -11.054 -9.07182 0
      vertex -5.99518 -6.64235 0
    endloop
  endfacet
  facet normal 0 0 -1
    outer loop
      vertex -4.93815 -4.58449 0
      vertex -6.43936 -1.98432 0
      vertex -6.24997 -1.87081 0
    endloop
  endfacet
  facet normal -0 0 -1
    outer loop
      vertex -5.76796 -7.49034 0
      vertex -10.1116 -10.1116 0
      vertex -5.85579 -7.28775 0
    endloop
  endfacet
  facet normal -0 0 -1
    outer loop
      vertex -5.85579 -7.28775 0
      vertex -10.1116 -10.1116 0
      vertex -5.92333 -7.07753 0
    endloop
  endfacet
  facet normal 0 0 -1
    outer loop
      vertex -5.11971 -4.71014 0
      vertex -6.63896 -2.07873 0
      vertex -6.43936 -1.98432 0
    endloop
  endfacet
  facet normal 0 0 -1
    outer loop
      vertex -11.054 -9.07182 0
      vertex -5.92333 -7.07753 0
      vertex -10.1116 -10.1116 0
    endloop
  endfacet
  facet normal 0 0 -1
    outer loop
      vertex -5.28808 -4.853 0
      vertex -6.84686 -2.15312 0
      vertex -6.63896 -2.07873 0
    endloop
  endfacet
  facet normal -0 0 -1
    outer loop
      vertex -5.92333 -7.07753 0
      vertex -11.054 -9.07182 0
      vertex -5.96995 -6.8617 0
    endloop
  endfacet
  facet normal 0 0 -1
    outer loop
      vertex -5.44164 -5.01166 0
      vertex -7.06105 -2.20677 0
      vertex -6.84686 -2.15312 0
    endloop
  endfacet
  facet normal 0 0 -1
    outer loop
      vertex -11.89 -7.94465 0
      vertex -5.99518 -6.64235 0
      vertex -11.054 -9.07182 0
    endloop
  endfacet
  facet normal 0 0 -1
    outer loop
      vertex -5.5789 -5.18462 0
      vertex -7.27946 -2.23917 0
      vertex -7.06105 -2.20677 0
    endloop
  endfacet
  facet normal 0 0 -1
    outer loop
      vertex -5.69856 -5.37019 0
      vertex -7.5 -2.25 0
      vertex -7.27946 -2.23917 0
    endloop
  endfacet
  facet normal 0 0 -1
    outer loop
      vertex -5.79944 -5.5666 0
      vertex -7.72054 -2.23917 0
      vertex -7.5 -2.25 0
    endloop
  endfacet
  facet normal 0 0 -1
    outer loop
      vertex -5.88059 -5.77195 0
      vertex -7.93895 -2.20677 0
      vertex -7.72054 -2.23917 0
    endloop
  endfacet
  facet normal 0 0 -1
    outer loop
      vertex -5.94122 -5.98427 0
      vertex -8.15314 -2.15312 0
      vertex -7.93895 -2.20677 0
    endloop
  endfacet
  facet normal 0 0 -1
    outer loop
      vertex -5.98075 -6.20151 0
      vertex -11.89 -7.94465 0
      vertex -12.6115 -6.74097 0
    endloop
  endfacet
  facet normal -0 0 -1
    outer loop
      vertex -5.99518 -6.64235 0
      vertex -11.89 -7.94465 0
      vertex -5.99879 -6.42157 0
    endloop
  endfacet
  facet normal -0 0 -1
    outer loop
      vertex -5.94122 -5.98427 0
      vertex -12.6115 -6.74097 0
      vertex -8.15314 -2.15312 0
    endloop
  endfacet
  facet normal -0 0 -1
    outer loop
      vertex -8.15314 -2.15312 0
      vertex -12.6115 -6.74097 0
      vertex -8.36104 -2.07873 0
    endloop
  endfacet
  facet normal -0 0 -1
    outer loop
      vertex -8.36104 -2.07873 0
      vertex -12.6115 -6.74097 0
      vertex -8.56064 -1.98432 0
    endloop
  endfacet
  facet normal 0 0 -1
    outer loop
      vertex -13.2115 -5.47237 0
      vertex -8.56064 -1.98432 0
      vertex -12.6115 -6.74097 0
    endloop
  endfacet
  facet normal -0 0 -1
    outer loop
      vertex -8.56064 -1.98432 0
      vertex -13.2115 -5.47237 0
      vertex -8.75003 -1.87081 0
    endloop
  endfacet
  facet normal -0 0 -1
    outer loop
      vertex -8.75003 -1.87081 0
      vertex -13.2115 -5.47237 0
      vertex -8.92738 -1.73927 0
    endloop
  endfacet
  facet normal 0 0 -1
    outer loop
      vertex -13.6842 -4.15107 0
      vertex -8.92738 -1.73927 0
      vertex -13.2115 -5.47237 0
    endloop
  endfacet
  facet normal -0 0 -1
    outer loop
      vertex -8.92738 -1.73927 0
      vertex -13.6842 -4.15107 0
      vertex -9.09099 -1.59099 0
    endloop
  endfacet
  facet normal -0 0 -1
    outer loop
      vertex -9.09099 -1.59099 0
      vertex -13.6842 -4.15107 0
      vertex -9.23927 -1.42738 0
    endloop
  endfacet
  facet normal 0 0 -1
    outer loop
      vertex -14.0252 -2.78979 0
      vertex -9.37081 -1.25003 0
      vertex -13.6842 -4.15107 0
    endloop
  endfacet
  facet normal -0 0 -1
    outer loop
      vertex -9.23927 -1.42738 0
      vertex -13.6842 -4.15107 0
      vertex -9.37081 -1.25003 0
    endloop
  endfacet
  facet normal -0 0 -1
    outer loop
      vertex 7.27946 -2.23917 0
      vertex 5.5789 -5.18462 0
      vertex 7.06105 -2.20677 0
    endloop
  endfacet
  facet normal 0 0 -1
    outer loop
      vertex 5.44164 -5.01166 0
      vertex 7.06105 -2.20677 0
      vertex 5.5789 -5.18462 0
    endloop
  endfacet
  facet normal -0 0 -1
    outer loop
      vertex 7.06105 -2.20677 0
      vertex 5.44164 -5.01166 0
      vertex 6.84686 -2.15312 0
    endloop
  endfacet
  facet normal 0 0 -1
    outer loop
      vertex 5.28808 -4.853 0
      vertex 6.84686 -2.15312 0
      vertex 5.44164 -5.01166 0
    endloop
  endfacet
  facet normal -0 0 -1
    outer loop
      vertex 6.84686 -2.15312 0
      vertex 5.28808 -4.853 0
      vertex 6.63896 -2.07873 0
    endloop
  endfacet
  facet normal 0 0 -1
    outer loop
      vertex 5.11971 -4.71014 0
      vertex 6.63896 -2.07873 0
      vertex 5.28808 -4.853 0
    endloop
  endfacet
  facet normal -0 0 -1
    outer loop
      vertex 6.63896 -2.07873 0
      vertex 5.11971 -4.71014 0
      vertex 6.43936 -1.98432 0
    endloop
  endfacet
  facet normal 0 0 -1
    outer loop
      vertex 4.93815 -4.58449 0
      vertex 6.43936 -1.98432 0
      vertex 5.11971 -4.71014 0
    endloop
  endfacet
  facet normal -0 0 -1
    outer loop
      vertex 6.43936 -1.98432 0
      vertex 4.93815 -4.58449 0
      vertex 6.24997 -1.87081 0
    endloop
  endfacet
  facet normal 0 0 -1
    outer loop
      vertex 4.74515 -4.47723 0
      vertex 6.24997 -1.87081 0
      vertex 4.93815 -4.58449 0
    endloop
  endfacet
  facet normal -0 0 -1
    outer loop
      vertex 6.24997 -1.87081 0
      vertex 4.74515 -4.47723 0
      vertex 6.07261 -1.73927 0
    endloop
  endfacet
  facet normal 0 0 -1
    outer loop
      vertex 4.54256 -4.3894 0
      vertex 6.07261 -1.73927 0
      vertex 4.74515 -4.47723 0
    endloop
  endfacet
  facet normal -0 0 -1
    outer loop
      vertex 6.07261 -1.73927 0
      vertex 4.54256 -4.3894 0
      vertex 5.90901 -1.59099 0
    endloop
  endfacet
  facet normal 0 0 -1
    outer loop
      vertex 4.33234 -4.32186 0
      vertex 5.90901 -1.59099 0
      vertex 4.54256 -4.3894 0
    endloop
  endfacet
  facet normal -0 0 -1
    outer loop
      vertex 5.90901 -1.59099 0
      vertex 4.33234 -4.32186 0
      vertex 5.76073 -1.42738 0
    endloop
  endfacet
  facet normal 0 0 -1
    outer loop
      vertex 4.11651 -4.27524 0
      vertex 5.76073 -1.42738 0
      vertex 4.33234 -4.32186 0
    endloop
  endfacet
  facet normal -0 0 -1
    outer loop
      vertex 5.76073 -1.42738 0
      vertex 4.11651 -4.27524 0
      vertex 5.62919 -1.25003 0
    endloop
  endfacet
  facet normal 0 0 -1
    outer loop
      vertex 3.89716 -4.25001 0
      vertex 5.62919 -1.25003 0
      vertex 4.11651 -4.27524 0
    endloop
  endfacet
  facet normal -0.69987 0.10381 -0.706686
    outer loop
      vertex -14.7287 1.45065 0.5
      vertex -14.0252 2.78979 0
      vertex -14.2311 1.40164 0
    endloop
  endfacet
  facet normal -0.69987 0.10381 0.706686
    outer loop
      vertex -14.7287 1.45065 6.5
      vertex -14.2311 1.40164 7
      vertex -14.0252 2.78979 7
    endloop
  endfacet
  facet normal -0.568312 0.421492 -0.706659
    outer loop
      vertex -12.3057 8.22243 0.5
      vertex -11.4405 9.38901 0.5
      vertex -11.89 7.94465 0
    endloop
  endfacet
  facet normal -0.514113 0.857722 0
    outer loop
      vertex -6.97667 13.0524 5.35
      vertex -8.22243 12.3057 6.5
      vertex -6.97667 13.0524 6.5
    endloop
  endfacet
  facet normal -0.514113 0.857722 0
    outer loop
      vertex -8.22243 12.3057 6.5
      vertex -6.97667 13.0524 5.35
      vertex -8.22243 12.3057 5.35
    endloop
  endfacet
  facet normal -0.514113 0.857722 0
    outer loop
      vertex -6.97667 13.0524 0.5
      vertex -8.22243 12.3057 1.65
      vertex -6.97667 13.0524 1.65
    endloop
  endfacet
  facet normal -0.514113 0.857722 0
    outer loop
      vertex -8.22243 12.3057 1.65
      vertex -6.97667 13.0524 0.5
      vertex -8.22243 12.3057 0.5
    endloop
  endfacet
  facet normal -0.595702 0.803206 0
    outer loop
      vertex -8.22243 12.3057 5.35
      vertex -9.38901 11.4405 6.5
      vertex -8.22243 12.3057 6.5
    endloop
  endfacet
  facet normal -0.595702 0.803206 0
    outer loop
      vertex -9.38901 11.4405 6.5
      vertex -8.22243 12.3057 5.35
      vertex -9.38901 11.4405 5.35
    endloop
  endfacet
  facet normal -0.595702 0.803206 0
    outer loop
      vertex -8.22243 12.3057 0.5
      vertex -9.38901 11.4405 1.65
      vertex -8.22243 12.3057 1.65
    endloop
  endfacet
  facet normal -0.595702 0.803206 0
    outer loop
      vertex -9.38901 11.4405 1.65
      vertex -8.22243 12.3057 0.5
      vertex -9.38901 11.4405 0.5
    endloop
  endfacet
  facet normal -0.524238 0.475092 -0.706726
    outer loop
      vertex -11.4405 9.38901 0.5
      vertex -10.4652 10.4652 0.5
      vertex -10.1116 10.1116 0
    endloop
  endfacet
  facet normal -0.421491 0.568292 -0.706675
    outer loop
      vertex -9.38901 11.4405 0.5
      vertex -7.94465 11.89 0
      vertex -9.07182 11.054 0
    endloop
  endfacet
  facet normal -0.302527 0.639623 -0.706654
    outer loop
      vertex -6.97667 13.0524 0.5
      vertex -5.66371 13.6734 0.5
      vertex -5.47237 13.2115 0
    endloop
  endfacet
  facet normal -0.475153 0.524252 -0.706675
    outer loop
      vertex -10.1116 10.1116 0
      vertex -9.38901 11.4405 0.5
      vertex -9.07182 11.054 0
    endloop
  endfacet
  facet normal -0.171924 0.686323 -0.706684
    outer loop
      vertex -4.15107 13.6842 0
      vertex -2.88733 14.5156 0.5
      vertex -2.78979 14.0252 0
    endloop
  endfacet
  facet normal 0.0490911 0.998794 -0
    outer loop
      vertex 1.45065 14.7287 0.5
      vertex 0 14.8 1.65
      vertex 1.45065 14.7287 1.65
    endloop
  endfacet
  facet normal 0.0490911 0.998794 0
    outer loop
      vertex 0 14.8 1.65
      vertex 1.45065 14.7287 0.5
      vertex 0 14.8 0.5
    endloop
  endfacet
  facet normal 0.0490911 0.998794 -0
    outer loop
      vertex 1.45065 14.7287 5.35
      vertex 0 14.8 6.5
      vertex 1.45065 14.7287 6.5
    endloop
  endfacet
  facet normal 0.0490911 0.998794 0
    outer loop
      vertex 0 14.8 6.5
      vertex 1.45065 14.7287 5.35
      vertex 0 14.8 5.35
    endloop
  endfacet
  facet normal 0.242976 0.970032 -0
    outer loop
      vertex 4.29621 14.1627 0.5
      vertex 2.88733 14.5156 1.65
      vertex 4.29621 14.1627 1.65
    endloop
  endfacet
  facet normal 0.242976 0.970032 0
    outer loop
      vertex 2.88733 14.5156 1.65
      vertex 4.29621 14.1627 0.5
      vertex 2.88733 14.5156 0.5
    endloop
  endfacet
  facet normal 0.242976 0.970032 -0
    outer loop
      vertex 4.29621 14.1627 5.35
      vertex 2.88733 14.5156 6.5
      vertex 4.29621 14.1627 6.5
    endloop
  endfacet
  facet normal 0.242976 0.970032 0
    outer loop
      vertex 2.88733 14.5156 6.5
      vertex 4.29621 14.1627 5.35
      vertex 2.88733 14.5156 5.35
    endloop
  endfacet
  facet normal 0.699871 0.103811 0.706685
    outer loop
      vertex 14.0252 2.78979 7
      vertex 14.7287 1.45065 6.5
      vertex 14.5156 2.88733 6.5
    endloop
  endfacet
  facet normal 0.998794 0.0490911 0
    outer loop
      vertex 14.8 0 6.5
      vertex 14.7287 1.45065 5.35
      vertex 14.7287 1.45065 6.5
    endloop
  endfacet
  facet normal 0.998794 0.0490911 0
    outer loop
      vertex 14.7287 1.45065 5.35
      vertex 14.8 0 6.5
      vertex 14.8 0 5.35
    endloop
  endfacet
  facet normal 0.998794 0.0490911 0
    outer loop
      vertex 14.8 0 1.65
      vertex 14.7287 1.45065 0.5
      vertex 14.7287 1.45065 1.65
    endloop
  endfacet
  facet normal 0.998794 0.0490911 0
    outer loop
      vertex 14.7287 1.45065 0.5
      vertex 14.8 0 1.65
      vertex 14.8 0 0.5
    endloop
  endfacet
  facet normal 0.568312 0.421492 -0.706659
    outer loop
      vertex 11.4405 9.38901 0.5
      vertex 12.3057 8.22243 0.5
      vertex 11.89 7.94465 0
    endloop
  endfacet
  facet normal 0.524252 0.475153 -0.706675
    outer loop
      vertex 10.1116 10.1116 0
      vertex 11.4405 9.38901 0.5
      vertex 11.054 9.07182 0
    endloop
  endfacet
  facet normal 0.699871 0.103811 -0.706685
    outer loop
      vertex 14.0252 2.78979 0
      vertex 14.5156 2.88733 0.5
      vertex 14.7287 1.45065 0.5
    endloop
  endfacet
  facet normal 0.421492 0.568312 -0.706659
    outer loop
      vertex 7.94465 11.89 0
      vertex 8.22243 12.3057 0.5
      vertex 9.38901 11.4405 0.5
    endloop
  endfacet
  facet normal 0.66621 -0.238339 -0.706653
    outer loop
      vertex 13.2115 -5.47237 0
      vertex 13.6842 -4.15107 0
      vertex 13.6734 -5.66371 0.5
    endloop
  endfacet
  facet normal 0.639623 -0.302527 -0.706654
    outer loop
      vertex 13.0524 -6.97667 0.5
      vertex 13.2115 -5.47237 0
      vertex 13.6734 -5.66371 0.5
    endloop
  endfacet
  facet normal -0.803206 0.595702 0
    outer loop
      vertex -12.3057 8.22243 0.5
      vertex -11.4405 9.38901 1.65
      vertex -11.4405 9.38901 0.5
    endloop
  endfacet
  facet normal -0.803206 0.595702 0
    outer loop
      vertex -11.4405 9.38901 1.65
      vertex -12.3057 8.22243 0.5
      vertex -12.3057 8.22243 1.65
    endloop
  endfacet
  facet normal -0.803206 0.595702 0
    outer loop
      vertex -12.3057 8.22243 5.35
      vertex -11.4405 9.38901 6.5
      vertex -11.4405 9.38901 5.35
    endloop
  endfacet
  facet normal -0.803206 0.595702 0
    outer loop
      vertex -11.4405 9.38901 6.5
      vertex -12.3057 8.22243 5.35
      vertex -12.3057 8.22243 6.5
    endloop
  endfacet
  facet normal 0.427564 0.903985 -0
    outer loop
      vertex 6.97667 13.0524 0.5
      vertex 5.66371 13.6734 1.65
      vertex 6.97667 13.0524 1.65
    endloop
  endfacet
  facet normal 0.427564 0.903985 0
    outer loop
      vertex 5.66371 13.6734 1.65
      vertex 6.97667 13.0524 0.5
      vertex 5.66371 13.6734 0.5
    endloop
  endfacet
  facet normal 0.427564 0.903985 -0
    outer loop
      vertex 6.97667 13.0524 5.35
      vertex 5.66371 13.6734 6.5
      vertex 6.97667 13.0524 6.5
    endloop
  endfacet
  facet normal 0.427564 0.903985 0
    outer loop
      vertex 5.66371 13.6734 6.5
      vertex 6.97667 13.0524 5.35
      vertex 5.66371 13.6734 5.35
    endloop
  endfacet
  facet normal 0.363779 0.606893 0.706644
    outer loop
      vertex 6.74097 12.6115 7
      vertex 7.94465 11.89 7
      vertex 6.97667 13.0524 6.5
    endloop
  endfacet
  facet normal 0.857722 0.514113 0
    outer loop
      vertex 13.0524 6.97667 6.5
      vertex 12.3057 8.22243 5.35
      vertex 12.3057 8.22243 6.5
    endloop
  endfacet
  facet normal 0.857722 0.514113 0
    outer loop
      vertex 12.3057 8.22243 5.35
      vertex 13.0524 6.97667 6.5
      vertex 13.0524 6.97667 5.35
    endloop
  endfacet
  facet normal 0.857722 0.514113 0
    outer loop
      vertex 13.0524 6.97667 1.65
      vertex 12.3057 8.22243 0.5
      vertex 12.3057 8.22243 1.65
    endloop
  endfacet
  facet normal 0.857722 0.514113 0
    outer loop
      vertex 12.3057 8.22243 0.5
      vertex 13.0524 6.97667 1.65
      vertex 13.0524 6.97667 0.5
    endloop
  endfacet
  facet normal 0.970032 0.242976 0
    outer loop
      vertex 14.5156 2.88733 1.65
      vertex 14.1627 4.29621 0.5
      vertex 14.1627 4.29621 1.65
    endloop
  endfacet
  facet normal 0.970032 0.242976 0
    outer loop
      vertex 14.1627 4.29621 0.5
      vertex 14.5156 2.88733 1.65
      vertex 14.5156 2.88733 0.5
    endloop
  endfacet
  facet normal 0.970032 0.242976 0
    outer loop
      vertex 14.5156 2.88733 6.5
      vertex 14.1627 4.29621 5.35
      vertex 14.1627 4.29621 6.5
    endloop
  endfacet
  facet normal 0.970032 0.242976 0
    outer loop
      vertex 14.1627 4.29621 5.35
      vertex 14.5156 2.88733 6.5
      vertex 14.5156 2.88733 5.35
    endloop
  endfacet
  facet normal 0.69987 0.10381 0.706686
    outer loop
      vertex 14.0252 2.78979 7
      vertex 14.2311 1.40164 7
      vertex 14.7287 1.45065 6.5
    endloop
  endfacet
  facet normal 0.706674 0.0347377 0.706686
    outer loop
      vertex 14.2311 1.40164 7
      vertex 14.3 0 7
      vertex 14.7287 1.45065 6.5
    endloop
  endfacet
  facet normal 0.146723 0.989178 -0
    outer loop
      vertex 2.88733 14.5156 0.5
      vertex 1.45065 14.7287 1.65
      vertex 2.88733 14.5156 1.65
    endloop
  endfacet
  facet normal 0.146723 0.989178 0
    outer loop
      vertex 1.45065 14.7287 1.65
      vertex 2.88733 14.5156 0.5
      vertex 1.45065 14.7287 0.5
    endloop
  endfacet
  facet normal 0.146723 0.989178 -0
    outer loop
      vertex 2.88733 14.5156 5.35
      vertex 1.45065 14.7287 6.5
      vertex 2.88733 14.5156 6.5
    endloop
  endfacet
  facet normal 0.146723 0.989178 0
    outer loop
      vertex 1.45065 14.7287 6.5
      vertex 2.88733 14.5156 5.35
      vertex 1.45065 14.7287 5.35
    endloop
  endfacet
  facet normal -0.33689 0.941544 0
    outer loop
      vertex -4.29621 14.1627 0.5
      vertex -5.66371 13.6734 1.65
      vertex -4.29621 14.1627 1.65
    endloop
  endfacet
  facet normal -0.33689 0.941544 0
    outer loop
      vertex -5.66371 13.6734 1.65
      vertex -4.29621 14.1627 0.5
      vertex -5.66371 13.6734 0.5
    endloop
  endfacet
  facet normal -0.33689 0.941544 0
    outer loop
      vertex -4.29621 14.1627 5.35
      vertex -5.66371 13.6734 6.5
      vertex -4.29621 14.1627 6.5
    endloop
  endfacet
  facet normal -0.33689 0.941544 0
    outer loop
      vertex -5.66371 13.6734 6.5
      vertex -4.29621 14.1627 5.35
      vertex -5.66371 13.6734 5.35
    endloop
  endfacet
  facet normal -0.0347377 0.706674 0.706686
    outer loop
      vertex -1.45065 14.7287 6.5
      vertex -1.40164 14.2311 7
      vertex 0 14.3 7
    endloop
  endfacet
  facet normal -0.989178 -0.146723 0
    outer loop
      vertex -14.5156 -2.88733 0.5
      vertex -14.7287 -1.45065 1.65
      vertex -14.7287 -1.45065 0.5
    endloop
  endfacet
  facet normal -0.989178 -0.146723 0
    outer loop
      vertex -14.7287 -1.45065 1.65
      vertex -14.5156 -2.88733 0.5
      vertex -14.5156 -2.88733 1.65
    endloop
  endfacet
  facet normal -0.989178 -0.146723 0
    outer loop
      vertex -14.5156 -2.88733 5.35
      vertex -14.7287 -1.45065 6.5
      vertex -14.7287 -1.45065 5.35
    endloop
  endfacet
  facet normal -0.989178 -0.146723 0
    outer loop
      vertex -14.7287 -1.45065 6.5
      vertex -14.5156 -2.88733 5.35
      vertex -14.5156 -2.88733 6.5
    endloop
  endfacet
  facet normal -0.941544 -0.33689 0
    outer loop
      vertex -13.6734 -5.66371 0.5
      vertex -14.1627 -4.29621 1.65
      vertex -14.1627 -4.29621 0.5
    endloop
  endfacet
  facet normal -0.941544 -0.33689 0
    outer loop
      vertex -14.1627 -4.29621 1.65
      vertex -13.6734 -5.66371 0.5
      vertex -13.6734 -5.66371 1.65
    endloop
  endfacet
  facet normal -0.941544 -0.33689 0
    outer loop
      vertex -13.6734 -5.66371 5.35
      vertex -14.1627 -4.29621 6.5
      vertex -14.1627 -4.29621 5.35
    endloop
  endfacet
  facet normal -0.941544 -0.33689 0
    outer loop
      vertex -14.1627 -4.29621 6.5
      vertex -13.6734 -5.66371 5.35
      vertex -13.6734 -5.66371 6.5
    endloop
  endfacet
  facet normal -0.0490911 -0.998794 0
    outer loop
      vertex -1.45065 -14.7287 0.5
      vertex 0 -14.8 1.65
      vertex -1.45065 -14.7287 1.65
    endloop
  endfacet
  facet normal -0.0490911 -0.998794 -0
    outer loop
      vertex 0 -14.8 1.65
      vertex -1.45065 -14.7287 0.5
      vertex 0 -14.8 0.5
    endloop
  endfacet
  facet normal -0.0490911 -0.998794 0
    outer loop
      vertex -1.45065 -14.7287 5.35
      vertex 0 -14.8 6.5
      vertex -1.45065 -14.7287 6.5
    endloop
  endfacet
  facet normal -0.0490911 -0.998794 -0
    outer loop
      vertex 0 -14.8 6.5
      vertex -1.45065 -14.7287 5.35
      vertex 0 -14.8 5.35
    endloop
  endfacet
  facet normal -0.740986 -0.67152 0
    outer loop
      vertex -10.4652 -10.4652 0.5
      vertex -11.4405 -9.38901 1.65
      vertex -11.4405 -9.38901 0.5
    endloop
  endfacet
  facet normal -0.740986 -0.67152 0
    outer loop
      vertex -11.4405 -9.38901 1.65
      vertex -10.4652 -10.4652 0.5
      vertex -10.4652 -10.4652 1.65
    endloop
  endfacet
  facet normal -0.740986 -0.67152 0
    outer loop
      vertex -10.4652 -10.4652 5.35
      vertex -11.4405 -9.38901 6.5
      vertex -11.4405 -9.38901 5.35
    endloop
  endfacet
  facet normal -0.740986 -0.67152 0
    outer loop
      vertex -11.4405 -9.38901 6.5
      vertex -10.4652 -10.4652 5.35
      vertex -10.4652 -10.4652 6.5
    endloop
  endfacet
  facet normal -0.606886 -0.363763 -0.706658
    outer loop
      vertex -13.0524 -6.97667 0.5
      vertex -11.89 -7.94465 0
      vertex -12.3057 -8.22243 0.5
    endloop
  endfacet
  facet normal -0.686323 -0.171924 -0.706684
    outer loop
      vertex -14.5156 -2.88733 0.5
      vertex -14.0252 -2.78979 0
      vertex -13.6842 -4.15107 0
    endloop
  endfacet
  facet normal -0.66621 -0.238339 -0.706653
    outer loop
      vertex -13.6842 -4.15107 0
      vertex -13.2115 -5.47237 0
      vertex -13.6734 -5.66371 0.5
    endloop
  endfacet
  facet normal 0.0347336 -0.70668 -0.70668
    outer loop
      vertex 0 -14.8 0.5
      vertex 0 -14.3 0
      vertex 1.45065 -14.7287 0.5
    endloop
  endfacet
  facet normal 0.475092 -0.524238 -0.706726
    outer loop
      vertex 9.38901 -11.4405 0.5
      vertex 10.1116 -10.1116 0
      vertex 10.4652 -10.4652 0.5
    endloop
  endfacet
  facet normal 0.514113 -0.857722 0
    outer loop
      vertex 6.97667 -13.0524 5.35
      vertex 8.22243 -12.3057 6.5
      vertex 6.97667 -13.0524 6.5
    endloop
  endfacet
  facet normal 0.514113 -0.857722 0
    outer loop
      vertex 8.22243 -12.3057 6.5
      vertex 6.97667 -13.0524 5.35
      vertex 8.22243 -12.3057 5.35
    endloop
  endfacet
  facet normal 0.514113 -0.857722 0
    outer loop
      vertex 6.97667 -13.0524 0.5
      vertex 8.22243 -12.3057 1.65
      vertex 6.97667 -13.0524 1.65
    endloop
  endfacet
  facet normal 0.514113 -0.857722 0
    outer loop
      vertex 8.22243 -12.3057 1.65
      vertex 6.97667 -13.0524 0.5
      vertex 8.22243 -12.3057 0.5
    endloop
  endfacet
  facet normal 0.606886 -0.363763 0.706658
    outer loop
      vertex 11.89 -7.94465 7
      vertex 12.3057 -8.22243 6.5
      vertex 13.0524 -6.97667 6.5
    endloop
  endfacet
  facet normal 0.568312 -0.421492 0.706659
    outer loop
      vertex 11.4405 -9.38901 6.5
      vertex 12.3057 -8.22243 6.5
      vertex 11.89 -7.94465 7
    endloop
  endfacet
  facet normal -0.66621 0.238339 -0.706653
    outer loop
      vertex -13.6842 4.15107 0
      vertex -13.6734 5.66371 0.5
      vertex -13.2115 5.47237 0
    endloop
  endfacet
  facet normal -0.666155 0.238354 -0.7067
    outer loop
      vertex -14.1627 4.29621 0.5
      vertex -13.6734 5.66371 0.5
      vertex -13.6842 4.15107 0
    endloop
  endfacet
  facet normal -0.606886 0.363763 -0.706658
    outer loop
      vertex -13.0524 6.97667 0.5
      vertex -12.3057 8.22243 0.5
      vertex -11.89 7.94465 0
    endloop
  endfacet
  facet normal -0.740986 0.67152 0
    outer loop
      vertex -11.4405 9.38901 0.5
      vertex -10.4652 10.4652 1.65
      vertex -10.4652 10.4652 0.5
    endloop
  endfacet
  facet normal -0.740986 0.67152 0
    outer loop
      vertex -10.4652 10.4652 1.65
      vertex -11.4405 9.38901 0.5
      vertex -11.4405 9.38901 1.65
    endloop
  endfacet
  facet normal -0.740986 0.67152 0
    outer loop
      vertex -11.4405 9.38901 5.35
      vertex -10.4652 10.4652 6.5
      vertex -10.4652 10.4652 5.35
    endloop
  endfacet
  facet normal -0.740986 0.67152 0
    outer loop
      vertex -10.4652 10.4652 6.5
      vertex -11.4405 9.38901 5.35
      vertex -11.4405 9.38901 6.5
    endloop
  endfacet
  facet normal -0.568292 0.421491 0.706675
    outer loop
      vertex -11.89 7.94465 7
      vertex -11.054 9.07182 7
      vertex -11.4405 9.38901 6.5
    endloop
  endfacet
  facet normal -0.68631 0.171909 0.706701
    outer loop
      vertex -14.5156 2.88733 6.5
      vertex -13.6842 4.15107 7
      vertex -14.1627 4.29621 6.5
    endloop
  endfacet
  facet normal -0.941544 0.33689 0
    outer loop
      vertex -14.1627 4.29621 0.5
      vertex -13.6734 5.66371 1.65
      vertex -13.6734 5.66371 0.5
    endloop
  endfacet
  facet normal -0.941544 0.33689 0
    outer loop
      vertex -13.6734 5.66371 1.65
      vertex -14.1627 4.29621 0.5
      vertex -14.1627 4.29621 1.65
    endloop
  endfacet
  facet normal -0.941544 0.33689 0
    outer loop
      vertex -14.1627 4.29621 5.35
      vertex -13.6734 5.66371 6.5
      vertex -13.6734 5.66371 5.35
    endloop
  endfacet
  facet normal -0.941544 0.33689 0
    outer loop
      vertex -13.6734 5.66371 6.5
      vertex -14.1627 4.29621 5.35
      vertex -14.1627 4.29621 6.5
    endloop
  endfacet
  facet normal -0.475153 0.524252 0.706675
    outer loop
      vertex -10.1116 10.1116 7
      vertex -9.07182 11.054 7
      vertex -9.38901 11.4405 6.5
    endloop
  endfacet
  facet normal -0.475092 0.524238 0.706726
    outer loop
      vertex -10.4652 10.4652 6.5
      vertex -10.1116 10.1116 7
      vertex -9.38901 11.4405 6.5
    endloop
  endfacet
  facet normal -0.568292 0.421491 -0.706675
    outer loop
      vertex -11.89 7.94465 0
      vertex -11.4405 9.38901 0.5
      vertex -11.054 9.07182 0
    endloop
  endfacet
  facet normal -0.475092 0.524238 -0.706726
    outer loop
      vertex -10.4652 10.4652 0.5
      vertex -9.38901 11.4405 0.5
      vertex -10.1116 10.1116 0
    endloop
  endfacet
  facet normal -0.67152 0.740986 0
    outer loop
      vertex -9.38901 11.4405 5.35
      vertex -10.4652 10.4652 6.5
      vertex -9.38901 11.4405 6.5
    endloop
  endfacet
  facet normal -0.67152 0.740986 0
    outer loop
      vertex -10.4652 10.4652 6.5
      vertex -9.38901 11.4405 5.35
      vertex -10.4652 10.4652 5.35
    endloop
  endfacet
  facet normal -0.67152 0.740986 0
    outer loop
      vertex -9.38901 11.4405 0.5
      vertex -10.4652 10.4652 1.65
      vertex -9.38901 11.4405 1.65
    endloop
  endfacet
  facet normal -0.67152 0.740986 0
    outer loop
      vertex -10.4652 10.4652 1.65
      vertex -9.38901 11.4405 0.5
      vertex -10.4652 10.4652 0.5
    endloop
  endfacet
  facet normal -0.302527 0.639623 0.706654
    outer loop
      vertex -6.97667 13.0524 6.5
      vertex -5.47237 13.2115 7
      vertex -5.66371 13.6734 6.5
    endloop
  endfacet
  facet normal -0.421492 0.568312 0.706659
    outer loop
      vertex -9.38901 11.4405 6.5
      vertex -7.94465 11.89 7
      vertex -8.22243 12.3057 6.5
    endloop
  endfacet
  facet normal -0.363763 0.606886 -0.706658
    outer loop
      vertex -8.22243 12.3057 0.5
      vertex -6.97667 13.0524 0.5
      vertex -7.94465 11.89 0
    endloop
  endfacet
  facet normal -0.421492 0.568312 -0.706659
    outer loop
      vertex -9.38901 11.4405 0.5
      vertex -8.22243 12.3057 0.5
      vertex -7.94465 11.89 0
    endloop
  endfacet
  facet normal -0.238354 0.666155 0.7067
    outer loop
      vertex -5.66371 13.6734 6.5
      vertex -4.15107 13.6842 7
      vertex -4.29621 14.1627 6.5
    endloop
  endfacet
  facet normal -0.103811 0.699871 -0.706685
    outer loop
      vertex -2.88733 14.5156 0.5
      vertex -1.45065 14.7287 0.5
      vertex -2.78979 14.0252 0
    endloop
  endfacet
  facet normal 0.0347336 0.70668 -0.70668
    outer loop
      vertex 0 14.3 0
      vertex 0 14.8 0.5
      vertex 1.45065 14.7287 0.5
    endloop
  endfacet
  facet normal 0.103811 0.699871 0.706685
    outer loop
      vertex 1.45065 14.7287 6.5
      vertex 2.78979 14.0252 7
      vertex 2.88733 14.5156 6.5
    endloop
  endfacet
  facet normal 0.686323 -0.171924 0.706684
    outer loop
      vertex 13.6842 -4.15107 7
      vertex 14.5156 -2.88733 6.5
      vertex 14.0252 -2.78979 7
    endloop
  endfacet
  facet normal 0.699871 -0.103811 0.706685
    outer loop
      vertex 14.0252 -2.78979 7
      vertex 14.5156 -2.88733 6.5
      vertex 14.7287 -1.45065 6.5
    endloop
  endfacet
  facet normal 0.639623 0.302527 -0.706654
    outer loop
      vertex 13.0524 6.97667 0.5
      vertex 13.6734 5.66371 0.5
      vertex 13.2115 5.47237 0
    endloop
  endfacet
  facet normal 0.686323 0.171924 -0.706684
    outer loop
      vertex 13.6842 4.15107 0
      vertex 14.5156 2.88733 0.5
      vertex 14.0252 2.78979 0
    endloop
  endfacet
  facet normal 0.941544 0.33689 0
    outer loop
      vertex 14.1627 4.29621 1.65
      vertex 13.6734 5.66371 0.5
      vertex 13.6734 5.66371 1.65
    endloop
  endfacet
  facet normal 0.941544 0.33689 0
    outer loop
      vertex 13.6734 5.66371 0.5
      vertex 14.1627 4.29621 1.65
      vertex 14.1627 4.29621 0.5
    endloop
  endfacet
  facet normal 0.941544 0.33689 0
    outer loop
      vertex 14.1627 4.29621 6.5
      vertex 13.6734 5.66371 5.35
      vertex 13.6734 5.66371 6.5
    endloop
  endfacet
  facet normal 0.941544 0.33689 0
    outer loop
      vertex 13.6734 5.66371 5.35
      vertex 14.1627 4.29621 6.5
      vertex 14.1627 4.29621 5.35
    endloop
  endfacet
  facet normal 0.524238 0.475092 0.706726
    outer loop
      vertex 10.1116 10.1116 7
      vertex 11.4405 9.38901 6.5
      vertex 10.4652 10.4652 6.5
    endloop
  endfacet
  facet normal 0.568292 0.421491 -0.706675
    outer loop
      vertex 11.054 9.07182 0
      vertex 11.4405 9.38901 0.5
      vertex 11.89 7.94465 0
    endloop
  endfacet
  facet normal 0.903985 0.427564 0
    outer loop
      vertex 13.6734 5.66371 1.65
      vertex 13.0524 6.97667 0.5
      vertex 13.0524 6.97667 1.65
    endloop
  endfacet
  facet normal 0.903985 0.427564 0
    outer loop
      vertex 13.0524 6.97667 0.5
      vertex 13.6734 5.66371 1.65
      vertex 13.6734 5.66371 0.5
    endloop
  endfacet
  facet normal 0.903985 0.427564 0
    outer loop
      vertex 13.6734 5.66371 6.5
      vertex 13.0524 6.97667 5.35
      vertex 13.0524 6.97667 6.5
    endloop
  endfacet
  facet normal 0.903985 0.427564 0
    outer loop
      vertex 13.0524 6.97667 5.35
      vertex 13.6734 5.66371 6.5
      vertex 13.6734 5.66371 5.35
    endloop
  endfacet
  facet normal 0.475092 0.524238 -0.706726
    outer loop
      vertex 9.38901 11.4405 0.5
      vertex 10.4652 10.4652 0.5
      vertex 10.1116 10.1116 0
    endloop
  endfacet
  facet normal 0.363763 0.606886 -0.706658
    outer loop
      vertex 6.97667 13.0524 0.5
      vertex 8.22243 12.3057 0.5
      vertex 7.94465 11.89 0
    endloop
  endfacet
  facet normal 0.10381 0.69987 -0.706686
    outer loop
      vertex 1.40164 14.2311 0
      vertex 1.45065 14.7287 0.5
      vertex 2.78979 14.0252 0
    endloop
  endfacet
  facet normal 0.0347377 0.706674 -0.706686
    outer loop
      vertex 0 14.3 0
      vertex 1.45065 14.7287 0.5
      vertex 1.40164 14.2311 0
    endloop
  endfacet
  facet normal 0.857722 -0.514113 0
    outer loop
      vertex 12.3057 -8.22243 1.65
      vertex 13.0524 -6.97667 0.5
      vertex 13.0524 -6.97667 1.65
    endloop
  endfacet
  facet normal 0.857722 -0.514113 0
    outer loop
      vertex 13.0524 -6.97667 0.5
      vertex 12.3057 -8.22243 1.65
      vertex 12.3057 -8.22243 0.5
    endloop
  endfacet
  facet normal 0.857722 -0.514113 0
    outer loop
      vertex 12.3057 -8.22243 6.5
      vertex 13.0524 -6.97667 5.35
      vertex 13.0524 -6.97667 6.5
    endloop
  endfacet
  facet normal 0.857722 -0.514113 0
    outer loop
      vertex 13.0524 -6.97667 5.35
      vertex 12.3057 -8.22243 6.5
      vertex 12.3057 -8.22243 5.35
    endloop
  endfacet
  facet normal 0.595702 0.803206 -0
    outer loop
      vertex 9.38901 11.4405 5.35
      vertex 8.22243 12.3057 6.5
      vertex 9.38901 11.4405 6.5
    endloop
  endfacet
  facet normal 0.595702 0.803206 0
    outer loop
      vertex 8.22243 12.3057 6.5
      vertex 9.38901 11.4405 5.35
      vertex 8.22243 12.3057 5.35
    endloop
  endfacet
  facet normal 0.595702 0.803206 -0
    outer loop
      vertex 9.38901 11.4405 0.5
      vertex 8.22243 12.3057 1.65
      vertex 9.38901 11.4405 1.65
    endloop
  endfacet
  facet normal 0.595702 0.803206 0
    outer loop
      vertex 8.22243 12.3057 1.65
      vertex 9.38901 11.4405 0.5
      vertex 8.22243 12.3057 0.5
    endloop
  endfacet
  facet normal 0.363763 0.606886 0.706658
    outer loop
      vertex 6.97667 13.0524 6.5
      vertex 7.94465 11.89 7
      vertex 8.22243 12.3057 6.5
    endloop
  endfacet
  facet normal 0.238339 0.66621 0.706653
    outer loop
      vertex 4.15107 13.6842 7
      vertex 5.47237 13.2115 7
      vertex 5.66371 13.6734 6.5
    endloop
  endfacet
  facet normal 0.33689 0.941544 -0
    outer loop
      vertex 5.66371 13.6734 5.35
      vertex 4.29621 14.1627 6.5
      vertex 5.66371 13.6734 6.5
    endloop
  endfacet
  facet normal 0.33689 0.941544 0
    outer loop
      vertex 4.29621 14.1627 6.5
      vertex 5.66371 13.6734 5.35
      vertex 4.29621 14.1627 5.35
    endloop
  endfacet
  facet normal 0.33689 0.941544 -0
    outer loop
      vertex 5.66371 13.6734 0.5
      vertex 4.29621 14.1627 1.65
      vertex 5.66371 13.6734 1.65
    endloop
  endfacet
  facet normal 0.33689 0.941544 0
    outer loop
      vertex 4.29621 14.1627 1.65
      vertex 5.66371 13.6734 0.5
      vertex 4.29621 14.1627 0.5
    endloop
  endfacet
  facet normal 0.475153 0.524252 0.706675
    outer loop
      vertex 9.07182 11.054 7
      vertex 10.1116 10.1116 7
      vertex 9.38901 11.4405 6.5
    endloop
  endfacet
  facet normal 0.666155 0.238354 0.7067
    outer loop
      vertex 13.6734 5.66371 6.5
      vertex 13.6842 4.15107 7
      vertex 14.1627 4.29621 6.5
    endloop
  endfacet
  facet normal 0.70668 0.0347336 0.70668
    outer loop
      vertex 14.3 0 7
      vertex 14.8 0 6.5
      vertex 14.7287 1.45065 6.5
    endloop
  endfacet
  facet normal 0.998794 -0.0490911 0
    outer loop
      vertex 14.7287 -1.45065 6.5
      vertex 14.8 0 5.35
      vertex 14.8 0 6.5
    endloop
  endfacet
  facet normal 0.998794 -0.0490911 0
    outer loop
      vertex 14.8 0 5.35
      vertex 14.7287 -1.45065 6.5
      vertex 14.7287 -1.45065 5.35
    endloop
  endfacet
  facet normal 0.998794 -0.0490911 0
    outer loop
      vertex 14.7287 -1.45065 1.65
      vertex 14.8 0 0.5
      vertex 14.8 0 1.65
    endloop
  endfacet
  facet normal 0.998794 -0.0490911 0
    outer loop
      vertex 14.8 0 0.5
      vertex 14.7287 -1.45065 1.65
      vertex 14.7287 -1.45065 0.5
    endloop
  endfacet
  facet normal -0.10381 0.69987 0.706686
    outer loop
      vertex -2.78979 14.0252 7
      vertex -1.40164 14.2311 7
      vertex -1.45065 14.7287 6.5
    endloop
  endfacet
  facet normal -0.146723 0.989178 0
    outer loop
      vertex -1.45065 14.7287 5.35
      vertex -2.88733 14.5156 6.5
      vertex -1.45065 14.7287 6.5
    endloop
  endfacet
  facet normal -0.146723 0.989178 0
    outer loop
      vertex -2.88733 14.5156 6.5
      vertex -1.45065 14.7287 5.35
      vertex -2.88733 14.5156 5.35
    endloop
  endfacet
  facet normal -0.146723 0.989178 0
    outer loop
      vertex -1.45065 14.7287 0.5
      vertex -2.88733 14.5156 1.65
      vertex -1.45065 14.7287 1.65
    endloop
  endfacet
  facet normal -0.146723 0.989178 0
    outer loop
      vertex -2.88733 14.5156 1.65
      vertex -1.45065 14.7287 0.5
      vertex -2.88733 14.5156 0.5
    endloop
  endfacet
  facet normal -0.0490911 0.998794 0
    outer loop
      vertex 0 14.8 0.5
      vertex -1.45065 14.7287 1.65
      vertex 0 14.8 1.65
    endloop
  endfacet
  facet normal -0.0490911 0.998794 0
    outer loop
      vertex -1.45065 14.7287 1.65
      vertex 0 14.8 0.5
      vertex -1.45065 14.7287 0.5
    endloop
  endfacet
  facet normal -0.0490911 0.998794 0
    outer loop
      vertex 0 14.8 5.35
      vertex -1.45065 14.7287 6.5
      vertex 0 14.8 6.5
    endloop
  endfacet
  facet normal -0.0490911 0.998794 0
    outer loop
      vertex -1.45065 14.7287 6.5
      vertex 0 14.8 5.35
      vertex -1.45065 14.7287 5.35
    endloop
  endfacet
  facet normal -0.242976 0.970032 0
    outer loop
      vertex -2.88733 14.5156 5.35
      vertex -4.29621 14.1627 6.5
      vertex -2.88733 14.5156 6.5
    endloop
  endfacet
  facet normal -0.242976 0.970032 0
    outer loop
      vertex -4.29621 14.1627 6.5
      vertex -2.88733 14.5156 5.35
      vertex -4.29621 14.1627 5.35
    endloop
  endfacet
  facet normal -0.242976 0.970032 0
    outer loop
      vertex -2.88733 14.5156 0.5
      vertex -4.29621 14.1627 1.65
      vertex -2.88733 14.5156 1.65
    endloop
  endfacet
  facet normal -0.242976 0.970032 0
    outer loop
      vertex -4.29621 14.1627 1.65
      vertex -2.88733 14.5156 0.5
      vertex -4.29621 14.1627 0.5
    endloop
  endfacet
  facet normal -0.70668 -0.0347336 0.70668
    outer loop
      vertex -14.8 0 6.5
      vertex -14.7287 -1.45065 6.5
      vertex -14.3 0 7
    endloop
  endfacet
  facet normal -0.302524 -0.639637 -0.706642
    outer loop
      vertex -6.97667 -13.0524 0.5
      vertex -6.74097 -12.6115 0
      vertex -5.47237 -13.2115 0
    endloop
  endfacet
  facet normal -0.69987 -0.10381 0.706686
    outer loop
      vertex -14.7287 -1.45065 6.5
      vertex -14.0252 -2.78979 7
      vertex -14.2311 -1.40164 7
    endloop
  endfacet
  facet normal 0.242976 -0.970032 0
    outer loop
      vertex 2.88733 -14.5156 5.35
      vertex 4.29621 -14.1627 6.5
      vertex 2.88733 -14.5156 6.5
    endloop
  endfacet
  facet normal 0.242976 -0.970032 0
    outer loop
      vertex 4.29621 -14.1627 6.5
      vertex 2.88733 -14.5156 5.35
      vertex 4.29621 -14.1627 5.35
    endloop
  endfacet
  facet normal 0.242976 -0.970032 0
    outer loop
      vertex 2.88733 -14.5156 0.5
      vertex 4.29621 -14.1627 1.65
      vertex 2.88733 -14.5156 1.65
    endloop
  endfacet
  facet normal 0.242976 -0.970032 0
    outer loop
      vertex 4.29621 -14.1627 1.65
      vertex 2.88733 -14.5156 0.5
      vertex 4.29621 -14.1627 0.5
    endloop
  endfacet
  facet normal 0.0490911 -0.998794 0
    outer loop
      vertex 0 -14.8 0.5
      vertex 1.45065 -14.7287 1.65
      vertex 0 -14.8 1.65
    endloop
  endfacet
  facet normal 0.0490911 -0.998794 0
    outer loop
      vertex 1.45065 -14.7287 1.65
      vertex 0 -14.8 0.5
      vertex 1.45065 -14.7287 0.5
    endloop
  endfacet
  facet normal 0.0490911 -0.998794 0
    outer loop
      vertex 0 -14.8 5.35
      vertex 1.45065 -14.7287 6.5
      vertex 0 -14.8 6.5
    endloop
  endfacet
  facet normal 0.0490911 -0.998794 0
    outer loop
      vertex 1.45065 -14.7287 6.5
      vertex 0 -14.8 5.35
      vertex 1.45065 -14.7287 5.35
    endloop
  endfacet
  facet normal -0.421492 -0.568312 0.706659
    outer loop
      vertex -9.38901 -11.4405 6.5
      vertex -8.22243 -12.3057 6.5
      vertex -7.94465 -11.89 7
    endloop
  endfacet
  facet normal -0.568292 -0.421491 -0.706675
    outer loop
      vertex -11.89 -7.94465 0
      vertex -11.054 -9.07182 0
      vertex -11.4405 -9.38901 0.5
    endloop
  endfacet
  facet normal -0.524238 -0.475092 -0.706726
    outer loop
      vertex -11.4405 -9.38901 0.5
      vertex -10.1116 -10.1116 0
      vertex -10.4652 -10.4652 0.5
    endloop
  endfacet
  facet normal -0.524238 -0.475092 0.706726
    outer loop
      vertex -11.4405 -9.38901 6.5
      vertex -10.4652 -10.4652 6.5
      vertex -10.1116 -10.1116 7
    endloop
  endfacet
  facet normal -0.69987 -0.10381 -0.706686
    outer loop
      vertex -14.7287 -1.45065 0.5
      vertex -14.2311 -1.40164 0
      vertex -14.0252 -2.78979 0
    endloop
  endfacet
  facet normal -0.639637 -0.302524 -0.706642
    outer loop
      vertex -13.2115 -5.47237 0
      vertex -12.6115 -6.74097 0
      vertex -13.0524 -6.97667 0.5
    endloop
  endfacet
  facet normal -0.606893 -0.363779 -0.706644
    outer loop
      vertex -13.0524 -6.97667 0.5
      vertex -12.6115 -6.74097 0
      vertex -11.89 -7.94465 0
    endloop
  endfacet
  facet normal -0.238354 -0.666155 -0.7067
    outer loop
      vertex -5.66371 -13.6734 0.5
      vertex -4.15107 -13.6842 0
      vertex -4.29621 -14.1627 0.5
    endloop
  endfacet
  facet normal 0.0347377 -0.706674 -0.706686
    outer loop
      vertex 0 -14.3 0
      vertex 1.40164 -14.2311 0
      vertex 1.45065 -14.7287 0.5
    endloop
  endfacet
  facet normal 0.475153 -0.524252 0.706675
    outer loop
      vertex 9.07182 -11.054 7
      vertex 9.38901 -11.4405 6.5
      vertex 10.1116 -10.1116 7
    endloop
  endfacet
  facet normal 0.475153 -0.524252 -0.706675
    outer loop
      vertex 9.07182 -11.054 0
      vertex 10.1116 -10.1116 0
      vertex 9.38901 -11.4405 0.5
    endloop
  endfacet
  facet normal 0.10381 -0.69987 0.706686
    outer loop
      vertex 1.40164 -14.2311 7
      vertex 1.45065 -14.7287 6.5
      vertex 2.78979 -14.0252 7
    endloop
  endfacet
  facet normal 0.171924 -0.686323 0.706684
    outer loop
      vertex 2.78979 -14.0252 7
      vertex 2.88733 -14.5156 6.5
      vertex 4.15107 -13.6842 7
    endloop
  endfacet
  facet normal 0.33689 -0.941544 0
    outer loop
      vertex 4.29621 -14.1627 0.5
      vertex 5.66371 -13.6734 1.65
      vertex 4.29621 -14.1627 1.65
    endloop
  endfacet
  facet normal 0.33689 -0.941544 0
    outer loop
      vertex 5.66371 -13.6734 1.65
      vertex 4.29621 -14.1627 0.5
      vertex 5.66371 -13.6734 0.5
    endloop
  endfacet
  facet normal 0.33689 -0.941544 0
    outer loop
      vertex 4.29621 -14.1627 5.35
      vertex 5.66371 -13.6734 6.5
      vertex 4.29621 -14.1627 6.5
    endloop
  endfacet
  facet normal 0.33689 -0.941544 0
    outer loop
      vertex 5.66371 -13.6734 6.5
      vertex 4.29621 -14.1627 5.35
      vertex 5.66371 -13.6734 5.35
    endloop
  endfacet
  facet normal 0.568292 -0.421491 -0.706675
    outer loop
      vertex 11.054 -9.07182 0
      vertex 11.89 -7.94465 0
      vertex 11.4405 -9.38901 0.5
    endloop
  endfacet
  facet normal 0.606886 -0.363763 -0.706658
    outer loop
      vertex 11.89 -7.94465 0
      vertex 13.0524 -6.97667 0.5
      vertex 12.3057 -8.22243 0.5
    endloop
  endfacet
  facet normal 0.803206 -0.595702 0
    outer loop
      vertex 11.4405 -9.38901 6.5
      vertex 12.3057 -8.22243 5.35
      vertex 12.3057 -8.22243 6.5
    endloop
  endfacet
  facet normal 0.803206 -0.595702 0
    outer loop
      vertex 12.3057 -8.22243 5.35
      vertex 11.4405 -9.38901 6.5
      vertex 11.4405 -9.38901 5.35
    endloop
  endfacet
  facet normal 0.803206 -0.595702 0
    outer loop
      vertex 11.4405 -9.38901 1.65
      vertex 12.3057 -8.22243 0.5
      vertex 12.3057 -8.22243 1.65
    endloop
  endfacet
  facet normal 0.803206 -0.595702 0
    outer loop
      vertex 12.3057 -8.22243 0.5
      vertex 11.4405 -9.38901 1.65
      vertex 11.4405 -9.38901 0.5
    endloop
  endfacet
  facet normal 0.740986 -0.67152 0
    outer loop
      vertex 10.4652 -10.4652 6.5
      vertex 11.4405 -9.38901 5.35
      vertex 11.4405 -9.38901 6.5
    endloop
  endfacet
  facet normal 0.740986 -0.67152 0
    outer loop
      vertex 11.4405 -9.38901 5.35
      vertex 10.4652 -10.4652 6.5
      vertex 10.4652 -10.4652 5.35
    endloop
  endfacet
  facet normal 0.740986 -0.67152 0
    outer loop
      vertex 10.4652 -10.4652 1.65
      vertex 11.4405 -9.38901 0.5
      vertex 11.4405 -9.38901 1.65
    endloop
  endfacet
  facet normal 0.740986 -0.67152 0
    outer loop
      vertex 11.4405 -9.38901 0.5
      vertex 10.4652 -10.4652 1.65
      vertex 10.4652 -10.4652 0.5
    endloop
  endfacet
  facet normal 0.639623 -0.302527 0.706654
    outer loop
      vertex 13.0524 -6.97667 6.5
      vertex 13.6734 -5.66371 6.5
      vertex 13.2115 -5.47237 7
    endloop
  endfacet
  facet normal -0.68631 0.171909 -0.706701
    outer loop
      vertex -14.5156 2.88733 0.5
      vertex -14.1627 4.29621 0.5
      vertex -13.6842 4.15107 0
    endloop
  endfacet
  facet normal -0.686323 0.171924 -0.706684
    outer loop
      vertex -14.5156 2.88733 0.5
      vertex -13.6842 4.15107 0
      vertex -14.0252 2.78979 0
    endloop
  endfacet
  facet normal -0.606893 0.363779 0.706644
    outer loop
      vertex -13.0524 6.97667 6.5
      vertex -12.6115 6.74097 7
      vertex -11.89 7.94465 7
    endloop
  endfacet
  facet normal -0.606886 0.363763 0.706658
    outer loop
      vertex -13.0524 6.97667 6.5
      vertex -11.89 7.94465 7
      vertex -12.3057 8.22243 6.5
    endloop
  endfacet
  facet normal -0.857722 0.514113 0
    outer loop
      vertex -13.0524 6.97667 0.5
      vertex -12.3057 8.22243 1.65
      vertex -12.3057 8.22243 0.5
    endloop
  endfacet
  facet normal -0.857722 0.514113 0
    outer loop
      vertex -12.3057 8.22243 1.65
      vertex -13.0524 6.97667 0.5
      vertex -13.0524 6.97667 1.65
    endloop
  endfacet
  facet normal -0.857722 0.514113 0
    outer loop
      vertex -13.0524 6.97667 5.35
      vertex -12.3057 8.22243 6.5
      vertex -12.3057 8.22243 5.35
    endloop
  endfacet
  facet normal -0.857722 0.514113 0
    outer loop
      vertex -12.3057 8.22243 6.5
      vertex -13.0524 6.97667 5.35
      vertex -13.0524 6.97667 6.5
    endloop
  endfacet
  facet normal -0.970032 0.242976 0
    outer loop
      vertex -14.5156 2.88733 0.5
      vertex -14.1627 4.29621 1.65
      vertex -14.1627 4.29621 0.5
    endloop
  endfacet
  facet normal -0.970032 0.242976 0
    outer loop
      vertex -14.1627 4.29621 1.65
      vertex -14.5156 2.88733 0.5
      vertex -14.5156 2.88733 1.65
    endloop
  endfacet
  facet normal -0.970032 0.242976 0
    outer loop
      vertex -14.5156 2.88733 5.35
      vertex -14.1627 4.29621 6.5
      vertex -14.1627 4.29621 5.35
    endloop
  endfacet
  facet normal -0.970032 0.242976 0
    outer loop
      vertex -14.1627 4.29621 6.5
      vertex -14.5156 2.88733 5.35
      vertex -14.5156 2.88733 6.5
    endloop
  endfacet
  facet normal -0.699871 0.103811 0.706685
    outer loop
      vertex -14.7287 1.45065 6.5
      vertex -14.0252 2.78979 7
      vertex -14.5156 2.88733 6.5
    endloop
  endfacet
  facet normal -0.363779 0.606893 -0.706644
    outer loop
      vertex -7.94465 11.89 0
      vertex -6.97667 13.0524 0.5
      vertex -6.74097 12.6115 0
    endloop
  endfacet
  facet normal -0.171909 0.68631 -0.706701
    outer loop
      vertex -4.29621 14.1627 0.5
      vertex -2.88733 14.5156 0.5
      vertex -4.15107 13.6842 0
    endloop
  endfacet
  facet normal -0.238354 0.666155 -0.7067
    outer loop
      vertex -5.66371 13.6734 0.5
      vertex -4.29621 14.1627 0.5
      vertex -4.15107 13.6842 0
    endloop
  endfacet
  facet normal 0.0347336 0.70668 0.70668
    outer loop
      vertex 0 14.3 7
      vertex 1.45065 14.7287 6.5
      vertex 0 14.8 6.5
    endloop
  endfacet
  facet normal 0.66621 -0.238339 0.706653
    outer loop
      vertex 13.2115 -5.47237 7
      vertex 13.6734 -5.66371 6.5
      vertex 13.6842 -4.15107 7
    endloop
  endfacet
  facet normal 0.989178 -0.146723 0
    outer loop
      vertex 14.5156 -2.88733 6.5
      vertex 14.7287 -1.45065 5.35
      vertex 14.7287 -1.45065 6.5
    endloop
  endfacet
  facet normal 0.989178 -0.146723 0
    outer loop
      vertex 14.7287 -1.45065 5.35
      vertex 14.5156 -2.88733 6.5
      vertex 14.5156 -2.88733 5.35
    endloop
  endfacet
  facet normal 0.989178 -0.146723 0
    outer loop
      vertex 14.5156 -2.88733 1.65
      vertex 14.7287 -1.45065 0.5
      vertex 14.7287 -1.45065 1.65
    endloop
  endfacet
  facet normal 0.989178 -0.146723 0
    outer loop
      vertex 14.7287 -1.45065 0.5
      vertex 14.5156 -2.88733 1.65
      vertex 14.5156 -2.88733 0.5
    endloop
  endfacet
  facet normal 0.699871 -0.103811 -0.706685
    outer loop
      vertex 14.0252 -2.78979 0
      vertex 14.7287 -1.45065 0.5
      vertex 14.5156 -2.88733 0.5
    endloop
  endfacet
  facet normal 0.970032 -0.242976 0
    outer loop
      vertex 14.1627 -4.29621 6.5
      vertex 14.5156 -2.88733 5.35
      vertex 14.5156 -2.88733 6.5
    endloop
  endfacet
  facet normal 0.970032 -0.242976 0
    outer loop
      vertex 14.5156 -2.88733 5.35
      vertex 14.1627 -4.29621 6.5
      vertex 14.1627 -4.29621 5.35
    endloop
  endfacet
  facet normal 0.970032 -0.242976 0
    outer loop
      vertex 14.1627 -4.29621 1.65
      vertex 14.5156 -2.88733 0.5
      vertex 14.5156 -2.88733 1.65
    endloop
  endfacet
  facet normal 0.970032 -0.242976 0
    outer loop
      vertex 14.5156 -2.88733 0.5
      vertex 14.1627 -4.29621 1.65
      vertex 14.1627 -4.29621 0.5
    endloop
  endfacet
  facet normal 0.941544 -0.33689 0
    outer loop
      vertex 13.6734 -5.66371 6.5
      vertex 14.1627 -4.29621 5.35
      vertex 14.1627 -4.29621 6.5
    endloop
  endfacet
  facet normal 0.941544 -0.33689 0
    outer loop
      vertex 14.1627 -4.29621 5.35
      vertex 13.6734 -5.66371 6.5
      vertex 13.6734 -5.66371 5.35
    endloop
  endfacet
  facet normal 0.941544 -0.33689 0
    outer loop
      vertex 13.6734 -5.66371 1.65
      vertex 14.1627 -4.29621 0.5
      vertex 14.1627 -4.29621 1.65
    endloop
  endfacet
  facet normal 0.941544 -0.33689 0
    outer loop
      vertex 14.1627 -4.29621 0.5
      vertex 13.6734 -5.66371 1.65
      vertex 13.6734 -5.66371 0.5
    endloop
  endfacet
  facet normal 0.68631 0.171909 0.706701
    outer loop
      vertex 13.6842 4.15107 7
      vertex 14.5156 2.88733 6.5
      vertex 14.1627 4.29621 6.5
    endloop
  endfacet
  facet normal 0.686323 0.171924 0.706684
    outer loop
      vertex 13.6842 4.15107 7
      vertex 14.0252 2.78979 7
      vertex 14.5156 2.88733 6.5
    endloop
  endfacet
  facet normal 0.69987 0.10381 -0.706686
    outer loop
      vertex 14.0252 2.78979 0
      vertex 14.7287 1.45065 0.5
      vertex 14.2311 1.40164 0
    endloop
  endfacet
  facet normal 0.606886 0.363763 -0.706658
    outer loop
      vertex 11.89 7.94465 0
      vertex 12.3057 8.22243 0.5
      vertex 13.0524 6.97667 0.5
    endloop
  endfacet
  facet normal 0.639637 0.302524 -0.706642
    outer loop
      vertex 12.6115 6.74097 0
      vertex 13.0524 6.97667 0.5
      vertex 13.2115 5.47237 0
    endloop
  endfacet
  facet normal 0.606886 0.363763 0.706658
    outer loop
      vertex 11.89 7.94465 7
      vertex 13.0524 6.97667 6.5
      vertex 12.3057 8.22243 6.5
    endloop
  endfacet
  facet normal 0.475092 0.524238 0.706726
    outer loop
      vertex 9.38901 11.4405 6.5
      vertex 10.1116 10.1116 7
      vertex 10.4652 10.4652 6.5
    endloop
  endfacet
  facet normal 0.475153 0.524252 -0.706675
    outer loop
      vertex 9.07182 11.054 0
      vertex 9.38901 11.4405 0.5
      vertex 10.1116 10.1116 0
    endloop
  endfacet
  facet normal 0.421491 0.568292 -0.706675
    outer loop
      vertex 7.94465 11.89 0
      vertex 9.38901 11.4405 0.5
      vertex 9.07182 11.054 0
    endloop
  endfacet
  facet normal 0.171909 0.68631 -0.706701
    outer loop
      vertex 2.88733 14.5156 0.5
      vertex 4.29621 14.1627 0.5
      vertex 4.15107 13.6842 0
    endloop
  endfacet
  facet normal 0.238354 0.666155 -0.7067
    outer loop
      vertex 4.15107 13.6842 0
      vertex 4.29621 14.1627 0.5
      vertex 5.66371 13.6734 0.5
    endloop
  endfacet
  facet normal 0.171924 0.686323 -0.706684
    outer loop
      vertex 2.78979 14.0252 0
      vertex 2.88733 14.5156 0.5
      vertex 4.15107 13.6842 0
    endloop
  endfacet
  facet normal 0.103811 0.699871 -0.706685
    outer loop
      vertex 1.45065 14.7287 0.5
      vertex 2.88733 14.5156 0.5
      vertex 2.78979 14.0252 0
    endloop
  endfacet
  facet normal 0.302524 0.639637 -0.706642
    outer loop
      vertex 5.47237 13.2115 0
      vertex 6.97667 13.0524 0.5
      vertex 6.74097 12.6115 0
    endloop
  endfacet
  facet normal 0.302527 0.639623 0.706654
    outer loop
      vertex 5.47237 13.2115 7
      vertex 6.97667 13.0524 6.5
      vertex 5.66371 13.6734 6.5
    endloop
  endfacet
  facet normal 0.302524 0.639637 0.706642
    outer loop
      vertex 5.47237 13.2115 7
      vertex 6.74097 12.6115 7
      vertex 6.97667 13.0524 6.5
    endloop
  endfacet
  facet normal 0.421491 0.568292 0.706675
    outer loop
      vertex 7.94465 11.89 7
      vertex 9.07182 11.054 7
      vertex 9.38901 11.4405 6.5
    endloop
  endfacet
  facet normal -0.171909 0.68631 0.706701
    outer loop
      vertex -4.29621 14.1627 6.5
      vertex -4.15107 13.6842 7
      vertex -2.88733 14.5156 6.5
    endloop
  endfacet
  facet normal -0.171924 0.686323 0.706684
    outer loop
      vertex -4.15107 13.6842 7
      vertex -2.78979 14.0252 7
      vertex -2.88733 14.5156 6.5
    endloop
  endfacet
  facet normal -0.970032 -0.242976 0
    outer loop
      vertex -14.1627 -4.29621 5.35
      vertex -14.5156 -2.88733 6.5
      vertex -14.5156 -2.88733 5.35
    endloop
  endfacet
  facet normal -0.970032 -0.242976 0
    outer loop
      vertex -14.5156 -2.88733 6.5
      vertex -14.1627 -4.29621 5.35
      vertex -14.1627 -4.29621 6.5
    endloop
  endfacet
  facet normal -0.970032 -0.242976 0
    outer loop
      vertex -14.1627 -4.29621 0.5
      vertex -14.5156 -2.88733 1.65
      vertex -14.5156 -2.88733 0.5
    endloop
  endfacet
  facet normal -0.970032 -0.242976 0
    outer loop
      vertex -14.5156 -2.88733 1.65
      vertex -14.1627 -4.29621 0.5
      vertex -14.1627 -4.29621 1.65
    endloop
  endfacet
  facet normal -0.606886 -0.363763 0.706658
    outer loop
      vertex -13.0524 -6.97667 6.5
      vertex -12.3057 -8.22243 6.5
      vertex -11.89 -7.94465 7
    endloop
  endfacet
  facet normal -0.606893 -0.363779 0.706644
    outer loop
      vertex -13.0524 -6.97667 6.5
      vertex -11.89 -7.94465 7
      vertex -12.6115 -6.74097 7
    endloop
  endfacet
  facet normal -0.475153 -0.524252 0.706675
    outer loop
      vertex -10.1116 -10.1116 7
      vertex -9.38901 -11.4405 6.5
      vertex -9.07182 -11.054 7
    endloop
  endfacet
  facet normal -0.171924 -0.686323 0.706684
    outer loop
      vertex -4.15107 -13.6842 7
      vertex -2.88733 -14.5156 6.5
      vertex -2.78979 -14.0252 7
    endloop
  endfacet
  facet normal -0.0347336 -0.70668 0.70668
    outer loop
      vertex -1.45065 -14.7287 6.5
      vertex 0 -14.8 6.5
      vertex 0 -14.3 7
    endloop
  endfacet
  facet normal 0.103811 -0.699871 -0.706685
    outer loop
      vertex 1.45065 -14.7287 0.5
      vertex 2.78979 -14.0252 0
      vertex 2.88733 -14.5156 0.5
    endloop
  endfacet
  facet normal -0.421492 -0.568312 -0.706659
    outer loop
      vertex -9.38901 -11.4405 0.5
      vertex -7.94465 -11.89 0
      vertex -8.22243 -12.3057 0.5
    endloop
  endfacet
  facet normal -0.302527 -0.639623 0.706654
    outer loop
      vertex -6.97667 -13.0524 6.5
      vertex -5.66371 -13.6734 6.5
      vertex -5.47237 -13.2115 7
    endloop
  endfacet
  facet normal -0.33689 -0.941544 0
    outer loop
      vertex -5.66371 -13.6734 0.5
      vertex -4.29621 -14.1627 1.65
      vertex -5.66371 -13.6734 1.65
    endloop
  endfacet
  facet normal -0.33689 -0.941544 -0
    outer loop
      vertex -4.29621 -14.1627 1.65
      vertex -5.66371 -13.6734 0.5
      vertex -4.29621 -14.1627 0.5
    endloop
  endfacet
  facet normal -0.33689 -0.941544 0
    outer loop
      vertex -5.66371 -13.6734 5.35
      vertex -4.29621 -14.1627 6.5
      vertex -5.66371 -13.6734 6.5
    endloop
  endfacet
  facet normal -0.33689 -0.941544 -0
    outer loop
      vertex -4.29621 -14.1627 6.5
      vertex -5.66371 -13.6734 5.35
      vertex -4.29621 -14.1627 5.35
    endloop
  endfacet
  facet normal -0.146723 -0.989178 0
    outer loop
      vertex -2.88733 -14.5156 0.5
      vertex -1.45065 -14.7287 1.65
      vertex -2.88733 -14.5156 1.65
    endloop
  endfacet
  facet normal -0.146723 -0.989178 -0
    outer loop
      vertex -1.45065 -14.7287 1.65
      vertex -2.88733 -14.5156 0.5
      vertex -1.45065 -14.7287 0.5
    endloop
  endfacet
  facet normal -0.146723 -0.989178 0
    outer loop
      vertex -2.88733 -14.5156 5.35
      vertex -1.45065 -14.7287 6.5
      vertex -2.88733 -14.5156 6.5
    endloop
  endfacet
  facet normal -0.146723 -0.989178 -0
    outer loop
      vertex -1.45065 -14.7287 6.5
      vertex -2.88733 -14.5156 5.35
      vertex -1.45065 -14.7287 5.35
    endloop
  endfacet
  facet normal -0.363779 -0.606893 -0.706644
    outer loop
      vertex -7.94465 -11.89 0
      vertex -6.74097 -12.6115 0
      vertex -6.97667 -13.0524 0.5
    endloop
  endfacet
  facet normal -0.363763 -0.606886 -0.706658
    outer loop
      vertex -8.22243 -12.3057 0.5
      vertex -7.94465 -11.89 0
      vertex -6.97667 -13.0524 0.5
    endloop
  endfacet
  facet normal -0.524252 -0.475153 -0.706675
    outer loop
      vertex -11.4405 -9.38901 0.5
      vertex -11.054 -9.07182 0
      vertex -10.1116 -10.1116 0
    endloop
  endfacet
  facet normal -0.475092 -0.524238 0.706726
    outer loop
      vertex -10.4652 -10.4652 6.5
      vertex -9.38901 -11.4405 6.5
      vertex -10.1116 -10.1116 7
    endloop
  endfacet
  facet normal -0.67152 -0.740986 0
    outer loop
      vertex -10.4652 -10.4652 0.5
      vertex -9.38901 -11.4405 1.65
      vertex -10.4652 -10.4652 1.65
    endloop
  endfacet
  facet normal -0.67152 -0.740986 -0
    outer loop
      vertex -9.38901 -11.4405 1.65
      vertex -10.4652 -10.4652 0.5
      vertex -9.38901 -11.4405 0.5
    endloop
  endfacet
  facet normal -0.67152 -0.740986 0
    outer loop
      vertex -10.4652 -10.4652 5.35
      vertex -9.38901 -11.4405 6.5
      vertex -10.4652 -10.4652 6.5
    endloop
  endfacet
  facet normal -0.67152 -0.740986 -0
    outer loop
      vertex -9.38901 -11.4405 6.5
      vertex -10.4652 -10.4652 5.35
      vertex -9.38901 -11.4405 5.35
    endloop
  endfacet
  facet normal -0.0347377 -0.706674 -0.706686
    outer loop
      vertex -1.45065 -14.7287 0.5
      vertex -1.40164 -14.2311 0
      vertex 0 -14.3 0
    endloop
  endfacet
  facet normal -0.0347336 -0.70668 -0.70668
    outer loop
      vertex -1.45065 -14.7287 0.5
      vertex 0 -14.3 0
      vertex 0 -14.8 0.5
    endloop
  endfacet
  facet normal 0.421492 -0.568312 0.706659
    outer loop
      vertex 7.94465 -11.89 7
      vertex 8.22243 -12.3057 6.5
      vertex 9.38901 -11.4405 6.5
    endloop
  endfacet
  facet normal 0.475092 -0.524238 0.706726
    outer loop
      vertex 9.38901 -11.4405 6.5
      vertex 10.4652 -10.4652 6.5
      vertex 10.1116 -10.1116 7
    endloop
  endfacet
  facet normal 0.238354 -0.666155 -0.7067
    outer loop
      vertex 4.15107 -13.6842 0
      vertex 5.66371 -13.6734 0.5
      vertex 4.29621 -14.1627 0.5
    endloop
  endfacet
  facet normal 0.363763 -0.606886 0.706658
    outer loop
      vertex 6.97667 -13.0524 6.5
      vertex 8.22243 -12.3057 6.5
      vertex 7.94465 -11.89 7
    endloop
  endfacet
  facet normal 0.238339 -0.66621 0.706653
    outer loop
      vertex 4.15107 -13.6842 7
      vertex 5.66371 -13.6734 6.5
      vertex 5.47237 -13.2115 7
    endloop
  endfacet
  facet normal 0.238354 -0.666155 0.7067
    outer loop
      vertex 4.15107 -13.6842 7
      vertex 4.29621 -14.1627 6.5
      vertex 5.66371 -13.6734 6.5
    endloop
  endfacet
  facet normal 0.146723 -0.989178 0
    outer loop
      vertex 1.45065 -14.7287 0.5
      vertex 2.88733 -14.5156 1.65
      vertex 1.45065 -14.7287 1.65
    endloop
  endfacet
  facet normal 0.146723 -0.989178 0
    outer loop
      vertex 2.88733 -14.5156 1.65
      vertex 1.45065 -14.7287 0.5
      vertex 2.88733 -14.5156 0.5
    endloop
  endfacet
  facet normal 0.146723 -0.989178 0
    outer loop
      vertex 1.45065 -14.7287 5.35
      vertex 2.88733 -14.5156 6.5
      vertex 1.45065 -14.7287 6.5
    endloop
  endfacet
  facet normal 0.146723 -0.989178 0
    outer loop
      vertex 2.88733 -14.5156 6.5
      vertex 1.45065 -14.7287 5.35
      vertex 2.88733 -14.5156 5.35
    endloop
  endfacet
  facet normal 0.103811 -0.699871 0.706685
    outer loop
      vertex 1.45065 -14.7287 6.5
      vertex 2.88733 -14.5156 6.5
      vertex 2.78979 -14.0252 7
    endloop
  endfacet
  facet normal 0.171924 -0.686323 -0.706684
    outer loop
      vertex 2.78979 -14.0252 0
      vertex 4.15107 -13.6842 0
      vertex 2.88733 -14.5156 0.5
    endloop
  endfacet
  facet normal 0.427564 -0.903985 0
    outer loop
      vertex 5.66371 -13.6734 5.35
      vertex 6.97667 -13.0524 6.5
      vertex 5.66371 -13.6734 6.5
    endloop
  endfacet
  facet normal 0.427564 -0.903985 0
    outer loop
      vertex 6.97667 -13.0524 6.5
      vertex 5.66371 -13.6734 5.35
      vertex 6.97667 -13.0524 5.35
    endloop
  endfacet
  facet normal 0.427564 -0.903985 0
    outer loop
      vertex 5.66371 -13.6734 0.5
      vertex 6.97667 -13.0524 1.65
      vertex 5.66371 -13.6734 1.65
    endloop
  endfacet
  facet normal 0.427564 -0.903985 0
    outer loop
      vertex 6.97667 -13.0524 1.65
      vertex 5.66371 -13.6734 0.5
      vertex 6.97667 -13.0524 0.5
    endloop
  endfacet
  facet normal 0.238339 -0.66621 -0.706653
    outer loop
      vertex 4.15107 -13.6842 0
      vertex 5.47237 -13.2115 0
      vertex 5.66371 -13.6734 0.5
    endloop
  endfacet
  facet normal 0.595702 -0.803206 0
    outer loop
      vertex 8.22243 -12.3057 0.5
      vertex 9.38901 -11.4405 1.65
      vertex 8.22243 -12.3057 1.65
    endloop
  endfacet
  facet normal 0.595702 -0.803206 0
    outer loop
      vertex 9.38901 -11.4405 1.65
      vertex 8.22243 -12.3057 0.5
      vertex 9.38901 -11.4405 0.5
    endloop
  endfacet
  facet normal 0.595702 -0.803206 0
    outer loop
      vertex 8.22243 -12.3057 5.35
      vertex 9.38901 -11.4405 6.5
      vertex 8.22243 -12.3057 6.5
    endloop
  endfacet
  facet normal 0.595702 -0.803206 0
    outer loop
      vertex 9.38901 -11.4405 6.5
      vertex 8.22243 -12.3057 5.35
      vertex 9.38901 -11.4405 5.35
    endloop
  endfacet
  facet normal 0.568312 -0.421492 -0.706659
    outer loop
      vertex 11.4405 -9.38901 0.5
      vertex 11.89 -7.94465 0
      vertex 12.3057 -8.22243 0.5
    endloop
  endfacet
  facet normal 0.686323 -0.171924 -0.706684
    outer loop
      vertex 13.6842 -4.15107 0
      vertex 14.0252 -2.78979 0
      vertex 14.5156 -2.88733 0.5
    endloop
  endfacet
  facet normal 0.568292 -0.421491 0.706675
    outer loop
      vertex 11.054 -9.07182 7
      vertex 11.4405 -9.38901 6.5
      vertex 11.89 -7.94465 7
    endloop
  endfacet
  facet normal 0.524252 -0.475153 0.706675
    outer loop
      vertex 10.1116 -10.1116 7
      vertex 11.4405 -9.38901 6.5
      vertex 11.054 -9.07182 7
    endloop
  endfacet
  facet normal 0.524252 -0.475153 -0.706675
    outer loop
      vertex 10.1116 -10.1116 0
      vertex 11.054 -9.07182 0
      vertex 11.4405 -9.38901 0.5
    endloop
  endfacet
  facet normal 0.524238 -0.475092 -0.706726
    outer loop
      vertex 10.1116 -10.1116 0
      vertex 11.4405 -9.38901 0.5
      vertex 10.4652 -10.4652 0.5
    endloop
  endfacet
  facet normal 0.903985 -0.427564 0
    outer loop
      vertex 13.0524 -6.97667 1.65
      vertex 13.6734 -5.66371 0.5
      vertex 13.6734 -5.66371 1.65
    endloop
  endfacet
  facet normal 0.903985 -0.427564 0
    outer loop
      vertex 13.6734 -5.66371 0.5
      vertex 13.0524 -6.97667 1.65
      vertex 13.0524 -6.97667 0.5
    endloop
  endfacet
  facet normal 0.903985 -0.427564 0
    outer loop
      vertex 13.0524 -6.97667 6.5
      vertex 13.6734 -5.66371 5.35
      vertex 13.6734 -5.66371 6.5
    endloop
  endfacet
  facet normal 0.903985 -0.427564 0
    outer loop
      vertex 13.6734 -5.66371 5.35
      vertex 13.0524 -6.97667 6.5
      vertex 13.0524 -6.97667 5.35
    endloop
  endfacet
  facet normal 0.639637 -0.302524 0.706642
    outer loop
      vertex 12.6115 -6.74097 7
      vertex 13.0524 -6.97667 6.5
      vertex 13.2115 -5.47237 7
    endloop
  endfacet
  facet normal 0.606893 -0.363779 0.706644
    outer loop
      vertex 11.89 -7.94465 7
      vertex 13.0524 -6.97667 6.5
      vertex 12.6115 -6.74097 7
    endloop
  endfacet
  facet normal -0.639623 0.302527 -0.706654
    outer loop
      vertex -13.6734 5.66371 0.5
      vertex -13.0524 6.97667 0.5
      vertex -13.2115 5.47237 0
    endloop
  endfacet
  facet normal -0.903985 0.427564 0
    outer loop
      vertex -13.6734 5.66371 0.5
      vertex -13.0524 6.97667 1.65
      vertex -13.0524 6.97667 0.5
    endloop
  endfacet
  facet normal -0.903985 0.427564 0
    outer loop
      vertex -13.0524 6.97667 1.65
      vertex -13.6734 5.66371 0.5
      vertex -13.6734 5.66371 1.65
    endloop
  endfacet
  facet normal -0.903985 0.427564 0
    outer loop
      vertex -13.6734 5.66371 5.35
      vertex -13.0524 6.97667 6.5
      vertex -13.0524 6.97667 5.35
    endloop
  endfacet
  facet normal -0.903985 0.427564 0
    outer loop
      vertex -13.0524 6.97667 6.5
      vertex -13.6734 5.66371 5.35
      vertex -13.6734 5.66371 6.5
    endloop
  endfacet
  facet normal -0.639623 0.302527 0.706654
    outer loop
      vertex -13.6734 5.66371 6.5
      vertex -13.2115 5.47237 7
      vertex -13.0524 6.97667 6.5
    endloop
  endfacet
  facet normal -0.686323 0.171924 0.706684
    outer loop
      vertex -14.5156 2.88733 6.5
      vertex -14.0252 2.78979 7
      vertex -13.6842 4.15107 7
    endloop
  endfacet
  facet normal -0.363779 0.606893 0.706644
    outer loop
      vertex -7.94465 11.89 7
      vertex -6.74097 12.6115 7
      vertex -6.97667 13.0524 6.5
    endloop
  endfacet
  facet normal -0.302524 0.639637 0.706642
    outer loop
      vertex -6.97667 13.0524 6.5
      vertex -6.74097 12.6115 7
      vertex -5.47237 13.2115 7
    endloop
  endfacet
  facet normal -0.10381 0.69987 -0.706686
    outer loop
      vertex -2.78979 14.0252 0
      vertex -1.45065 14.7287 0.5
      vertex -1.40164 14.2311 0
    endloop
  endfacet
  facet normal 0.0347377 0.706674 0.706686
    outer loop
      vertex 0 14.3 7
      vertex 1.40164 14.2311 7
      vertex 1.45065 14.7287 6.5
    endloop
  endfacet
  facet normal 0.10381 0.69987 0.706686
    outer loop
      vertex 1.40164 14.2311 7
      vertex 2.78979 14.0252 7
      vertex 1.45065 14.7287 6.5
    endloop
  endfacet
  facet normal 0.66621 0.238339 0.706653
    outer loop
      vertex 13.2115 5.47237 7
      vertex 13.6842 4.15107 7
      vertex 13.6734 5.66371 6.5
    endloop
  endfacet
  facet normal 0.69987 -0.10381 -0.706686
    outer loop
      vertex 14.0252 -2.78979 0
      vertex 14.2311 -1.40164 0
      vertex 14.7287 -1.45065 0.5
    endloop
  endfacet
  facet normal 0.70668 -0.0347336 -0.70668
    outer loop
      vertex 14.3 0 0
      vertex 14.8 0 0.5
      vertex 14.7287 -1.45065 0.5
    endloop
  endfacet
  facet normal 0.68631 0.171909 -0.706701
    outer loop
      vertex 13.6842 4.15107 0
      vertex 14.1627 4.29621 0.5
      vertex 14.5156 2.88733 0.5
    endloop
  endfacet
  facet normal 0.666155 0.238354 -0.7067
    outer loop
      vertex 13.6734 5.66371 0.5
      vertex 14.1627 4.29621 0.5
      vertex 13.6842 4.15107 0
    endloop
  endfacet
  facet normal 0.606893 0.363779 0.706644
    outer loop
      vertex 11.89 7.94465 7
      vertex 12.6115 6.74097 7
      vertex 13.0524 6.97667 6.5
    endloop
  endfacet
  facet normal 0.639637 0.302524 0.706642
    outer loop
      vertex 12.6115 6.74097 7
      vertex 13.2115 5.47237 7
      vertex 13.0524 6.97667 6.5
    endloop
  endfacet
  facet normal 0.740986 0.67152 0
    outer loop
      vertex 11.4405 9.38901 1.65
      vertex 10.4652 10.4652 0.5
      vertex 10.4652 10.4652 1.65
    endloop
  endfacet
  facet normal 0.740986 0.67152 0
    outer loop
      vertex 10.4652 10.4652 0.5
      vertex 11.4405 9.38901 1.65
      vertex 11.4405 9.38901 0.5
    endloop
  endfacet
  facet normal 0.740986 0.67152 0
    outer loop
      vertex 11.4405 9.38901 6.5
      vertex 10.4652 10.4652 5.35
      vertex 10.4652 10.4652 6.5
    endloop
  endfacet
  facet normal 0.740986 0.67152 0
    outer loop
      vertex 10.4652 10.4652 5.35
      vertex 11.4405 9.38901 6.5
      vertex 11.4405 9.38901 5.35
    endloop
  endfacet
  facet normal 0.803206 0.595702 0
    outer loop
      vertex 12.3057 8.22243 1.65
      vertex 11.4405 9.38901 0.5
      vertex 11.4405 9.38901 1.65
    endloop
  endfacet
  facet normal 0.803206 0.595702 0
    outer loop
      vertex 11.4405 9.38901 0.5
      vertex 12.3057 8.22243 1.65
      vertex 12.3057 8.22243 0.5
    endloop
  endfacet
  facet normal 0.803206 0.595702 0
    outer loop
      vertex 12.3057 8.22243 6.5
      vertex 11.4405 9.38901 5.35
      vertex 11.4405 9.38901 6.5
    endloop
  endfacet
  facet normal 0.803206 0.595702 0
    outer loop
      vertex 11.4405 9.38901 5.35
      vertex 12.3057 8.22243 6.5
      vertex 12.3057 8.22243 5.35
    endloop
  endfacet
  facet normal 0.68631 -0.171909 0.706701
    outer loop
      vertex 13.6842 -4.15107 7
      vertex 14.1627 -4.29621 6.5
      vertex 14.5156 -2.88733 6.5
    endloop
  endfacet
  facet normal 0.666155 -0.238354 0.7067
    outer loop
      vertex 13.6734 -5.66371 6.5
      vertex 14.1627 -4.29621 6.5
      vertex 13.6842 -4.15107 7
    endloop
  endfacet
  facet normal 0.171924 0.686323 0.706684
    outer loop
      vertex 2.78979 14.0252 7
      vertex 4.15107 13.6842 7
      vertex 2.88733 14.5156 6.5
    endloop
  endfacet
  facet normal 0.171909 0.68631 0.706701
    outer loop
      vertex 2.88733 14.5156 6.5
      vertex 4.15107 13.6842 7
      vertex 4.29621 14.1627 6.5
    endloop
  endfacet
  facet normal -0.238339 0.66621 0.706653
    outer loop
      vertex -5.66371 13.6734 6.5
      vertex -5.47237 13.2115 7
      vertex -4.15107 13.6842 7
    endloop
  endfacet
  facet normal -0.66621 -0.238339 0.706653
    outer loop
      vertex -13.6842 -4.15107 7
      vertex -13.6734 -5.66371 6.5
      vertex -13.2115 -5.47237 7
    endloop
  endfacet
  facet normal -0.666155 -0.238354 0.7067
    outer loop
      vertex -14.1627 -4.29621 6.5
      vertex -13.6734 -5.66371 6.5
      vertex -13.6842 -4.15107 7
    endloop
  endfacet
  facet normal -0.524252 -0.475153 0.706675
    outer loop
      vertex -11.4405 -9.38901 6.5
      vertex -10.1116 -10.1116 7
      vertex -11.054 -9.07182 7
    endloop
  endfacet
  facet normal -0.568312 -0.421492 0.706659
    outer loop
      vertex -12.3057 -8.22243 6.5
      vertex -11.4405 -9.38901 6.5
      vertex -11.89 -7.94465 7
    endloop
  endfacet
  facet normal -0.421491 -0.568292 0.706675
    outer loop
      vertex -9.38901 -11.4405 6.5
      vertex -7.94465 -11.89 7
      vertex -9.07182 -11.054 7
    endloop
  endfacet
  facet normal -0.171909 -0.68631 0.706701
    outer loop
      vertex -4.29621 -14.1627 6.5
      vertex -2.88733 -14.5156 6.5
      vertex -4.15107 -13.6842 7
    endloop
  endfacet
  facet normal -0.475153 -0.524252 -0.706675
    outer loop
      vertex -10.1116 -10.1116 0
      vertex -9.07182 -11.054 0
      vertex -9.38901 -11.4405 0.5
    endloop
  endfacet
  facet normal -0.475092 -0.524238 -0.706726
    outer loop
      vertex -10.4652 -10.4652 0.5
      vertex -10.1116 -10.1116 0
      vertex -9.38901 -11.4405 0.5
    endloop
  endfacet
  facet normal -0.363763 -0.606886 0.706658
    outer loop
      vertex -8.22243 -12.3057 6.5
      vertex -6.97667 -13.0524 6.5
      vertex -7.94465 -11.89 7
    endloop
  endfacet
  facet normal -0.363779 -0.606893 0.706644
    outer loop
      vertex -7.94465 -11.89 7
      vertex -6.97667 -13.0524 6.5
      vertex -6.74097 -12.6115 7
    endloop
  endfacet
  facet normal -0.238354 -0.666155 0.7067
    outer loop
      vertex -5.66371 -13.6734 6.5
      vertex -4.29621 -14.1627 6.5
      vertex -4.15107 -13.6842 7
    endloop
  endfacet
  facet normal -0.171924 -0.686323 -0.706684
    outer loop
      vertex -4.15107 -13.6842 0
      vertex -2.78979 -14.0252 0
      vertex -2.88733 -14.5156 0.5
    endloop
  endfacet
  facet normal -0.103811 -0.699871 -0.706685
    outer loop
      vertex -2.88733 -14.5156 0.5
      vertex -2.78979 -14.0252 0
      vertex -1.45065 -14.7287 0.5
    endloop
  endfacet
  facet normal -0.242976 -0.970032 0
    outer loop
      vertex -4.29621 -14.1627 0.5
      vertex -2.88733 -14.5156 1.65
      vertex -4.29621 -14.1627 1.65
    endloop
  endfacet
  facet normal -0.242976 -0.970032 -0
    outer loop
      vertex -2.88733 -14.5156 1.65
      vertex -4.29621 -14.1627 0.5
      vertex -2.88733 -14.5156 0.5
    endloop
  endfacet
  facet normal -0.242976 -0.970032 0
    outer loop
      vertex -4.29621 -14.1627 5.35
      vertex -2.88733 -14.5156 6.5
      vertex -4.29621 -14.1627 6.5
    endloop
  endfacet
  facet normal -0.242976 -0.970032 -0
    outer loop
      vertex -2.88733 -14.5156 6.5
      vertex -4.29621 -14.1627 5.35
      vertex -2.88733 -14.5156 5.35
    endloop
  endfacet
  facet normal -0.171909 -0.68631 -0.706701
    outer loop
      vertex -4.29621 -14.1627 0.5
      vertex -4.15107 -13.6842 0
      vertex -2.88733 -14.5156 0.5
    endloop
  endfacet
  facet normal 0.421491 -0.568292 0.706675
    outer loop
      vertex 7.94465 -11.89 7
      vertex 9.38901 -11.4405 6.5
      vertex 9.07182 -11.054 7
    endloop
  endfacet
  facet normal 0.302527 -0.639623 0.706654
    outer loop
      vertex 5.47237 -13.2115 7
      vertex 5.66371 -13.6734 6.5
      vertex 6.97667 -13.0524 6.5
    endloop
  endfacet
  facet normal 0.0347336 -0.70668 0.70668
    outer loop
      vertex 0 -14.8 6.5
      vertex 1.45065 -14.7287 6.5
      vertex 0 -14.3 7
    endloop
  endfacet
  facet normal 0.0347377 -0.706674 0.706686
    outer loop
      vertex 0 -14.3 7
      vertex 1.45065 -14.7287 6.5
      vertex 1.40164 -14.2311 7
    endloop
  endfacet
  facet normal 0.302527 -0.639623 -0.706654
    outer loop
      vertex 5.47237 -13.2115 0
      vertex 6.97667 -13.0524 0.5
      vertex 5.66371 -13.6734 0.5
    endloop
  endfacet
  facet normal 0.302524 -0.639637 -0.706642
    outer loop
      vertex 5.47237 -13.2115 0
      vertex 6.74097 -12.6115 0
      vertex 6.97667 -13.0524 0.5
    endloop
  endfacet
  facet normal 0.171909 -0.68631 -0.706701
    outer loop
      vertex 2.88733 -14.5156 0.5
      vertex 4.15107 -13.6842 0
      vertex 4.29621 -14.1627 0.5
    endloop
  endfacet
  facet normal 0.68631 -0.171909 -0.706701
    outer loop
      vertex 13.6842 -4.15107 0
      vertex 14.5156 -2.88733 0.5
      vertex 14.1627 -4.29621 0.5
    endloop
  endfacet
  facet normal 0.666155 -0.238354 -0.7067
    outer loop
      vertex 13.6734 -5.66371 0.5
      vertex 13.6842 -4.15107 0
      vertex 14.1627 -4.29621 0.5
    endloop
  endfacet
  facet normal 0.606893 -0.363779 -0.706644
    outer loop
      vertex 11.89 -7.94465 0
      vertex 12.6115 -6.74097 0
      vertex 13.0524 -6.97667 0.5
    endloop
  endfacet
  facet normal 0.639637 -0.302524 -0.706642
    outer loop
      vertex 12.6115 -6.74097 0
      vertex 13.2115 -5.47237 0
      vertex 13.0524 -6.97667 0.5
    endloop
  endfacet
  facet normal -0.706674 0.0347377 0.706686
    outer loop
      vertex -14.7287 1.45065 6.5
      vertex -14.3 0 7
      vertex -14.2311 1.40164 7
    endloop
  endfacet
  facet normal -0.666155 0.238354 0.7067
    outer loop
      vertex -14.1627 4.29621 6.5
      vertex -13.6842 4.15107 7
      vertex -13.6734 5.66371 6.5
    endloop
  endfacet
  facet normal -0.66621 0.238339 0.706653
    outer loop
      vertex -13.6842 4.15107 7
      vertex -13.2115 5.47237 7
      vertex -13.6734 5.66371 6.5
    endloop
  endfacet
  facet normal 0.706674 0.0347377 -0.706686
    outer loop
      vertex 14.2311 1.40164 0
      vertex 14.7287 1.45065 0.5
      vertex 14.3 0 0
    endloop
  endfacet
  facet normal 0.706674 -0.0347377 -0.706686
    outer loop
      vertex 14.2311 -1.40164 0
      vertex 14.3 0 0
      vertex 14.7287 -1.45065 0.5
    endloop
  endfacet
  facet normal 0.66621 0.238339 -0.706653
    outer loop
      vertex 13.2115 5.47237 0
      vertex 13.6734 5.66371 0.5
      vertex 13.6842 4.15107 0
    endloop
  endfacet
  facet normal 0.568312 0.421492 0.706659
    outer loop
      vertex 11.4405 9.38901 6.5
      vertex 11.89 7.94465 7
      vertex 12.3057 8.22243 6.5
    endloop
  endfacet
  facet normal 0.568292 0.421491 0.706675
    outer loop
      vertex 11.054 9.07182 7
      vertex 11.89 7.94465 7
      vertex 11.4405 9.38901 6.5
    endloop
  endfacet
  facet normal -0.686323 -0.171924 0.706684
    outer loop
      vertex -14.5156 -2.88733 6.5
      vertex -13.6842 -4.15107 7
      vertex -14.0252 -2.78979 7
    endloop
  endfacet
  facet normal -0.699871 -0.103811 0.706685
    outer loop
      vertex -14.7287 -1.45065 6.5
      vertex -14.5156 -2.88733 6.5
      vertex -14.0252 -2.78979 7
    endloop
  endfacet
  facet normal -0.639637 -0.302524 0.706642
    outer loop
      vertex -13.2115 -5.47237 7
      vertex -13.0524 -6.97667 6.5
      vertex -12.6115 -6.74097 7
    endloop
  endfacet
  facet normal -0.639623 -0.302527 0.706654
    outer loop
      vertex -13.6734 -5.66371 6.5
      vertex -13.0524 -6.97667 6.5
      vertex -13.2115 -5.47237 7
    endloop
  endfacet
  facet normal -0.568292 -0.421491 0.706675
    outer loop
      vertex -11.89 -7.94465 7
      vertex -11.4405 -9.38901 6.5
      vertex -11.054 -9.07182 7
    endloop
  endfacet
  facet normal -0.103811 -0.699871 0.706685
    outer loop
      vertex -2.88733 -14.5156 6.5
      vertex -1.45065 -14.7287 6.5
      vertex -2.78979 -14.0252 7
    endloop
  endfacet
  facet normal -0.427564 -0.903985 0
    outer loop
      vertex -6.97667 -13.0524 0.5
      vertex -5.66371 -13.6734 1.65
      vertex -6.97667 -13.0524 1.65
    endloop
  endfacet
  facet normal -0.427564 -0.903985 -0
    outer loop
      vertex -5.66371 -13.6734 1.65
      vertex -6.97667 -13.0524 0.5
      vertex -5.66371 -13.6734 0.5
    endloop
  endfacet
  facet normal -0.427564 -0.903985 0
    outer loop
      vertex -6.97667 -13.0524 5.35
      vertex -5.66371 -13.6734 6.5
      vertex -6.97667 -13.0524 6.5
    endloop
  endfacet
  facet normal -0.427564 -0.903985 -0
    outer loop
      vertex -5.66371 -13.6734 6.5
      vertex -6.97667 -13.0524 5.35
      vertex -5.66371 -13.6734 5.35
    endloop
  endfacet
  facet normal -0.302527 -0.639623 -0.706654
    outer loop
      vertex -6.97667 -13.0524 0.5
      vertex -5.47237 -13.2115 0
      vertex -5.66371 -13.6734 0.5
    endloop
  endfacet
  facet normal -0.514113 -0.857722 0
    outer loop
      vertex -8.22243 -12.3057 5.35
      vertex -6.97667 -13.0524 6.5
      vertex -8.22243 -12.3057 6.5
    endloop
  endfacet
  facet normal -0.514113 -0.857722 -0
    outer loop
      vertex -6.97667 -13.0524 6.5
      vertex -8.22243 -12.3057 5.35
      vertex -6.97667 -13.0524 5.35
    endloop
  endfacet
  facet normal -0.514113 -0.857722 0
    outer loop
      vertex -8.22243 -12.3057 0.5
      vertex -6.97667 -13.0524 1.65
      vertex -8.22243 -12.3057 1.65
    endloop
  endfacet
  facet normal -0.514113 -0.857722 -0
    outer loop
      vertex -6.97667 -13.0524 1.65
      vertex -8.22243 -12.3057 0.5
      vertex -6.97667 -13.0524 0.5
    endloop
  endfacet
  facet normal -0.595702 -0.803206 0
    outer loop
      vertex -9.38901 -11.4405 0.5
      vertex -8.22243 -12.3057 1.65
      vertex -9.38901 -11.4405 1.65
    endloop
  endfacet
  facet normal -0.595702 -0.803206 -0
    outer loop
      vertex -8.22243 -12.3057 1.65
      vertex -9.38901 -11.4405 0.5
      vertex -8.22243 -12.3057 0.5
    endloop
  endfacet
  facet normal -0.595702 -0.803206 0
    outer loop
      vertex -9.38901 -11.4405 5.35
      vertex -8.22243 -12.3057 6.5
      vertex -9.38901 -11.4405 6.5
    endloop
  endfacet
  facet normal -0.595702 -0.803206 -0
    outer loop
      vertex -8.22243 -12.3057 6.5
      vertex -9.38901 -11.4405 5.35
      vertex -8.22243 -12.3057 5.35
    endloop
  endfacet
  facet normal 0.421492 -0.568312 -0.706659
    outer loop
      vertex 7.94465 -11.89 0
      vertex 9.38901 -11.4405 0.5
      vertex 8.22243 -12.3057 0.5
    endloop
  endfacet
  facet normal 0.363763 -0.606886 -0.706658
    outer loop
      vertex 6.97667 -13.0524 0.5
      vertex 7.94465 -11.89 0
      vertex 8.22243 -12.3057 0.5
    endloop
  endfacet
  facet normal 0.363779 -0.606893 0.706644
    outer loop
      vertex 6.74097 -12.6115 7
      vertex 6.97667 -13.0524 6.5
      vertex 7.94465 -11.89 7
    endloop
  endfacet
  facet normal 0.606893 0.363779 -0.706644
    outer loop
      vertex 11.89 7.94465 0
      vertex 13.0524 6.97667 0.5
      vertex 12.6115 6.74097 0
    endloop
  endfacet
  facet normal -0.706674 -0.0347377 0.706686
    outer loop
      vertex -14.7287 -1.45065 6.5
      vertex -14.2311 -1.40164 7
      vertex -14.3 0 7
    endloop
  endfacet
  facet normal 0 0 1
    outer loop
      vertex -3.89716 -4.25001 7
      vertex -5.62919 -1.25003 7
      vertex -4.11651 -4.27524 7
    endloop
  endfacet
  facet normal -0 0 1
    outer loop
      vertex -5.76073 -1.42738 7
      vertex -4.11651 -4.27524 7
      vertex -5.62919 -1.25003 7
    endloop
  endfacet
  facet normal 0 0 1
    outer loop
      vertex -4.11651 -4.27524 7
      vertex -5.76073 -1.42738 7
      vertex -4.33234 -4.32186 7
    endloop
  endfacet
  facet normal -0 0 1
    outer loop
      vertex -5.90901 -1.59099 7
      vertex -4.33234 -4.32186 7
      vertex -5.76073 -1.42738 7
    endloop
  endfacet
  facet normal 0 0 1
    outer loop
      vertex -4.33234 -4.32186 7
      vertex -5.90901 -1.59099 7
      vertex -4.54256 -4.3894 7
    endloop
  endfacet
  facet normal -0 0 1
    outer loop
      vertex -6.07261 -1.73927 7
      vertex -4.54256 -4.3894 7
      vertex -5.90901 -1.59099 7
    endloop
  endfacet
  facet normal 0 0 1
    outer loop
      vertex -4.54256 -4.3894 7
      vertex -6.07261 -1.73927 7
      vertex -4.74515 -4.47723 7
    endloop
  endfacet
  facet normal -0 0 1
    outer loop
      vertex -6.24997 -1.87081 7
      vertex -4.74515 -4.47723 7
      vertex -6.07261 -1.73927 7
    endloop
  endfacet
  facet normal 0 0 1
    outer loop
      vertex -4.74515 -4.47723 7
      vertex -6.24997 -1.87081 7
      vertex -4.93815 -4.58449 7
    endloop
  endfacet
  facet normal -0 0 1
    outer loop
      vertex -6.43936 -1.98432 7
      vertex -4.93815 -4.58449 7
      vertex -6.24997 -1.87081 7
    endloop
  endfacet
  facet normal 0 0 1
    outer loop
      vertex -4.93815 -4.58449 7
      vertex -6.43936 -1.98432 7
      vertex -5.11971 -4.71014 7
    endloop
  endfacet
  facet normal -0 0 1
    outer loop
      vertex -6.63896 -2.07873 7
      vertex -5.11971 -4.71014 7
      vertex -6.43936 -1.98432 7
    endloop
  endfacet
  facet normal 0 0 1
    outer loop
      vertex -5.11971 -4.71014 7
      vertex -6.63896 -2.07873 7
      vertex -5.28808 -4.853 7
    endloop
  endfacet
  facet normal -0 0 1
    outer loop
      vertex -6.84686 -2.15312 7
      vertex -5.28808 -4.853 7
      vertex -6.63896 -2.07873 7
    endloop
  endfacet
  facet normal 0 0 1
    outer loop
      vertex -5.28808 -4.853 7
      vertex -6.84686 -2.15312 7
      vertex -5.44164 -5.01166 7
    endloop
  endfacet
  facet normal -0 0 1
    outer loop
      vertex -7.06105 -2.20677 7
      vertex -5.44164 -5.01166 7
      vertex -6.84686 -2.15312 7
    endloop
  endfacet
  facet normal 0 0 1
    outer loop
      vertex -5.44164 -5.01166 7
      vertex -7.06105 -2.20677 7
      vertex -5.5789 -5.18462 7
    endloop
  endfacet
  facet normal -0 0 1
    outer loop
      vertex -7.27946 -2.23917 7
      vertex -5.5789 -5.18462 7
      vertex -7.06105 -2.20677 7
    endloop
  endfacet
  facet normal 0 0 1
    outer loop
      vertex 1.51925 6.78887 7
      vertex -1.51925 6.78887 7
      vertex -1.5012 6.56881 7
    endloop
  endfacet
  facet normal 0 0 1
    outer loop
      vertex 0 14.3 7
      vertex -1.55878 7.00611 7
      vertex -1.51925 6.78887 7
    endloop
  endfacet
  facet normal 0 0 1
    outer loop
      vertex 0 14.3 7
      vertex -1.61941 7.21843 7
      vertex -1.55878 7.00611 7
    endloop
  endfacet
  facet normal 0 0 1
    outer loop
      vertex 0 14.3 7
      vertex -1.70056 7.42378 7
      vertex -1.61941 7.21843 7
    endloop
  endfacet
  facet normal 0 0 1
    outer loop
      vertex 0 14.3 7
      vertex -1.80144 7.62019 7
      vertex -1.70056 7.42378 7
    endloop
  endfacet
  facet normal 0 0 1
    outer loop
      vertex 0 14.3 7
      vertex -1.92109 7.80577 7
      vertex -1.80144 7.62019 7
    endloop
  endfacet
  facet normal 0 0 1
    outer loop
      vertex 0 14.3 7
      vertex -2.05836 7.97872 7
      vertex -1.92109 7.80577 7
    endloop
  endfacet
  facet normal 0 0 1
    outer loop
      vertex 0 14.3 7
      vertex -2.21192 8.13738 7
      vertex -2.05836 7.97872 7
    endloop
  endfacet
  facet normal 0 0 1
    outer loop
      vertex 0 14.3 7
      vertex -2.38029 8.28024 7
      vertex -2.21192 8.13738 7
    endloop
  endfacet
  facet normal 0 0 1
    outer loop
      vertex -1.40164 14.2311 7
      vertex -2.56185 8.4059 7
      vertex -2.38029 8.28024 7
    endloop
  endfacet
  facet normal 0 0 1
    outer loop
      vertex -1.40164 14.2311 7
      vertex -2.75485 8.51315 7
      vertex -2.56185 8.4059 7
    endloop
  endfacet
  facet normal -0 0 1
    outer loop
      vertex -2.78979 14.0252 7
      vertex -2.75485 8.51315 7
      vertex -1.40164 14.2311 7
    endloop
  endfacet
  facet normal 0 0 1
    outer loop
      vertex -2.78979 14.0252 7
      vertex -2.95744 8.60098 7
      vertex -2.75485 8.51315 7
    endloop
  endfacet
  facet normal 0 0 1
    outer loop
      vertex -2.78979 14.0252 7
      vertex -3.16766 8.66852 7
      vertex -2.95744 8.60098 7
    endloop
  endfacet
  facet normal 0 0 1
    outer loop
      vertex -2.78979 14.0252 7
      vertex -3.38348 8.71514 7
      vertex -3.16766 8.66852 7
    endloop
  endfacet
  facet normal -0 0 1
    outer loop
      vertex -4.15107 13.6842 7
      vertex -3.38348 8.71514 7
      vertex -2.78979 14.0252 7
    endloop
  endfacet
  facet normal 0 0 1
    outer loop
      vertex -3.38348 8.71514 7
      vertex -4.15107 13.6842 7
      vertex -3.60284 8.74037 7
    endloop
  endfacet
  facet normal 0 0 1
    outer loop
      vertex -3.60284 8.74037 7
      vertex -4.15107 13.6842 7
      vertex -3.82362 8.74399 7
    endloop
  endfacet
  facet normal -0 0 1
    outer loop
      vertex -5.47237 13.2115 7
      vertex -3.82362 8.74399 7
      vertex -4.15107 13.6842 7
    endloop
  endfacet
  facet normal 0 0 1
    outer loop
      vertex -3.82362 8.74399 7
      vertex -5.47237 13.2115 7
      vertex -4.04368 8.72594 7
    endloop
  endfacet
  facet normal 0 0 1
    outer loop
      vertex -4.04368 8.72594 7
      vertex -5.47237 13.2115 7
      vertex -4.26092 8.68641 7
    endloop
  endfacet
  facet normal 0 0 1
    outer loop
      vertex -4.26092 8.68641 7
      vertex -5.47237 13.2115 7
      vertex -4.47324 8.62578 7
    endloop
  endfacet
  facet normal -0 0 1
    outer loop
      vertex -6.74097 12.6115 7
      vertex -4.47324 8.62578 7
      vertex -5.47237 13.2115 7
    endloop
  endfacet
  facet normal 0 0 1
    outer loop
      vertex -4.47324 8.62578 7
      vertex -6.74097 12.6115 7
      vertex -4.67859 8.54463 7
    endloop
  endfacet
  facet normal 0 0 1
    outer loop
      vertex -4.67859 8.54463 7
      vertex -6.74097 12.6115 7
      vertex -4.875 8.44375 7
    endloop
  endfacet
  facet normal -0 0 1
    outer loop
      vertex -7.94465 11.89 7
      vertex -4.875 8.44375 7
      vertex -6.74097 12.6115 7
    endloop
  endfacet
  facet normal 0 0 1
    outer loop
      vertex -4.875 8.44375 7
      vertex -7.94465 11.89 7
      vertex -5.06057 8.32409 7
    endloop
  endfacet
  facet normal 0 0 1
    outer loop
      vertex -5.06057 8.32409 7
      vertex -7.94465 11.89 7
      vertex -5.23353 8.18683 7
    endloop
  endfacet
  facet normal 0 0 1
    outer loop
      vertex -5.23353 8.18683 7
      vertex -7.94465 11.89 7
      vertex -5.39219 8.03327 7
    endloop
  endfacet
  facet normal -0 0 1
    outer loop
      vertex -9.07182 11.054 7
      vertex -5.39219 8.03327 7
      vertex -7.94465 11.89 7
    endloop
  endfacet
  facet normal 0 0 1
    outer loop
      vertex -5.39219 8.03327 7
      vertex -9.07182 11.054 7
      vertex -5.53504 7.8649 7
    endloop
  endfacet
  facet normal 0 0 1
    outer loop
      vertex -5.53504 7.8649 7
      vertex -9.07182 11.054 7
      vertex -5.6607 7.68334 7
    endloop
  endfacet
  facet normal 0 0 1
    outer loop
      vertex -5.6607 7.68334 7
      vertex -9.07182 11.054 7
      vertex -5.76796 7.49034 7
    endloop
  endfacet
  facet normal -0 0 1
    outer loop
      vertex -10.1116 10.1116 7
      vertex -5.76796 7.49034 7
      vertex -9.07182 11.054 7
    endloop
  endfacet
  facet normal 0 0 1
    outer loop
      vertex -4.74515 4.47723 7
      vertex -6.24997 1.87081 7
      vertex -6.07261 1.73927 7
    endloop
  endfacet
  facet normal 0 0 1
    outer loop
      vertex -11.89 7.94465 7
      vertex -5.99879 6.42157 7
      vertex -5.99518 6.64235 7
    endloop
  endfacet
  facet normal 0 0 1
    outer loop
      vertex -5.98075 6.20151 7
      vertex -6.43936 1.98432 7
      vertex -6.24997 1.87081 7
    endloop
  endfacet
  facet normal 0 0 1
    outer loop
      vertex -5.76796 7.49034 7
      vertex -10.1116 10.1116 7
      vertex -5.85579 7.28775 7
    endloop
  endfacet
  facet normal 0 0 1
    outer loop
      vertex -5.85579 7.28775 7
      vertex -10.1116 10.1116 7
      vertex -5.92333 7.07753 7
    endloop
  endfacet
  facet normal 0 0 1
    outer loop
      vertex -5.98075 6.20151 7
      vertex -6.63896 2.07873 7
      vertex -6.43936 1.98432 7
    endloop
  endfacet
  facet normal -0 0 1
    outer loop
      vertex -11.054 9.07182 7
      vertex -5.92333 7.07753 7
      vertex -10.1116 10.1116 7
    endloop
  endfacet
  facet normal 0 0 1
    outer loop
      vertex -5.98075 6.20151 7
      vertex -6.84686 2.15312 7
      vertex -6.63896 2.07873 7
    endloop
  endfacet
  facet normal 0 0 1
    outer loop
      vertex -5.92333 7.07753 7
      vertex -11.054 9.07182 7
      vertex -5.96995 6.8617 7
    endloop
  endfacet
  facet normal 0 0 1
    outer loop
      vertex -5.98075 6.20151 7
      vertex -7.06105 2.20677 7
      vertex -6.84686 2.15312 7
    endloop
  endfacet
  facet normal 0 0 1
    outer loop
      vertex -5.96995 6.8617 7
      vertex -11.054 9.07182 7
      vertex -5.99518 6.64235 7
    endloop
  endfacet
  facet normal 0 0 1
    outer loop
      vertex -5.98075 6.20151 7
      vertex -7.27946 2.23917 7
      vertex -7.06105 2.20677 7
    endloop
  endfacet
  facet normal 0 0 1
    outer loop
      vertex -5.98075 6.20151 7
      vertex -7.5 2.25 7
      vertex -7.27946 2.23917 7
    endloop
  endfacet
  facet normal -0 0 1
    outer loop
      vertex -11.89 7.94465 7
      vertex -5.99518 6.64235 7
      vertex -11.054 9.07182 7
    endloop
  endfacet
  facet normal 0 0 1
    outer loop
      vertex -5.98075 6.20151 7
      vertex -7.72054 2.23917 7
      vertex -7.5 2.25 7
    endloop
  endfacet
  facet normal 0 0 1
    outer loop
      vertex -5.98075 6.20151 7
      vertex -11.89 7.94465 7
      vertex -12.6115 6.74097 7
    endloop
  endfacet
  facet normal 0 0 1
    outer loop
      vertex -5.98075 6.20151 7
      vertex -7.93895 2.20677 7
      vertex -7.72054 2.23917 7
    endloop
  endfacet
  facet normal 0 0 1
    outer loop
      vertex -5.98075 6.20151 7
      vertex -8.15314 2.15312 7
      vertex -7.93895 2.20677 7
    endloop
  endfacet
  facet normal 0 0 1
    outer loop
      vertex -5.98075 6.20151 7
      vertex -12.6115 6.74097 7
      vertex -8.15314 2.15312 7
    endloop
  endfacet
  facet normal 0 0 1
    outer loop
      vertex -8.15314 2.15312 7
      vertex -12.6115 6.74097 7
      vertex -8.36104 2.07873 7
    endloop
  endfacet
  facet normal 0 0 1
    outer loop
      vertex -8.36104 2.07873 7
      vertex -12.6115 6.74097 7
      vertex -8.56064 1.98432 7
    endloop
  endfacet
  facet normal -0 0 1
    outer loop
      vertex -13.2115 5.47237 7
      vertex -8.56064 1.98432 7
      vertex -12.6115 6.74097 7
    endloop
  endfacet
  facet normal 0 0 1
    outer loop
      vertex -8.56064 1.98432 7
      vertex -13.2115 5.47237 7
      vertex -8.75003 1.87081 7
    endloop
  endfacet
  facet normal 0 0 1
    outer loop
      vertex -8.75003 1.87081 7
      vertex -13.2115 5.47237 7
      vertex -8.92738 1.73927 7
    endloop
  endfacet
  facet normal -0 0 1
    outer loop
      vertex -13.6842 4.15107 7
      vertex -8.92738 1.73927 7
      vertex -13.2115 5.47237 7
    endloop
  endfacet
  facet normal 0 0 1
    outer loop
      vertex -8.92738 1.73927 7
      vertex -13.6842 4.15107 7
      vertex -9.09099 1.59099 7
    endloop
  endfacet
  facet normal 0 0 1
    outer loop
      vertex -9.09099 1.59099 7
      vertex -13.6842 4.15107 7
      vertex -9.23927 1.42738 7
    endloop
  endfacet
  facet normal -0 0 1
    outer loop
      vertex -14.0252 2.78979 7
      vertex -9.37081 1.25003 7
      vertex -13.6842 4.15107 7
    endloop
  endfacet
  facet normal 0 0 1
    outer loop
      vertex -9.23927 1.42738 7
      vertex -13.6842 4.15107 7
      vertex -9.37081 1.25003 7
    endloop
  endfacet
  facet normal 0 0 1
    outer loop
      vertex -1.61941 -7.21843 7
      vertex 1.5012 -6.56881 7
      vertex -1.55878 -7.00611 7
    endloop
  endfacet
  facet normal 0 0 1
    outer loop
      vertex -1.70056 -7.42378 7
      vertex 1.5012 -6.56881 7
      vertex -1.61941 -7.21843 7
    endloop
  endfacet
  facet normal 0 0 1
    outer loop
      vertex -1.80144 -7.62019 7
      vertex 1.5012 -6.56881 7
      vertex -1.70056 -7.42378 7
    endloop
  endfacet
  facet normal 0 0 1
    outer loop
      vertex -1.92109 -7.80577 7
      vertex 1.5012 -6.56881 7
      vertex -1.80144 -7.62019 7
    endloop
  endfacet
  facet normal 0 0 1
    outer loop
      vertex -2.05836 -7.97872 7
      vertex 1.5012 -6.56881 7
      vertex -1.92109 -7.80577 7
    endloop
  endfacet
  facet normal 0 0 1
    outer loop
      vertex 1.5012 -6.56881 7
      vertex -2.05836 -7.97872 7
      vertex 0 -14.3 7
    endloop
  endfacet
  facet normal -0 0 1
    outer loop
      vertex -2.21192 -8.13738 7
      vertex 0 -14.3 7
      vertex -2.05836 -7.97872 7
    endloop
  endfacet
  facet normal -0 0 1
    outer loop
      vertex -2.38029 -8.28024 7
      vertex 0 -14.3 7
      vertex -2.21192 -8.13738 7
    endloop
  endfacet
  facet normal 0 0 1
    outer loop
      vertex 0 -14.3 7
      vertex -2.38029 -8.28024 7
      vertex -1.40164 -14.2311 7
    endloop
  endfacet
  facet normal -0 0 1
    outer loop
      vertex -2.56185 -8.4059 7
      vertex -1.40164 -14.2311 7
      vertex -2.38029 -8.28024 7
    endloop
  endfacet
  facet normal -0 0 1
    outer loop
      vertex -2.75485 -8.51315 7
      vertex -1.40164 -14.2311 7
      vertex -2.56185 -8.4059 7
    endloop
  endfacet
  facet normal 0 0 1
    outer loop
      vertex -2.75485 -8.51315 7
      vertex -2.78979 -14.0252 7
      vertex -1.40164 -14.2311 7
    endloop
  endfacet
  facet normal -0 0 1
    outer loop
      vertex -2.95744 -8.60098 7
      vertex -2.78979 -14.0252 7
      vertex -2.75485 -8.51315 7
    endloop
  endfacet
  facet normal -0 0 1
    outer loop
      vertex -3.16766 -8.66852 7
      vertex -2.78979 -14.0252 7
      vertex -2.95744 -8.60098 7
    endloop
  endfacet
  facet normal -0 0 1
    outer loop
      vertex -3.38348 -8.71514 7
      vertex -2.78979 -14.0252 7
      vertex -3.16766 -8.66852 7
    endloop
  endfacet
  facet normal 0 0 1
    outer loop
      vertex -4.15107 -13.6842 7
      vertex -3.38348 -8.71514 7
      vertex -3.60284 -8.74037 7
    endloop
  endfacet
  facet normal 0 0 1
    outer loop
      vertex -4.15107 -13.6842 7
      vertex -3.60284 -8.74037 7
      vertex -3.82362 -8.74399 7
    endloop
  endfacet
  facet normal 0 0 1
    outer loop
      vertex -5.47237 -13.2115 7
      vertex -3.82362 -8.74399 7
      vertex -4.04368 -8.72594 7
    endloop
  endfacet
  facet normal 0 0 1
    outer loop
      vertex -3.38348 -8.71514 7
      vertex -4.15107 -13.6842 7
      vertex -2.78979 -14.0252 7
    endloop
  endfacet
  facet normal 0 0 1
    outer loop
      vertex -5.47237 -13.2115 7
      vertex -4.04368 -8.72594 7
      vertex -4.26092 -8.68641 7
    endloop
  endfacet
  facet normal 0 0 1
    outer loop
      vertex -5.47237 -13.2115 7
      vertex -4.26092 -8.68641 7
      vertex -4.47324 -8.62578 7
    endloop
  endfacet
  facet normal 0 0 1
    outer loop
      vertex -6.74097 -12.6115 7
      vertex -4.47324 -8.62578 7
      vertex -4.67859 -8.54463 7
    endloop
  endfacet
  facet normal 0 0 1
    outer loop
      vertex -6.74097 -12.6115 7
      vertex -4.67859 -8.54463 7
      vertex -4.875 -8.44375 7
    endloop
  endfacet
  facet normal 0 0 1
    outer loop
      vertex -7.94465 -11.89 7
      vertex -4.875 -8.44375 7
      vertex -5.06057 -8.32409 7
    endloop
  endfacet
  facet normal 0 0 1
    outer loop
      vertex -7.94465 -11.89 7
      vertex -5.06057 -8.32409 7
      vertex -5.23353 -8.18683 7
    endloop
  endfacet
  facet normal 0 0 1
    outer loop
      vertex -7.94465 -11.89 7
      vertex -5.23353 -8.18683 7
      vertex -5.39219 -8.03327 7
    endloop
  endfacet
  facet normal 0 0 1
    outer loop
      vertex -3.82362 -8.74399 7
      vertex -5.47237 -13.2115 7
      vertex -4.15107 -13.6842 7
    endloop
  endfacet
  facet normal 0 0 1
    outer loop
      vertex -9.07182 -11.054 7
      vertex -5.39219 -8.03327 7
      vertex -5.53504 -7.8649 7
    endloop
  endfacet
  facet normal 0 0 1
    outer loop
      vertex -9.07182 -11.054 7
      vertex -5.53504 -7.8649 7
      vertex -5.6607 -7.68334 7
    endloop
  endfacet
  facet normal 0 0 1
    outer loop
      vertex -9.07182 -11.054 7
      vertex -5.6607 -7.68334 7
      vertex -5.76796 -7.49034 7
    endloop
  endfacet
  facet normal 0 0 1
    outer loop
      vertex -10.1116 -10.1116 7
      vertex -5.76796 -7.49034 7
      vertex -5.85579 -7.28775 7
    endloop
  endfacet
  facet normal 0 0 1
    outer loop
      vertex -10.1116 -10.1116 7
      vertex -5.85579 -7.28775 7
      vertex -5.92333 -7.07753 7
    endloop
  endfacet
  facet normal 0 0 1
    outer loop
      vertex -11.054 -9.07182 7
      vertex -5.92333 -7.07753 7
      vertex -5.96995 -6.8617 7
    endloop
  endfacet
  facet normal 0 0 1
    outer loop
      vertex -11.054 -9.07182 7
      vertex -5.96995 -6.8617 7
      vertex -5.99518 -6.64235 7
    endloop
  endfacet
  facet normal 0 0 1
    outer loop
      vertex -5.5789 -5.18462 7
      vertex -7.27946 -2.23917 7
      vertex -5.69856 -5.37019 7
    endloop
  endfacet
  facet normal -0 0 1
    outer loop
      vertex -7.5 -2.25 7
      vertex -5.69856 -5.37019 7
      vertex -7.27946 -2.23917 7
    endloop
  endfacet
  facet normal 0 0 1
    outer loop
      vertex -5.69856 -5.37019 7
      vertex -7.5 -2.25 7
      vertex -5.79944 -5.5666 7
    endloop
  endfacet
  facet normal 0 0 1
    outer loop
      vertex -7.72054 -2.23917 7
      vertex -5.79944 -5.5666 7
      vertex -7.5 -2.25 7
    endloop
  endfacet
  facet normal 0 0 1
    outer loop
      vertex -5.79944 -5.5666 7
      vertex -7.72054 -2.23917 7
      vertex -5.88059 -5.77195 7
    endloop
  endfacet
  facet normal 0 0 1
    outer loop
      vertex -4.47324 -8.62578 7
      vertex -6.74097 -12.6115 7
      vertex -5.47237 -13.2115 7
    endloop
  endfacet
  facet normal 0 0 1
    outer loop
      vertex -7.93895 -2.20677 7
      vertex -5.88059 -5.77195 7
      vertex -7.72054 -2.23917 7
    endloop
  endfacet
  facet normal 0 0 1
    outer loop
      vertex -5.88059 -5.77195 7
      vertex -7.93895 -2.20677 7
      vertex -5.94122 -5.98427 7
    endloop
  endfacet
  facet normal 0 0 1
    outer loop
      vertex -8.15314 -2.15312 7
      vertex -5.94122 -5.98427 7
      vertex -7.93895 -2.20677 7
    endloop
  endfacet
  facet normal 0 0 1
    outer loop
      vertex -12.6115 -6.74097 7
      vertex -5.94122 -5.98427 7
      vertex -8.15314 -2.15312 7
    endloop
  endfacet
  facet normal 0 0 1
    outer loop
      vertex -5.94122 -5.98427 7
      vertex -12.6115 -6.74097 7
      vertex -5.98075 -6.20151 7
    endloop
  endfacet
  facet normal 0 -0 1
    outer loop
      vertex -11.89 -7.94465 7
      vertex -5.98075 -6.20151 7
      vertex -12.6115 -6.74097 7
    endloop
  endfacet
  facet normal 0 0 1
    outer loop
      vertex -4.875 -8.44375 7
      vertex -7.94465 -11.89 7
      vertex -6.74097 -12.6115 7
    endloop
  endfacet
  facet normal 0 0 1
    outer loop
      vertex -5.98075 -6.20151 7
      vertex -11.89 -7.94465 7
      vertex -5.99879 -6.42157 7
    endloop
  endfacet
  facet normal 0 0 1
    outer loop
      vertex -12.6115 -6.74097 7
      vertex -8.15314 -2.15312 7
      vertex -8.36104 -2.07873 7
    endloop
  endfacet
  facet normal 0 0 1
    outer loop
      vertex -12.6115 -6.74097 7
      vertex -8.36104 -2.07873 7
      vertex -8.56064 -1.98432 7
    endloop
  endfacet
  facet normal 0 0 1
    outer loop
      vertex -13.2115 -5.47237 7
      vertex -8.56064 -1.98432 7
      vertex -8.75003 -1.87081 7
    endloop
  endfacet
  facet normal 0 0 1
    outer loop
      vertex -13.2115 -5.47237 7
      vertex -8.75003 -1.87081 7
      vertex -8.92738 -1.73927 7
    endloop
  endfacet
  facet normal 0 0 1
    outer loop
      vertex -5.39219 -8.03327 7
      vertex -9.07182 -11.054 7
      vertex -7.94465 -11.89 7
    endloop
  endfacet
  facet normal 0 0 1
    outer loop
      vertex -13.6842 -4.15107 7
      vertex -8.92738 -1.73927 7
      vertex -9.09099 -1.59099 7
    endloop
  endfacet
  facet normal 0 0 1
    outer loop
      vertex -13.6842 -4.15107 7
      vertex -9.09099 -1.59099 7
      vertex -9.23927 -1.42738 7
    endloop
  endfacet
  facet normal 0 0 1
    outer loop
      vertex -13.6842 -4.15107 7
      vertex -9.23927 -1.42738 7
      vertex -9.37081 -1.25003 7
    endloop
  endfacet
  facet normal 0 0 1
    outer loop
      vertex -14.0252 -2.78979 7
      vertex -9.37081 -1.25003 7
      vertex -9.48432 -1.06064 7
    endloop
  endfacet
  facet normal 0 0 1
    outer loop
      vertex -14.0252 -2.78979 7
      vertex -9.48432 -1.06064 7
      vertex -9.57873 -0.861037 7
    endloop
  endfacet
  facet normal 0 0 1
    outer loop
      vertex -14.2311 -1.40164 7
      vertex -9.57873 -0.861037 7
      vertex -9.65312 -0.65314 7
    endloop
  endfacet
  facet normal 0 0 1
    outer loop
      vertex -14.2311 -1.40164 7
      vertex -9.65312 -0.65314 7
      vertex -9.70677 -0.438952 7
    endloop
  endfacet
  facet normal 0 0 1
    outer loop
      vertex -14.2311 -1.40164 7
      vertex -9.70677 -0.438952 7
      vertex -9.73917 -0.220538 7
    endloop
  endfacet
  facet normal 0 0 1
    outer loop
      vertex -5.76796 -7.49034 7
      vertex -10.1116 -10.1116 7
      vertex -9.07182 -11.054 7
    endloop
  endfacet
  facet normal -0 0 1
    outer loop
      vertex -14.3 0 7
      vertex -9.73917 -0.220538 7
      vertex -9.75 0 7
    endloop
  endfacet
  facet normal 0 0 1
    outer loop
      vertex -9.37081 1.25003 7
      vertex -14.0252 2.78979 7
      vertex -9.48432 1.06064 7
    endloop
  endfacet
  facet normal 0 0 1
    outer loop
      vertex -9.48432 1.06064 7
      vertex -14.0252 2.78979 7
      vertex -9.57873 0.861037 7
    endloop
  endfacet
  facet normal 0 0 1
    outer loop
      vertex -5.92333 -7.07753 7
      vertex -11.054 -9.07182 7
      vertex -10.1116 -10.1116 7
    endloop
  endfacet
  facet normal -0 0 1
    outer loop
      vertex -14.2311 1.40164 7
      vertex -9.57873 0.861037 7
      vertex -14.0252 2.78979 7
    endloop
  endfacet
  facet normal 0 0 1
    outer loop
      vertex -5.99518 -6.64235 7
      vertex -11.89 -7.94465 7
      vertex -11.054 -9.07182 7
    endloop
  endfacet
  facet normal 0 0 1
    outer loop
      vertex -9.57873 0.861037 7
      vertex -14.2311 1.40164 7
      vertex -9.65312 0.65314 7
    endloop
  endfacet
  facet normal 0 0 1
    outer loop
      vertex -5.99879 -6.42157 7
      vertex -11.89 -7.94465 7
      vertex -5.99518 -6.64235 7
    endloop
  endfacet
  facet normal 0 0 1
    outer loop
      vertex -9.65312 0.65314 7
      vertex -14.2311 1.40164 7
      vertex -9.70677 0.438952 7
    endloop
  endfacet
  facet normal 0 0 1
    outer loop
      vertex -8.56064 -1.98432 7
      vertex -13.2115 -5.47237 7
      vertex -12.6115 -6.74097 7
    endloop
  endfacet
  facet normal 0 0 1
    outer loop
      vertex -9.70677 0.438952 7
      vertex -14.2311 1.40164 7
      vertex -9.73917 0.220538 7
    endloop
  endfacet
  facet normal 0 0 1
    outer loop
      vertex -8.92738 -1.73927 7
      vertex -13.6842 -4.15107 7
      vertex -13.2115 -5.47237 7
    endloop
  endfacet
  facet normal 0 0 1
    outer loop
      vertex -14.3 0 7
      vertex -9.73917 0.220538 7
      vertex -14.2311 1.40164 7
    endloop
  endfacet
  facet normal 0 0 1
    outer loop
      vertex -9.37081 -1.25003 7
      vertex -14.0252 -2.78979 7
      vertex -13.6842 -4.15107 7
    endloop
  endfacet
  facet normal 0 0 1
    outer loop
      vertex -9.73917 0.220538 7
      vertex -14.3 0 7
      vertex -9.75 0 7
    endloop
  endfacet
  facet normal 0 0 1
    outer loop
      vertex -9.57873 -0.861037 7
      vertex -14.2311 -1.40164 7
      vertex -14.0252 -2.78979 7
    endloop
  endfacet
  facet normal 0 0 1
    outer loop
      vertex -9.73917 -0.220538 7
      vertex -14.3 0 7
      vertex -14.2311 -1.40164 7
    endloop
  endfacet
  facet normal -0 0 1
    outer loop
      vertex 2.07867 -1.38893 7
      vertex 3.67638 -4.2464 7
      vertex 2.2048 -1.17849 7
    endloop
  endfacet
  facet normal 0 0 1
    outer loop
      vertex 3.67638 -4.2464 7
      vertex 2.07867 -1.38893 7
      vertex 3.45632 -4.26444 7
    endloop
  endfacet
  facet normal -0 0 1
    outer loop
      vertex 1.93253 -1.58598 7
      vertex 3.45632 -4.26444 7
      vertex 2.07867 -1.38893 7
    endloop
  endfacet
  facet normal 0 0 1
    outer loop
      vertex 3.45632 -4.26444 7
      vertex 1.93253 -1.58598 7
      vertex 3.23908 -4.30397 7
    endloop
  endfacet
  facet normal -0 0 1
    outer loop
      vertex 1.76777 -1.76777 7
      vertex 3.23908 -4.30397 7
      vertex 1.93253 -1.58598 7
    endloop
  endfacet
  facet normal 0 0 1
    outer loop
      vertex 3.23908 -4.30397 7
      vertex 1.76777 -1.76777 7
      vertex 3.02676 -4.3646 7
    endloop
  endfacet
  facet normal -0 0 1
    outer loop
      vertex 1.58598 -1.93253 7
      vertex 3.02676 -4.3646 7
      vertex 1.76777 -1.76777 7
    endloop
  endfacet
  facet normal 0 0 1
    outer loop
      vertex 3.02676 -4.3646 7
      vertex 1.58598 -1.93253 7
      vertex 2.82141 -4.44575 7
    endloop
  endfacet
  facet normal -0 0 1
    outer loop
      vertex 1.38893 -2.07867 7
      vertex 2.82141 -4.44575 7
      vertex 1.58598 -1.93253 7
    endloop
  endfacet
  facet normal 0 0 1
    outer loop
      vertex 2.82141 -4.44575 7
      vertex 1.38893 -2.07867 7
      vertex 2.625 -4.54663 7
    endloop
  endfacet
  facet normal -0 0 1
    outer loop
      vertex 1.17849 -2.2048 7
      vertex 2.625 -4.54663 7
      vertex 1.38893 -2.07867 7
    endloop
  endfacet
  facet normal 0 0 1
    outer loop
      vertex 2.625 -4.54663 7
      vertex 1.17849 -2.2048 7
      vertex 2.43942 -4.66628 7
    endloop
  endfacet
  facet normal -0 0 1
    outer loop
      vertex 0.956708 -2.3097 7
      vertex 2.43942 -4.66628 7
      vertex 1.17849 -2.2048 7
    endloop
  endfacet
  facet normal 0 0 1
    outer loop
      vertex 2.43942 -4.66628 7
      vertex 0.956708 -2.3097 7
      vertex 2.26647 -4.80355 7
    endloop
  endfacet
  facet normal -0 0 1
    outer loop
      vertex 0.725711 -2.39235 7
      vertex 2.26647 -4.80355 7
      vertex 0.956708 -2.3097 7
    endloop
  endfacet
  facet normal 0 0 1
    outer loop
      vertex 2.26647 -4.80355 7
      vertex 0.725711 -2.39235 7
      vertex 2.10781 -4.95711 7
    endloop
  endfacet
  facet normal -0 0 1
    outer loop
      vertex 0.487725 -2.45196 7
      vertex 2.10781 -4.95711 7
      vertex 0.725711 -2.39235 7
    endloop
  endfacet
  facet normal 0 0 1
    outer loop
      vertex 2.10781 -4.95711 7
      vertex 0.487725 -2.45196 7
      vertex 1.96495 -5.12548 7
    endloop
  endfacet
  facet normal -0 0 1
    outer loop
      vertex 0.245043 -2.48796 7
      vertex 1.96495 -5.12548 7
      vertex 0.487725 -2.45196 7
    endloop
  endfacet
  facet normal 0 0 1
    outer loop
      vertex 1.96495 -5.12548 7
      vertex 0.245043 -2.48796 7
      vertex 1.83929 -5.30704 7
    endloop
  endfacet
  facet normal -0 0 1
    outer loop
      vertex 0 -2.5 7
      vertex 1.83929 -5.30704 7
      vertex 0.245043 -2.48796 7
    endloop
  endfacet
  facet normal 0 0 1
    outer loop
      vertex 1.83929 -5.30704 7
      vertex 0 -2.5 7
      vertex 1.73204 -5.50004 7
    endloop
  endfacet
  facet normal 0 0 1
    outer loop
      vertex -1.73204 -5.50004 7
      vertex 1.73204 -5.50004 7
      vertex 0 -2.5 7
    endloop
  endfacet
  facet normal 0 0 1
    outer loop
      vertex 1.73204 -5.50004 7
      vertex -1.73204 -5.50004 7
      vertex 1.64421 -5.70263 7
    endloop
  endfacet
  facet normal 0 -0 1
    outer loop
      vertex -1.64421 -5.70263 7
      vertex 1.64421 -5.70263 7
      vertex -1.73204 -5.50004 7
    endloop
  endfacet
  facet normal 0 -0 1
    outer loop
      vertex -1.57667 -5.91285 7
      vertex 1.57667 -5.91285 7
      vertex -1.64421 -5.70263 7
    endloop
  endfacet
  facet normal 0 0 1
    outer loop
      vertex 1.57667 -5.91285 7
      vertex -1.57667 -5.91285 7
      vertex 1.53005 -6.12868 7
    endloop
  endfacet
  facet normal 0 0 1
    outer loop
      vertex 1.64421 -5.70263 7
      vertex -1.64421 -5.70263 7
      vertex 1.57667 -5.91285 7
    endloop
  endfacet
  facet normal 0 0 1
    outer loop
      vertex -1.51925 -6.78887 7
      vertex 1.5012 -6.56881 7
      vertex -1.5012 -6.56881 7
    endloop
  endfacet
  facet normal 0 0 1
    outer loop
      vertex -1.83929 -5.30704 7
      vertex 0 -2.5 7
      vertex -0.245043 -2.48796 7
    endloop
  endfacet
  facet normal 0 0 1
    outer loop
      vertex -1.96495 -5.12548 7
      vertex -0.245043 -2.48796 7
      vertex -0.487725 -2.45196 7
    endloop
  endfacet
  facet normal 0 0 1
    outer loop
      vertex -2.10781 -4.95711 7
      vertex -0.487725 -2.45196 7
      vertex -0.725711 -2.39235 7
    endloop
  endfacet
  facet normal 0 0 1
    outer loop
      vertex -2.26647 -4.80355 7
      vertex -0.725711 -2.39235 7
      vertex -0.956708 -2.3097 7
    endloop
  endfacet
  facet normal 0 0 1
    outer loop
      vertex -2.43942 -4.66628 7
      vertex -0.956708 -2.3097 7
      vertex -1.17849 -2.2048 7
    endloop
  endfacet
  facet normal 0 0 1
    outer loop
      vertex -2.625 -4.54663 7
      vertex -1.17849 -2.2048 7
      vertex -1.38893 -2.07867 7
    endloop
  endfacet
  facet normal 0 0 1
    outer loop
      vertex 1.5012 -6.56881 7
      vertex -1.50482 -6.34803 7
      vertex -1.5012 -6.56881 7
    endloop
  endfacet
  facet normal 0 0 1
    outer loop
      vertex -1.55878 -7.00611 7
      vertex 1.5012 -6.56881 7
      vertex -1.51925 -6.78887 7
    endloop
  endfacet
  facet normal 0 0 1
    outer loop
      vertex 1.5012 -6.56881 7
      vertex 0 -14.3 7
      vertex 1.40164 -14.2311 7
    endloop
  endfacet
  facet normal 0 0 1
    outer loop
      vertex 1.50482 -6.34803 7
      vertex -1.50482 -6.34803 7
      vertex 1.5012 -6.56881 7
    endloop
  endfacet
  facet normal 0 -0 1
    outer loop
      vertex -1.50482 -6.34803 7
      vertex 1.50482 -6.34803 7
      vertex -1.53005 -6.12868 7
    endloop
  endfacet
  facet normal 0 0 1
    outer loop
      vertex -2.82141 -4.44575 7
      vertex -1.38893 -2.07867 7
      vertex -1.58598 -1.93253 7
    endloop
  endfacet
  facet normal 0 0 1
    outer loop
      vertex 1.53005 -6.12868 7
      vertex -1.53005 -6.12868 7
      vertex 1.50482 -6.34803 7
    endloop
  endfacet
  facet normal 0 -0 1
    outer loop
      vertex -1.53005 -6.12868 7
      vertex 1.53005 -6.12868 7
      vertex -1.57667 -5.91285 7
    endloop
  endfacet
  facet normal 0 0 1
    outer loop
      vertex -3.02676 -4.3646 7
      vertex -1.58598 -1.93253 7
      vertex -1.76777 -1.76777 7
    endloop
  endfacet
  facet normal 0 0 1
    outer loop
      vertex 0 -2.5 7
      vertex -1.83929 -5.30704 7
      vertex -1.73204 -5.50004 7
    endloop
  endfacet
  facet normal 0 0 1
    outer loop
      vertex -3.23908 -4.30397 7
      vertex -1.76777 -1.76777 7
      vertex -1.93253 -1.58598 7
    endloop
  endfacet
  facet normal 0 0 1
    outer loop
      vertex -0.245043 -2.48796 7
      vertex -1.96495 -5.12548 7
      vertex -1.83929 -5.30704 7
    endloop
  endfacet
  facet normal 0 0 1
    outer loop
      vertex -3.45632 -4.26444 7
      vertex -1.93253 -1.58598 7
      vertex -2.07867 -1.38893 7
    endloop
  endfacet
  facet normal 0 0 1
    outer loop
      vertex -0.487725 -2.45196 7
      vertex -2.10781 -4.95711 7
      vertex -1.96495 -5.12548 7
    endloop
  endfacet
  facet normal 0 0 1
    outer loop
      vertex -3.67638 -4.2464 7
      vertex -2.07867 -1.38893 7
      vertex -2.2048 -1.17849 7
    endloop
  endfacet
  facet normal 0 0 1
    outer loop
      vertex -0.725711 -2.39235 7
      vertex -2.26647 -4.80355 7
      vertex -2.10781 -4.95711 7
    endloop
  endfacet
  facet normal 0 0 1
    outer loop
      vertex -2.45196 -0.487725 7
      vertex -5.34688 -0.65314 7
      vertex -2.39235 -0.725711 7
    endloop
  endfacet
  facet normal 0 0 1
    outer loop
      vertex -2.48796 -0.245043 7
      vertex -5.29323 -0.438952 7
      vertex -2.45196 -0.487725 7
    endloop
  endfacet
  facet normal 0 0 1
    outer loop
      vertex -0.956708 -2.3097 7
      vertex -2.43942 -4.66628 7
      vertex -2.26647 -4.80355 7
    endloop
  endfacet
  facet normal 0 0 1
    outer loop
      vertex -5.29323 -0.438952 7
      vertex -2.48796 -0.245043 7
      vertex -5.26083 -0.220538 7
    endloop
  endfacet
  facet normal -0 0 1
    outer loop
      vertex -5.26083 -0.220538 7
      vertex -2.48796 -0.245043 7
      vertex -5.25 0 7
    endloop
  endfacet
  facet normal -0 0 1
    outer loop
      vertex -5.25 0 7
      vertex -2.48796 -0.245043 7
      vertex -2.5 0 7
    endloop
  endfacet
  facet normal 0 0 1
    outer loop
      vertex -3.89716 4.25001 7
      vertex -2.2048 1.17849 7
      vertex -3.67638 4.2464 7
    endloop
  endfacet
  facet normal 0 0 1
    outer loop
      vertex -1.17849 -2.2048 7
      vertex -2.625 -4.54663 7
      vertex -2.43942 -4.66628 7
    endloop
  endfacet
  facet normal -0 0 1
    outer loop
      vertex -5.62919 1.25003 7
      vertex -2.2048 1.17849 7
      vertex -3.89716 4.25001 7
    endloop
  endfacet
  facet normal 0 0 1
    outer loop
      vertex -5.34688 -0.65314 7
      vertex -2.45196 -0.487725 7
      vertex -5.29323 -0.438952 7
    endloop
  endfacet
  facet normal 0 -0 1
    outer loop
      vertex -5.42127 0.861037 7
      vertex -2.3097 0.956708 7
      vertex -5.51568 1.06064 7
    endloop
  endfacet
  facet normal 0 0 1
    outer loop
      vertex -1.38893 -2.07867 7
      vertex -2.82141 -4.44575 7
      vertex -2.625 -4.54663 7
    endloop
  endfacet
  facet normal 0 0 1
    outer loop
      vertex -2.3097 0.956708 7
      vertex -5.42127 0.861037 7
      vertex -2.39235 0.725711 7
    endloop
  endfacet
  facet normal 0 0 1
    outer loop
      vertex -1.58598 -1.93253 7
      vertex -3.02676 -4.3646 7
      vertex -2.82141 -4.44575 7
    endloop
  endfacet
  facet normal 0 -0 1
    outer loop
      vertex -5.34688 0.65314 7
      vertex -2.39235 0.725711 7
      vertex -5.42127 0.861037 7
    endloop
  endfacet
  facet normal 0 0 1
    outer loop
      vertex -1.76777 -1.76777 7
      vertex -3.23908 -4.30397 7
      vertex -3.02676 -4.3646 7
    endloop
  endfacet
  facet normal 0 0 1
    outer loop
      vertex -2.39235 0.725711 7
      vertex -5.34688 0.65314 7
      vertex -2.45196 0.487725 7
    endloop
  endfacet
  facet normal 0 0 1
    outer loop
      vertex -1.93253 -1.58598 7
      vertex -3.45632 -4.26444 7
      vertex -3.23908 -4.30397 7
    endloop
  endfacet
  facet normal 0 -0 1
    outer loop
      vertex -5.51568 1.06064 7
      vertex -2.2048 1.17849 7
      vertex -5.62919 1.25003 7
    endloop
  endfacet
  facet normal 0 0 1
    outer loop
      vertex -2.07867 -1.38893 7
      vertex -3.67638 -4.2464 7
      vertex -3.45632 -4.26444 7
    endloop
  endfacet
  facet normal 0 0 1
    outer loop
      vertex -5.62919 1.25003 7
      vertex -3.89716 4.25001 7
      vertex -4.11651 4.27524 7
    endloop
  endfacet
  facet normal 0 0 1
    outer loop
      vertex -2.2048 -1.17849 7
      vertex -3.89716 -4.25001 7
      vertex -3.67638 -4.2464 7
    endloop
  endfacet
  facet normal 0 0 1
    outer loop
      vertex -5.76073 1.42738 7
      vertex -4.11651 4.27524 7
      vertex -4.33234 4.32186 7
    endloop
  endfacet
  facet normal 0 0 1
    outer loop
      vertex -5.42127 -0.861037 7
      vertex -2.39235 -0.725711 7
      vertex -5.34688 -0.65314 7
    endloop
  endfacet
  facet normal 0 0 1
    outer loop
      vertex -5.90901 1.59099 7
      vertex -4.33234 4.32186 7
      vertex -4.54256 4.3894 7
    endloop
  endfacet
  facet normal 0 0 1
    outer loop
      vertex -2.39235 -0.725711 7
      vertex -5.42127 -0.861037 7
      vertex -2.3097 -0.956708 7
    endloop
  endfacet
  facet normal 0 0 1
    outer loop
      vertex -6.07261 1.73927 7
      vertex -4.54256 4.3894 7
      vertex -4.74515 4.47723 7
    endloop
  endfacet
  facet normal 0 0 1
    outer loop
      vertex -5.51568 -1.06064 7
      vertex -2.3097 -0.956708 7
      vertex -5.42127 -0.861037 7
    endloop
  endfacet
  facet normal 0 0 1
    outer loop
      vertex -6.24997 1.87081 7
      vertex -4.74515 4.47723 7
      vertex -4.93815 4.58449 7
    endloop
  endfacet
  facet normal 0 0 1
    outer loop
      vertex -2.3097 -0.956708 7
      vertex -5.51568 -1.06064 7
      vertex -2.2048 -1.17849 7
    endloop
  endfacet
  facet normal 0 0 1
    outer loop
      vertex -6.24997 1.87081 7
      vertex -4.93815 4.58449 7
      vertex -5.11971 4.71014 7
    endloop
  endfacet
  facet normal 0 0 1
    outer loop
      vertex -5.62919 -1.25003 7
      vertex -2.2048 -1.17849 7
      vertex -5.51568 -1.06064 7
    endloop
  endfacet
  facet normal 0 0 1
    outer loop
      vertex -2.2048 -1.17849 7
      vertex -5.62919 -1.25003 7
      vertex -3.89716 -4.25001 7
    endloop
  endfacet
  facet normal 0 0 1
    outer loop
      vertex -2.5 0 7
      vertex -5.26083 0.220538 7
      vertex -5.25 0 7
    endloop
  endfacet
  facet normal 0 0 1
    outer loop
      vertex -6.24997 1.87081 7
      vertex -5.11971 4.71014 7
      vertex -5.28808 4.853 7
    endloop
  endfacet
  facet normal 0 0 1
    outer loop
      vertex -2.48796 0.245043 7
      vertex -5.26083 0.220538 7
      vertex -2.5 0 7
    endloop
  endfacet
  facet normal 0 -0 1
    outer loop
      vertex -5.26083 0.220538 7
      vertex -2.48796 0.245043 7
      vertex -5.29323 0.438952 7
    endloop
  endfacet
  facet normal 0 0 1
    outer loop
      vertex -2.45196 0.487725 7
      vertex -5.29323 0.438952 7
      vertex -2.48796 0.245043 7
    endloop
  endfacet
  facet normal 0 0 1
    outer loop
      vertex -6.24997 1.87081 7
      vertex -5.28808 4.853 7
      vertex -5.44164 5.01166 7
    endloop
  endfacet
  facet normal 0 -0 1
    outer loop
      vertex -5.29323 0.438952 7
      vertex -2.45196 0.487725 7
      vertex -5.34688 0.65314 7
    endloop
  endfacet
  facet normal 0 0 1
    outer loop
      vertex -6.24997 1.87081 7
      vertex -5.44164 5.01166 7
      vertex -5.5789 5.18462 7
    endloop
  endfacet
  facet normal 0 0 1
    outer loop
      vertex -2.2048 1.17849 7
      vertex -5.51568 1.06064 7
      vertex -2.3097 0.956708 7
    endloop
  endfacet
  facet normal 0 0 1
    outer loop
      vertex -6.24997 1.87081 7
      vertex -5.5789 5.18462 7
      vertex -5.69856 5.37019 7
    endloop
  endfacet
  facet normal 0 0 1
    outer loop
      vertex -4.11651 4.27524 7
      vertex -5.76073 1.42738 7
      vertex -5.62919 1.25003 7
    endloop
  endfacet
  facet normal 0 0 1
    outer loop
      vertex -6.24997 1.87081 7
      vertex -5.69856 5.37019 7
      vertex -5.79944 5.5666 7
    endloop
  endfacet
  facet normal 0 0 1
    outer loop
      vertex -6.24997 1.87081 7
      vertex -5.79944 5.5666 7
      vertex -5.88059 5.77195 7
    endloop
  endfacet
  facet normal 0 0 1
    outer loop
      vertex -4.33234 4.32186 7
      vertex -5.90901 1.59099 7
      vertex -5.76073 1.42738 7
    endloop
  endfacet
  facet normal 0 0 1
    outer loop
      vertex -6.24997 1.87081 7
      vertex -5.88059 5.77195 7
      vertex -5.94122 5.98427 7
    endloop
  endfacet
  facet normal 0 0 1
    outer loop
      vertex -6.24997 1.87081 7
      vertex -5.94122 5.98427 7
      vertex -5.98075 6.20151 7
    endloop
  endfacet
  facet normal 0 0 1
    outer loop
      vertex -11.89 7.94465 7
      vertex -5.98075 6.20151 7
      vertex -5.99879 6.42157 7
    endloop
  endfacet
  facet normal 0 0 1
    outer loop
      vertex -4.54256 4.3894 7
      vertex -6.07261 1.73927 7
      vertex -5.90901 1.59099 7
    endloop
  endfacet
  facet normal 0 0 1
    outer loop
      vertex 11.89 -7.94465 7
      vertex 5.98075 -6.20151 7
      vertex 5.99879 -6.42157 7
    endloop
  endfacet
  facet normal 0 0 1
    outer loop
      vertex 6.24997 -1.87081 7
      vertex 5.94122 -5.98427 7
      vertex 5.98075 -6.20151 7
    endloop
  endfacet
  facet normal 0 0 1
    outer loop
      vertex 4.54256 -4.3894 7
      vertex 6.07261 -1.73927 7
      vertex 5.90901 -1.59099 7
    endloop
  endfacet
  facet normal 0 0 1
    outer loop
      vertex 6.24997 -1.87081 7
      vertex 5.88059 -5.77195 7
      vertex 5.94122 -5.98427 7
    endloop
  endfacet
  facet normal 0 0 1
    outer loop
      vertex 6.24997 -1.87081 7
      vertex 5.79944 -5.5666 7
      vertex 5.88059 -5.77195 7
    endloop
  endfacet
  facet normal 0 0 1
    outer loop
      vertex 4.33234 -4.32186 7
      vertex 5.90901 -1.59099 7
      vertex 5.76073 -1.42738 7
    endloop
  endfacet
  facet normal 0 0 1
    outer loop
      vertex 6.24997 -1.87081 7
      vertex 5.69856 -5.37019 7
      vertex 5.79944 -5.5666 7
    endloop
  endfacet
  facet normal 0 0 1
    outer loop
      vertex 4.11651 -4.27524 7
      vertex 5.76073 -1.42738 7
      vertex 5.62919 -1.25003 7
    endloop
  endfacet
  facet normal 0 0 1
    outer loop
      vertex 6.24997 -1.87081 7
      vertex 5.5789 -5.18462 7
      vertex 5.69856 -5.37019 7
    endloop
  endfacet
  facet normal 0 0 1
    outer loop
      vertex 2.2048 -1.17849 7
      vertex 5.51568 -1.06064 7
      vertex 2.3097 -0.956708 7
    endloop
  endfacet
  facet normal 0 0 1
    outer loop
      vertex 6.24997 -1.87081 7
      vertex 5.44164 -5.01166 7
      vertex 5.5789 -5.18462 7
    endloop
  endfacet
  facet normal 0 0 1
    outer loop
      vertex 5.29323 -0.438952 7
      vertex 2.45196 -0.487725 7
      vertex 5.34688 -0.65314 7
    endloop
  endfacet
  facet normal 0 0 1
    outer loop
      vertex 2.45196 -0.487725 7
      vertex 5.29323 -0.438952 7
      vertex 2.48796 -0.245043 7
    endloop
  endfacet
  facet normal 0 0 1
    outer loop
      vertex 5.26083 -0.220538 7
      vertex 2.48796 -0.245043 7
      vertex 5.29323 -0.438952 7
    endloop
  endfacet
  facet normal 0 0 1
    outer loop
      vertex 6.24997 -1.87081 7
      vertex 5.28808 -4.853 7
      vertex 5.44164 -5.01166 7
    endloop
  endfacet
  facet normal 0 0 1
    outer loop
      vertex 2.48796 -0.245043 7
      vertex 5.26083 -0.220538 7
      vertex 2.5 0 7
    endloop
  endfacet
  facet normal -0 0 1
    outer loop
      vertex 2.5 0 7
      vertex 5.26083 -0.220538 7
      vertex 5.25 0 7
    endloop
  endfacet
  facet normal 0 0 1
    outer loop
      vertex 2.2048 1.17849 7
      vertex 5.62919 1.25003 7
      vertex 3.89716 4.25001 7
    endloop
  endfacet
  facet normal 0 0 1
    outer loop
      vertex 6.24997 -1.87081 7
      vertex 5.11971 -4.71014 7
      vertex 5.28808 -4.853 7
    endloop
  endfacet
  facet normal 0 0 1
    outer loop
      vertex 5.62919 1.25003 7
      vertex 2.2048 1.17849 7
      vertex 5.51568 1.06064 7
    endloop
  endfacet
  facet normal 0 0 1
    outer loop
      vertex 6.24997 -1.87081 7
      vertex 4.93815 -4.58449 7
      vertex 5.11971 -4.71014 7
    endloop
  endfacet
  facet normal 0 -0 1
    outer loop
      vertex 2.3097 0.956708 7
      vertex 5.51568 1.06064 7
      vertex 2.2048 1.17849 7
    endloop
  endfacet
  facet normal 0 0 1
    outer loop
      vertex 2.39235 -0.725711 7
      vertex 5.34688 -0.65314 7
      vertex 2.45196 -0.487725 7
    endloop
  endfacet
  facet normal 0 0 1
    outer loop
      vertex 5.51568 1.06064 7
      vertex 2.3097 0.956708 7
      vertex 5.42127 0.861037 7
    endloop
  endfacet
  facet normal 0 0 1
    outer loop
      vertex 6.24997 -1.87081 7
      vertex 4.74515 -4.47723 7
      vertex 4.93815 -4.58449 7
    endloop
  endfacet
  facet normal 0 -0 1
    outer loop
      vertex 2.39235 0.725711 7
      vertex 5.42127 0.861037 7
      vertex 2.3097 0.956708 7
    endloop
  endfacet
  facet normal 0 0 1
    outer loop
      vertex 6.07261 -1.73927 7
      vertex 4.54256 -4.3894 7
      vertex 4.74515 -4.47723 7
    endloop
  endfacet
  facet normal 0 0 1
    outer loop
      vertex 5.34688 0.65314 7
      vertex 2.45196 0.487725 7
      vertex 5.29323 0.438952 7
    endloop
  endfacet
  facet normal 0 0 1
    outer loop
      vertex 5.90901 -1.59099 7
      vertex 4.33234 -4.32186 7
      vertex 4.54256 -4.3894 7
    endloop
  endfacet
  facet normal 0 0 1
    outer loop
      vertex 5.42127 0.861037 7
      vertex 2.39235 0.725711 7
      vertex 5.34688 0.65314 7
    endloop
  endfacet
  facet normal 0 0 1
    outer loop
      vertex 5.76073 -1.42738 7
      vertex 4.11651 -4.27524 7
      vertex 4.33234 -4.32186 7
    endloop
  endfacet
  facet normal 0 0 1
    outer loop
      vertex 2.2048 1.17849 7
      vertex 3.89716 4.25001 7
      vertex 3.67638 4.2464 7
    endloop
  endfacet
  facet normal 0 0 1
    outer loop
      vertex 5.62919 -1.25003 7
      vertex 3.89716 -4.25001 7
      vertex 4.11651 -4.27524 7
    endloop
  endfacet
  facet normal 0 0 1
    outer loop
      vertex 2.07867 1.38893 7
      vertex 3.67638 4.2464 7
      vertex 3.45632 4.26444 7
    endloop
  endfacet
  facet normal 0 0 1
    outer loop
      vertex 5.51568 -1.06064 7
      vertex 2.2048 -1.17849 7
      vertex 5.62919 -1.25003 7
    endloop
  endfacet
  facet normal 0 0 1
    outer loop
      vertex 1.93253 1.58598 7
      vertex 3.45632 4.26444 7
      vertex 3.23908 4.30397 7
    endloop
  endfacet
  facet normal 0 0 1
    outer loop
      vertex 5.34688 -0.65314 7
      vertex 2.39235 -0.725711 7
      vertex 5.42127 -0.861037 7
    endloop
  endfacet
  facet normal 0 0 1
    outer loop
      vertex 1.76777 1.76777 7
      vertex 3.23908 4.30397 7
      vertex 3.02676 4.3646 7
    endloop
  endfacet
  facet normal 0 0 1
    outer loop
      vertex 2.3097 -0.956708 7
      vertex 5.42127 -0.861037 7
      vertex 2.39235 -0.725711 7
    endloop
  endfacet
  facet normal 0 0 1
    outer loop
      vertex 1.58598 1.93253 7
      vertex 3.02676 4.3646 7
      vertex 2.82141 4.44575 7
    endloop
  endfacet
  facet normal 0 0 1
    outer loop
      vertex 5.42127 -0.861037 7
      vertex 2.3097 -0.956708 7
      vertex 5.51568 -1.06064 7
    endloop
  endfacet
  facet normal 0 0 1
    outer loop
      vertex 1.38893 2.07867 7
      vertex 2.82141 4.44575 7
      vertex 2.625 4.54663 7
    endloop
  endfacet
  facet normal 0 0 1
    outer loop
      vertex 5.62919 -1.25003 7
      vertex 2.2048 -1.17849 7
      vertex 3.89716 -4.25001 7
    endloop
  endfacet
  facet normal 0 0 1
    outer loop
      vertex 3.89716 -4.25001 7
      vertex 2.2048 -1.17849 7
      vertex 3.67638 -4.2464 7
    endloop
  endfacet
  facet normal 0 0 1
    outer loop
      vertex 5.25 0 7
      vertex 2.48796 0.245043 7
      vertex 2.5 0 7
    endloop
  endfacet
  facet normal 0 0 1
    outer loop
      vertex 5.26083 0.220538 7
      vertex 2.48796 0.245043 7
      vertex 5.25 0 7
    endloop
  endfacet
  facet normal 0 0 1
    outer loop
      vertex 1.17849 2.2048 7
      vertex 2.625 4.54663 7
      vertex 2.43942 4.66628 7
    endloop
  endfacet
  facet normal 0 0 1
    outer loop
      vertex 5.29323 0.438952 7
      vertex 2.48796 0.245043 7
      vertex 5.26083 0.220538 7
    endloop
  endfacet
  facet normal 0 -0 1
    outer loop
      vertex 2.48796 0.245043 7
      vertex 5.29323 0.438952 7
      vertex 2.45196 0.487725 7
    endloop
  endfacet
  facet normal 0 0 1
    outer loop
      vertex 0.956708 2.3097 7
      vertex 2.43942 4.66628 7
      vertex 2.26647 4.80355 7
    endloop
  endfacet
  facet normal 0 -0 1
    outer loop
      vertex 2.45196 0.487725 7
      vertex 5.34688 0.65314 7
      vertex 2.39235 0.725711 7
    endloop
  endfacet
  facet normal 0 0 1
    outer loop
      vertex 0.725711 2.39235 7
      vertex 2.26647 4.80355 7
      vertex 2.10781 4.95711 7
    endloop
  endfacet
  facet normal 0 0 1
    outer loop
      vertex 3.67638 4.2464 7
      vertex 2.07867 1.38893 7
      vertex 2.2048 1.17849 7
    endloop
  endfacet
  facet normal 0 0 1
    outer loop
      vertex 0.487725 2.45196 7
      vertex 2.10781 4.95711 7
      vertex 1.96495 5.12548 7
    endloop
  endfacet
  facet normal 0 0 1
    outer loop
      vertex 3.45632 4.26444 7
      vertex 1.93253 1.58598 7
      vertex 2.07867 1.38893 7
    endloop
  endfacet
  facet normal 0 0 1
    outer loop
      vertex 0.245043 2.48796 7
      vertex 1.96495 5.12548 7
      vertex 1.83929 5.30704 7
    endloop
  endfacet
  facet normal 0 0 1
    outer loop
      vertex 3.23908 4.30397 7
      vertex 1.76777 1.76777 7
      vertex 1.93253 1.58598 7
    endloop
  endfacet
  facet normal 0 0 1
    outer loop
      vertex 0 2.5 7
      vertex 1.83929 5.30704 7
      vertex 1.73204 5.50004 7
    endloop
  endfacet
  facet normal 0 0 1
    outer loop
      vertex -1.73204 5.50004 7
      vertex 1.73204 5.50004 7
      vertex 1.64421 5.70263 7
    endloop
  endfacet
  facet normal 0 0 1
    outer loop
      vertex 3.02676 4.3646 7
      vertex 1.58598 1.93253 7
      vertex 1.76777 1.76777 7
    endloop
  endfacet
  facet normal 0 0 1
    outer loop
      vertex -1.64421 5.70263 7
      vertex 1.64421 5.70263 7
      vertex 1.57667 5.91285 7
    endloop
  endfacet
  facet normal 0 0 1
    outer loop
      vertex -1.57667 5.91285 7
      vertex 1.57667 5.91285 7
      vertex 1.53005 6.12868 7
    endloop
  endfacet
  facet normal 0 0 1
    outer loop
      vertex -1.53005 6.12868 7
      vertex 1.53005 6.12868 7
      vertex 1.50482 6.34803 7
    endloop
  endfacet
  facet normal 0 0 1
    outer loop
      vertex 2.82141 4.44575 7
      vertex 1.38893 2.07867 7
      vertex 1.58598 1.93253 7
    endloop
  endfacet
  facet normal 0 0 1
    outer loop
      vertex -1.50482 6.34803 7
      vertex 1.50482 6.34803 7
      vertex 1.5012 6.56881 7
    endloop
  endfacet
  facet normal 0 0 1
    outer loop
      vertex -1.51925 6.78887 7
      vertex 1.51925 6.78887 7
      vertex 1.55878 7.00611 7
    endloop
  endfacet
  facet normal 0 0 1
    outer loop
      vertex -1.50482 6.34803 7
      vertex 1.5012 6.56881 7
      vertex -1.5012 6.56881 7
    endloop
  endfacet
  facet normal 0 0 1
    outer loop
      vertex 2.625 4.54663 7
      vertex 1.17849 2.2048 7
      vertex 1.38893 2.07867 7
    endloop
  endfacet
  facet normal 0 0 1
    outer loop
      vertex 1.50482 6.34803 7
      vertex -1.50482 6.34803 7
      vertex -1.53005 6.12868 7
    endloop
  endfacet
  facet normal 0 0 1
    outer loop
      vertex 2.43942 4.66628 7
      vertex 0.956708 2.3097 7
      vertex 1.17849 2.2048 7
    endloop
  endfacet
  facet normal 0 0 1
    outer loop
      vertex 1.53005 6.12868 7
      vertex -1.53005 6.12868 7
      vertex -1.57667 5.91285 7
    endloop
  endfacet
  facet normal 0 0 1
    outer loop
      vertex 1.51925 6.78887 7
      vertex -1.5012 6.56881 7
      vertex 1.5012 6.56881 7
    endloop
  endfacet
  facet normal 0 0 1
    outer loop
      vertex 2.26647 4.80355 7
      vertex 0.725711 2.39235 7
      vertex 0.956708 2.3097 7
    endloop
  endfacet
  facet normal 0 0 1
    outer loop
      vertex 1.57667 5.91285 7
      vertex -1.57667 5.91285 7
      vertex -1.64421 5.70263 7
    endloop
  endfacet
  facet normal 0 0 1
    outer loop
      vertex 2.10781 4.95711 7
      vertex 0.487725 2.45196 7
      vertex 0.725711 2.39235 7
    endloop
  endfacet
  facet normal 0 0 1
    outer loop
      vertex 1.64421 5.70263 7
      vertex -1.64421 5.70263 7
      vertex -1.73204 5.50004 7
    endloop
  endfacet
  facet normal 0 0 1
    outer loop
      vertex 1.96495 5.12548 7
      vertex 0.245043 2.48796 7
      vertex 0.487725 2.45196 7
    endloop
  endfacet
  facet normal 0 0 1
    outer loop
      vertex 1.73204 5.50004 7
      vertex -1.73204 5.50004 7
      vertex 0 2.5 7
    endloop
  endfacet
  facet normal -0 0 1
    outer loop
      vertex -1.83929 5.30704 7
      vertex 0 2.5 7
      vertex -1.73204 5.50004 7
    endloop
  endfacet
  facet normal 0 0 1
    outer loop
      vertex -2.38029 8.28024 7
      vertex 0 14.3 7
      vertex -1.40164 14.2311 7
    endloop
  endfacet
  facet normal 0 0 1
    outer loop
      vertex 1.83929 5.30704 7
      vertex 0 2.5 7
      vertex 0.245043 2.48796 7
    endloop
  endfacet
  facet normal 0 0 1
    outer loop
      vertex 0 2.5 7
      vertex -1.83929 5.30704 7
      vertex -0.245043 2.48796 7
    endloop
  endfacet
  facet normal -0 0 1
    outer loop
      vertex -1.96495 5.12548 7
      vertex -0.245043 2.48796 7
      vertex -1.83929 5.30704 7
    endloop
  endfacet
  facet normal 0 0 1
    outer loop
      vertex -0.245043 2.48796 7
      vertex -1.96495 5.12548 7
      vertex -0.487725 2.45196 7
    endloop
  endfacet
  facet normal -0 0 1
    outer loop
      vertex -2.10781 4.95711 7
      vertex -0.487725 2.45196 7
      vertex -1.96495 5.12548 7
    endloop
  endfacet
  facet normal 0 0 1
    outer loop
      vertex -0.487725 2.45196 7
      vertex -2.10781 4.95711 7
      vertex -0.725711 2.39235 7
    endloop
  endfacet
  facet normal -0 0 1
    outer loop
      vertex -2.26647 4.80355 7
      vertex -0.725711 2.39235 7
      vertex -2.10781 4.95711 7
    endloop
  endfacet
  facet normal 0 0 1
    outer loop
      vertex -0.725711 2.39235 7
      vertex -2.26647 4.80355 7
      vertex -0.956708 2.3097 7
    endloop
  endfacet
  facet normal -0 0 1
    outer loop
      vertex -2.43942 4.66628 7
      vertex -0.956708 2.3097 7
      vertex -2.26647 4.80355 7
    endloop
  endfacet
  facet normal 0 0 1
    outer loop
      vertex -0.956708 2.3097 7
      vertex -2.43942 4.66628 7
      vertex -1.17849 2.2048 7
    endloop
  endfacet
  facet normal -0 0 1
    outer loop
      vertex -2.625 4.54663 7
      vertex -1.17849 2.2048 7
      vertex -2.43942 4.66628 7
    endloop
  endfacet
  facet normal 0 0 1
    outer loop
      vertex -1.17849 2.2048 7
      vertex -2.625 4.54663 7
      vertex -1.38893 2.07867 7
    endloop
  endfacet
  facet normal -0 0 1
    outer loop
      vertex -2.82141 4.44575 7
      vertex -1.38893 2.07867 7
      vertex -2.625 4.54663 7
    endloop
  endfacet
  facet normal 0 0 1
    outer loop
      vertex -1.38893 2.07867 7
      vertex -2.82141 4.44575 7
      vertex -1.58598 1.93253 7
    endloop
  endfacet
  facet normal -0 0 1
    outer loop
      vertex -3.02676 4.3646 7
      vertex -1.58598 1.93253 7
      vertex -2.82141 4.44575 7
    endloop
  endfacet
  facet normal 0 0 1
    outer loop
      vertex -1.58598 1.93253 7
      vertex -3.02676 4.3646 7
      vertex -1.76777 1.76777 7
    endloop
  endfacet
  facet normal -0 0 1
    outer loop
      vertex -3.23908 4.30397 7
      vertex -1.76777 1.76777 7
      vertex -3.02676 4.3646 7
    endloop
  endfacet
  facet normal 0 0 1
    outer loop
      vertex -1.76777 1.76777 7
      vertex -3.23908 4.30397 7
      vertex -1.93253 1.58598 7
    endloop
  endfacet
  facet normal -0 0 1
    outer loop
      vertex -3.45632 4.26444 7
      vertex -1.93253 1.58598 7
      vertex -3.23908 4.30397 7
    endloop
  endfacet
  facet normal 0 0 1
    outer loop
      vertex -1.93253 1.58598 7
      vertex -3.45632 4.26444 7
      vertex -2.07867 1.38893 7
    endloop
  endfacet
  facet normal -0 0 1
    outer loop
      vertex -3.67638 4.2464 7
      vertex -2.07867 1.38893 7
      vertex -3.45632 4.26444 7
    endloop
  endfacet
  facet normal 0 0 1
    outer loop
      vertex -2.07867 1.38893 7
      vertex -3.67638 4.2464 7
      vertex -2.2048 1.17849 7
    endloop
  endfacet
  facet normal -0 0 1
    outer loop
      vertex 9.73917 0.220538 7
      vertex 14.3 0 7
      vertex 14.2311 1.40164 7
    endloop
  endfacet
  facet normal 0 0 1
    outer loop
      vertex 9.57873 0.861037 7
      vertex 14.2311 1.40164 7
      vertex 14.0252 2.78979 7
    endloop
  endfacet
  facet normal 0 0 1
    outer loop
      vertex 14.3 0 7
      vertex 9.73917 0.220538 7
      vertex 9.75 0 7
    endloop
  endfacet
  facet normal 0 0 1
    outer loop
      vertex 9.37081 1.25003 7
      vertex 14.0252 2.78979 7
      vertex 13.6842 4.15107 7
    endloop
  endfacet
  facet normal 0 0 1
    outer loop
      vertex 9.73917 -0.220538 7
      vertex 14.3 0 7
      vertex 9.75 0 7
    endloop
  endfacet
  facet normal 0 0 1
    outer loop
      vertex 8.92738 1.73927 7
      vertex 13.6842 4.15107 7
      vertex 13.2115 5.47237 7
    endloop
  endfacet
  facet normal 0 0 1
    outer loop
      vertex 14.3 0 7
      vertex 9.73917 -0.220538 7
      vertex 14.2311 -1.40164 7
    endloop
  endfacet
  facet normal 0 0 1
    outer loop
      vertex 8.56064 1.98432 7
      vertex 13.2115 5.47237 7
      vertex 12.6115 6.74097 7
    endloop
  endfacet
  facet normal -0 0 1
    outer loop
      vertex 9.70677 -0.438952 7
      vertex 14.2311 -1.40164 7
      vertex 9.73917 -0.220538 7
    endloop
  endfacet
  facet normal 0 0 1
    outer loop
      vertex 5.98075 6.20151 7
      vertex 12.6115 6.74097 7
      vertex 11.89 7.94465 7
    endloop
  endfacet
  facet normal -0 0 1
    outer loop
      vertex 9.65312 -0.65314 7
      vertex 14.2311 -1.40164 7
      vertex 9.70677 -0.438952 7
    endloop
  endfacet
  facet normal 0 0 1
    outer loop
      vertex 5.99518 6.64235 7
      vertex 11.89 7.94465 7
      vertex 11.054 9.07182 7
    endloop
  endfacet
  facet normal -0 0 1
    outer loop
      vertex 9.57873 -0.861037 7
      vertex 14.2311 -1.40164 7
      vertex 9.65312 -0.65314 7
    endloop
  endfacet
  facet normal 0 0 1
    outer loop
      vertex 5.92333 7.07753 7
      vertex 11.054 9.07182 7
      vertex 10.1116 10.1116 7
    endloop
  endfacet
  facet normal -0 0 1
    outer loop
      vertex 9.48432 -1.06064 7
      vertex 14.0252 -2.78979 7
      vertex 9.57873 -0.861037 7
    endloop
  endfacet
  facet normal -0 0 1
    outer loop
      vertex 9.37081 -1.25003 7
      vertex 14.0252 -2.78979 7
      vertex 9.48432 -1.06064 7
    endloop
  endfacet
  facet normal 0 0 1
    outer loop
      vertex 14.2311 -1.40164 7
      vertex 9.57873 -0.861037 7
      vertex 14.0252 -2.78979 7
    endloop
  endfacet
  facet normal 0 0 1
    outer loop
      vertex 14.2311 1.40164 7
      vertex 9.70677 0.438952 7
      vertex 9.73917 0.220538 7
    endloop
  endfacet
  facet normal 0 0 1
    outer loop
      vertex 14.2311 1.40164 7
      vertex 9.65312 0.65314 7
      vertex 9.70677 0.438952 7
    endloop
  endfacet
  facet normal 0 0 1
    outer loop
      vertex 14.2311 1.40164 7
      vertex 9.57873 0.861037 7
      vertex 9.65312 0.65314 7
    endloop
  endfacet
  facet normal 0 0 1
    outer loop
      vertex 14.0252 2.78979 7
      vertex 9.48432 1.06064 7
      vertex 9.57873 0.861037 7
    endloop
  endfacet
  facet normal 0 0 1
    outer loop
      vertex 14.0252 2.78979 7
      vertex 9.37081 1.25003 7
      vertex 9.48432 1.06064 7
    endloop
  endfacet
  facet normal 0 0 1
    outer loop
      vertex 13.6842 4.15107 7
      vertex 9.23927 1.42738 7
      vertex 9.37081 1.25003 7
    endloop
  endfacet
  facet normal 0 0 1
    outer loop
      vertex 13.6842 4.15107 7
      vertex 9.09099 1.59099 7
      vertex 9.23927 1.42738 7
    endloop
  endfacet
  facet normal 0 0 1
    outer loop
      vertex 5.76796 7.49034 7
      vertex 10.1116 10.1116 7
      vertex 9.07182 11.054 7
    endloop
  endfacet
  facet normal 0 0 1
    outer loop
      vertex 13.6842 4.15107 7
      vertex 8.92738 1.73927 7
      vertex 9.09099 1.59099 7
    endloop
  endfacet
  facet normal 0 0 1
    outer loop
      vertex 13.2115 5.47237 7
      vertex 8.75003 1.87081 7
      vertex 8.92738 1.73927 7
    endloop
  endfacet
  facet normal 0 0 1
    outer loop
      vertex 13.2115 5.47237 7
      vertex 8.56064 1.98432 7
      vertex 8.75003 1.87081 7
    endloop
  endfacet
  facet normal 0 0 1
    outer loop
      vertex 11.89 7.94465 7
      vertex 5.99879 6.42157 7
      vertex 5.98075 6.20151 7
    endloop
  endfacet
  facet normal 0 0 1
    outer loop
      vertex 12.6115 6.74097 7
      vertex 8.36104 2.07873 7
      vertex 8.56064 1.98432 7
    endloop
  endfacet
  facet normal 0 0 1
    outer loop
      vertex 5.39219 8.03327 7
      vertex 9.07182 11.054 7
      vertex 7.94465 11.89 7
    endloop
  endfacet
  facet normal 0 0 1
    outer loop
      vertex 11.89 7.94465 7
      vertex 5.99518 6.64235 7
      vertex 5.99879 6.42157 7
    endloop
  endfacet
  facet normal 0 0 1
    outer loop
      vertex 5.94122 5.98427 7
      vertex 12.6115 6.74097 7
      vertex 5.98075 6.20151 7
    endloop
  endfacet
  facet normal 0 0 1
    outer loop
      vertex 12.6115 6.74097 7
      vertex 8.15314 2.15312 7
      vertex 8.36104 2.07873 7
    endloop
  endfacet
  facet normal 0 0 1
    outer loop
      vertex 12.6115 6.74097 7
      vertex 5.94122 5.98427 7
      vertex 8.15314 2.15312 7
    endloop
  endfacet
  facet normal -0 0 1
    outer loop
      vertex 5.88059 5.77195 7
      vertex 7.93895 2.20677 7
      vertex 5.94122 5.98427 7
    endloop
  endfacet
  facet normal 0 0 1
    outer loop
      vertex 7.93895 2.20677 7
      vertex 5.88059 5.77195 7
      vertex 7.72054 2.23917 7
    endloop
  endfacet
  facet normal 0 0 1
    outer loop
      vertex 4.875 8.44375 7
      vertex 7.94465 11.89 7
      vertex 6.74097 12.6115 7
    endloop
  endfacet
  facet normal 0 0 1
    outer loop
      vertex 8.15314 2.15312 7
      vertex 5.94122 5.98427 7
      vertex 7.93895 2.20677 7
    endloop
  endfacet
  facet normal -0 0 1
    outer loop
      vertex 5.79944 5.5666 7
      vertex 7.72054 2.23917 7
      vertex 5.88059 5.77195 7
    endloop
  endfacet
  facet normal -0 0 1
    outer loop
      vertex 5.69856 5.37019 7
      vertex 7.5 2.25 7
      vertex 5.79944 5.5666 7
    endloop
  endfacet
  facet normal 0 0 1
    outer loop
      vertex 7.5 2.25 7
      vertex 5.69856 5.37019 7
      vertex 7.27946 2.23917 7
    endloop
  endfacet
  facet normal -0 0 1
    outer loop
      vertex 5.5789 5.18462 7
      vertex 7.27946 2.23917 7
      vertex 5.69856 5.37019 7
    endloop
  endfacet
  facet normal 0 0 1
    outer loop
      vertex 7.72054 2.23917 7
      vertex 5.79944 5.5666 7
      vertex 7.5 2.25 7
    endloop
  endfacet
  facet normal 0 0 1
    outer loop
      vertex 11.054 9.07182 7
      vertex 5.96995 6.8617 7
      vertex 5.99518 6.64235 7
    endloop
  endfacet
  facet normal 0 0 1
    outer loop
      vertex 11.054 9.07182 7
      vertex 5.92333 7.07753 7
      vertex 5.96995 6.8617 7
    endloop
  endfacet
  facet normal 0 0 1
    outer loop
      vertex 10.1116 10.1116 7
      vertex 5.85579 7.28775 7
      vertex 5.92333 7.07753 7
    endloop
  endfacet
  facet normal 0 0 1
    outer loop
      vertex 10.1116 10.1116 7
      vertex 5.76796 7.49034 7
      vertex 5.85579 7.28775 7
    endloop
  endfacet
  facet normal 0 0 1
    outer loop
      vertex 9.07182 11.054 7
      vertex 5.6607 7.68334 7
      vertex 5.76796 7.49034 7
    endloop
  endfacet
  facet normal 0 0 1
    outer loop
      vertex 9.07182 11.054 7
      vertex 5.53504 7.8649 7
      vertex 5.6607 7.68334 7
    endloop
  endfacet
  facet normal 0 0 1
    outer loop
      vertex 4.47324 8.62578 7
      vertex 6.74097 12.6115 7
      vertex 5.47237 13.2115 7
    endloop
  endfacet
  facet normal 0 0 1
    outer loop
      vertex 9.07182 11.054 7
      vertex 5.39219 8.03327 7
      vertex 5.53504 7.8649 7
    endloop
  endfacet
  facet normal 0 0 1
    outer loop
      vertex 7.94465 11.89 7
      vertex 5.23353 8.18683 7
      vertex 5.39219 8.03327 7
    endloop
  endfacet
  facet normal 0 0 1
    outer loop
      vertex 7.94465 11.89 7
      vertex 5.06057 8.32409 7
      vertex 5.23353 8.18683 7
    endloop
  endfacet
  facet normal 0 0 1
    outer loop
      vertex 7.94465 11.89 7
      vertex 4.875 8.44375 7
      vertex 5.06057 8.32409 7
    endloop
  endfacet
  facet normal 0 0 1
    outer loop
      vertex 6.74097 12.6115 7
      vertex 4.67859 8.54463 7
      vertex 4.875 8.44375 7
    endloop
  endfacet
  facet normal 0 0 1
    outer loop
      vertex 6.74097 12.6115 7
      vertex 4.47324 8.62578 7
      vertex 4.67859 8.54463 7
    endloop
  endfacet
  facet normal 0 0 1
    outer loop
      vertex 5.47237 13.2115 7
      vertex 4.26092 8.68641 7
      vertex 4.47324 8.62578 7
    endloop
  endfacet
  facet normal 0 0 1
    outer loop
      vertex 3.82362 8.74399 7
      vertex 5.47237 13.2115 7
      vertex 4.15107 13.6842 7
    endloop
  endfacet
  facet normal 0 0 1
    outer loop
      vertex 5.47237 13.2115 7
      vertex 4.04368 8.72594 7
      vertex 4.26092 8.68641 7
    endloop
  endfacet
  facet normal 0 0 1
    outer loop
      vertex 5.47237 13.2115 7
      vertex 3.82362 8.74399 7
      vertex 4.04368 8.72594 7
    endloop
  endfacet
  facet normal 0 0 1
    outer loop
      vertex 4.15107 13.6842 7
      vertex 3.60284 8.74037 7
      vertex 3.82362 8.74399 7
    endloop
  endfacet
  facet normal 0 0 1
    outer loop
      vertex 4.15107 13.6842 7
      vertex 3.38348 8.71514 7
      vertex 3.60284 8.74037 7
    endloop
  endfacet
  facet normal 0 0 1
    outer loop
      vertex 2.78979 14.0252 7
      vertex 3.38348 8.71514 7
      vertex 4.15107 13.6842 7
    endloop
  endfacet
  facet normal 0 0 1
    outer loop
      vertex 3.38348 8.71514 7
      vertex 2.78979 14.0252 7
      vertex 3.16766 8.66852 7
    endloop
  endfacet
  facet normal 0 0 1
    outer loop
      vertex 3.16766 8.66852 7
      vertex 2.78979 14.0252 7
      vertex 2.95744 8.60098 7
    endloop
  endfacet
  facet normal 0 0 1
    outer loop
      vertex 2.78979 14.0252 7
      vertex 2.75485 8.51315 7
      vertex 2.95744 8.60098 7
    endloop
  endfacet
  facet normal 0 0 1
    outer loop
      vertex 1.40164 14.2311 7
      vertex 2.75485 8.51315 7
      vertex 2.78979 14.0252 7
    endloop
  endfacet
  facet normal 0 0 1
    outer loop
      vertex 2.75485 8.51315 7
      vertex 1.40164 14.2311 7
      vertex 2.56185 8.4059 7
    endloop
  endfacet
  facet normal 0 0 1
    outer loop
      vertex 2.56185 8.4059 7
      vertex 1.40164 14.2311 7
      vertex 2.38029 8.28024 7
    endloop
  endfacet
  facet normal 0 0 1
    outer loop
      vertex 0 14.3 7
      vertex 2.38029 8.28024 7
      vertex 1.40164 14.2311 7
    endloop
  endfacet
  facet normal 0 0 1
    outer loop
      vertex 2.38029 8.28024 7
      vertex 0 14.3 7
      vertex 2.21192 8.13738 7
    endloop
  endfacet
  facet normal 0 0 1
    outer loop
      vertex 2.21192 8.13738 7
      vertex 0 14.3 7
      vertex 2.05836 7.97872 7
    endloop
  endfacet
  facet normal 0 0 1
    outer loop
      vertex -1.51925 6.78887 7
      vertex 2.05836 7.97872 7
      vertex 0 14.3 7
    endloop
  endfacet
  facet normal 0 0 1
    outer loop
      vertex -1.51925 6.78887 7
      vertex 1.92109 7.80577 7
      vertex 2.05836 7.97872 7
    endloop
  endfacet
  facet normal 0 0 1
    outer loop
      vertex -1.51925 6.78887 7
      vertex 1.80144 7.62019 7
      vertex 1.92109 7.80577 7
    endloop
  endfacet
  facet normal 0 0 1
    outer loop
      vertex -1.51925 6.78887 7
      vertex 1.70056 7.42378 7
      vertex 1.80144 7.62019 7
    endloop
  endfacet
  facet normal 0 0 1
    outer loop
      vertex -1.51925 6.78887 7
      vertex 1.55878 7.00611 7
      vertex 1.61941 7.21843 7
    endloop
  endfacet
  facet normal 0 0 1
    outer loop
      vertex -1.51925 6.78887 7
      vertex 1.61941 7.21843 7
      vertex 1.70056 7.42378 7
    endloop
  endfacet
  facet normal 0 0 1
    outer loop
      vertex 14.0252 -2.78979 7
      vertex 9.37081 -1.25003 7
      vertex 13.6842 -4.15107 7
    endloop
  endfacet
  facet normal -0 0 1
    outer loop
      vertex 9.23927 -1.42738 7
      vertex 13.6842 -4.15107 7
      vertex 9.37081 -1.25003 7
    endloop
  endfacet
  facet normal -0 0 1
    outer loop
      vertex 9.09099 -1.59099 7
      vertex 13.6842 -4.15107 7
      vertex 9.23927 -1.42738 7
    endloop
  endfacet
  facet normal -0 0 1
    outer loop
      vertex 8.92738 -1.73927 7
      vertex 13.6842 -4.15107 7
      vertex 9.09099 -1.59099 7
    endloop
  endfacet
  facet normal 0 0 1
    outer loop
      vertex 13.6842 -4.15107 7
      vertex 8.92738 -1.73927 7
      vertex 13.2115 -5.47237 7
    endloop
  endfacet
  facet normal -0 0 1
    outer loop
      vertex 8.75003 -1.87081 7
      vertex 13.2115 -5.47237 7
      vertex 8.92738 -1.73927 7
    endloop
  endfacet
  facet normal -0 0 1
    outer loop
      vertex 8.56064 -1.98432 7
      vertex 13.2115 -5.47237 7
      vertex 8.75003 -1.87081 7
    endloop
  endfacet
  facet normal 0 0 1
    outer loop
      vertex 13.2115 -5.47237 7
      vertex 8.56064 -1.98432 7
      vertex 12.6115 -6.74097 7
    endloop
  endfacet
  facet normal -0 0 1
    outer loop
      vertex 8.36104 -2.07873 7
      vertex 12.6115 -6.74097 7
      vertex 8.56064 -1.98432 7
    endloop
  endfacet
  facet normal -0 0 1
    outer loop
      vertex 8.15314 -2.15312 7
      vertex 12.6115 -6.74097 7
      vertex 8.36104 -2.07873 7
    endloop
  endfacet
  facet normal -0 0 1
    outer loop
      vertex 5.98075 -6.20151 7
      vertex 12.6115 -6.74097 7
      vertex 8.15314 -2.15312 7
    endloop
  endfacet
  facet normal -0 0 1
    outer loop
      vertex 5.99518 -6.64235 7
      vertex 11.89 -7.94465 7
      vertex 5.99879 -6.42157 7
    endloop
  endfacet
  facet normal 0 0 1
    outer loop
      vertex 11.89 -7.94465 7
      vertex 5.99518 -6.64235 7
      vertex 11.054 -9.07182 7
    endloop
  endfacet
  facet normal 0 0 1
    outer loop
      vertex 5.98075 -6.20151 7
      vertex 11.89 -7.94465 7
      vertex 12.6115 -6.74097 7
    endloop
  endfacet
  facet normal -0 0 1
    outer loop
      vertex 5.96995 -6.8617 7
      vertex 11.054 -9.07182 7
      vertex 5.99518 -6.64235 7
    endloop
  endfacet
  facet normal 0 0 1
    outer loop
      vertex 5.98075 -6.20151 7
      vertex 8.15314 -2.15312 7
      vertex 7.93895 -2.20677 7
    endloop
  endfacet
  facet normal 0 0 1
    outer loop
      vertex 5.98075 -6.20151 7
      vertex 7.93895 -2.20677 7
      vertex 7.72054 -2.23917 7
    endloop
  endfacet
  facet normal 0 0 1
    outer loop
      vertex 5.98075 -6.20151 7
      vertex 7.72054 -2.23917 7
      vertex 7.5 -2.25 7
    endloop
  endfacet
  facet normal 0 0 1
    outer loop
      vertex 5.98075 -6.20151 7
      vertex 7.5 -2.25 7
      vertex 7.27946 -2.23917 7
    endloop
  endfacet
  facet normal 0 0 1
    outer loop
      vertex 5.98075 -6.20151 7
      vertex 7.27946 -2.23917 7
      vertex 7.06105 -2.20677 7
    endloop
  endfacet
  facet normal 0 0 1
    outer loop
      vertex 5.98075 -6.20151 7
      vertex 7.06105 -2.20677 7
      vertex 6.84686 -2.15312 7
    endloop
  endfacet
  facet normal -0 0 1
    outer loop
      vertex 5.92333 -7.07753 7
      vertex 11.054 -9.07182 7
      vertex 5.96995 -6.8617 7
    endloop
  endfacet
  facet normal 0 0 1
    outer loop
      vertex 5.98075 -6.20151 7
      vertex 6.84686 -2.15312 7
      vertex 6.63896 -2.07873 7
    endloop
  endfacet
  facet normal 0 0 1
    outer loop
      vertex 5.98075 -6.20151 7
      vertex 6.63896 -2.07873 7
      vertex 6.43936 -1.98432 7
    endloop
  endfacet
  facet normal 0 0 1
    outer loop
      vertex 5.98075 -6.20151 7
      vertex 6.43936 -1.98432 7
      vertex 6.24997 -1.87081 7
    endloop
  endfacet
  facet normal 0 0 1
    outer loop
      vertex 4.74515 -4.47723 7
      vertex 6.24997 -1.87081 7
      vertex 6.07261 -1.73927 7
    endloop
  endfacet
  facet normal 0 0 1
    outer loop
      vertex 11.054 -9.07182 7
      vertex 5.92333 -7.07753 7
      vertex 10.1116 -10.1116 7
    endloop
  endfacet
  facet normal -0 0 1
    outer loop
      vertex 5.85579 -7.28775 7
      vertex 10.1116 -10.1116 7
      vertex 5.92333 -7.07753 7
    endloop
  endfacet
  facet normal -0 0 1
    outer loop
      vertex 5.76796 -7.49034 7
      vertex 10.1116 -10.1116 7
      vertex 5.85579 -7.28775 7
    endloop
  endfacet
  facet normal 0 0 1
    outer loop
      vertex 10.1116 -10.1116 7
      vertex 5.76796 -7.49034 7
      vertex 9.07182 -11.054 7
    endloop
  endfacet
  facet normal -0 0 1
    outer loop
      vertex 5.6607 -7.68334 7
      vertex 9.07182 -11.054 7
      vertex 5.76796 -7.49034 7
    endloop
  endfacet
  facet normal -0 0 1
    outer loop
      vertex 5.53504 -7.8649 7
      vertex 9.07182 -11.054 7
      vertex 5.6607 -7.68334 7
    endloop
  endfacet
  facet normal -0 0 1
    outer loop
      vertex 5.39219 -8.03327 7
      vertex 9.07182 -11.054 7
      vertex 5.53504 -7.8649 7
    endloop
  endfacet
  facet normal 0 0 1
    outer loop
      vertex 9.07182 -11.054 7
      vertex 5.39219 -8.03327 7
      vertex 7.94465 -11.89 7
    endloop
  endfacet
  facet normal -0 0 1
    outer loop
      vertex 5.23353 -8.18683 7
      vertex 7.94465 -11.89 7
      vertex 5.39219 -8.03327 7
    endloop
  endfacet
  facet normal -0 0 1
    outer loop
      vertex 5.06057 -8.32409 7
      vertex 7.94465 -11.89 7
      vertex 5.23353 -8.18683 7
    endloop
  endfacet
  facet normal -0 0 1
    outer loop
      vertex 4.875 -8.44375 7
      vertex 7.94465 -11.89 7
      vertex 5.06057 -8.32409 7
    endloop
  endfacet
  facet normal 0 0 1
    outer loop
      vertex 7.94465 -11.89 7
      vertex 4.875 -8.44375 7
      vertex 6.74097 -12.6115 7
    endloop
  endfacet
  facet normal -0 0 1
    outer loop
      vertex 4.67859 -8.54463 7
      vertex 6.74097 -12.6115 7
      vertex 4.875 -8.44375 7
    endloop
  endfacet
  facet normal -0 0 1
    outer loop
      vertex 4.47324 -8.62578 7
      vertex 6.74097 -12.6115 7
      vertex 4.67859 -8.54463 7
    endloop
  endfacet
  facet normal 0 0 1
    outer loop
      vertex 6.74097 -12.6115 7
      vertex 4.47324 -8.62578 7
      vertex 5.47237 -13.2115 7
    endloop
  endfacet
  facet normal -0 0 1
    outer loop
      vertex 4.26092 -8.68641 7
      vertex 5.47237 -13.2115 7
      vertex 4.47324 -8.62578 7
    endloop
  endfacet
  facet normal -0 0 1
    outer loop
      vertex 4.04368 -8.72594 7
      vertex 5.47237 -13.2115 7
      vertex 4.26092 -8.68641 7
    endloop
  endfacet
  facet normal -0 0 1
    outer loop
      vertex 3.82362 -8.74399 7
      vertex 5.47237 -13.2115 7
      vertex 4.04368 -8.72594 7
    endloop
  endfacet
  facet normal 0 0 1
    outer loop
      vertex 5.47237 -13.2115 7
      vertex 3.82362 -8.74399 7
      vertex 4.15107 -13.6842 7
    endloop
  endfacet
  facet normal 0 0 1
    outer loop
      vertex 3.60284 -8.74037 7
      vertex 4.15107 -13.6842 7
      vertex 3.82362 -8.74399 7
    endloop
  endfacet
  facet normal 0 0 1
    outer loop
      vertex 3.38348 -8.71514 7
      vertex 4.15107 -13.6842 7
      vertex 3.60284 -8.74037 7
    endloop
  endfacet
  facet normal 0 0 1
    outer loop
      vertex 2.78979 -14.0252 7
      vertex 3.38348 -8.71514 7
      vertex 3.16766 -8.66852 7
    endloop
  endfacet
  facet normal 0 0 1
    outer loop
      vertex 2.78979 -14.0252 7
      vertex 3.16766 -8.66852 7
      vertex 2.95744 -8.60098 7
    endloop
  endfacet
  facet normal 0 0 1
    outer loop
      vertex 3.38348 -8.71514 7
      vertex 2.78979 -14.0252 7
      vertex 4.15107 -13.6842 7
    endloop
  endfacet
  facet normal 0 0 1
    outer loop
      vertex 2.75485 -8.51315 7
      vertex 2.78979 -14.0252 7
      vertex 2.95744 -8.60098 7
    endloop
  endfacet
  facet normal 0 0 1
    outer loop
      vertex 1.40164 -14.2311 7
      vertex 2.75485 -8.51315 7
      vertex 2.56185 -8.4059 7
    endloop
  endfacet
  facet normal 0 0 1
    outer loop
      vertex 1.40164 -14.2311 7
      vertex 2.56185 -8.4059 7
      vertex 2.38029 -8.28024 7
    endloop
  endfacet
  facet normal 0 0 1
    outer loop
      vertex 1.40164 -14.2311 7
      vertex 2.38029 -8.28024 7
      vertex 2.21192 -8.13738 7
    endloop
  endfacet
  facet normal 0 0 1
    outer loop
      vertex 1.40164 -14.2311 7
      vertex 2.21192 -8.13738 7
      vertex 2.05836 -7.97872 7
    endloop
  endfacet
  facet normal 0 0 1
    outer loop
      vertex 1.40164 -14.2311 7
      vertex 2.05836 -7.97872 7
      vertex 1.92109 -7.80577 7
    endloop
  endfacet
  facet normal 0 0 1
    outer loop
      vertex 1.40164 -14.2311 7
      vertex 1.92109 -7.80577 7
      vertex 1.80144 -7.62019 7
    endloop
  endfacet
  facet normal 0 0 1
    outer loop
      vertex 1.40164 -14.2311 7
      vertex 1.80144 -7.62019 7
      vertex 1.70056 -7.42378 7
    endloop
  endfacet
  facet normal 0 0 1
    outer loop
      vertex 1.40164 -14.2311 7
      vertex 1.70056 -7.42378 7
      vertex 1.61941 -7.21843 7
    endloop
  endfacet
  facet normal 0 0 1
    outer loop
      vertex 1.40164 -14.2311 7
      vertex 1.61941 -7.21843 7
      vertex 1.55878 -7.00611 7
    endloop
  endfacet
  facet normal 0 0 1
    outer loop
      vertex 1.40164 -14.2311 7
      vertex 1.55878 -7.00611 7
      vertex 1.51925 -6.78887 7
    endloop
  endfacet
  facet normal 0 0 1
    outer loop
      vertex 2.75485 -8.51315 7
      vertex 1.40164 -14.2311 7
      vertex 2.78979 -14.0252 7
    endloop
  endfacet
  facet normal 0 0 1
    outer loop
      vertex 1.40164 -14.2311 7
      vertex 1.51925 -6.78887 7
      vertex 1.5012 -6.56881 7
    endloop
  endfacet
  facet normal 0 0 1
    outer loop
      vertex 7.27946 2.23917 7
      vertex 5.5789 5.18462 7
      vertex 7.06105 2.20677 7
    endloop
  endfacet
  facet normal -0 0 1
    outer loop
      vertex 5.44164 5.01166 7
      vertex 7.06105 2.20677 7
      vertex 5.5789 5.18462 7
    endloop
  endfacet
  facet normal 0 0 1
    outer loop
      vertex 7.06105 2.20677 7
      vertex 5.44164 5.01166 7
      vertex 6.84686 2.15312 7
    endloop
  endfacet
  facet normal -0 0 1
    outer loop
      vertex 5.28808 4.853 7
      vertex 6.84686 2.15312 7
      vertex 5.44164 5.01166 7
    endloop
  endfacet
  facet normal 0 0 1
    outer loop
      vertex 6.84686 2.15312 7
      vertex 5.28808 4.853 7
      vertex 6.63896 2.07873 7
    endloop
  endfacet
  facet normal -0 0 1
    outer loop
      vertex 5.11971 4.71014 7
      vertex 6.63896 2.07873 7
      vertex 5.28808 4.853 7
    endloop
  endfacet
  facet normal 0 0 1
    outer loop
      vertex 6.63896 2.07873 7
      vertex 5.11971 4.71014 7
      vertex 6.43936 1.98432 7
    endloop
  endfacet
  facet normal -0 0 1
    outer loop
      vertex 4.93815 4.58449 7
      vertex 6.43936 1.98432 7
      vertex 5.11971 4.71014 7
    endloop
  endfacet
  facet normal 0 0 1
    outer loop
      vertex 6.43936 1.98432 7
      vertex 4.93815 4.58449 7
      vertex 6.24997 1.87081 7
    endloop
  endfacet
  facet normal -0 0 1
    outer loop
      vertex 4.74515 4.47723 7
      vertex 6.24997 1.87081 7
      vertex 4.93815 4.58449 7
    endloop
  endfacet
  facet normal 0 0 1
    outer loop
      vertex 6.24997 1.87081 7
      vertex 4.74515 4.47723 7
      vertex 6.07261 1.73927 7
    endloop
  endfacet
  facet normal -0 0 1
    outer loop
      vertex 4.54256 4.3894 7
      vertex 6.07261 1.73927 7
      vertex 4.74515 4.47723 7
    endloop
  endfacet
  facet normal 0 0 1
    outer loop
      vertex 6.07261 1.73927 7
      vertex 4.54256 4.3894 7
      vertex 5.90901 1.59099 7
    endloop
  endfacet
  facet normal -0 0 1
    outer loop
      vertex 4.33234 4.32186 7
      vertex 5.90901 1.59099 7
      vertex 4.54256 4.3894 7
    endloop
  endfacet
  facet normal 0 0 1
    outer loop
      vertex 5.90901 1.59099 7
      vertex 4.33234 4.32186 7
      vertex 5.76073 1.42738 7
    endloop
  endfacet
  facet normal -0 0 1
    outer loop
      vertex 4.11651 4.27524 7
      vertex 5.76073 1.42738 7
      vertex 4.33234 4.32186 7
    endloop
  endfacet
  facet normal 0 0 1
    outer loop
      vertex 5.76073 1.42738 7
      vertex 4.11651 4.27524 7
      vertex 5.62919 1.25003 7
    endloop
  endfacet
  facet normal -0 0 1
    outer loop
      vertex 3.89716 4.25001 7
      vertex 5.62919 1.25003 7
      vertex 4.11651 4.27524 7
    endloop
  endfacet
  facet normal -0.238339 -0.66621 0.706653
    outer loop
      vertex -5.66371 -13.6734 6.5
      vertex -4.15107 -13.6842 7
      vertex -5.47237 -13.2115 7
    endloop
  endfacet
  facet normal -0.0347377 -0.706674 0.706686
    outer loop
      vertex -1.45065 -14.7287 6.5
      vertex 0 -14.3 7
      vertex -1.40164 -14.2311 7
    endloop
  endfacet
  facet normal -0.10381 -0.69987 0.706686
    outer loop
      vertex -2.78979 -14.0252 7
      vertex -1.45065 -14.7287 6.5
      vertex -1.40164 -14.2311 7
    endloop
  endfacet
  facet normal 0.998795 0.049075 0
    outer loop
      vertex 2.5 0 11.2
      vertex 2.48796 0.245043 7
      vertex 2.48796 0.245043 11.2
    endloop
  endfacet
  facet normal 0.998795 0.049075 0
    outer loop
      vertex 2.48796 0.245043 7
      vertex 2.5 0 11.2
      vertex 2.5 0 7
    endloop
  endfacet
  facet normal -0.998795 0.049075 0
    outer loop
      vertex -2.5 0 7
      vertex -2.48796 0.245043 11.2
      vertex -2.48796 0.245043 7
    endloop
  endfacet
  facet normal -0.998795 0.049075 0
    outer loop
      vertex -2.48796 0.245043 11.2
      vertex -2.5 0 7
      vertex -2.5 0 11.2
    endloop
  endfacet
  facet normal 0.049075 0.998795 -0
    outer loop
      vertex 0.245043 2.48796 7
      vertex 0 2.5 11.2
      vertex 0.245043 2.48796 11.2
    endloop
  endfacet
  facet normal 0.049075 0.998795 0
    outer loop
      vertex 0 2.5 11.2
      vertex 0.245043 2.48796 7
      vertex 0 2.5 7
    endloop
  endfacet
  facet normal -0.049075 -0.998795 0
    outer loop
      vertex -0.245043 -2.48796 7
      vertex 0 -2.5 11.2
      vertex -0.245043 -2.48796 11.2
    endloop
  endfacet
  facet normal -0.049075 -0.998795 -0
    outer loop
      vertex 0 -2.5 11.2
      vertex -0.245043 -2.48796 7
      vertex 0 -2.5 7
    endloop
  endfacet
  facet normal 0.740961 0.671548 0
    outer loop
      vertex 1.93253 1.58598 11.2
      vertex 1.76777 1.76777 7
      vertex 1.76777 1.76777 11.2
    endloop
  endfacet
  facet normal 0.740961 0.671548 0
    outer loop
      vertex 1.76777 1.76777 7
      vertex 1.93253 1.58598 11.2
      vertex 1.93253 1.58598 7
    endloop
  endfacet
  facet normal -0.671548 0.740961 0
    outer loop
      vertex -1.58598 1.93253 7
      vertex -1.76777 1.76777 11.2
      vertex -1.58598 1.93253 11.2
    endloop
  endfacet
  facet normal -0.671548 0.740961 0
    outer loop
      vertex -1.76777 1.76777 11.2
      vertex -1.58598 1.93253 7
      vertex -1.76777 1.76777 7
    endloop
  endfacet
  facet normal -0.336882 0.941547 0
    outer loop
      vertex -0.725711 2.39235 7
      vertex -0.956708 2.3097 11.2
      vertex -0.725711 2.39235 11.2
    endloop
  endfacet
  facet normal -0.336882 0.941547 0
    outer loop
      vertex -0.956708 2.3097 11.2
      vertex -0.725711 2.39235 7
      vertex -0.956708 2.3097 7
    endloop
  endfacet
  facet normal 0.857734 -0.514094 0
    outer loop
      vertex 2.07867 -1.38893 11.2
      vertex 2.2048 -1.17849 7
      vertex 2.2048 -1.17849 11.2
    endloop
  endfacet
  facet normal 0.857734 -0.514094 0
    outer loop
      vertex 2.2048 -1.17849 7
      vertex 2.07867 -1.38893 11.2
      vertex 2.07867 -1.38893 7
    endloop
  endfacet
  facet normal -0.970034 -0.242971 0
    outer loop
      vertex -2.39235 -0.725711 7
      vertex -2.45196 -0.487725 11.2
      vertex -2.45196 -0.487725 7
    endloop
  endfacet
  facet normal -0.970034 -0.242971 0
    outer loop
      vertex -2.45196 -0.487725 11.2
      vertex -2.39235 -0.725711 7
      vertex -2.39235 -0.725711 11.2
    endloop
  endfacet
  facet normal 0.903982 0.427572 0
    outer loop
      vertex 2.3097 0.956708 11.2
      vertex 2.2048 1.17849 7
      vertex 2.2048 1.17849 11.2
    endloop
  endfacet
  facet normal 0.903982 0.427572 0
    outer loop
      vertex 2.2048 1.17849 7
      vertex 2.3097 0.956708 11.2
      vertex 2.3097 0.956708 7
    endloop
  endfacet
  facet normal 0.857734 0.514094 0
    outer loop
      vertex 2.2048 1.17849 11.2
      vertex 2.07867 1.38893 7
      vertex 2.07867 1.38893 11.2
    endloop
  endfacet
  facet normal 0.857734 0.514094 0
    outer loop
      vertex 2.07867 1.38893 7
      vertex 2.2048 1.17849 11.2
      vertex 2.2048 1.17849 7
    endloop
  endfacet
  facet normal 0.427572 0.903982 -0
    outer loop
      vertex 1.17849 2.2048 7
      vertex 0.956708 2.3097 11.2
      vertex 1.17849 2.2048 11.2
    endloop
  endfacet
  facet normal 0.427572 0.903982 0
    outer loop
      vertex 0.956708 2.3097 11.2
      vertex 1.17849 2.2048 7
      vertex 0.956708 2.3097 7
    endloop
  endfacet
  facet normal -0.857734 0.514094 0
    outer loop
      vertex -2.2048 1.17849 7
      vertex -2.07867 1.38893 11.2
      vertex -2.07867 1.38893 7
    endloop
  endfacet
  facet normal -0.857734 0.514094 0
    outer loop
      vertex -2.07867 1.38893 11.2
      vertex -2.2048 1.17849 7
      vertex -2.2048 1.17849 11.2
    endloop
  endfacet
  facet normal -0.803212 0.595693 0
    outer loop
      vertex -2.07867 1.38893 7
      vertex -1.93253 1.58598 11.2
      vertex -1.93253 1.58598 7
    endloop
  endfacet
  facet normal -0.803212 0.595693 0
    outer loop
      vertex -1.93253 1.58598 11.2
      vertex -2.07867 1.38893 7
      vertex -2.07867 1.38893 11.2
    endloop
  endfacet
  facet normal -0.146737 0.989176 0
    outer loop
      vertex -0.245043 2.48796 7
      vertex -0.487725 2.45196 11.2
      vertex -0.245043 2.48796 11.2
    endloop
  endfacet
  facet normal -0.146737 0.989176 0
    outer loop
      vertex -0.487725 2.45196 11.2
      vertex -0.245043 2.48796 7
      vertex -0.487725 2.45196 7
    endloop
  endfacet
  facet normal 0.242971 -0.970034 0
    outer loop
      vertex 0.487725 -2.45196 7
      vertex 0.725711 -2.39235 11.2
      vertex 0.487725 -2.45196 11.2
    endloop
  endfacet
  facet normal 0.242971 -0.970034 0
    outer loop
      vertex 0.725711 -2.39235 11.2
      vertex 0.487725 -2.45196 7
      vertex 0.725711 -2.39235 7
    endloop
  endfacet
  facet normal 0.671548 -0.740961 0
    outer loop
      vertex 1.58598 -1.93253 7
      vertex 1.76777 -1.76777 11.2
      vertex 1.58598 -1.93253 11.2
    endloop
  endfacet
  facet normal 0.671548 -0.740961 0
    outer loop
      vertex 1.76777 -1.76777 11.2
      vertex 1.58598 -1.93253 7
      vertex 1.76777 -1.76777 7
    endloop
  endfacet
  facet normal -0.336882 -0.941547 0
    outer loop
      vertex -0.956708 -2.3097 7
      vertex -0.725711 -2.39235 11.2
      vertex -0.956708 -2.3097 11.2
    endloop
  endfacet
  facet normal -0.336882 -0.941547 -0
    outer loop
      vertex -0.725711 -2.39235 11.2
      vertex -0.956708 -2.3097 7
      vertex -0.725711 -2.39235 7
    endloop
  endfacet
  facet normal -0.740961 -0.671548 0
    outer loop
      vertex -1.76777 -1.76777 7
      vertex -1.93253 -1.58598 11.2
      vertex -1.93253 -1.58598 7
    endloop
  endfacet
  facet normal -0.740961 -0.671548 0
    outer loop
      vertex -1.93253 -1.58598 11.2
      vertex -1.76777 -1.76777 7
      vertex -1.76777 -1.76777 11.2
    endloop
  endfacet
  facet normal -0.803212 -0.595693 0
    outer loop
      vertex -1.93253 -1.58598 7
      vertex -2.07867 -1.38893 11.2
      vertex -2.07867 -1.38893 7
    endloop
  endfacet
  facet normal -0.803212 -0.595693 0
    outer loop
      vertex -2.07867 -1.38893 11.2
      vertex -1.93253 -1.58598 7
      vertex -1.93253 -1.58598 11.2
    endloop
  endfacet
  facet normal 0 0 1
    outer loop
      vertex 2.3094 0 11.2
      vertex 2.5 0 11.2
      vertex 2.48796 0.245043 11.2
    endloop
  endfacet
  facet normal 0 0 1
    outer loop
      vertex 2.3094 0 11.2
      vertex 2.48796 0.245043 11.2
      vertex 2.45196 0.487725 11.2
    endloop
  endfacet
  facet normal 0 0 1
    outer loop
      vertex 2.5 0 11.2
      vertex 2.3094 0 11.2
      vertex 2.48796 -0.245043 11.2
    endloop
  endfacet
  facet normal 0 0 1
    outer loop
      vertex 2.3094 0 11.2
      vertex 2.45196 0.487725 11.2
      vertex 2.39235 0.725711 11.2
    endloop
  endfacet
  facet normal 0 0 1
    outer loop
      vertex 2.48796 -0.245043 11.2
      vertex 2.3094 0 11.2
      vertex 2.45196 -0.487725 11.2
    endloop
  endfacet
  facet normal 0 0 1
    outer loop
      vertex 2.3094 0 11.2
      vertex 2.39235 0.725711 11.2
      vertex 2.3097 0.956708 11.2
    endloop
  endfacet
  facet normal 0 0 1
    outer loop
      vertex 2.45196 -0.487725 11.2
      vertex 2.3094 0 11.2
      vertex 2.39235 -0.725711 11.2
    endloop
  endfacet
  facet normal 0 0 1
    outer loop
      vertex 2.39235 -0.725711 11.2
      vertex 2.3094 0 11.2
      vertex 2.3097 -0.956708 11.2
    endloop
  endfacet
  facet normal 0 0 1
    outer loop
      vertex 2.2048 1.17849 11.2
      vertex 2.3094 0 11.2
      vertex 2.3097 0.956708 11.2
    endloop
  endfacet
  facet normal 0 0 1
    outer loop
      vertex 1.1547 2 11.2
      vertex 2.2048 1.17849 11.2
      vertex 2.07867 1.38893 11.2
    endloop
  endfacet
  facet normal 0 0 1
    outer loop
      vertex 1.1547 2 11.2
      vertex 2.07867 1.38893 11.2
      vertex 1.93253 1.58598 11.2
    endloop
  endfacet
  facet normal 0 0 1
    outer loop
      vertex 1.1547 2 11.2
      vertex 1.93253 1.58598 11.2
      vertex 1.76777 1.76777 11.2
    endloop
  endfacet
  facet normal 0 0 1
    outer loop
      vertex 1.1547 2 11.2
      vertex 1.76777 1.76777 11.2
      vertex 1.58598 1.93253 11.2
    endloop
  endfacet
  facet normal -0 0 1
    outer loop
      vertex 1.1547 2 11.2
      vertex 1.58598 1.93253 11.2
      vertex 1.38893 2.07867 11.2
    endloop
  endfacet
  facet normal 0 0 1
    outer loop
      vertex 1.1547 2 11.2
      vertex 1.38893 2.07867 11.2
      vertex 1.17849 2.2048 11.2
    endloop
  endfacet
  facet normal 0 0 1
    outer loop
      vertex 2.2048 1.17849 11.2
      vertex 1.1547 2 11.2
      vertex 2.3094 0 11.2
    endloop
  endfacet
  facet normal 0 0 1
    outer loop
      vertex 0.956708 2.3097 11.2
      vertex 1.1547 2 11.2
      vertex 1.17849 2.2048 11.2
    endloop
  endfacet
  facet normal 0 0 1
    outer loop
      vertex 0.725711 2.39235 11.2
      vertex 1.1547 2 11.2
      vertex 0.956708 2.3097 11.2
    endloop
  endfacet
  facet normal 0 0 1
    outer loop
      vertex 0.487725 2.45196 11.2
      vertex 1.1547 2 11.2
      vertex 0.725711 2.39235 11.2
    endloop
  endfacet
  facet normal 0 0 1
    outer loop
      vertex 0.245043 2.48796 11.2
      vertex 1.1547 2 11.2
      vertex 0.487725 2.45196 11.2
    endloop
  endfacet
  facet normal 0 0 1
    outer loop
      vertex 0 2.5 11.2
      vertex 1.1547 2 11.2
      vertex 0.245043 2.48796 11.2
    endloop
  endfacet
  facet normal 0 0 1
    outer loop
      vertex -1.1547 2 11.2
      vertex 0 2.5 11.2
      vertex -0.245043 2.48796 11.2
    endloop
  endfacet
  facet normal 0 0 1
    outer loop
      vertex -1.1547 2 11.2
      vertex -0.245043 2.48796 11.2
      vertex -0.487725 2.45196 11.2
    endloop
  endfacet
  facet normal 0 0 1
    outer loop
      vertex -1.1547 2 11.2
      vertex -0.487725 2.45196 11.2
      vertex -0.725711 2.39235 11.2
    endloop
  endfacet
  facet normal 0 0 1
    outer loop
      vertex -1.1547 2 11.2
      vertex -0.725711 2.39235 11.2
      vertex -0.956708 2.3097 11.2
    endloop
  endfacet
  facet normal 0 0 1
    outer loop
      vertex 0 2.5 11.2
      vertex -1.1547 2 11.2
      vertex 1.1547 2 11.2
    endloop
  endfacet
  facet normal -0 0 1
    outer loop
      vertex -1.17849 2.2048 11.2
      vertex -1.1547 2 11.2
      vertex -0.956708 2.3097 11.2
    endloop
  endfacet
  facet normal -0 0 1
    outer loop
      vertex -1.38893 2.07867 11.2
      vertex -1.1547 2 11.2
      vertex -1.17849 2.2048 11.2
    endloop
  endfacet
  facet normal 0 0 1
    outer loop
      vertex -1.58598 1.93253 11.2
      vertex -1.1547 2 11.2
      vertex -1.38893 2.07867 11.2
    endloop
  endfacet
  facet normal 0 0 1
    outer loop
      vertex -1.76777 1.76777 11.2
      vertex -1.1547 2 11.2
      vertex -1.58598 1.93253 11.2
    endloop
  endfacet
  facet normal 0 0 1
    outer loop
      vertex -1.93253 1.58598 11.2
      vertex -1.1547 2 11.2
      vertex -1.76777 1.76777 11.2
    endloop
  endfacet
  facet normal 0 0 1
    outer loop
      vertex -2.07867 1.38893 11.2
      vertex -1.1547 2 11.2
      vertex -1.93253 1.58598 11.2
    endloop
  endfacet
  facet normal 0 0 1
    outer loop
      vertex -2.2048 1.17849 11.2
      vertex -1.1547 2 11.2
      vertex -2.07867 1.38893 11.2
    endloop
  endfacet
  facet normal -0 0 1
    outer loop
      vertex -2.2048 1.17849 11.2
      vertex -2.3094 0 11.2
      vertex -1.1547 2 11.2
    endloop
  endfacet
  facet normal 0 -0 1
    outer loop
      vertex -2.3094 0 11.2
      vertex -2.2048 1.17849 11.2
      vertex -2.3097 0.956708 11.2
    endloop
  endfacet
  facet normal 0 0 1
    outer loop
      vertex 2.3094 0 11.2
      vertex 2.2048 -1.17849 11.2
      vertex 2.3097 -0.956708 11.2
    endloop
  endfacet
  facet normal 0 0 1
    outer loop
      vertex 1.1547 -2 11.2
      vertex 2.2048 -1.17849 11.2
      vertex 2.3094 0 11.2
    endloop
  endfacet
  facet normal 0 0 1
    outer loop
      vertex 2.2048 -1.17849 11.2
      vertex 1.1547 -2 11.2
      vertex 2.07867 -1.38893 11.2
    endloop
  endfacet
  facet normal 0 0 1
    outer loop
      vertex 2.07867 -1.38893 11.2
      vertex 1.1547 -2 11.2
      vertex 1.93253 -1.58598 11.2
    endloop
  endfacet
  facet normal 0 0 1
    outer loop
      vertex 1.93253 -1.58598 11.2
      vertex 1.1547 -2 11.2
      vertex 1.76777 -1.76777 11.2
    endloop
  endfacet
  facet normal 0 0 1
    outer loop
      vertex 1.76777 -1.76777 11.2
      vertex 1.1547 -2 11.2
      vertex 1.58598 -1.93253 11.2
    endloop
  endfacet
  facet normal 0 0 1
    outer loop
      vertex 1.58598 -1.93253 11.2
      vertex 1.1547 -2 11.2
      vertex 1.38893 -2.07867 11.2
    endloop
  endfacet
  facet normal 0 0 1
    outer loop
      vertex 1.38893 -2.07867 11.2
      vertex 1.1547 -2 11.2
      vertex 1.17849 -2.2048 11.2
    endloop
  endfacet
  facet normal 0 0 1
    outer loop
      vertex 1.1547 -2 11.2
      vertex 0.956708 -2.3097 11.2
      vertex 1.17849 -2.2048 11.2
    endloop
  endfacet
  facet normal 0 0 1
    outer loop
      vertex 1.1547 -2 11.2
      vertex 0.725711 -2.39235 11.2
      vertex 0.956708 -2.3097 11.2
    endloop
  endfacet
  facet normal 0 0 1
    outer loop
      vertex 1.1547 -2 11.2
      vertex 0.487725 -2.45196 11.2
      vertex 0.725711 -2.39235 11.2
    endloop
  endfacet
  facet normal 0 0 1
    outer loop
      vertex 1.1547 -2 11.2
      vertex 0.245043 -2.48796 11.2
      vertex 0.487725 -2.45196 11.2
    endloop
  endfacet
  facet normal 0 0 1
    outer loop
      vertex 1.1547 -2 11.2
      vertex 0 -2.5 11.2
      vertex 0.245043 -2.48796 11.2
    endloop
  endfacet
  facet normal -0 0 1
    outer loop
      vertex -1.1547 -2 11.2
      vertex 0 -2.5 11.2
      vertex 1.1547 -2 11.2
    endloop
  endfacet
  facet normal 0 0 1
    outer loop
      vertex 0 -2.5 11.2
      vertex -1.1547 -2 11.2
      vertex -0.245043 -2.48796 11.2
    endloop
  endfacet
  facet normal 0 0 1
    outer loop
      vertex -0.245043 -2.48796 11.2
      vertex -1.1547 -2 11.2
      vertex -0.487725 -2.45196 11.2
    endloop
  endfacet
  facet normal 0 0 1
    outer loop
      vertex -0.487725 -2.45196 11.2
      vertex -1.1547 -2 11.2
      vertex -0.725711 -2.39235 11.2
    endloop
  endfacet
  facet normal 0 0 1
    outer loop
      vertex -0.725711 -2.39235 11.2
      vertex -1.1547 -2 11.2
      vertex -0.956708 -2.3097 11.2
    endloop
  endfacet
  facet normal 0 0 1
    outer loop
      vertex -1.1547 -2 11.2
      vertex -1.17849 -2.2048 11.2
      vertex -0.956708 -2.3097 11.2
    endloop
  endfacet
  facet normal 0 0 1
    outer loop
      vertex -1.1547 -2 11.2
      vertex -1.38893 -2.07867 11.2
      vertex -1.17849 -2.2048 11.2
    endloop
  endfacet
  facet normal 0 0 1
    outer loop
      vertex -1.1547 -2 11.2
      vertex -1.58598 -1.93253 11.2
      vertex -1.38893 -2.07867 11.2
    endloop
  endfacet
  facet normal 0 0 1
    outer loop
      vertex -1.1547 -2 11.2
      vertex -1.76777 -1.76777 11.2
      vertex -1.58598 -1.93253 11.2
    endloop
  endfacet
  facet normal 0 0 1
    outer loop
      vertex -1.1547 -2 11.2
      vertex -1.93253 -1.58598 11.2
      vertex -1.76777 -1.76777 11.2
    endloop
  endfacet
  facet normal 0 0 1
    outer loop
      vertex -1.1547 -2 11.2
      vertex -2.07867 -1.38893 11.2
      vertex -1.93253 -1.58598 11.2
    endloop
  endfacet
  facet normal 0 0 1
    outer loop
      vertex -1.1547 -2 11.2
      vertex -2.2048 -1.17849 11.2
      vertex -2.07867 -1.38893 11.2
    endloop
  endfacet
  facet normal 0 0 1
    outer loop
      vertex -2.3094 0 11.2
      vertex -2.2048 -1.17849 11.2
      vertex -1.1547 -2 11.2
    endloop
  endfacet
  facet normal 0 0 1
    outer loop
      vertex -2.3094 0 11.2
      vertex -2.3097 -0.956708 11.2
      vertex -2.2048 -1.17849 11.2
    endloop
  endfacet
  facet normal -0 0 1
    outer loop
      vertex -2.39235 0.725711 11.2
      vertex -2.3094 0 11.2
      vertex -2.3097 0.956708 11.2
    endloop
  endfacet
  facet normal -0 0 1
    outer loop
      vertex -2.45196 0.487725 11.2
      vertex -2.3094 0 11.2
      vertex -2.39235 0.725711 11.2
    endloop
  endfacet
  facet normal 0 0 1
    outer loop
      vertex -2.3094 0 11.2
      vertex -2.39235 -0.725711 11.2
      vertex -2.3097 -0.956708 11.2
    endloop
  endfacet
  facet normal -0 0 1
    outer loop
      vertex -2.48796 0.245043 11.2
      vertex -2.3094 0 11.2
      vertex -2.45196 0.487725 11.2
    endloop
  endfacet
  facet normal 0 0 1
    outer loop
      vertex -2.3094 0 11.2
      vertex -2.45196 -0.487725 11.2
      vertex -2.39235 -0.725711 11.2
    endloop
  endfacet
  facet normal 0 0 1
    outer loop
      vertex -2.5 0 11.2
      vertex -2.3094 0 11.2
      vertex -2.48796 0.245043 11.2
    endloop
  endfacet
  facet normal 0 0 1
    outer loop
      vertex -2.3094 0 11.2
      vertex -2.48796 -0.245043 11.2
      vertex -2.45196 -0.487725 11.2
    endloop
  endfacet
  facet normal 0 0 1
    outer loop
      vertex -2.3094 0 11.2
      vertex -2.5 0 11.2
      vertex -2.48796 -0.245043 11.2
    endloop
  endfacet
  facet normal 0.970034 0.242971 0
    outer loop
      vertex 2.45196 0.487725 11.2
      vertex 2.39235 0.725711 7
      vertex 2.39235 0.725711 11.2
    endloop
  endfacet
  facet normal 0.970034 0.242971 0
    outer loop
      vertex 2.39235 0.725711 7
      vertex 2.45196 0.487725 11.2
      vertex 2.45196 0.487725 7
    endloop
  endfacet
  facet normal 0.989176 0.146737 0
    outer loop
      vertex 2.48796 0.245043 11.2
      vertex 2.45196 0.487725 7
      vertex 2.45196 0.487725 11.2
    endloop
  endfacet
  facet normal 0.989176 0.146737 0
    outer loop
      vertex 2.45196 0.487725 7
      vertex 2.48796 0.245043 11.2
      vertex 2.48796 0.245043 7
    endloop
  endfacet
  facet normal 0.941547 0.336882 0
    outer loop
      vertex 2.39235 0.725711 11.2
      vertex 2.3097 0.956708 7
      vertex 2.3097 0.956708 11.2
    endloop
  endfacet
  facet normal 0.941547 0.336882 0
    outer loop
      vertex 2.3097 0.956708 7
      vertex 2.39235 0.725711 11.2
      vertex 2.39235 0.725711 7
    endloop
  endfacet
  facet normal 0.803212 0.595693 0
    outer loop
      vertex 2.07867 1.38893 11.2
      vertex 1.93253 1.58598 7
      vertex 1.93253 1.58598 11.2
    endloop
  endfacet
  facet normal 0.803212 0.595693 0
    outer loop
      vertex 1.93253 1.58598 7
      vertex 2.07867 1.38893 11.2
      vertex 2.07867 1.38893 7
    endloop
  endfacet
  facet normal 0.242971 0.970034 -0
    outer loop
      vertex 0.725711 2.39235 7
      vertex 0.487725 2.45196 11.2
      vertex 0.725711 2.39235 11.2
    endloop
  endfacet
  facet normal 0.242971 0.970034 0
    outer loop
      vertex 0.487725 2.45196 11.2
      vertex 0.725711 2.39235 7
      vertex 0.487725 2.45196 7
    endloop
  endfacet
  facet normal 0.146737 0.989176 -0
    outer loop
      vertex 0.487725 2.45196 7
      vertex 0.245043 2.48796 11.2
      vertex 0.487725 2.45196 11.2
    endloop
  endfacet
  facet normal 0.146737 0.989176 0
    outer loop
      vertex 0.245043 2.48796 11.2
      vertex 0.487725 2.45196 7
      vertex 0.245043 2.48796 7
    endloop
  endfacet
  facet normal 0.595693 0.803212 -0
    outer loop
      vertex 1.58598 1.93253 7
      vertex 1.38893 2.07867 11.2
      vertex 1.58598 1.93253 11.2
    endloop
  endfacet
  facet normal 0.595693 0.803212 0
    outer loop
      vertex 1.38893 2.07867 11.2
      vertex 1.58598 1.93253 7
      vertex 1.38893 2.07867 7
    endloop
  endfacet
  facet normal 0.514094 0.857734 -0
    outer loop
      vertex 1.38893 2.07867 7
      vertex 1.17849 2.2048 11.2
      vertex 1.38893 2.07867 11.2
    endloop
  endfacet
  facet normal 0.514094 0.857734 0
    outer loop
      vertex 1.17849 2.2048 11.2
      vertex 1.38893 2.07867 7
      vertex 1.17849 2.2048 7
    endloop
  endfacet
  facet normal 0.671548 0.740961 -0
    outer loop
      vertex 1.76777 1.76777 7
      vertex 1.58598 1.93253 11.2
      vertex 1.76777 1.76777 11.2
    endloop
  endfacet
  facet normal 0.671548 0.740961 0
    outer loop
      vertex 1.58598 1.93253 11.2
      vertex 1.76777 1.76777 7
      vertex 1.58598 1.93253 7
    endloop
  endfacet
  facet normal -0.970034 0.242971 0
    outer loop
      vertex -2.45196 0.487725 7
      vertex -2.39235 0.725711 11.2
      vertex -2.39235 0.725711 7
    endloop
  endfacet
  facet normal -0.970034 0.242971 0
    outer loop
      vertex -2.39235 0.725711 11.2
      vertex -2.45196 0.487725 7
      vertex -2.45196 0.487725 11.2
    endloop
  endfacet
  facet normal -0.903982 0.427572 0
    outer loop
      vertex -2.3097 0.956708 7
      vertex -2.2048 1.17849 11.2
      vertex -2.2048 1.17849 7
    endloop
  endfacet
  facet normal -0.903982 0.427572 0
    outer loop
      vertex -2.2048 1.17849 11.2
      vertex -2.3097 0.956708 7
      vertex -2.3097 0.956708 11.2
    endloop
  endfacet
  facet normal -0.941547 0.336882 0
    outer loop
      vertex -2.39235 0.725711 7
      vertex -2.3097 0.956708 11.2
      vertex -2.3097 0.956708 7
    endloop
  endfacet
  facet normal -0.941547 0.336882 0
    outer loop
      vertex -2.3097 0.956708 11.2
      vertex -2.39235 0.725711 7
      vertex -2.39235 0.725711 11.2
    endloop
  endfacet
  facet normal -0.989176 0.146737 0
    outer loop
      vertex -2.48796 0.245043 7
      vertex -2.45196 0.487725 11.2
      vertex -2.45196 0.487725 7
    endloop
  endfacet
  facet normal -0.989176 0.146737 0
    outer loop
      vertex -2.45196 0.487725 11.2
      vertex -2.48796 0.245043 7
      vertex -2.48796 0.245043 11.2
    endloop
  endfacet
  facet normal -0.427572 0.903982 0
    outer loop
      vertex -0.956708 2.3097 7
      vertex -1.17849 2.2048 11.2
      vertex -0.956708 2.3097 11.2
    endloop
  endfacet
  facet normal -0.427572 0.903982 0
    outer loop
      vertex -1.17849 2.2048 11.2
      vertex -0.956708 2.3097 7
      vertex -1.17849 2.2048 7
    endloop
  endfacet
  facet normal -0.514094 0.857734 0
    outer loop
      vertex -1.17849 2.2048 7
      vertex -1.38893 2.07867 11.2
      vertex -1.17849 2.2048 11.2
    endloop
  endfacet
  facet normal -0.514094 0.857734 0
    outer loop
      vertex -1.38893 2.07867 11.2
      vertex -1.17849 2.2048 7
      vertex -1.38893 2.07867 7
    endloop
  endfacet
  facet normal -0.595693 0.803212 0
    outer loop
      vertex -1.38893 2.07867 7
      vertex -1.58598 1.93253 11.2
      vertex -1.38893 2.07867 11.2
    endloop
  endfacet
  facet normal -0.595693 0.803212 0
    outer loop
      vertex -1.58598 1.93253 11.2
      vertex -1.38893 2.07867 7
      vertex -1.58598 1.93253 7
    endloop
  endfacet
  facet normal -0.242971 0.970034 0
    outer loop
      vertex -0.487725 2.45196 7
      vertex -0.725711 2.39235 11.2
      vertex -0.487725 2.45196 11.2
    endloop
  endfacet
  facet normal -0.242971 0.970034 0
    outer loop
      vertex -0.725711 2.39235 11.2
      vertex -0.487725 2.45196 7
      vertex -0.725711 2.39235 7
    endloop
  endfacet
  facet normal -0.049075 0.998795 0
    outer loop
      vertex 0 2.5 7
      vertex -0.245043 2.48796 11.2
      vertex 0 2.5 11.2
    endloop
  endfacet
  facet normal -0.049075 0.998795 0
    outer loop
      vertex -0.245043 2.48796 11.2
      vertex 0 2.5 7
      vertex -0.245043 2.48796 7
    endloop
  endfacet
  facet normal 0.998795 -0.049075 0
    outer loop
      vertex 2.48796 -0.245043 11.2
      vertex 2.5 0 7
      vertex 2.5 0 11.2
    endloop
  endfacet
  facet normal 0.998795 -0.049075 0
    outer loop
      vertex 2.5 0 7
      vertex 2.48796 -0.245043 11.2
      vertex 2.48796 -0.245043 7
    endloop
  endfacet
  facet normal 0.049075 -0.998795 0
    outer loop
      vertex 0 -2.5 7
      vertex 0.245043 -2.48796 11.2
      vertex 0 -2.5 11.2
    endloop
  endfacet
  facet normal 0.049075 -0.998795 0
    outer loop
      vertex 0.245043 -2.48796 11.2
      vertex 0 -2.5 7
      vertex 0.245043 -2.48796 7
    endloop
  endfacet
  facet normal 0.427572 -0.903982 0
    outer loop
      vertex 0.956708 -2.3097 7
      vertex 1.17849 -2.2048 11.2
      vertex 0.956708 -2.3097 11.2
    endloop
  endfacet
  facet normal 0.427572 -0.903982 0
    outer loop
      vertex 1.17849 -2.2048 11.2
      vertex 0.956708 -2.3097 7
      vertex 1.17849 -2.2048 7
    endloop
  endfacet
  facet normal 0.595693 -0.803212 0
    outer loop
      vertex 1.38893 -2.07867 7
      vertex 1.58598 -1.93253 11.2
      vertex 1.38893 -2.07867 11.2
    endloop
  endfacet
  facet normal 0.595693 -0.803212 0
    outer loop
      vertex 1.58598 -1.93253 11.2
      vertex 1.38893 -2.07867 7
      vertex 1.58598 -1.93253 7
    endloop
  endfacet
  facet normal 0.514094 -0.857734 0
    outer loop
      vertex 1.17849 -2.2048 7
      vertex 1.38893 -2.07867 11.2
      vertex 1.17849 -2.2048 11.2
    endloop
  endfacet
  facet normal 0.514094 -0.857734 0
    outer loop
      vertex 1.38893 -2.07867 11.2
      vertex 1.17849 -2.2048 7
      vertex 1.38893 -2.07867 7
    endloop
  endfacet
  facet normal -0.595693 -0.803212 0
    outer loop
      vertex -1.58598 -1.93253 7
      vertex -1.38893 -2.07867 11.2
      vertex -1.58598 -1.93253 11.2
    endloop
  endfacet
  facet normal -0.595693 -0.803212 -0
    outer loop
      vertex -1.38893 -2.07867 11.2
      vertex -1.58598 -1.93253 7
      vertex -1.38893 -2.07867 7
    endloop
  endfacet
  facet normal -0.671548 -0.740961 0
    outer loop
      vertex -1.76777 -1.76777 7
      vertex -1.58598 -1.93253 11.2
      vertex -1.76777 -1.76777 11.2
    endloop
  endfacet
  facet normal -0.671548 -0.740961 -0
    outer loop
      vertex -1.58598 -1.93253 11.2
      vertex -1.76777 -1.76777 7
      vertex -1.58598 -1.93253 7
    endloop
  endfacet
  facet normal -0.514094 -0.857734 0
    outer loop
      vertex -1.38893 -2.07867 7
      vertex -1.17849 -2.2048 11.2
      vertex -1.38893 -2.07867 11.2
    endloop
  endfacet
  facet normal -0.514094 -0.857734 -0
    outer loop
      vertex -1.17849 -2.2048 11.2
      vertex -1.38893 -2.07867 7
      vertex -1.17849 -2.2048 7
    endloop
  endfacet
  facet normal -0.146737 -0.989176 0
    outer loop
      vertex -0.487725 -2.45196 7
      vertex -0.245043 -2.48796 11.2
      vertex -0.487725 -2.45196 11.2
    endloop
  endfacet
  facet normal -0.146737 -0.989176 -0
    outer loop
      vertex -0.245043 -2.48796 11.2
      vertex -0.487725 -2.45196 7
      vertex -0.245043 -2.48796 7
    endloop
  endfacet
  facet normal -0.903982 -0.427572 0
    outer loop
      vertex -2.2048 -1.17849 7
      vertex -2.3097 -0.956708 11.2
      vertex -2.3097 -0.956708 7
    endloop
  endfacet
  facet normal -0.903982 -0.427572 0
    outer loop
      vertex -2.3097 -0.956708 11.2
      vertex -2.2048 -1.17849 7
      vertex -2.2048 -1.17849 11.2
    endloop
  endfacet
  facet normal -0.998795 -0.049075 0
    outer loop
      vertex -2.48796 -0.245043 7
      vertex -2.5 0 11.2
      vertex -2.5 0 7
    endloop
  endfacet
  facet normal -0.998795 -0.049075 0
    outer loop
      vertex -2.5 0 11.2
      vertex -2.48796 -0.245043 7
      vertex -2.48796 -0.245043 11.2
    endloop
  endfacet
  facet normal 0.336882 0.941547 -0
    outer loop
      vertex 0.956708 2.3097 7
      vertex 0.725711 2.39235 11.2
      vertex 0.956708 2.3097 11.2
    endloop
  endfacet
  facet normal 0.336882 0.941547 0
    outer loop
      vertex 0.725711 2.39235 11.2
      vertex 0.956708 2.3097 7
      vertex 0.725711 2.39235 7
    endloop
  endfacet
  facet normal -0.740961 0.671548 0
    outer loop
      vertex -1.93253 1.58598 7
      vertex -1.76777 1.76777 11.2
      vertex -1.76777 1.76777 7
    endloop
  endfacet
  facet normal -0.740961 0.671548 0
    outer loop
      vertex -1.76777 1.76777 11.2
      vertex -1.93253 1.58598 7
      vertex -1.93253 1.58598 11.2
    endloop
  endfacet
  facet normal 0.903982 -0.427572 0
    outer loop
      vertex 2.2048 -1.17849 11.2
      vertex 2.3097 -0.956708 7
      vertex 2.3097 -0.956708 11.2
    endloop
  endfacet
  facet normal 0.903982 -0.427572 0
    outer loop
      vertex 2.3097 -0.956708 7
      vertex 2.2048 -1.17849 11.2
      vertex 2.2048 -1.17849 7
    endloop
  endfacet
  facet normal 0.989176 -0.146737 0
    outer loop
      vertex 2.45196 -0.487725 11.2
      vertex 2.48796 -0.245043 7
      vertex 2.48796 -0.245043 11.2
    endloop
  endfacet
  facet normal 0.989176 -0.146737 0
    outer loop
      vertex 2.48796 -0.245043 7
      vertex 2.45196 -0.487725 11.2
      vertex 2.45196 -0.487725 7
    endloop
  endfacet
  facet normal 0.146737 -0.989176 0
    outer loop
      vertex 0.245043 -2.48796 7
      vertex 0.487725 -2.45196 11.2
      vertex 0.245043 -2.48796 11.2
    endloop
  endfacet
  facet normal 0.146737 -0.989176 0
    outer loop
      vertex 0.487725 -2.45196 11.2
      vertex 0.245043 -2.48796 7
      vertex 0.487725 -2.45196 7
    endloop
  endfacet
  facet normal 0.336882 -0.941547 0
    outer loop
      vertex 0.725711 -2.39235 7
      vertex 0.956708 -2.3097 11.2
      vertex 0.725711 -2.39235 11.2
    endloop
  endfacet
  facet normal 0.336882 -0.941547 0
    outer loop
      vertex 0.956708 -2.3097 11.2
      vertex 0.725711 -2.39235 7
      vertex 0.956708 -2.3097 7
    endloop
  endfacet
  facet normal 0.740961 -0.671548 0
    outer loop
      vertex 1.76777 -1.76777 11.2
      vertex 1.93253 -1.58598 7
      vertex 1.93253 -1.58598 11.2
    endloop
  endfacet
  facet normal 0.740961 -0.671548 0
    outer loop
      vertex 1.93253 -1.58598 7
      vertex 1.76777 -1.76777 11.2
      vertex 1.76777 -1.76777 7
    endloop
  endfacet
  facet normal -0.427572 -0.903982 0
    outer loop
      vertex -1.17849 -2.2048 7
      vertex -0.956708 -2.3097 11.2
      vertex -1.17849 -2.2048 11.2
    endloop
  endfacet
  facet normal -0.427572 -0.903982 -0
    outer loop
      vertex -0.956708 -2.3097 11.2
      vertex -1.17849 -2.2048 7
      vertex -0.956708 -2.3097 7
    endloop
  endfacet
  facet normal -0.242971 -0.970034 0
    outer loop
      vertex -0.725711 -2.39235 7
      vertex -0.487725 -2.45196 11.2
      vertex -0.725711 -2.39235 11.2
    endloop
  endfacet
  facet normal -0.242971 -0.970034 -0
    outer loop
      vertex -0.487725 -2.45196 11.2
      vertex -0.725711 -2.39235 7
      vertex -0.487725 -2.45196 7
    endloop
  endfacet
  facet normal -0.857734 -0.514094 0
    outer loop
      vertex -2.07867 -1.38893 7
      vertex -2.2048 -1.17849 11.2
      vertex -2.2048 -1.17849 7
    endloop
  endfacet
  facet normal -0.857734 -0.514094 0
    outer loop
      vertex -2.2048 -1.17849 11.2
      vertex -2.07867 -1.38893 7
      vertex -2.07867 -1.38893 11.2
    endloop
  endfacet
  facet normal -0.941547 -0.336882 0
    outer loop
      vertex -2.3097 -0.956708 7
      vertex -2.39235 -0.725711 11.2
      vertex -2.39235 -0.725711 7
    endloop
  endfacet
  facet normal -0.941547 -0.336882 0
    outer loop
      vertex -2.39235 -0.725711 11.2
      vertex -2.3097 -0.956708 7
      vertex -2.3097 -0.956708 11.2
    endloop
  endfacet
  facet normal -0.989176 -0.146737 0
    outer loop
      vertex -2.45196 -0.487725 7
      vertex -2.48796 -0.245043 11.2
      vertex -2.48796 -0.245043 7
    endloop
  endfacet
  facet normal -0.989176 -0.146737 0
    outer loop
      vertex -2.48796 -0.245043 11.2
      vertex -2.45196 -0.487725 7
      vertex -2.45196 -0.487725 11.2
    endloop
  endfacet
  facet normal 0.803212 -0.595693 0
    outer loop
      vertex 1.93253 -1.58598 11.2
      vertex 2.07867 -1.38893 7
      vertex 2.07867 -1.38893 11.2
    endloop
  endfacet
  facet normal 0.803212 -0.595693 0
    outer loop
      vertex 2.07867 -1.38893 7
      vertex 1.93253 -1.58598 11.2
      vertex 1.93253 -1.58598 7
    endloop
  endfacet
  facet normal 0.941547 -0.336882 0
    outer loop
      vertex 2.3097 -0.956708 11.2
      vertex 2.39235 -0.725711 7
      vertex 2.39235 -0.725711 11.2
    endloop
  endfacet
  facet normal 0.941547 -0.336882 0
    outer loop
      vertex 2.39235 -0.725711 7
      vertex 2.3097 -0.956708 11.2
      vertex 2.3097 -0.956708 7
    endloop
  endfacet
  facet normal 0.970034 -0.242971 0
    outer loop
      vertex 2.39235 -0.725711 11.2
      vertex 2.45196 -0.487725 7
      vertex 2.45196 -0.487725 11.2
    endloop
  endfacet
  facet normal 0.970034 -0.242971 0
    outer loop
      vertex 2.45196 -0.487725 7
      vertex 2.39235 -0.725711 11.2
      vertex 2.39235 -0.725711 7
    endloop
  endfacet
  facet normal 0 -1 0
    outer loop
      vertex -1.1547 -2 11.2
      vertex 1.1547 -2 14.7
      vertex -1.1547 -2 14.7
    endloop
  endfacet
  facet normal 0 -1 -0
    outer loop
      vertex 1.1547 -2 14.7
      vertex -1.1547 -2 11.2
      vertex 1.1547 -2 11.2
    endloop
  endfacet
  facet normal 0.866026 -0.5 0
    outer loop
      vertex 1.1547 -2 14.7
      vertex 2.3094 0 11.2
      vertex 2.3094 0 14.7
    endloop
  endfacet
  facet normal 0.866026 -0.5 0
    outer loop
      vertex 2.3094 0 11.2
      vertex 1.1547 -2 14.7
      vertex 1.1547 -2 11.2
    endloop
  endfacet
  facet normal 0.866026 0.5 0
    outer loop
      vertex 2.3094 0 14.7
      vertex 1.1547 2 11.2
      vertex 1.1547 2 14.7
    endloop
  endfacet
  facet normal 0.866026 0.5 0
    outer loop
      vertex 1.1547 2 11.2
      vertex 2.3094 0 14.7
      vertex 2.3094 0 11.2
    endloop
  endfacet
  facet normal -0.866026 -0.5 0
    outer loop
      vertex -1.1547 -2 11.2
      vertex -2.3094 0 14.7
      vertex -2.3094 0 11.2
    endloop
  endfacet
  facet normal -0.866026 -0.5 0
    outer loop
      vertex -2.3094 0 14.7
      vertex -1.1547 -2 11.2
      vertex -1.1547 -2 14.7
    endloop
  endfacet
  facet normal -0.866026 0.5 0
    outer loop
      vertex -2.3094 0 11.2
      vertex -1.1547 2 14.7
      vertex -1.1547 2 11.2
    endloop
  endfacet
  facet normal -0.866026 0.5 0
    outer loop
      vertex -1.1547 2 14.7
      vertex -2.3094 0 11.2
      vertex -2.3094 0 14.7
    endloop
  endfacet
  facet normal 0 1 -0
    outer loop
      vertex 1.1547 2 11.2
      vertex -1.1547 2 14.7
      vertex 1.1547 2 14.7
    endloop
  endfacet
  facet normal 0 1 0
    outer loop
      vertex -1.1547 2 14.7
      vertex 1.1547 2 11.2
      vertex -1.1547 2 11.2
    endloop
  endfacet
  facet normal 0 -0.707317 0.706896
    outer loop
      vertex 0.669696 -1.61679 15.0832
      vertex 0.92376 -1.6 15.1
      vertex 0.705194 -1.6 15.1
    endloop
  endfacet
  facet normal -2.68087e-05 -0.707115 0.707099
    outer loop
      vertex 0.92376 -1.6 15.1
      vertex 0.669696 -1.61679 15.0832
      vertex 1.1547 -2 14.7
    endloop
  endfacet
  facet normal 0.000176079 -0.706986 0.707227
    outer loop
      vertex 0.507998 -1.67465 15.0254
      vertex 1.1547 -2 14.7
      vertex 0.669696 -1.61679 15.0832
    endloop
  endfacet
  facet normal -0.000208465 -0.707368 0.706845
    outer loop
      vertex 0.341408 -1.71637 14.9836
      vertex 1.1547 -2 14.7
      vertex 0.507998 -1.67465 15.0254
    endloop
  endfacet
  facet normal -7.78411e-06 -0.707081 0.707133
    outer loop
      vertex 0.17153 -1.74157 14.9584
      vertex 1.1547 -2 14.7
      vertex 0.341408 -1.71637 14.9836
    endloop
  endfacet
  facet normal 0.000100825 -0.706874 0.70734
    outer loop
      vertex 0 -1.75 14.95
      vertex 1.1547 -2 14.7
      vertex 0.17153 -1.74157 14.9584
    endloop
  endfacet
  facet normal -0.000100825 -0.706874 0.70734
    outer loop
      vertex -1.1547 -2 14.7
      vertex 0 -1.75 14.95
      vertex -0.17153 -1.74157 14.9584
    endloop
  endfacet
  facet normal 7.78411e-06 -0.707081 0.707133
    outer loop
      vertex -1.1547 -2 14.7
      vertex -0.17153 -1.74157 14.9584
      vertex -0.341408 -1.71637 14.9836
    endloop
  endfacet
  facet normal 0 -0.707317 0.706896
    outer loop
      vertex -0.92376 -1.6 15.1
      vertex -0.669696 -1.61679 15.0832
      vertex -0.705194 -1.6 15.1
    endloop
  endfacet
  facet normal 2.68087e-05 -0.707115 0.707099
    outer loop
      vertex -1.1547 -2 14.7
      vertex -0.669696 -1.61679 15.0832
      vertex -0.92376 -1.6 15.1
    endloop
  endfacet
  facet normal -0.000176079 -0.706986 0.707227
    outer loop
      vertex -0.669696 -1.61679 15.0832
      vertex -1.1547 -2 14.7
      vertex -0.507998 -1.67465 15.0254
    endloop
  endfacet
  facet normal 0 -0.707107 0.707107
    outer loop
      vertex 0 -1.75 14.95
      vertex -1.1547 -2 14.7
      vertex 1.1547 -2 14.7
    endloop
  endfacet
  facet normal 0.000208465 -0.707368 0.706845
    outer loop
      vertex -0.507998 -1.67465 15.0254
      vertex -1.1547 -2 14.7
      vertex -0.341408 -1.71637 14.9836
    endloop
  endfacet
  facet normal 0.611036 -0.353356 0.708361
    outer loop
      vertex 1.54336 -0.824944 14.9509
      vertex 1.1547 -2 14.7
      vertex 1.61209 -0.679632 14.9641
    endloop
  endfacet
  facet normal 0.612232 -0.353514 0.707248
    outer loop
      vertex 1.45507 -0.972247 14.9537
      vertex 1.1547 -2 14.7
      vertex 1.54336 -0.824944 14.9509
    endloop
  endfacet
  facet normal 0.612832 -0.353556 0.706708
    outer loop
      vertex 1.35277 -1.11019 14.9734
      vertex 1.1547 -2 14.7
      vertex 1.45507 -0.972247 14.9537
    endloop
  endfacet
  facet normal 0.612135 -0.353582 0.707298
    outer loop
      vertex 1.23744 -1.23744 15.0096
      vertex 1.1547 -2 14.7
      vertex 1.35277 -1.11019 14.9734
    endloop
  endfacet
  facet normal 0.612598 -0.353488 0.706944
    outer loop
      vertex 1.11019 -1.35277 15.0622
      vertex 1.1547 -2 14.7
      vertex 1.23744 -1.23744 15.0096
    endloop
  endfacet
  facet normal 0.61214 -0.353687 0.707242
    outer loop
      vertex 1.03378 -1.40943 15.1
      vertex 1.1547 -2 14.7
      vertex 1.11019 -1.35277 15.0622
    endloop
  endfacet
  facet normal 0.612384 -0.353542 0.707102
    outer loop
      vertex 1.1547 -2 14.7
      vertex 1.03378 -1.40943 15.1
      vertex 0.92376 -1.6 15.1
    endloop
  endfacet
  facet normal 0.612238 -0.353476 0.707262
    outer loop
      vertex 1.71637 -0.341408 15.0429
      vertex 1.84752 0 15.1
      vertex 1.73918 -0.18765 15.1
    endloop
  endfacet
  facet normal 0.612345 -0.3535 0.707158
    outer loop
      vertex 1.84752 0 15.1
      vertex 1.71637 -0.341408 15.0429
      vertex 1.68274 -0.47568 15.0049
    endloop
  endfacet
  facet normal 0.612384 0.353506 0.70712
    outer loop
      vertex 2.3094 0 14.7
      vertex 1.68274 0.47568 15.0049
      vertex 1.84752 0 15.1
    endloop
  endfacet
  facet normal 0.612729 0.354457 0.706345
    outer loop
      vertex 2.3094 0 14.7
      vertex 1.67465 0.507998 14.9957
      vertex 1.68274 0.47568 15.0049
    endloop
  endfacet
  facet normal 0.612292 0.353376 0.707264
    outer loop
      vertex 2.3094 0 14.7
      vertex 1.61679 0.669696 14.965
      vertex 1.67465 0.507998 14.9957
    endloop
  endfacet
  facet normal 0.61252 0.353767 0.706872
    outer loop
      vertex 2.3094 0 14.7
      vertex 1.61209 0.679632 14.9641
      vertex 1.61679 0.669696 14.965
    endloop
  endfacet
  facet normal 0.612405 0.353572 0.70707
    outer loop
      vertex 1.61209 0.679632 14.9641
      vertex 2.3094 0 14.7
      vertex 1.1547 2 14.7
    endloop
  endfacet
  facet normal 0.611036 0.353356 0.708361
    outer loop
      vertex 1.1547 2 14.7
      vertex 1.54336 0.824944 14.9509
      vertex 1.61209 0.679632 14.9641
    endloop
  endfacet
  facet normal 0.612232 0.353514 0.707248
    outer loop
      vertex 1.1547 2 14.7
      vertex 1.45507 0.972247 14.9537
      vertex 1.54336 0.824944 14.9509
    endloop
  endfacet
  facet normal 0.612832 0.353556 0.706708
    outer loop
      vertex 1.1547 2 14.7
      vertex 1.35277 1.11019 14.9734
      vertex 1.45507 0.972247 14.9537
    endloop
  endfacet
  facet normal 0.612135 0.353582 0.707298
    outer loop
      vertex 1.1547 2 14.7
      vertex 1.23744 1.23744 15.0096
      vertex 1.35277 1.11019 14.9734
    endloop
  endfacet
  facet normal 0.612598 0.353488 0.706944
    outer loop
      vertex 1.1547 2 14.7
      vertex 1.11019 1.35277 15.0622
      vertex 1.23744 1.23744 15.0096
    endloop
  endfacet
  facet normal 0.61214 0.353687 0.707242
    outer loop
      vertex 1.1547 2 14.7
      vertex 1.03378 1.40943 15.1
      vertex 1.11019 1.35277 15.0622
    endloop
  endfacet
  facet normal 0.612384 0.353542 0.707102
    outer loop
      vertex 1.03378 1.40943 15.1
      vertex 1.1547 2 14.7
      vertex 0.92376 1.6 15.1
    endloop
  endfacet
  facet normal 0.612238 0.353476 0.707262
    outer loop
      vertex 1.84752 0 15.1
      vertex 1.71637 0.341408 15.0429
      vertex 1.73918 0.18765 15.1
    endloop
  endfacet
  facet normal 0.612345 0.3535 0.707158
    outer loop
      vertex 1.71637 0.341408 15.0429
      vertex 1.84752 0 15.1
      vertex 1.68274 0.47568 15.0049
    endloop
  endfacet
  facet normal 0.612384 -0.353506 0.70712
    outer loop
      vertex 1.68274 -0.47568 15.0049
      vertex 2.3094 0 14.7
      vertex 1.84752 0 15.1
    endloop
  endfacet
  facet normal 0.612729 -0.354457 0.706345
    outer loop
      vertex 1.67465 -0.507998 14.9957
      vertex 2.3094 0 14.7
      vertex 1.68274 -0.47568 15.0049
    endloop
  endfacet
  facet normal 0.612292 -0.353376 0.707264
    outer loop
      vertex 1.61679 -0.669696 14.965
      vertex 2.3094 0 14.7
      vertex 1.67465 -0.507998 14.9957
    endloop
  endfacet
  facet normal 0.61252 -0.353767 0.706872
    outer loop
      vertex 1.61209 -0.679632 14.9641
      vertex 2.3094 0 14.7
      vertex 1.61679 -0.669696 14.965
    endloop
  endfacet
  facet normal 0.612405 -0.353572 0.70707
    outer loop
      vertex 2.3094 0 14.7
      vertex 1.61209 -0.679632 14.9641
      vertex 1.1547 -2 14.7
    endloop
  endfacet
  facet normal -0.612405 0.353572 0.70707
    outer loop
      vertex -2.3094 0 14.7
      vertex -1.61209 0.679632 14.9641
      vertex -1.1547 2 14.7
    endloop
  endfacet
  facet normal -0.61252 0.353767 0.706872
    outer loop
      vertex -1.61209 0.679632 14.9641
      vertex -2.3094 0 14.7
      vertex -1.61679 0.669696 14.965
    endloop
  endfacet
  facet normal -0.612729 0.354457 0.706345
    outer loop
      vertex -2.3094 0 14.7
      vertex -1.68274 0.47568 15.0049
      vertex -1.67465 0.507998 14.9957
    endloop
  endfacet
  facet normal -0.612384 0.353506 0.70712
    outer loop
      vertex -1.68274 0.47568 15.0049
      vertex -2.3094 0 14.7
      vertex -1.84752 0 15.1
    endloop
  endfacet
  facet normal -0.612292 0.353376 0.707264
    outer loop
      vertex -1.61679 0.669696 14.965
      vertex -2.3094 0 14.7
      vertex -1.67465 0.507998 14.9957
    endloop
  endfacet
  facet normal -0.61252 -0.353767 0.706872
    outer loop
      vertex -2.3094 0 14.7
      vertex -1.61209 -0.679632 14.9641
      vertex -1.61679 -0.669696 14.965
    endloop
  endfacet
  facet normal -0.612292 -0.353376 0.707264
    outer loop
      vertex -2.3094 0 14.7
      vertex -1.61679 -0.669696 14.965
      vertex -1.67465 -0.507998 14.9957
    endloop
  endfacet
  facet normal -0.612384 -0.353506 0.70712
    outer loop
      vertex -2.3094 0 14.7
      vertex -1.68274 -0.47568 15.0049
      vertex -1.84752 0 15.1
    endloop
  endfacet
  facet normal -0.612405 -0.353572 0.70707
    outer loop
      vertex -1.61209 -0.679632 14.9641
      vertex -2.3094 0 14.7
      vertex -1.1547 -2 14.7
    endloop
  endfacet
  facet normal -0.612729 -0.354457 0.706345
    outer loop
      vertex -1.68274 -0.47568 15.0049
      vertex -2.3094 0 14.7
      vertex -1.67465 -0.507998 14.9957
    endloop
  endfacet
  facet normal -0.61214 -0.353687 0.707242
    outer loop
      vertex -1.1547 -2 14.7
      vertex -1.03378 -1.40943 15.1
      vertex -1.11019 -1.35277 15.0622
    endloop
  endfacet
  facet normal -0.612384 -0.353542 0.707102
    outer loop
      vertex -1.03378 -1.40943 15.1
      vertex -1.1547 -2 14.7
      vertex -0.92376 -1.6 15.1
    endloop
  endfacet
  facet normal -0.612598 -0.353488 0.706944
    outer loop
      vertex -1.23744 -1.23744 15.0096
      vertex -1.1547 -2 14.7
      vertex -1.11019 -1.35277 15.0622
    endloop
  endfacet
  facet normal -0.612135 -0.353582 0.707298
    outer loop
      vertex -1.35277 -1.11019 14.9734
      vertex -1.1547 -2 14.7
      vertex -1.23744 -1.23744 15.0096
    endloop
  endfacet
  facet normal -0.612832 -0.353556 0.706708
    outer loop
      vertex -1.45507 -0.972247 14.9537
      vertex -1.1547 -2 14.7
      vertex -1.35277 -1.11019 14.9734
    endloop
  endfacet
  facet normal -0.612232 -0.353514 0.707248
    outer loop
      vertex -1.54336 -0.824944 14.9509
      vertex -1.1547 -2 14.7
      vertex -1.45507 -0.972247 14.9537
    endloop
  endfacet
  facet normal -0.611036 -0.353356 0.708361
    outer loop
      vertex -1.1547 -2 14.7
      vertex -1.54336 -0.824944 14.9509
      vertex -1.61209 -0.679632 14.9641
    endloop
  endfacet
  facet normal -0.612345 -0.3535 0.707158
    outer loop
      vertex -1.71637 -0.341408 15.0429
      vertex -1.84752 0 15.1
      vertex -1.68274 -0.47568 15.0049
    endloop
  endfacet
  facet normal -0.612238 -0.353476 0.707262
    outer loop
      vertex -1.84752 0 15.1
      vertex -1.71637 -0.341408 15.0429
      vertex -1.73918 -0.18765 15.1
    endloop
  endfacet
  facet normal -0 0 1
    outer loop
      vertex 0.972247 -1.45507 15.1
      vertex 0.92376 -1.6 15.1
      vertex 1.03378 -1.40943 15.1
    endloop
  endfacet
  facet normal -0 0 1
    outer loop
      vertex 0.824944 -1.54336 15.1
      vertex 0.92376 -1.6 15.1
      vertex 0.972247 -1.45507 15.1
    endloop
  endfacet
  facet normal 0 0 1
    outer loop
      vertex 0.92376 -1.6 15.1
      vertex 0.824944 -1.54336 15.1
      vertex 0.705194 -1.6 15.1
    endloop
  endfacet
  facet normal 0 0 1
    outer loop
      vertex 0.92376 1.6 15.1
      vertex 0.972247 1.45507 15.1
      vertex 1.03378 1.40943 15.1
    endloop
  endfacet
  facet normal 0 0 1
    outer loop
      vertex 0.92376 1.6 15.1
      vertex 0.824944 1.54336 15.1
      vertex 0.972247 1.45507 15.1
    endloop
  endfacet
  facet normal 0 -0 1
    outer loop
      vertex 0.824944 1.54336 15.1
      vertex 0.92376 1.6 15.1
      vertex 0.705194 1.6 15.1
    endloop
  endfacet
  facet normal 0 0 1
    outer loop
      vertex 1.84752 0 15.1
      vertex 1.74157 0.17153 15.1
      vertex 1.75 0 15.1
    endloop
  endfacet
  facet normal -0 -0 1
    outer loop
      vertex 1.74157 0.17153 15.1
      vertex 1.84752 0 15.1
      vertex 1.73918 0.18765 15.1
    endloop
  endfacet
  facet normal 0 0 1
    outer loop
      vertex 1.74157 -0.17153 15.1
      vertex 1.84752 0 15.1
      vertex 1.75 0 15.1
    endloop
  endfacet
  facet normal 0 0 1
    outer loop
      vertex 1.84752 0 15.1
      vertex 1.74157 -0.17153 15.1
      vertex 1.73918 -0.18765 15.1
    endloop
  endfacet
  facet normal 0 0 1
    outer loop
      vertex -0.824944 -1.54336 15.1
      vertex -0.92376 -1.6 15.1
      vertex -0.705194 -1.6 15.1
    endloop
  endfacet
  facet normal 0 0 1
    outer loop
      vertex -0.972247 -1.45507 15.1
      vertex -0.92376 -1.6 15.1
      vertex -0.824944 -1.54336 15.1
    endloop
  endfacet
  facet normal 0 0 1
    outer loop
      vertex -0.92376 -1.6 15.1
      vertex -0.972247 -1.45507 15.1
      vertex -1.03378 -1.40943 15.1
    endloop
  endfacet
  facet normal -0 0 1
    outer loop
      vertex -0.92376 1.6 15.1
      vertex -0.824944 1.54336 15.1
      vertex -0.705194 1.6 15.1
    endloop
  endfacet
  facet normal 0 0 1
    outer loop
      vertex -0.92376 1.6 15.1
      vertex -0.972247 1.45507 15.1
      vertex -0.824944 1.54336 15.1
    endloop
  endfacet
  facet normal 0 -0 1
    outer loop
      vertex -0.972247 1.45507 15.1
      vertex -0.92376 1.6 15.1
      vertex -1.03378 1.40943 15.1
    endloop
  endfacet
  facet normal 0 0 1
    outer loop
      vertex -1.74157 0.17153 15.1
      vertex -1.84752 0 15.1
      vertex -1.75 0 15.1
    endloop
  endfacet
  facet normal 0 0 1
    outer loop
      vertex -1.84752 0 15.1
      vertex -1.74157 0.17153 15.1
      vertex -1.73918 0.18765 15.1
    endloop
  endfacet
  facet normal 0 0 1
    outer loop
      vertex -1.74157 -0.17153 15.1
      vertex -1.84752 0 15.1
      vertex -1.73918 -0.18765 15.1
    endloop
  endfacet
  facet normal -0 0 1
    outer loop
      vertex -1.84752 0 15.1
      vertex -1.74157 -0.17153 15.1
      vertex -1.75 0 15.1
    endloop
  endfacet
  facet normal -0.612384 0.353542 0.707102
    outer loop
      vertex -1.1547 2 14.7
      vertex -1.03378 1.40943 15.1
      vertex -0.92376 1.6 15.1
    endloop
  endfacet
  facet normal -0.61214 0.353687 0.707242
    outer loop
      vertex -1.03378 1.40943 15.1
      vertex -1.1547 2 14.7
      vertex -1.11019 1.35277 15.0622
    endloop
  endfacet
  facet normal -0.612598 0.353488 0.706944
    outer loop
      vertex -1.1547 2 14.7
      vertex -1.23744 1.23744 15.0096
      vertex -1.11019 1.35277 15.0622
    endloop
  endfacet
  facet normal -0.612135 0.353582 0.707298
    outer loop
      vertex -1.1547 2 14.7
      vertex -1.35277 1.11019 14.9734
      vertex -1.23744 1.23744 15.0096
    endloop
  endfacet
  facet normal -0.612832 0.353556 0.706708
    outer loop
      vertex -1.1547 2 14.7
      vertex -1.45507 0.972247 14.9537
      vertex -1.35277 1.11019 14.9734
    endloop
  endfacet
  facet normal -0.612232 0.353514 0.707248
    outer loop
      vertex -1.1547 2 14.7
      vertex -1.54336 0.824944 14.9509
      vertex -1.45507 0.972247 14.9537
    endloop
  endfacet
  facet normal -0.611036 0.353356 0.708361
    outer loop
      vertex -1.54336 0.824944 14.9509
      vertex -1.1547 2 14.7
      vertex -1.61209 0.679632 14.9641
    endloop
  endfacet
  facet normal -0.612238 0.353476 0.707262
    outer loop
      vertex -1.71637 0.341408 15.0429
      vertex -1.84752 0 15.1
      vertex -1.73918 0.18765 15.1
    endloop
  endfacet
  facet normal -0.612345 0.3535 0.707158
    outer loop
      vertex -1.84752 0 15.1
      vertex -1.71637 0.341408 15.0429
      vertex -1.68274 0.47568 15.0049
    endloop
  endfacet
  facet normal -2.68087e-05 0.707115 0.707099
    outer loop
      vertex 0.669696 1.61679 15.0832
      vertex 0.92376 1.6 15.1
      vertex 1.1547 2 14.7
    endloop
  endfacet
  facet normal 0 0.707317 0.706896
    outer loop
      vertex 0.92376 1.6 15.1
      vertex 0.669696 1.61679 15.0832
      vertex 0.705194 1.6 15.1
    endloop
  endfacet
  facet normal 0.000176079 0.706986 0.707227
    outer loop
      vertex 1.1547 2 14.7
      vertex 0.507998 1.67465 15.0254
      vertex 0.669696 1.61679 15.0832
    endloop
  endfacet
  facet normal -0.000208465 0.707368 0.706845
    outer loop
      vertex 1.1547 2 14.7
      vertex 0.341408 1.71637 14.9836
      vertex 0.507998 1.67465 15.0254
    endloop
  endfacet
  facet normal -7.78411e-06 0.707081 0.707133
    outer loop
      vertex 1.1547 2 14.7
      vertex 0.17153 1.74157 14.9584
      vertex 0.341408 1.71637 14.9836
    endloop
  endfacet
  facet normal 0.000100825 0.706874 0.70734
    outer loop
      vertex 1.1547 2 14.7
      vertex 0 1.75 14.95
      vertex 0.17153 1.74157 14.9584
    endloop
  endfacet
  facet normal -0 0.707107 0.707107
    outer loop
      vertex -1.1547 2 14.7
      vertex 0 1.75 14.95
      vertex 1.1547 2 14.7
    endloop
  endfacet
  facet normal -0.000100825 0.706874 0.70734
    outer loop
      vertex 0 1.75 14.95
      vertex -1.1547 2 14.7
      vertex -0.17153 1.74157 14.9584
    endloop
  endfacet
  facet normal 0 0.707317 0.706896
    outer loop
      vertex -0.669696 1.61679 15.0832
      vertex -0.92376 1.6 15.1
      vertex -0.705194 1.6 15.1
    endloop
  endfacet
  facet normal -0.000176079 0.706986 0.707227
    outer loop
      vertex -1.1547 2 14.7
      vertex -0.669696 1.61679 15.0832
      vertex -0.507998 1.67465 15.0254
    endloop
  endfacet
  facet normal 0.000208465 0.707368 0.706845
    outer loop
      vertex -1.1547 2 14.7
      vertex -0.507998 1.67465 15.0254
      vertex -0.341408 1.71637 14.9836
    endloop
  endfacet
  facet normal 2.68087e-05 0.707115 0.707099
    outer loop
      vertex -0.669696 1.61679 15.0832
      vertex -1.1547 2 14.7
      vertex -0.92376 1.6 15.1
    endloop
  endfacet
  facet normal 7.78411e-06 0.707081 0.707133
    outer loop
      vertex -0.17153 1.74157 14.9584
      vertex -1.1547 2 14.7
      vertex -0.341408 1.71637 14.9836
    endloop
  endfacet
  facet normal 0.998795 0.0490867 0
    outer loop
      vertex 1.75 0 18.2
      vertex 1.74157 0.17153 15.1
      vertex 1.74157 0.17153 18.2
    endloop
  endfacet
  facet normal 0.998795 0.0490867 0
    outer loop
      vertex 1.74157 0.17153 15.1
      vertex 1.75 0 18.2
      vertex 1.75 0 15.1
    endloop
  endfacet
  facet normal -0.998795 0.0490867 0
    outer loop
      vertex -1.75 0 15.1
      vertex -1.74157 0.17153 18.2
      vertex -1.74157 0.17153 15.1
    endloop
  endfacet
  facet normal -0.998795 0.0490867 0
    outer loop
      vertex -1.74157 0.17153 18.2
      vertex -1.75 0 15.1
      vertex -1.75 0 18.2
    endloop
  endfacet
  facet normal 0.0490867 0.998795 -0
    outer loop
      vertex 0.17153 1.74157 14.9584
      vertex 0 1.75 18.2
      vertex 0.17153 1.74157 18.2
    endloop
  endfacet
  facet normal 0.0490867 0.998795 0
    outer loop
      vertex 0 1.75 18.2
      vertex 0.17153 1.74157 14.9584
      vertex 0 1.75 14.95
    endloop
  endfacet
  facet normal 0.67155 0.740959 0
    outer loop
      vertex 1.23744 1.23744 18.2
      vertex 1.11019 1.35277 15.0622
      vertex 1.11019 1.35277 18.2
    endloop
  endfacet
  facet normal 0.67155 0.740959 0
    outer loop
      vertex 1.11019 1.35277 15.0622
      vertex 1.23744 1.23744 18.2
      vertex 1.23744 1.23744 15.0096
    endloop
  endfacet
  facet normal -0.67155 0.740959 0
    outer loop
      vertex -1.11019 1.35277 15.0622
      vertex -1.23744 1.23744 18.2
      vertex -1.11019 1.35277 18.2
    endloop
  endfacet
  facet normal -0.67155 0.740959 0
    outer loop
      vertex -1.23744 1.23744 18.2
      vertex -1.11019 1.35277 15.0622
      vertex -1.23744 1.23744 15.0096
    endloop
  endfacet
  facet normal -0.336908 0.941538 0
    outer loop
      vertex -0.507998 1.67465 18.2
      vertex -0.669696 1.61679 15.0832
      vertex -0.669696 1.61679 18.2
    endloop
  endfacet
  facet normal -0.336908 0.941538 0
    outer loop
      vertex -0.669696 1.61679 15.0832
      vertex -0.507998 1.67465 18.2
      vertex -0.507998 1.67465 15.0254
    endloop
  endfacet
  facet normal -0.970037 -0.242957 -1.33894e-06
    outer loop
      vertex -1.67465 -0.507998 18.2
      vertex -1.71637 -0.341408 15.0429
      vertex -1.68274 -0.47568 15.0049
    endloop
  endfacet
  facet normal -0.970068 -0.242832 -0
    outer loop
      vertex -1.67465 -0.507998 18.2
      vertex -1.68274 -0.47568 15.0049
      vertex -1.67465 -0.507998 14.9957
    endloop
  endfacet
  facet normal -0.970043 -0.242933 0
    outer loop
      vertex -1.71637 -0.341408 15.0429
      vertex -1.67465 -0.507998 18.2
      vertex -1.71637 -0.341408 18.2
    endloop
  endfacet
  facet normal 0.903983 0.427568 0
    outer loop
      vertex 1.54336 0.824944 18.2
      vertex 1.61209 0.679632 14.9641
      vertex 1.54336 0.824944 14.9509
    endloop
  endfacet
  facet normal 0.903982 0.42757 -0
    outer loop
      vertex 1.61679 0.669696 14.965
      vertex 1.54336 0.824944 18.2
      vertex 1.61679 0.669696 18.2
    endloop
  endfacet
  facet normal 0.903967 0.427601 -1.82347e-06
    outer loop
      vertex 1.54336 0.824944 18.2
      vertex 1.61679 0.669696 14.965
      vertex 1.61209 0.679632 14.9641
    endloop
  endfacet
  facet normal 0.42757 0.903982 0
    outer loop
      vertex 0.705194 1.6 15.1
      vertex 0.824944 1.54336 18.2
      vertex 0.824944 1.54336 15.1
    endloop
  endfacet
  facet normal 0.42757 0.903982 7.92656e-09
    outer loop
      vertex 0.824944 1.54336 18.2
      vertex 0.705194 1.6 15.1
      vertex 0.669696 1.61679 18.2
    endloop
  endfacet
  facet normal 0.42757 0.903982 0
    outer loop
      vertex 0.669696 1.61679 18.2
      vertex 0.705194 1.6 15.1
      vertex 0.669696 1.61679 15.0832
    endloop
  endfacet
  facet normal 0.595679 0.803223 -1.67665e-06
    outer loop
      vertex 1.11019 1.35277 18.2
      vertex 1.03378 1.40943 15.1
      vertex 0.972247 1.45507 18.2
    endloop
  endfacet
  facet normal 0.595635 0.803255 0
    outer loop
      vertex 1.03378 1.40943 15.1
      vertex 1.11019 1.35277 18.2
      vertex 1.11019 1.35277 15.0622
    endloop
  endfacet
  facet normal 0.595733 0.803182 0
    outer loop
      vertex 0.972247 1.45507 18.2
      vertex 1.03378 1.40943 15.1
      vertex 0.972247 1.45507 15.1
    endloop
  endfacet
  facet normal -0.857729 0.514103 0
    outer loop
      vertex -1.54336 0.824944 18.2
      vertex -1.45507 0.972247 14.9537
      vertex -1.54336 0.824944 14.9509
    endloop
  endfacet
  facet normal -0.857729 0.514103 0
    outer loop
      vertex -1.45507 0.972247 14.9537
      vertex -1.54336 0.824944 18.2
      vertex -1.45507 0.972247 18.2
    endloop
  endfacet
  facet normal -0.803223 0.595679 0
    outer loop
      vertex -1.45507 0.972247 18.2
      vertex -1.35277 1.11019 14.9734
      vertex -1.45507 0.972247 14.9537
    endloop
  endfacet
  facet normal -0.803223 0.595679 0
    outer loop
      vertex -1.35277 1.11019 14.9734
      vertex -1.45507 0.972247 18.2
      vertex -1.35277 1.11019 18.2
    endloop
  endfacet
  facet normal -0.146736 0.989176 0
    outer loop
      vertex -0.17153 1.74157 18.2
      vertex -0.341408 1.71637 14.9836
      vertex -0.341408 1.71637 18.2
    endloop
  endfacet
  facet normal -0.146736 0.989176 0
    outer loop
      vertex -0.341408 1.71637 14.9836
      vertex -0.17153 1.74157 18.2
      vertex -0.17153 1.74157 14.9584
    endloop
  endfacet
  facet normal 0.903982 -0.42757 0
    outer loop
      vertex 1.54336 -0.824944 18.2
      vertex 1.61679 -0.669696 14.965
      vertex 1.61679 -0.669696 18.2
    endloop
  endfacet
  facet normal 0.903967 -0.427601 -1.82347e-06
    outer loop
      vertex 1.61679 -0.669696 14.965
      vertex 1.54336 -0.824944 18.2
      vertex 1.61209 -0.679632 14.9641
    endloop
  endfacet
  facet normal 0.903983 -0.427568 0
    outer loop
      vertex 1.61209 -0.679632 14.9641
      vertex 1.54336 -0.824944 18.2
      vertex 1.54336 -0.824944 14.9509
    endloop
  endfacet
  facet normal 0.242933 -0.970043 0
    outer loop
      vertex 0.341408 -1.71637 18.2
      vertex 0.507998 -1.67465 15.0254
      vertex 0.507998 -1.67465 18.2
    endloop
  endfacet
  facet normal 0.242933 -0.970043 0
    outer loop
      vertex 0.507998 -1.67465 15.0254
      vertex 0.341408 -1.71637 18.2
      vertex 0.341408 -1.71637 14.9836
    endloop
  endfacet
  facet normal 0.740959 -0.67155 0
    outer loop
      vertex 1.23744 -1.23744 15.0096
      vertex 1.35277 -1.11019 18.2
      vertex 1.23744 -1.23744 18.2
    endloop
  endfacet
  facet normal 0.740959 -0.67155 0
    outer loop
      vertex 1.35277 -1.11019 18.2
      vertex 1.23744 -1.23744 15.0096
      vertex 1.35277 -1.11019 14.9734
    endloop
  endfacet
  facet normal 0.970043 -0.242933 0
    outer loop
      vertex 1.67465 -0.507998 18.2
      vertex 1.71637 -0.341408 15.0429
      vertex 1.71637 -0.341408 18.2
    endloop
  endfacet
  facet normal 0.970037 -0.242957 -1.33894e-06
    outer loop
      vertex 1.71637 -0.341408 15.0429
      vertex 1.67465 -0.507998 18.2
      vertex 1.68274 -0.47568 15.0049
    endloop
  endfacet
  facet normal 0.970068 -0.242832 0
    outer loop
      vertex 1.68274 -0.47568 15.0049
      vertex 1.67465 -0.507998 18.2
      vertex 1.67465 -0.507998 14.9957
    endloop
  endfacet
  facet normal -0.336908 -0.941538 0
    outer loop
      vertex -0.669696 -1.61679 15.0832
      vertex -0.507998 -1.67465 18.2
      vertex -0.669696 -1.61679 18.2
    endloop
  endfacet
  facet normal -0.336908 -0.941538 -0
    outer loop
      vertex -0.507998 -1.67465 18.2
      vertex -0.669696 -1.61679 15.0832
      vertex -0.507998 -1.67465 15.0254
    endloop
  endfacet
  facet normal -0.803223 -0.595679 0
    outer loop
      vertex -1.35277 -1.11019 14.9734
      vertex -1.45507 -0.972247 18.2
      vertex -1.45507 -0.972247 14.9537
    endloop
  endfacet
  facet normal -0.803223 -0.595679 0
    outer loop
      vertex -1.45507 -0.972247 18.2
      vertex -1.35277 -1.11019 14.9734
      vertex -1.35277 -1.11019 18.2
    endloop
  endfacet
  facet normal -0 0 1
    outer loop
      vertex 1.74008 0.00240243 18.2
      vertex 1.75 0 18.2
      vertex 1.74157 0.17153 18.2
    endloop
  endfacet
  facet normal 0 0 1
    outer loop
      vertex 1.74008 -0.00240243 18.2
      vertex 1.75 0 18.2
      vertex 1.7402 0 18.2
    endloop
  endfacet
  facet normal 0 0 1
    outer loop
      vertex 1.75 0 18.2
      vertex 1.74008 0.00240243 18.2
      vertex 1.7402 0 18.2
    endloop
  endfacet
  facet normal 0 0 1
    outer loop
      vertex 1.74157 0.17153 18.2
      vertex 1.73182 0.170569 18.2
      vertex 1.74008 0.00240243 18.2
    endloop
  endfacet
  facet normal -0 0 1
    outer loop
      vertex 1.70711 0.337116 18.2
      vertex 1.74157 0.17153 18.2
      vertex 1.71637 0.341408 18.2
    endloop
  endfacet
  facet normal 0 0 1
    outer loop
      vertex 1.74157 0.17153 18.2
      vertex 1.70711 0.337116 18.2
      vertex 1.73182 0.170569 18.2
    endloop
  endfacet
  facet normal 0 0 1
    outer loop
      vertex 1.71637 0.341408 18.2
      vertex 1.70676 0.339495 18.2
      vertex 1.70711 0.337116 18.2
    endloop
  endfacet
  facet normal -0 0 1
    outer loop
      vertex 1.66585 0.502818 18.2
      vertex 1.71637 0.341408 18.2
      vertex 1.67465 0.507998 18.2
    endloop
  endfacet
  facet normal 0 0 1
    outer loop
      vertex 1.71637 0.341408 18.2
      vertex 1.66585 0.502818 18.2
      vertex 1.70676 0.339495 18.2
    endloop
  endfacet
  facet normal 0 0 1
    outer loop
      vertex 1.67465 0.507998 18.2
      vertex 1.66526 0.505152 18.2
      vertex 1.66585 0.502818 18.2
    endloop
  endfacet
  facet normal 0 0 1
    outer loop
      vertex 1.67465 0.507998 18.2
      vertex 1.66445 0.507416 18.2
      vertex 1.66526 0.505152 18.2
    endloop
  endfacet
  facet normal 0 0 1
    outer loop
      vertex 1.61679 0.669696 18.2
      vertex 1.66445 0.507416 18.2
      vertex 1.67465 0.507998 18.2
    endloop
  endfacet
  facet normal 0 0 1
    outer loop
      vertex 1.61679 0.669696 18.2
      vertex 1.60773 0.665944 18.2
      vertex 1.66445 0.507416 18.2
    endloop
  endfacet
  facet normal 0 0 1
    outer loop
      vertex 1.61679 0.669696 18.2
      vertex 1.6067 0.668118 18.2
      vertex 1.60773 0.665944 18.2
    endloop
  endfacet
  facet normal 0 0 1
    outer loop
      vertex 1.54336 0.824944 18.2
      vertex 1.6067 0.668118 18.2
      vertex 1.61679 0.669696 18.2
    endloop
  endfacet
  facet normal 0 0 1
    outer loop
      vertex 1.54336 0.824944 18.2
      vertex 1.53472 0.820322 18.2
      vertex 1.6067 0.668118 18.2
    endloop
  endfacet
  facet normal -0 0 1
    outer loop
      vertex 1.44816 0.964737 18.2
      vertex 1.54336 0.824944 18.2
      vertex 1.45507 0.972247 18.2
    endloop
  endfacet
  facet normal 0 0 1
    outer loop
      vertex 1.54336 0.824944 18.2
      vertex 1.44816 0.964737 18.2
      vertex 1.53472 0.820322 18.2
    endloop
  endfacet
  facet normal 0 0 1
    outer loop
      vertex 1.45507 0.972247 18.2
      vertex 1.44692 0.9668 18.2
      vertex 1.44816 0.964737 18.2
    endloop
  endfacet
  facet normal -0 0 1
    outer loop
      vertex 1.34662 1.10204 18.2
      vertex 1.45507 0.972247 18.2
      vertex 1.35277 1.11019 18.2
    endloop
  endfacet
  facet normal 0 0 1
    outer loop
      vertex 1.45507 0.972247 18.2
      vertex 1.34662 1.10204 18.2
      vertex 1.44692 0.9668 18.2
    endloop
  endfacet
  facet normal 0 0 1
    outer loop
      vertex 1.35277 1.11019 18.2
      vertex 1.34519 1.10397 18.2
      vertex 1.34662 1.10204 18.2
    endloop
  endfacet
  facet normal 0 0 1
    outer loop
      vertex 1.35277 1.11019 18.2
      vertex 1.34357 1.10575 18.2
      vertex 1.34519 1.10397 18.2
    endloop
  endfacet
  facet normal 0 0 1
    outer loop
      vertex 1.23744 1.23744 18.2
      vertex 1.34357 1.10575 18.2
      vertex 1.35277 1.11019 18.2
    endloop
  endfacet
  facet normal 0 0 1
    outer loop
      vertex 1.23744 1.23744 18.2
      vertex 1.2305 1.2305 18.2
      vertex 1.34357 1.10575 18.2
    endloop
  endfacet
  facet normal -0 0 1
    outer loop
      vertex 1.10575 1.34357 18.2
      vertex 1.23744 1.23744 18.2
      vertex 1.11019 1.35277 18.2
    endloop
  endfacet
  facet normal 0 0 1
    outer loop
      vertex 1.23744 1.23744 18.2
      vertex 1.10575 1.34357 18.2
      vertex 1.2305 1.2305 18.2
    endloop
  endfacet
  facet normal 0 0 1
    outer loop
      vertex 1.11019 1.35277 18.2
      vertex 1.10397 1.34519 18.2
      vertex 1.10575 1.34357 18.2
    endloop
  endfacet
  facet normal 0 0 1
    outer loop
      vertex 1.11019 1.35277 18.2
      vertex 1.10204 1.34662 18.2
      vertex 1.10397 1.34519 18.2
    endloop
  endfacet
  facet normal 0 0 1
    outer loop
      vertex 0.972247 1.45507 18.2
      vertex 1.10204 1.34662 18.2
      vertex 1.11019 1.35277 18.2
    endloop
  endfacet
  facet normal 0 0 1
    outer loop
      vertex 0.972247 1.45507 18.2
      vertex 0.9668 1.44692 18.2
      vertex 1.10204 1.34662 18.2
    endloop
  endfacet
  facet normal 0 0 1
    outer loop
      vertex 0.972247 1.45507 18.2
      vertex 0.964737 1.44816 18.2
      vertex 0.9668 1.44692 18.2
    endloop
  endfacet
  facet normal 0 0 1
    outer loop
      vertex 0.824944 1.54336 18.2
      vertex 0.964737 1.44816 18.2
      vertex 0.972247 1.45507 18.2
    endloop
  endfacet
  facet normal 0 0 1
    outer loop
      vertex 0.824944 1.54336 18.2
      vertex 0.820322 1.53472 18.2
      vertex 0.964737 1.44816 18.2
    endloop
  endfacet
  facet normal -0 0 1
    outer loop
      vertex 0.668118 1.6067 18.2
      vertex 0.824944 1.54336 18.2
      vertex 0.669696 1.61679 18.2
    endloop
  endfacet
  facet normal 0 0 1
    outer loop
      vertex 0.824944 1.54336 18.2
      vertex 0.668118 1.6067 18.2
      vertex 0.820322 1.53472 18.2
    endloop
  endfacet
  facet normal 0 0 1
    outer loop
      vertex 0.669696 1.61679 18.2
      vertex 0.665944 1.60773 18.2
      vertex 0.668118 1.6067 18.2
    endloop
  endfacet
  facet normal -0 0 1
    outer loop
      vertex 0.507416 1.66445 18.2
      vertex 0.669696 1.61679 18.2
      vertex 0.507998 1.67465 18.2
    endloop
  endfacet
  facet normal 0 0 1
    outer loop
      vertex 0.669696 1.61679 18.2
      vertex 0.507416 1.66445 18.2
      vertex 0.665944 1.60773 18.2
    endloop
  endfacet
  facet normal 0 0 1
    outer loop
      vertex 0.507998 1.67465 18.2
      vertex 0.505152 1.66526 18.2
      vertex 0.507416 1.66445 18.2
    endloop
  endfacet
  facet normal 0 0 1
    outer loop
      vertex 0.507998 1.67465 18.2
      vertex 0.502818 1.66585 18.2
      vertex 0.505152 1.66526 18.2
    endloop
  endfacet
  facet normal 0 0 1
    outer loop
      vertex 0.341408 1.71637 18.2
      vertex 0.502818 1.66585 18.2
      vertex 0.507998 1.67465 18.2
    endloop
  endfacet
  facet normal 0 0 1
    outer loop
      vertex 0.341408 1.71637 18.2
      vertex 0.339495 1.70676 18.2
      vertex 0.502818 1.66585 18.2
    endloop
  endfacet
  facet normal 0 0 1
    outer loop
      vertex 0.341408 1.71637 18.2
      vertex 0.337116 1.70711 18.2
      vertex 0.339495 1.70676 18.2
    endloop
  endfacet
  facet normal 0 0 1
    outer loop
      vertex 0.17153 1.74157 18.2
      vertex 0.337116 1.70711 18.2
      vertex 0.341408 1.71637 18.2
    endloop
  endfacet
  facet normal 0 0 1
    outer loop
      vertex 0.17153 1.74157 18.2
      vertex 0.170569 1.73182 18.2
      vertex 0.337116 1.70711 18.2
    endloop
  endfacet
  facet normal 0 0 1
    outer loop
      vertex 0.17153 1.74157 18.2
      vertex 0.00240243 1.74008 18.2
      vertex 0.170569 1.73182 18.2
    endloop
  endfacet
  facet normal 0 0 1
    outer loop
      vertex 0 1.75 18.2
      vertex 0.00240243 1.74008 18.2
      vertex 0.17153 1.74157 18.2
    endloop
  endfacet
  facet normal 0 0 1
    outer loop
      vertex 0 1.75 18.2
      vertex 0 1.7402 18.2
      vertex 0.00240243 1.74008 18.2
    endloop
  endfacet
  facet normal 0 0 1
    outer loop
      vertex 0 1.75 18.2
      vertex -0.00240243 1.74008 18.2
      vertex 0 1.7402 18.2
    endloop
  endfacet
  facet normal -0 0 1
    outer loop
      vertex -0.17153 1.74157 18.2
      vertex -0.00240243 1.74008 18.2
      vertex 0 1.75 18.2
    endloop
  endfacet
  facet normal 0 0 1
    outer loop
      vertex -0.00240243 1.74008 18.2
      vertex -0.17153 1.74157 18.2
      vertex -0.170569 1.73182 18.2
    endloop
  endfacet
  facet normal 0 0 1
    outer loop
      vertex -0.17153 1.74157 18.2
      vertex -0.337116 1.70711 18.2
      vertex -0.170569 1.73182 18.2
    endloop
  endfacet
  facet normal -0 0 1
    outer loop
      vertex -0.341408 1.71637 18.2
      vertex -0.337116 1.70711 18.2
      vertex -0.17153 1.74157 18.2
    endloop
  endfacet
  facet normal 0 0 1
    outer loop
      vertex -0.337116 1.70711 18.2
      vertex -0.341408 1.71637 18.2
      vertex -0.339495 1.70676 18.2
    endloop
  endfacet
  facet normal 0 0 1
    outer loop
      vertex -0.341408 1.71637 18.2
      vertex -0.502818 1.66585 18.2
      vertex -0.339495 1.70676 18.2
    endloop
  endfacet
  facet normal -0 0 1
    outer loop
      vertex -0.507998 1.67465 18.2
      vertex -0.502818 1.66585 18.2
      vertex -0.341408 1.71637 18.2
    endloop
  endfacet
  facet normal 0 0 1
    outer loop
      vertex -0.502818 1.66585 18.2
      vertex -0.507998 1.67465 18.2
      vertex -0.505152 1.66526 18.2
    endloop
  endfacet
  facet normal 0 0 1
    outer loop
      vertex -0.507998 1.67465 18.2
      vertex -0.507416 1.66445 18.2
      vertex -0.505152 1.66526 18.2
    endloop
  endfacet
  facet normal 0 0 1
    outer loop
      vertex -0.669696 1.61679 18.2
      vertex -0.507416 1.66445 18.2
      vertex -0.507998 1.67465 18.2
    endloop
  endfacet
  facet normal 0 0 1
    outer loop
      vertex -0.507416 1.66445 18.2
      vertex -0.669696 1.61679 18.2
      vertex -0.665944 1.60773 18.2
    endloop
  endfacet
  facet normal 0 0 1
    outer loop
      vertex -0.669696 1.61679 18.2
      vertex -0.668118 1.6067 18.2
      vertex -0.665944 1.60773 18.2
    endloop
  endfacet
  facet normal 0 0 1
    outer loop
      vertex -0.824944 1.54336 18.2
      vertex -0.668118 1.6067 18.2
      vertex -0.669696 1.61679 18.2
    endloop
  endfacet
  facet normal 0 0 1
    outer loop
      vertex -0.668118 1.6067 18.2
      vertex -0.824944 1.54336 18.2
      vertex -0.820322 1.53472 18.2
    endloop
  endfacet
  facet normal 0 0 1
    outer loop
      vertex -0.824944 1.54336 18.2
      vertex -0.964737 1.44816 18.2
      vertex -0.820322 1.53472 18.2
    endloop
  endfacet
  facet normal -0 0 1
    outer loop
      vertex -0.972247 1.45507 18.2
      vertex -0.964737 1.44816 18.2
      vertex -0.824944 1.54336 18.2
    endloop
  endfacet
  facet normal 0 0 1
    outer loop
      vertex -0.964737 1.44816 18.2
      vertex -0.972247 1.45507 18.2
      vertex -0.9668 1.44692 18.2
    endloop
  endfacet
  facet normal 0 0 1
    outer loop
      vertex -0.972247 1.45507 18.2
      vertex -1.10204 1.34662 18.2
      vertex -0.9668 1.44692 18.2
    endloop
  endfacet
  facet normal -0 0 1
    outer loop
      vertex -1.11019 1.35277 18.2
      vertex -1.10204 1.34662 18.2
      vertex -0.972247 1.45507 18.2
    endloop
  endfacet
  facet normal 0 0 1
    outer loop
      vertex -1.10204 1.34662 18.2
      vertex -1.11019 1.35277 18.2
      vertex -1.10397 1.34519 18.2
    endloop
  endfacet
  facet normal 0 0 1
    outer loop
      vertex -1.11019 1.35277 18.2
      vertex -1.10575 1.34357 18.2
      vertex -1.10397 1.34519 18.2
    endloop
  endfacet
  facet normal 0 0 1
    outer loop
      vertex -1.23744 1.23744 18.2
      vertex -1.10575 1.34357 18.2
      vertex -1.11019 1.35277 18.2
    endloop
  endfacet
  facet normal 0 0 1
    outer loop
      vertex -1.10575 1.34357 18.2
      vertex -1.23744 1.23744 18.2
      vertex -1.2305 1.2305 18.2
    endloop
  endfacet
  facet normal 0 0 1
    outer loop
      vertex -1.23744 1.23744 18.2
      vertex -1.34357 1.10575 18.2
      vertex -1.2305 1.2305 18.2
    endloop
  endfacet
  facet normal -0 0 1
    outer loop
      vertex -1.35277 1.11019 18.2
      vertex -1.34357 1.10575 18.2
      vertex -1.23744 1.23744 18.2
    endloop
  endfacet
  facet normal 0 0 1
    outer loop
      vertex -1.34357 1.10575 18.2
      vertex -1.35277 1.11019 18.2
      vertex -1.34519 1.10397 18.2
    endloop
  endfacet
  facet normal 0 0 1
    outer loop
      vertex -1.35277 1.11019 18.2
      vertex -1.34662 1.10204 18.2
      vertex -1.34519 1.10397 18.2
    endloop
  endfacet
  facet normal 0 0 1
    outer loop
      vertex -1.45507 0.972247 18.2
      vertex -1.34662 1.10204 18.2
      vertex -1.35277 1.11019 18.2
    endloop
  endfacet
  facet normal 0 0 1
    outer loop
      vertex -1.34662 1.10204 18.2
      vertex -1.45507 0.972247 18.2
      vertex -1.44692 0.9668 18.2
    endloop
  endfacet
  facet normal 0 0 1
    outer loop
      vertex -1.45507 0.972247 18.2
      vertex -1.44816 0.964737 18.2
      vertex -1.44692 0.9668 18.2
    endloop
  endfacet
  facet normal 0 0 1
    outer loop
      vertex -1.54336 0.824944 18.2
      vertex -1.44816 0.964737 18.2
      vertex -1.45507 0.972247 18.2
    endloop
  endfacet
  facet normal 0 0 1
    outer loop
      vertex -1.44816 0.964737 18.2
      vertex -1.54336 0.824944 18.2
      vertex -1.53472 0.820322 18.2
    endloop
  endfacet
  facet normal 0 0 1
    outer loop
      vertex -1.54336 0.824944 18.2
      vertex -1.6067 0.668118 18.2
      vertex -1.53472 0.820322 18.2
    endloop
  endfacet
  facet normal -0 0 1
    outer loop
      vertex -1.61679 0.669696 18.2
      vertex -1.6067 0.668118 18.2
      vertex -1.54336 0.824944 18.2
    endloop
  endfacet
  facet normal 0 0 1
    outer loop
      vertex -1.6067 0.668118 18.2
      vertex -1.61679 0.669696 18.2
      vertex -1.60773 0.665944 18.2
    endloop
  endfacet
  facet normal 0 0 1
    outer loop
      vertex -1.61679 0.669696 18.2
      vertex -1.66445 0.507416 18.2
      vertex -1.60773 0.665944 18.2
    endloop
  endfacet
  facet normal -0 0 1
    outer loop
      vertex -1.67465 0.507998 18.2
      vertex -1.66445 0.507416 18.2
      vertex -1.61679 0.669696 18.2
    endloop
  endfacet
  facet normal 0 0 1
    outer loop
      vertex -1.66445 0.507416 18.2
      vertex -1.67465 0.507998 18.2
      vertex -1.66526 0.505152 18.2
    endloop
  endfacet
  facet normal 0 0 1
    outer loop
      vertex -1.67465 0.507998 18.2
      vertex -1.66585 0.502818 18.2
      vertex -1.66526 0.505152 18.2
    endloop
  endfacet
  facet normal 0 0 1
    outer loop
      vertex -1.71637 0.341408 18.2
      vertex -1.66585 0.502818 18.2
      vertex -1.67465 0.507998 18.2
    endloop
  endfacet
  facet normal 0 0 1
    outer loop
      vertex -1.66585 0.502818 18.2
      vertex -1.71637 0.341408 18.2
      vertex -1.70676 0.339495 18.2
    endloop
  endfacet
  facet normal 0 0 1
    outer loop
      vertex -1.71637 0.341408 18.2
      vertex -1.70711 0.337116 18.2
      vertex -1.70676 0.339495 18.2
    endloop
  endfacet
  facet normal 0 0 1
    outer loop
      vertex -1.74157 0.17153 18.2
      vertex -1.70711 0.337116 18.2
      vertex -1.71637 0.341408 18.2
    endloop
  endfacet
  facet normal 0 0 1
    outer loop
      vertex -1.75 0 18.2
      vertex -1.74008 0.00240243 18.2
      vertex -1.74157 0.17153 18.2
    endloop
  endfacet
  facet normal 0 0 1
    outer loop
      vertex -1.73182 0.170569 18.2
      vertex -1.74157 0.17153 18.2
      vertex -1.74008 0.00240243 18.2
    endloop
  endfacet
  facet normal 0 0 1
    outer loop
      vertex -1.70711 0.337116 18.2
      vertex -1.74157 0.17153 18.2
      vertex -1.73182 0.170569 18.2
    endloop
  endfacet
  facet normal 0 0 1
    outer loop
      vertex 1.75 0 18.2
      vertex 1.74008 -0.00240243 18.2
      vertex 1.74157 -0.17153 18.2
    endloop
  endfacet
  facet normal -0 0 1
    outer loop
      vertex 1.73182 -0.170569 18.2
      vertex 1.74157 -0.17153 18.2
      vertex 1.74008 -0.00240243 18.2
    endloop
  endfacet
  facet normal 0 0 1
    outer loop
      vertex 1.70711 -0.337116 18.2
      vertex 1.74157 -0.17153 18.2
      vertex 1.73182 -0.170569 18.2
    endloop
  endfacet
  facet normal 0 0 1
    outer loop
      vertex 1.74157 -0.17153 18.2
      vertex 1.70711 -0.337116 18.2
      vertex 1.71637 -0.341408 18.2
    endloop
  endfacet
  facet normal -0 0 1
    outer loop
      vertex 1.70676 -0.339495 18.2
      vertex 1.71637 -0.341408 18.2
      vertex 1.70711 -0.337116 18.2
    endloop
  endfacet
  facet normal 0 0 1
    outer loop
      vertex 1.66585 -0.502818 18.2
      vertex 1.71637 -0.341408 18.2
      vertex 1.70676 -0.339495 18.2
    endloop
  endfacet
  facet normal 0 0 1
    outer loop
      vertex 1.71637 -0.341408 18.2
      vertex 1.66585 -0.502818 18.2
      vertex 1.67465 -0.507998 18.2
    endloop
  endfacet
  facet normal -0 0 1
    outer loop
      vertex 1.66526 -0.505152 18.2
      vertex 1.67465 -0.507998 18.2
      vertex 1.66585 -0.502818 18.2
    endloop
  endfacet
  facet normal -0 0 1
    outer loop
      vertex 1.66445 -0.507416 18.2
      vertex 1.67465 -0.507998 18.2
      vertex 1.66526 -0.505152 18.2
    endloop
  endfacet
  facet normal 0 0 1
    outer loop
      vertex 1.66445 -0.507416 18.2
      vertex 1.61679 -0.669696 18.2
      vertex 1.67465 -0.507998 18.2
    endloop
  endfacet
  facet normal -0 0 1
    outer loop
      vertex 1.60773 -0.665944 18.2
      vertex 1.61679 -0.669696 18.2
      vertex 1.66445 -0.507416 18.2
    endloop
  endfacet
  facet normal -0 0 1
    outer loop
      vertex 1.6067 -0.668118 18.2
      vertex 1.61679 -0.669696 18.2
      vertex 1.60773 -0.665944 18.2
    endloop
  endfacet
  facet normal 0 0 1
    outer loop
      vertex 1.6067 -0.668118 18.2
      vertex 1.54336 -0.824944 18.2
      vertex 1.61679 -0.669696 18.2
    endloop
  endfacet
  facet normal -0 0 1
    outer loop
      vertex 1.53472 -0.820322 18.2
      vertex 1.54336 -0.824944 18.2
      vertex 1.6067 -0.668118 18.2
    endloop
  endfacet
  facet normal 0 0 1
    outer loop
      vertex 1.44816 -0.964737 18.2
      vertex 1.54336 -0.824944 18.2
      vertex 1.53472 -0.820322 18.2
    endloop
  endfacet
  facet normal 0 0 1
    outer loop
      vertex 1.54336 -0.824944 18.2
      vertex 1.44816 -0.964737 18.2
      vertex 1.45507 -0.972247 18.2
    endloop
  endfacet
  facet normal -0 0 1
    outer loop
      vertex 1.44692 -0.9668 18.2
      vertex 1.45507 -0.972247 18.2
      vertex 1.44816 -0.964737 18.2
    endloop
  endfacet
  facet normal 0 0 1
    outer loop
      vertex 1.34662 -1.10204 18.2
      vertex 1.45507 -0.972247 18.2
      vertex 1.44692 -0.9668 18.2
    endloop
  endfacet
  facet normal 0 0 1
    outer loop
      vertex 1.45507 -0.972247 18.2
      vertex 1.34662 -1.10204 18.2
      vertex 1.35277 -1.11019 18.2
    endloop
  endfacet
  facet normal -0 0 1
    outer loop
      vertex 1.34519 -1.10397 18.2
      vertex 1.35277 -1.11019 18.2
      vertex 1.34662 -1.10204 18.2
    endloop
  endfacet
  facet normal -0 0 1
    outer loop
      vertex 1.34357 -1.10575 18.2
      vertex 1.35277 -1.11019 18.2
      vertex 1.34519 -1.10397 18.2
    endloop
  endfacet
  facet normal 0 0 1
    outer loop
      vertex 1.34357 -1.10575 18.2
      vertex 1.23744 -1.23744 18.2
      vertex 1.35277 -1.11019 18.2
    endloop
  endfacet
  facet normal -0 0 1
    outer loop
      vertex 1.2305 -1.2305 18.2
      vertex 1.23744 -1.23744 18.2
      vertex 1.34357 -1.10575 18.2
    endloop
  endfacet
  facet normal 0 0 1
    outer loop
      vertex 1.10575 -1.34357 18.2
      vertex 1.23744 -1.23744 18.2
      vertex 1.2305 -1.2305 18.2
    endloop
  endfacet
  facet normal 0 0 1
    outer loop
      vertex 1.23744 -1.23744 18.2
      vertex 1.10575 -1.34357 18.2
      vertex 1.11019 -1.35277 18.2
    endloop
  endfacet
  facet normal -0 0 1
    outer loop
      vertex 1.10397 -1.34519 18.2
      vertex 1.11019 -1.35277 18.2
      vertex 1.10575 -1.34357 18.2
    endloop
  endfacet
  facet normal -0 0 1
    outer loop
      vertex 1.10204 -1.34662 18.2
      vertex 1.11019 -1.35277 18.2
      vertex 1.10397 -1.34519 18.2
    endloop
  endfacet
  facet normal 0 0 1
    outer loop
      vertex 1.10204 -1.34662 18.2
      vertex 0.972247 -1.45507 18.2
      vertex 1.11019 -1.35277 18.2
    endloop
  endfacet
  facet normal -0 0 1
    outer loop
      vertex 0.9668 -1.44692 18.2
      vertex 0.972247 -1.45507 18.2
      vertex 1.10204 -1.34662 18.2
    endloop
  endfacet
  facet normal -0 0 1
    outer loop
      vertex 0.964737 -1.44816 18.2
      vertex 0.972247 -1.45507 18.2
      vertex 0.9668 -1.44692 18.2
    endloop
  endfacet
  facet normal 0 0 1
    outer loop
      vertex 0.964737 -1.44816 18.2
      vertex 0.824944 -1.54336 18.2
      vertex 0.972247 -1.45507 18.2
    endloop
  endfacet
  facet normal -0 0 1
    outer loop
      vertex 0.820322 -1.53472 18.2
      vertex 0.824944 -1.54336 18.2
      vertex 0.964737 -1.44816 18.2
    endloop
  endfacet
  facet normal 0 0 1
    outer loop
      vertex 0.668118 -1.6067 18.2
      vertex 0.824944 -1.54336 18.2
      vertex 0.820322 -1.53472 18.2
    endloop
  endfacet
  facet normal 0 0 1
    outer loop
      vertex 0.824944 -1.54336 18.2
      vertex 0.668118 -1.6067 18.2
      vertex 0.669696 -1.61679 18.2
    endloop
  endfacet
  facet normal -0 0 1
    outer loop
      vertex 0.665944 -1.60773 18.2
      vertex 0.669696 -1.61679 18.2
      vertex 0.668118 -1.6067 18.2
    endloop
  endfacet
  facet normal 0 0 1
    outer loop
      vertex 0.507416 -1.66445 18.2
      vertex 0.669696 -1.61679 18.2
      vertex 0.665944 -1.60773 18.2
    endloop
  endfacet
  facet normal 0 0 1
    outer loop
      vertex 0.669696 -1.61679 18.2
      vertex 0.507416 -1.66445 18.2
      vertex 0.507998 -1.67465 18.2
    endloop
  endfacet
  facet normal -0 0 1
    outer loop
      vertex 0.505152 -1.66526 18.2
      vertex 0.507998 -1.67465 18.2
      vertex 0.507416 -1.66445 18.2
    endloop
  endfacet
  facet normal -0 0 1
    outer loop
      vertex 0.502818 -1.66585 18.2
      vertex 0.507998 -1.67465 18.2
      vertex 0.505152 -1.66526 18.2
    endloop
  endfacet
  facet normal 0 0 1
    outer loop
      vertex 0.502818 -1.66585 18.2
      vertex 0.341408 -1.71637 18.2
      vertex 0.507998 -1.67465 18.2
    endloop
  endfacet
  facet normal -0 0 1
    outer loop
      vertex 0.339495 -1.70676 18.2
      vertex 0.341408 -1.71637 18.2
      vertex 0.502818 -1.66585 18.2
    endloop
  endfacet
  facet normal -0 0 1
    outer loop
      vertex 0.337116 -1.70711 18.2
      vertex 0.341408 -1.71637 18.2
      vertex 0.339495 -1.70676 18.2
    endloop
  endfacet
  facet normal 0 0 1
    outer loop
      vertex 0.337116 -1.70711 18.2
      vertex 0.17153 -1.74157 18.2
      vertex 0.341408 -1.71637 18.2
    endloop
  endfacet
  facet normal -0 0 1
    outer loop
      vertex 0.170569 -1.73182 18.2
      vertex 0.17153 -1.74157 18.2
      vertex 0.337116 -1.70711 18.2
    endloop
  endfacet
  facet normal -0 0 1
    outer loop
      vertex 0.00240243 -1.74008 18.2
      vertex 0.17153 -1.74157 18.2
      vertex 0.170569 -1.73182 18.2
    endloop
  endfacet
  facet normal 0 0 1
    outer loop
      vertex 0 -1.75 18.2
      vertex 0.00240243 -1.74008 18.2
      vertex 0 -1.7402 18.2
    endloop
  endfacet
  facet normal 0 0 1
    outer loop
      vertex 0.00240243 -1.74008 18.2
      vertex 0 -1.75 18.2
      vertex 0.17153 -1.74157 18.2
    endloop
  endfacet
  facet normal 0 0 1
    outer loop
      vertex -0.00240243 -1.74008 18.2
      vertex 0 -1.75 18.2
      vertex 0 -1.7402 18.2
    endloop
  endfacet
  facet normal 0 0 1
    outer loop
      vertex -0.17153 -1.74157 18.2
      vertex -0.00240243 -1.74008 18.2
      vertex -0.170569 -1.73182 18.2
    endloop
  endfacet
  facet normal 0 0 1
    outer loop
      vertex -0.00240243 -1.74008 18.2
      vertex -0.17153 -1.74157 18.2
      vertex 0 -1.75 18.2
    endloop
  endfacet
  facet normal 0 0 1
    outer loop
      vertex -0.337116 -1.70711 18.2
      vertex -0.17153 -1.74157 18.2
      vertex -0.170569 -1.73182 18.2
    endloop
  endfacet
  facet normal 0 0 1
    outer loop
      vertex -0.341408 -1.71637 18.2
      vertex -0.337116 -1.70711 18.2
      vertex -0.339495 -1.70676 18.2
    endloop
  endfacet
  facet normal 0 0 1
    outer loop
      vertex -0.337116 -1.70711 18.2
      vertex -0.341408 -1.71637 18.2
      vertex -0.17153 -1.74157 18.2
    endloop
  endfacet
  facet normal 0 0 1
    outer loop
      vertex -0.502818 -1.66585 18.2
      vertex -0.341408 -1.71637 18.2
      vertex -0.339495 -1.70676 18.2
    endloop
  endfacet
  facet normal 0 0 1
    outer loop
      vertex -0.507998 -1.67465 18.2
      vertex -0.502818 -1.66585 18.2
      vertex -0.505152 -1.66526 18.2
    endloop
  endfacet
  facet normal 0 0 1
    outer loop
      vertex -0.502818 -1.66585 18.2
      vertex -0.507998 -1.67465 18.2
      vertex -0.341408 -1.71637 18.2
    endloop
  endfacet
  facet normal 0 0 1
    outer loop
      vertex -0.507416 -1.66445 18.2
      vertex -0.507998 -1.67465 18.2
      vertex -0.505152 -1.66526 18.2
    endloop
  endfacet
  facet normal -0 0 1
    outer loop
      vertex -0.669696 -1.61679 18.2
      vertex -0.507416 -1.66445 18.2
      vertex -0.665944 -1.60773 18.2
    endloop
  endfacet
  facet normal 0 0 1
    outer loop
      vertex -0.507416 -1.66445 18.2
      vertex -0.669696 -1.61679 18.2
      vertex -0.507998 -1.67465 18.2
    endloop
  endfacet
  facet normal 0 0 1
    outer loop
      vertex -0.668118 -1.6067 18.2
      vertex -0.669696 -1.61679 18.2
      vertex -0.665944 -1.60773 18.2
    endloop
  endfacet
  facet normal -0 0 1
    outer loop
      vertex -0.824944 -1.54336 18.2
      vertex -0.668118 -1.6067 18.2
      vertex -0.820322 -1.53472 18.2
    endloop
  endfacet
  facet normal 0 0 1
    outer loop
      vertex -0.668118 -1.6067 18.2
      vertex -0.824944 -1.54336 18.2
      vertex -0.669696 -1.61679 18.2
    endloop
  endfacet
  facet normal 0 0 1
    outer loop
      vertex -0.964737 -1.44816 18.2
      vertex -0.824944 -1.54336 18.2
      vertex -0.820322 -1.53472 18.2
    endloop
  endfacet
  facet normal 0 0 1
    outer loop
      vertex -0.972247 -1.45507 18.2
      vertex -0.964737 -1.44816 18.2
      vertex -0.9668 -1.44692 18.2
    endloop
  endfacet
  facet normal 0 0 1
    outer loop
      vertex -0.964737 -1.44816 18.2
      vertex -0.972247 -1.45507 18.2
      vertex -0.824944 -1.54336 18.2
    endloop
  endfacet
  facet normal 0 0 1
    outer loop
      vertex -1.10204 -1.34662 18.2
      vertex -0.972247 -1.45507 18.2
      vertex -0.9668 -1.44692 18.2
    endloop
  endfacet
  facet normal 0 0 1
    outer loop
      vertex -1.11019 -1.35277 18.2
      vertex -1.10204 -1.34662 18.2
      vertex -1.10397 -1.34519 18.2
    endloop
  endfacet
  facet normal 0 0 1
    outer loop
      vertex -1.10204 -1.34662 18.2
      vertex -1.11019 -1.35277 18.2
      vertex -0.972247 -1.45507 18.2
    endloop
  endfacet
  facet normal 0 0 1
    outer loop
      vertex -1.10575 -1.34357 18.2
      vertex -1.11019 -1.35277 18.2
      vertex -1.10397 -1.34519 18.2
    endloop
  endfacet
  facet normal -0 0 1
    outer loop
      vertex -1.23744 -1.23744 18.2
      vertex -1.10575 -1.34357 18.2
      vertex -1.2305 -1.2305 18.2
    endloop
  endfacet
  facet normal 0 0 1
    outer loop
      vertex -1.10575 -1.34357 18.2
      vertex -1.23744 -1.23744 18.2
      vertex -1.11019 -1.35277 18.2
    endloop
  endfacet
  facet normal 0 0 1
    outer loop
      vertex -1.34357 -1.10575 18.2
      vertex -1.23744 -1.23744 18.2
      vertex -1.2305 -1.2305 18.2
    endloop
  endfacet
  facet normal 0 0 1
    outer loop
      vertex -1.35277 -1.11019 18.2
      vertex -1.34357 -1.10575 18.2
      vertex -1.34519 -1.10397 18.2
    endloop
  endfacet
  facet normal 0 0 1
    outer loop
      vertex -1.34357 -1.10575 18.2
      vertex -1.35277 -1.11019 18.2
      vertex -1.23744 -1.23744 18.2
    endloop
  endfacet
  facet normal 0 0 1
    outer loop
      vertex -1.34662 -1.10204 18.2
      vertex -1.35277 -1.11019 18.2
      vertex -1.34519 -1.10397 18.2
    endloop
  endfacet
  facet normal -0 0 1
    outer loop
      vertex -1.45507 -0.972247 18.2
      vertex -1.34662 -1.10204 18.2
      vertex -1.44692 -0.9668 18.2
    endloop
  endfacet
  facet normal 0 0 1
    outer loop
      vertex -1.34662 -1.10204 18.2
      vertex -1.45507 -0.972247 18.2
      vertex -1.35277 -1.11019 18.2
    endloop
  endfacet
  facet normal 0 0 1
    outer loop
      vertex -1.44816 -0.964737 18.2
      vertex -1.45507 -0.972247 18.2
      vertex -1.44692 -0.9668 18.2
    endloop
  endfacet
  facet normal -0 0 1
    outer loop
      vertex -1.54336 -0.824944 18.2
      vertex -1.44816 -0.964737 18.2
      vertex -1.53472 -0.820322 18.2
    endloop
  endfacet
  facet normal 0 0 1
    outer loop
      vertex -1.44816 -0.964737 18.2
      vertex -1.54336 -0.824944 18.2
      vertex -1.45507 -0.972247 18.2
    endloop
  endfacet
  facet normal 0 0 1
    outer loop
      vertex -1.6067 -0.668118 18.2
      vertex -1.54336 -0.824944 18.2
      vertex -1.53472 -0.820322 18.2
    endloop
  endfacet
  facet normal 0 0 1
    outer loop
      vertex -1.61679 -0.669696 18.2
      vertex -1.6067 -0.668118 18.2
      vertex -1.60773 -0.665944 18.2
    endloop
  endfacet
  facet normal 0 0 1
    outer loop
      vertex -1.6067 -0.668118 18.2
      vertex -1.61679 -0.669696 18.2
      vertex -1.54336 -0.824944 18.2
    endloop
  endfacet
  facet normal 0 0 1
    outer loop
      vertex -1.66445 -0.507416 18.2
      vertex -1.61679 -0.669696 18.2
      vertex -1.60773 -0.665944 18.2
    endloop
  endfacet
  facet normal 0 0 1
    outer loop
      vertex -1.67465 -0.507998 18.2
      vertex -1.66445 -0.507416 18.2
      vertex -1.66526 -0.505152 18.2
    endloop
  endfacet
  facet normal 0 0 1
    outer loop
      vertex -1.66445 -0.507416 18.2
      vertex -1.67465 -0.507998 18.2
      vertex -1.61679 -0.669696 18.2
    endloop
  endfacet
  facet normal 0 0 1
    outer loop
      vertex -1.66585 -0.502818 18.2
      vertex -1.67465 -0.507998 18.2
      vertex -1.66526 -0.505152 18.2
    endloop
  endfacet
  facet normal -0 0 1
    outer loop
      vertex -1.71637 -0.341408 18.2
      vertex -1.66585 -0.502818 18.2
      vertex -1.70676 -0.339495 18.2
    endloop
  endfacet
  facet normal 0 0 1
    outer loop
      vertex -1.66585 -0.502818 18.2
      vertex -1.71637 -0.341408 18.2
      vertex -1.67465 -0.507998 18.2
    endloop
  endfacet
  facet normal 0 0 1
    outer loop
      vertex -1.70711 -0.337116 18.2
      vertex -1.71637 -0.341408 18.2
      vertex -1.70676 -0.339495 18.2
    endloop
  endfacet
  facet normal -0 0 1
    outer loop
      vertex -1.74157 -0.17153 18.2
      vertex -1.70711 -0.337116 18.2
      vertex -1.73182 -0.170569 18.2
    endloop
  endfacet
  facet normal 0 0 1
    outer loop
      vertex -1.70711 -0.337116 18.2
      vertex -1.74157 -0.17153 18.2
      vertex -1.71637 -0.341408 18.2
    endloop
  endfacet
  facet normal 0 0 1
    outer loop
      vertex -1.74008 -0.00240243 18.2
      vertex -1.74157 -0.17153 18.2
      vertex -1.73182 -0.170569 18.2
    endloop
  endfacet
  facet normal -0 0 1
    outer loop
      vertex -1.75 0 18.2
      vertex -1.74008 -0.00240243 18.2
      vertex -1.7402 0 18.2
    endloop
  endfacet
  facet normal 0 0 1
    outer loop
      vertex -1.74008 0.00240243 18.2
      vertex -1.75 0 18.2
      vertex -1.7402 0 18.2
    endloop
  endfacet
  facet normal 0 0 1
    outer loop
      vertex -1.74008 -0.00240243 18.2
      vertex -1.75 0 18.2
      vertex -1.74157 -0.17153 18.2
    endloop
  endfacet
  facet normal 0.970068 0.242832 0
    outer loop
      vertex 1.67465 0.507998 18.2
      vertex 1.68274 0.47568 15.0049
      vertex 1.67465 0.507998 14.9957
    endloop
  endfacet
  facet normal 0.970043 0.242933 -0
    outer loop
      vertex 1.71637 0.341408 15.0429
      vertex 1.67465 0.507998 18.2
      vertex 1.71637 0.341408 18.2
    endloop
  endfacet
  facet normal 0.970037 0.242957 -1.33894e-06
    outer loop
      vertex 1.67465 0.507998 18.2
      vertex 1.71637 0.341408 15.0429
      vertex 1.68274 0.47568 15.0049
    endloop
  endfacet
  facet normal 0.989174 0.146744 0
    outer loop
      vertex 1.71637 0.341408 18.2
      vertex 1.73918 0.18765 15.1
      vertex 1.71637 0.341408 15.0429
    endloop
  endfacet
  facet normal 0.989176 0.146736 4.04933e-07
    outer loop
      vertex 1.74157 0.17153 18.2
      vertex 1.73918 0.18765 15.1
      vertex 1.71637 0.341408 18.2
    endloop
  endfacet
  facet normal 0.989187 0.14666 0
    outer loop
      vertex 1.73918 0.18765 15.1
      vertex 1.74157 0.17153 18.2
      vertex 1.74157 0.17153 15.1
    endloop
  endfacet
  facet normal 0.941538 0.336908 -0
    outer loop
      vertex 1.67465 0.507998 14.9957
      vertex 1.61679 0.669696 18.2
      vertex 1.67465 0.507998 18.2
    endloop
  endfacet
  facet normal 0.941538 0.336908 0
    outer loop
      vertex 1.61679 0.669696 18.2
      vertex 1.67465 0.507998 14.9957
      vertex 1.61679 0.669696 14.965
    endloop
  endfacet
  facet normal 0.803223 0.595679 0
    outer loop
      vertex 1.45507 0.972247 18.2
      vertex 1.35277 1.11019 14.9734
      vertex 1.35277 1.11019 18.2
    endloop
  endfacet
  facet normal 0.803223 0.595679 0
    outer loop
      vertex 1.35277 1.11019 14.9734
      vertex 1.45507 0.972247 18.2
      vertex 1.45507 0.972247 14.9537
    endloop
  endfacet
  facet normal 0.740959 0.67155 0
    outer loop
      vertex 1.35277 1.11019 18.2
      vertex 1.23744 1.23744 15.0096
      vertex 1.23744 1.23744 18.2
    endloop
  endfacet
  facet normal 0.740959 0.67155 0
    outer loop
      vertex 1.23744 1.23744 15.0096
      vertex 1.35277 1.11019 18.2
      vertex 1.35277 1.11019 14.9734
    endloop
  endfacet
  facet normal 0.857729 0.514103 0
    outer loop
      vertex 1.54336 0.824944 18.2
      vertex 1.45507 0.972247 14.9537
      vertex 1.45507 0.972247 18.2
    endloop
  endfacet
  facet normal 0.857729 0.514103 0
    outer loop
      vertex 1.45507 0.972247 14.9537
      vertex 1.54336 0.824944 18.2
      vertex 1.54336 0.824944 14.9509
    endloop
  endfacet
  facet normal 0.242933 0.970043 -0
    outer loop
      vertex 0.507998 1.67465 15.0254
      vertex 0.341408 1.71637 18.2
      vertex 0.507998 1.67465 18.2
    endloop
  endfacet
  facet normal 0.242933 0.970043 0
    outer loop
      vertex 0.341408 1.71637 18.2
      vertex 0.507998 1.67465 15.0254
      vertex 0.341408 1.71637 14.9836
    endloop
  endfacet
  facet normal 0.146736 0.989176 -0
    outer loop
      vertex 0.341408 1.71637 14.9836
      vertex 0.17153 1.74157 18.2
      vertex 0.341408 1.71637 18.2
    endloop
  endfacet
  facet normal 0.146736 0.989176 0
    outer loop
      vertex 0.17153 1.74157 18.2
      vertex 0.341408 1.71637 14.9836
      vertex 0.17153 1.74157 14.9584
    endloop
  endfacet
  facet normal -0.970068 0.242832 0
    outer loop
      vertex -1.68274 0.47568 15.0049
      vertex -1.67465 0.507998 18.2
      vertex -1.67465 0.507998 14.9957
    endloop
  endfacet
  facet normal -0.970037 0.242957 -1.33894e-06
    outer loop
      vertex -1.71637 0.341408 15.0429
      vertex -1.67465 0.507998 18.2
      vertex -1.68274 0.47568 15.0049
    endloop
  endfacet
  facet normal -0.970043 0.242933 0
    outer loop
      vertex -1.67465 0.507998 18.2
      vertex -1.71637 0.341408 15.0429
      vertex -1.71637 0.341408 18.2
    endloop
  endfacet
  facet normal -0.903983 0.427568 0
    outer loop
      vertex -1.61209 0.679632 14.9641
      vertex -1.54336 0.824944 18.2
      vertex -1.54336 0.824944 14.9509
    endloop
  endfacet
  facet normal -0.903967 0.427601 -1.82347e-06
    outer loop
      vertex -1.61679 0.669696 14.965
      vertex -1.54336 0.824944 18.2
      vertex -1.61209 0.679632 14.9641
    endloop
  endfacet
  facet normal -0.903982 0.42757 0
    outer loop
      vertex -1.54336 0.824944 18.2
      vertex -1.61679 0.669696 14.965
      vertex -1.61679 0.669696 18.2
    endloop
  endfacet
  facet normal -0.989174 0.146744 0
    outer loop
      vertex -1.73918 0.18765 15.1
      vertex -1.71637 0.341408 18.2
      vertex -1.71637 0.341408 15.0429
    endloop
  endfacet
  facet normal -0.989187 0.14666 0
    outer loop
      vertex -1.74157 0.17153 18.2
      vertex -1.73918 0.18765 15.1
      vertex -1.74157 0.17153 15.1
    endloop
  endfacet
  facet normal -0.989176 0.146736 4.04933e-07
    outer loop
      vertex -1.73918 0.18765 15.1
      vertex -1.74157 0.17153 18.2
      vertex -1.71637 0.341408 18.2
    endloop
  endfacet
  facet normal -0.514103 0.857729 0
    outer loop
      vertex -0.824944 1.54336 15.1
      vertex -0.972247 1.45507 18.2
      vertex -0.824944 1.54336 18.2
    endloop
  endfacet
  facet normal -0.514103 0.857729 0
    outer loop
      vertex -0.972247 1.45507 18.2
      vertex -0.824944 1.54336 15.1
      vertex -0.972247 1.45507 15.1
    endloop
  endfacet
  facet normal -0.0490867 0.998795 0
    outer loop
      vertex 0 1.75 18.2
      vertex -0.17153 1.74157 14.9584
      vertex -0.17153 1.74157 18.2
    endloop
  endfacet
  facet normal -0.0490867 0.998795 0
    outer loop
      vertex -0.17153 1.74157 14.9584
      vertex 0 1.75 18.2
      vertex 0 1.75 14.95
    endloop
  endfacet
  facet normal 0.0490867 -0.998795 0
    outer loop
      vertex 0 -1.75 18.2
      vertex 0.17153 -1.74157 14.9584
      vertex 0.17153 -1.74157 18.2
    endloop
  endfacet
  facet normal 0.0490867 -0.998795 0
    outer loop
      vertex 0.17153 -1.74157 14.9584
      vertex 0 -1.75 18.2
      vertex 0 -1.75 14.95
    endloop
  endfacet
  facet normal 0.67155 -0.740959 0
    outer loop
      vertex 1.11019 -1.35277 15.0622
      vertex 1.23744 -1.23744 18.2
      vertex 1.11019 -1.35277 18.2
    endloop
  endfacet
  facet normal 0.67155 -0.740959 0
    outer loop
      vertex 1.23744 -1.23744 18.2
      vertex 1.11019 -1.35277 15.0622
      vertex 1.23744 -1.23744 15.0096
    endloop
  endfacet
  facet normal 0.595733 -0.803182 0
    outer loop
      vertex 1.03378 -1.40943 15.1
      vertex 0.972247 -1.45507 18.2
      vertex 0.972247 -1.45507 15.1
    endloop
  endfacet
  facet normal 0.595679 -0.803223 -1.67665e-06
    outer loop
      vertex 0.972247 -1.45507 18.2
      vertex 1.03378 -1.40943 15.1
      vertex 1.11019 -1.35277 18.2
    endloop
  endfacet
  facet normal 0.595635 -0.803255 0
    outer loop
      vertex 1.11019 -1.35277 18.2
      vertex 1.03378 -1.40943 15.1
      vertex 1.11019 -1.35277 15.0622
    endloop
  endfacet
  facet normal 0.803223 -0.595679 0
    outer loop
      vertex 1.35277 -1.11019 14.9734
      vertex 1.45507 -0.972247 18.2
      vertex 1.35277 -1.11019 18.2
    endloop
  endfacet
  facet normal 0.803223 -0.595679 0
    outer loop
      vertex 1.45507 -0.972247 18.2
      vertex 1.35277 -1.11019 14.9734
      vertex 1.45507 -0.972247 14.9537
    endloop
  endfacet
  facet normal 0.857729 -0.514103 0
    outer loop
      vertex 1.45507 -0.972247 14.9537
      vertex 1.54336 -0.824944 18.2
      vertex 1.45507 -0.972247 18.2
    endloop
  endfacet
  facet normal 0.857729 -0.514103 0
    outer loop
      vertex 1.54336 -0.824944 18.2
      vertex 1.45507 -0.972247 14.9537
      vertex 1.54336 -0.824944 14.9509
    endloop
  endfacet
  facet normal -0.67155 -0.740959 0
    outer loop
      vertex -1.23744 -1.23744 18.2
      vertex -1.11019 -1.35277 15.0622
      vertex -1.11019 -1.35277 18.2
    endloop
  endfacet
  facet normal -0.67155 -0.740959 0
    outer loop
      vertex -1.11019 -1.35277 15.0622
      vertex -1.23744 -1.23744 18.2
      vertex -1.23744 -1.23744 15.0096
    endloop
  endfacet
  facet normal -0.595679 -0.803223 -1.67665e-06
    outer loop
      vertex -1.11019 -1.35277 18.2
      vertex -1.03378 -1.40943 15.1
      vertex -0.972247 -1.45507 18.2
    endloop
  endfacet
  facet normal -0.595635 -0.803255 0
    outer loop
      vertex -1.03378 -1.40943 15.1
      vertex -1.11019 -1.35277 18.2
      vertex -1.11019 -1.35277 15.0622
    endloop
  endfacet
  facet normal -0.595733 -0.803182 -0
    outer loop
      vertex -0.972247 -1.45507 18.2
      vertex -1.03378 -1.40943 15.1
      vertex -0.972247 -1.45507 15.1
    endloop
  endfacet
  facet normal -0.514103 -0.857729 0
    outer loop
      vertex -0.972247 -1.45507 15.1
      vertex -0.824944 -1.54336 18.2
      vertex -0.972247 -1.45507 18.2
    endloop
  endfacet
  facet normal -0.514103 -0.857729 -0
    outer loop
      vertex -0.824944 -1.54336 18.2
      vertex -0.972247 -1.45507 15.1
      vertex -0.824944 -1.54336 15.1
    endloop
  endfacet
  facet normal -0.146736 -0.989176 0
    outer loop
      vertex -0.341408 -1.71637 14.9836
      vertex -0.17153 -1.74157 18.2
      vertex -0.341408 -1.71637 18.2
    endloop
  endfacet
  facet normal -0.146736 -0.989176 -0
    outer loop
      vertex -0.17153 -1.74157 18.2
      vertex -0.341408 -1.71637 14.9836
      vertex -0.17153 -1.74157 14.9584
    endloop
  endfacet
  facet normal -0.903967 -0.427601 -1.82347e-06
    outer loop
      vertex -1.54336 -0.824944 18.2
      vertex -1.61679 -0.669696 14.965
      vertex -1.61209 -0.679632 14.9641
    endloop
  endfacet
  facet normal -0.903983 -0.427568 -0
    outer loop
      vertex -1.54336 -0.824944 18.2
      vertex -1.61209 -0.679632 14.9641
      vertex -1.54336 -0.824944 14.9509
    endloop
  endfacet
  facet normal -0.903982 -0.42757 0
    outer loop
      vertex -1.61679 -0.669696 14.965
      vertex -1.54336 -0.824944 18.2
      vertex -1.61679 -0.669696 18.2
    endloop
  endfacet
  facet normal -0.857729 -0.514103 0
    outer loop
      vertex -1.45507 -0.972247 14.9537
      vertex -1.54336 -0.824944 18.2
      vertex -1.54336 -0.824944 14.9509
    endloop
  endfacet
  facet normal -0.857729 -0.514103 0
    outer loop
      vertex -1.54336 -0.824944 18.2
      vertex -1.45507 -0.972247 14.9537
      vertex -1.45507 -0.972247 18.2
    endloop
  endfacet
  facet normal -0.941538 -0.336908 -0
    outer loop
      vertex -1.61679 -0.669696 18.2
      vertex -1.67465 -0.507998 14.9957
      vertex -1.61679 -0.669696 14.965
    endloop
  endfacet
  facet normal -0.941538 -0.336908 0
    outer loop
      vertex -1.67465 -0.507998 14.9957
      vertex -1.61679 -0.669696 18.2
      vertex -1.67465 -0.507998 18.2
    endloop
  endfacet
  facet normal -0.998795 -0.0490867 0
    outer loop
      vertex -1.74157 -0.17153 15.1
      vertex -1.75 0 18.2
      vertex -1.75 0 15.1
    endloop
  endfacet
  facet normal -0.998795 -0.0490867 0
    outer loop
      vertex -1.75 0 18.2
      vertex -1.74157 -0.17153 15.1
      vertex -1.74157 -0.17153 18.2
    endloop
  endfacet
  facet normal 0.336908 0.941538 -0
    outer loop
      vertex 0.669696 1.61679 15.0832
      vertex 0.507998 1.67465 18.2
      vertex 0.669696 1.61679 18.2
    endloop
  endfacet
  facet normal 0.336908 0.941538 0
    outer loop
      vertex 0.507998 1.67465 18.2
      vertex 0.669696 1.61679 15.0832
      vertex 0.507998 1.67465 15.0254
    endloop
  endfacet
  facet normal 0.514103 0.857729 -0
    outer loop
      vertex 0.972247 1.45507 15.1
      vertex 0.824944 1.54336 18.2
      vertex 0.972247 1.45507 18.2
    endloop
  endfacet
  facet normal 0.514103 0.857729 0
    outer loop
      vertex 0.824944 1.54336 18.2
      vertex 0.972247 1.45507 15.1
      vertex 0.824944 1.54336 15.1
    endloop
  endfacet
  facet normal -0.740959 0.67155 0
    outer loop
      vertex -1.35277 1.11019 18.2
      vertex -1.23744 1.23744 15.0096
      vertex -1.35277 1.11019 14.9734
    endloop
  endfacet
  facet normal -0.740959 0.67155 0
    outer loop
      vertex -1.23744 1.23744 15.0096
      vertex -1.35277 1.11019 18.2
      vertex -1.23744 1.23744 18.2
    endloop
  endfacet
  facet normal -0.941538 0.336908 0
    outer loop
      vertex -1.67465 0.507998 14.9957
      vertex -1.61679 0.669696 18.2
      vertex -1.61679 0.669696 14.965
    endloop
  endfacet
  facet normal -0.941538 0.336908 0
    outer loop
      vertex -1.61679 0.669696 18.2
      vertex -1.67465 0.507998 14.9957
      vertex -1.67465 0.507998 18.2
    endloop
  endfacet
  facet normal -0.595733 0.803182 0
    outer loop
      vertex -1.03378 1.40943 15.1
      vertex -0.972247 1.45507 18.2
      vertex -0.972247 1.45507 15.1
    endloop
  endfacet
  facet normal -0.595679 0.803223 -1.67665e-06
    outer loop
      vertex -0.972247 1.45507 18.2
      vertex -1.03378 1.40943 15.1
      vertex -1.11019 1.35277 18.2
    endloop
  endfacet
  facet normal -0.595635 0.803255 0
    outer loop
      vertex -1.11019 1.35277 18.2
      vertex -1.03378 1.40943 15.1
      vertex -1.11019 1.35277 15.0622
    endloop
  endfacet
  facet normal -0.42757 0.903982 7.92656e-09
    outer loop
      vertex -0.669696 1.61679 18.2
      vertex -0.705194 1.6 15.1
      vertex -0.824944 1.54336 18.2
    endloop
  endfacet
  facet normal -0.42757 0.903982 0
    outer loop
      vertex -0.705194 1.6 15.1
      vertex -0.669696 1.61679 18.2
      vertex -0.669696 1.61679 15.0832
    endloop
  endfacet
  facet normal -0.42757 0.903982 0
    outer loop
      vertex -0.824944 1.54336 18.2
      vertex -0.705194 1.6 15.1
      vertex -0.824944 1.54336 15.1
    endloop
  endfacet
  facet normal -0.242933 0.970043 0
    outer loop
      vertex -0.341408 1.71637 18.2
      vertex -0.507998 1.67465 15.0254
      vertex -0.507998 1.67465 18.2
    endloop
  endfacet
  facet normal -0.242933 0.970043 0
    outer loop
      vertex -0.507998 1.67465 15.0254
      vertex -0.341408 1.71637 18.2
      vertex -0.341408 1.71637 14.9836
    endloop
  endfacet
  facet normal 0.146736 -0.989176 0
    outer loop
      vertex 0.17153 -1.74157 18.2
      vertex 0.341408 -1.71637 14.9836
      vertex 0.341408 -1.71637 18.2
    endloop
  endfacet
  facet normal 0.146736 -0.989176 0
    outer loop
      vertex 0.341408 -1.71637 14.9836
      vertex 0.17153 -1.74157 18.2
      vertex 0.17153 -1.74157 14.9584
    endloop
  endfacet
  facet normal 0.336908 -0.941538 0
    outer loop
      vertex 0.507998 -1.67465 18.2
      vertex 0.669696 -1.61679 15.0832
      vertex 0.669696 -1.61679 18.2
    endloop
  endfacet
  facet normal 0.336908 -0.941538 0
    outer loop
      vertex 0.669696 -1.61679 15.0832
      vertex 0.507998 -1.67465 18.2
      vertex 0.507998 -1.67465 15.0254
    endloop
  endfacet
  facet normal 0.42757 -0.903982 7.92656e-09
    outer loop
      vertex 0.669696 -1.61679 18.2
      vertex 0.705194 -1.6 15.1
      vertex 0.824944 -1.54336 18.2
    endloop
  endfacet
  facet normal 0.42757 -0.903982 0
    outer loop
      vertex 0.705194 -1.6 15.1
      vertex 0.669696 -1.61679 18.2
      vertex 0.669696 -1.61679 15.0832
    endloop
  endfacet
  facet normal 0.42757 -0.903982 0
    outer loop
      vertex 0.824944 -1.54336 18.2
      vertex 0.705194 -1.6 15.1
      vertex 0.824944 -1.54336 15.1
    endloop
  endfacet
  facet normal 0.514103 -0.857729 0
    outer loop
      vertex 0.824944 -1.54336 15.1
      vertex 0.972247 -1.45507 18.2
      vertex 0.824944 -1.54336 18.2
    endloop
  endfacet
  facet normal 0.514103 -0.857729 0
    outer loop
      vertex 0.972247 -1.45507 18.2
      vertex 0.824944 -1.54336 15.1
      vertex 0.972247 -1.45507 15.1
    endloop
  endfacet
  facet normal 0.941538 -0.336908 0
    outer loop
      vertex 1.61679 -0.669696 18.2
      vertex 1.67465 -0.507998 14.9957
      vertex 1.67465 -0.507998 18.2
    endloop
  endfacet
  facet normal 0.941538 -0.336908 0
    outer loop
      vertex 1.67465 -0.507998 14.9957
      vertex 1.61679 -0.669696 18.2
      vertex 1.61679 -0.669696 14.965
    endloop
  endfacet
  facet normal 0.989187 -0.14666 0
    outer loop
      vertex 1.74157 -0.17153 18.2
      vertex 1.73918 -0.18765 15.1
      vertex 1.74157 -0.17153 15.1
    endloop
  endfacet
  facet normal 0.989176 -0.146736 4.04933e-07
    outer loop
      vertex 1.71637 -0.341408 18.2
      vertex 1.73918 -0.18765 15.1
      vertex 1.74157 -0.17153 18.2
    endloop
  endfacet
  facet normal 0.989174 -0.146744 0
    outer loop
      vertex 1.73918 -0.18765 15.1
      vertex 1.71637 -0.341408 18.2
      vertex 1.71637 -0.341408 15.0429
    endloop
  endfacet
  facet normal 0.998795 -0.0490867 0
    outer loop
      vertex 1.74157 -0.17153 18.2
      vertex 1.75 0 15.1
      vertex 1.75 0 18.2
    endloop
  endfacet
  facet normal 0.998795 -0.0490867 0
    outer loop
      vertex 1.75 0 15.1
      vertex 1.74157 -0.17153 18.2
      vertex 1.74157 -0.17153 15.1
    endloop
  endfacet
  facet normal -0.42757 -0.903982 0
    outer loop
      vertex -0.705194 -1.6 15.1
      vertex -0.824944 -1.54336 18.2
      vertex -0.824944 -1.54336 15.1
    endloop
  endfacet
  facet normal -0.42757 -0.903982 7.92656e-09
    outer loop
      vertex -0.824944 -1.54336 18.2
      vertex -0.705194 -1.6 15.1
      vertex -0.669696 -1.61679 18.2
    endloop
  endfacet
  facet normal -0.42757 -0.903982 -0
    outer loop
      vertex -0.669696 -1.61679 18.2
      vertex -0.705194 -1.6 15.1
      vertex -0.669696 -1.61679 15.0832
    endloop
  endfacet
  facet normal -0.242933 -0.970043 0
    outer loop
      vertex -0.507998 -1.67465 15.0254
      vertex -0.341408 -1.71637 18.2
      vertex -0.507998 -1.67465 18.2
    endloop
  endfacet
  facet normal -0.242933 -0.970043 -0
    outer loop
      vertex -0.341408 -1.71637 18.2
      vertex -0.507998 -1.67465 15.0254
      vertex -0.341408 -1.71637 14.9836
    endloop
  endfacet
  facet normal -0.0490867 -0.998795 0
    outer loop
      vertex -0.17153 -1.74157 14.9584
      vertex 0 -1.75 18.2
      vertex -0.17153 -1.74157 18.2
    endloop
  endfacet
  facet normal -0.0490867 -0.998795 -0
    outer loop
      vertex 0 -1.75 18.2
      vertex -0.17153 -1.74157 14.9584
      vertex 0 -1.75 14.95
    endloop
  endfacet
  facet normal -0.740959 -0.67155 0
    outer loop
      vertex -1.23744 -1.23744 15.0096
      vertex -1.35277 -1.11019 18.2
      vertex -1.35277 -1.11019 14.9734
    endloop
  endfacet
  facet normal -0.740959 -0.67155 0
    outer loop
      vertex -1.35277 -1.11019 18.2
      vertex -1.23744 -1.23744 15.0096
      vertex -1.23744 -1.23744 18.2
    endloop
  endfacet
  facet normal -0.989187 -0.14666 0
    outer loop
      vertex -1.73918 -0.18765 15.1
      vertex -1.74157 -0.17153 18.2
      vertex -1.74157 -0.17153 15.1
    endloop
  endfacet
  facet normal -0.989174 -0.146744 -0
    outer loop
      vertex -1.71637 -0.341408 18.2
      vertex -1.73918 -0.18765 15.1
      vertex -1.71637 -0.341408 15.0429
    endloop
  endfacet
  facet normal -0.989176 -0.146736 4.04933e-07
    outer loop
      vertex -1.73918 -0.18765 15.1
      vertex -1.71637 -0.341408 18.2
      vertex -1.74157 -0.17153 18.2
    endloop
  endfacet
  facet normal 0.713632 0.0350639 0.699642
    outer loop
      vertex 1.25 0 18.7
      vertex 1.74008 0.00240243 18.2
      vertex 1.24398 0.122521 18.7
    endloop
  endfacet
  facet normal 0.713616 0.0356447 0.699629
    outer loop
      vertex 1.74008 0.00240243 18.2
      vertex 1.25 0 18.7
      vertex 1.7402 0 18.2
    endloop
  endfacet
  facet normal -0.713616 -0.0356447 0.699629
    outer loop
      vertex -1.74008 -0.00240243 18.2
      vertex -1.25 0 18.7
      vertex -1.7402 0 18.2
    endloop
  endfacet
  facet normal -0.713632 -0.0350639 0.699642
    outer loop
      vertex -1.25 0 18.7
      vertex -1.74008 -0.00240243 18.2
      vertex -1.24398 -0.122521 18.7
    endloop
  endfacet
  facet normal 0.713631 -0.0350521 0.699644
    outer loop
      vertex 1.24398 -0.122521 18.7
      vertex 1.73182 -0.170569 18.2
      vertex 1.74008 -0.00240243 18.2
    endloop
  endfacet
  facet normal 0.529402 -0.479835 0.699637
    outer loop
      vertex 0.883883 -0.883883 18.7
      vertex 1.2305 -1.2305 18.2
      vertex 1.34357 -1.10575 18.2
    endloop
  endfacet
  facet normal -0.0356447 0.713616 0.699629
    outer loop
      vertex -0.00240243 1.74008 18.2
      vertex 0 1.25 18.7
      vertex 0 1.7402 18.2
    endloop
  endfacet
  facet normal -0.0350639 0.713632 0.699642
    outer loop
      vertex 0 1.25 18.7
      vertex -0.00240243 1.74008 18.2
      vertex -0.122521 1.24398 18.7
    endloop
  endfacet
  facet normal 0.0356447 -0.713616 0.699629
    outer loop
      vertex 0.00240243 -1.74008 18.2
      vertex 0 -1.25 18.7
      vertex 0 -1.7402 18.2
    endloop
  endfacet
  facet normal 0.0350639 -0.713632 0.699642
    outer loop
      vertex 0 -1.25 18.7
      vertex 0.00240243 -1.74008 18.2
      vertex 0.122521 -1.24398 18.7
    endloop
  endfacet
  facet normal -0.645893 -0.305496 0.699638
    outer loop
      vertex -1.15485 -0.478354 18.7
      vertex -1.6067 -0.668118 18.2
      vertex -1.1024 -0.589246 18.7
    endloop
  endfacet
  facet normal -0.645703 -0.305922 0.699628
    outer loop
      vertex -1.6067 -0.668118 18.2
      vertex -1.15485 -0.478354 18.7
      vertex -1.60773 -0.665944 18.2
    endloop
  endfacet
  facet normal -0.479835 -0.529402 0.699637
    outer loop
      vertex -1.2305 -1.2305 18.2
      vertex -1.10575 -1.34357 18.2
      vertex -0.883883 -0.883883 18.7
    endloop
  endfacet
  facet normal -0.713631 0.0350521 0.699644
    outer loop
      vertex -1.74008 0.00240243 18.2
      vertex -1.24398 0.122521 18.7
      vertex -1.73182 0.170569 18.2
    endloop
  endfacet
  facet normal -0.529402 0.479835 0.699637
    outer loop
      vertex -1.34357 1.10575 18.2
      vertex -0.883883 0.883883 18.7
      vertex -1.2305 1.2305 18.2
    endloop
  endfacet
  facet normal 0.529402 0.479835 0.699637
    outer loop
      vertex 0.883883 0.883883 18.7
      vertex 1.34357 1.10575 18.2
      vertex 1.2305 1.2305 18.2
    endloop
  endfacet
  facet normal 0.706755 0.104859 0.699644
    outer loop
      vertex 1.24398 0.122521 18.7
      vertex 1.73182 0.170569 18.2
      vertex 1.70711 0.337116 18.2
    endloop
  endfacet
  facet normal 0.672733 -0.240698 0.699639
    outer loop
      vertex 1.15485 -0.478354 18.7
      vertex 1.60773 -0.665944 18.2
      vertex 1.66445 -0.507416 18.2
    endloop
  endfacet
  facet normal 0.573891 -0.425623 0.699639
    outer loop
      vertex 1.03934 -0.694463 18.7
      vertex 1.34662 -1.10204 18.2
      vertex 1.44692 -0.9668 18.2
    endloop
  endfacet
  facet normal -0.240698 -0.672733 0.699639
    outer loop
      vertex -0.665944 -1.60773 18.2
      vertex -0.507416 -1.66445 18.2
      vertex -0.478354 -1.15485 18.7
    endloop
  endfacet
  facet normal -0.672733 0.240698 0.699639
    outer loop
      vertex -1.66445 0.507416 18.2
      vertex -1.15485 0.478354 18.7
      vertex -1.60773 0.665944 18.2
    endloop
  endfacet
  facet normal -0.573891 0.425623 0.699639
    outer loop
      vertex -1.44692 0.9668 18.2
      vertex -1.03934 0.694463 18.7
      vertex -1.34662 1.10204 18.2
    endloop
  endfacet
  facet normal 0.0350521 0.713631 0.699644
    outer loop
      vertex 0.00240243 1.74008 18.2
      vertex 0.122521 1.24398 18.7
      vertex 0.170569 1.73182 18.2
    endloop
  endfacet
  facet normal 0.240698 0.672733 0.699639
    outer loop
      vertex 0.478354 1.15485 18.7
      vertex 0.665944 1.60773 18.2
      vertex 0.507416 1.66445 18.2
    endloop
  endfacet
  facet normal 0.645703 0.305922 0.699628
    outer loop
      vertex 1.6067 0.668118 18.2
      vertex 1.15485 0.478354 18.7
      vertex 1.60773 0.665944 18.2
    endloop
  endfacet
  facet normal 0.645893 0.305496 0.699638
    outer loop
      vertex 1.15485 0.478354 18.7
      vertex 1.6067 0.668118 18.2
      vertex 1.1024 0.589246 18.7
    endloop
  endfacet
  facet normal 0.672733 0.240698 0.699639
    outer loop
      vertex 1.15485 0.478354 18.7
      vertex 1.66445 0.507416 18.2
      vertex 1.60773 0.665944 18.2
    endloop
  endfacet
  facet normal 0.713631 0.0350521 0.699644
    outer loop
      vertex 1.24398 0.122521 18.7
      vertex 1.74008 0.00240243 18.2
      vertex 1.73182 0.170569 18.2
    endloop
  endfacet
  facet normal 0.706755 -0.104859 0.699644
    outer loop
      vertex 1.24398 -0.122521 18.7
      vertex 1.70711 -0.337116 18.2
      vertex 1.73182 -0.170569 18.2
    endloop
  endfacet
  facet normal 0.70676 -0.104842 0.699641
    outer loop
      vertex 1.22598 -0.243862 18.7
      vertex 1.70711 -0.337116 18.2
      vertex 1.24398 -0.122521 18.7
    endloop
  endfacet
  facet normal 0.706904 -0.104 0.699622
    outer loop
      vertex 1.70711 -0.337116 18.2
      vertex 1.22598 -0.243862 18.7
      vertex 1.70676 -0.339495 18.2
    endloop
  endfacet
  facet normal 0.69308 -0.173606 0.699643
    outer loop
      vertex 1.22598 -0.243862 18.7
      vertex 1.66585 -0.502818 18.2
      vertex 1.70676 -0.339495 18.2
    endloop
  endfacet
  facet normal 0.645905 -0.30546 0.699644
    outer loop
      vertex 1.1024 -0.589246 18.7
      vertex 1.53472 -0.820322 18.2
      vertex 1.6067 -0.668118 18.2
    endloop
  endfacet
  facet normal 0.305496 -0.645893 0.699638
    outer loop
      vertex 0.478354 -1.15485 18.7
      vertex 0.668118 -1.6067 18.2
      vertex 0.589246 -1.1024 18.7
    endloop
  endfacet
  facet normal 0.305922 -0.645703 0.699628
    outer loop
      vertex 0.668118 -1.6067 18.2
      vertex 0.478354 -1.15485 18.7
      vertex 0.665944 -1.60773 18.2
    endloop
  endfacet
  facet normal 0 0 1
    outer loop
      vertex 1.24398 0.122521 18.7
      vertex 1.24398 -0.122521 18.7
      vertex 1.25 0 18.7
    endloop
  endfacet
  facet normal 0 0 1
    outer loop
      vertex 1.22598 0.243862 18.7
      vertex 1.24398 -0.122521 18.7
      vertex 1.24398 0.122521 18.7
    endloop
  endfacet
  facet normal 0 0 1
    outer loop
      vertex 1.22598 0.243862 18.7
      vertex 1.22598 -0.243862 18.7
      vertex 1.24398 -0.122521 18.7
    endloop
  endfacet
  facet normal 0 0 1
    outer loop
      vertex 1.19617 0.362855 18.7
      vertex 1.22598 -0.243862 18.7
      vertex 1.22598 0.243862 18.7
    endloop
  endfacet
  facet normal 0 0 1
    outer loop
      vertex 1.19617 0.362855 18.7
      vertex 1.19617 -0.362855 18.7
      vertex 1.22598 -0.243862 18.7
    endloop
  endfacet
  facet normal 0 0 1
    outer loop
      vertex 1.15485 0.478354 18.7
      vertex 1.19617 -0.362855 18.7
      vertex 1.19617 0.362855 18.7
    endloop
  endfacet
  facet normal 0 0 1
    outer loop
      vertex 1.15485 0.478354 18.7
      vertex 1.15485 -0.478354 18.7
      vertex 1.19617 -0.362855 18.7
    endloop
  endfacet
  facet normal 0 0 1
    outer loop
      vertex 1.1024 0.589246 18.7
      vertex 1.15485 -0.478354 18.7
      vertex 1.15485 0.478354 18.7
    endloop
  endfacet
  facet normal 0 0 1
    outer loop
      vertex 1.1024 0.589246 18.7
      vertex 1.1024 -0.589246 18.7
      vertex 1.15485 -0.478354 18.7
    endloop
  endfacet
  facet normal 0 0 1
    outer loop
      vertex 1.03934 0.694463 18.7
      vertex 1.1024 -0.589246 18.7
      vertex 1.1024 0.589246 18.7
    endloop
  endfacet
  facet normal 0 0 1
    outer loop
      vertex 1.03934 0.694463 18.7
      vertex 1.03934 -0.694463 18.7
      vertex 1.1024 -0.589246 18.7
    endloop
  endfacet
  facet normal 0 0 1
    outer loop
      vertex 0.966263 0.792991 18.7
      vertex 1.03934 -0.694463 18.7
      vertex 1.03934 0.694463 18.7
    endloop
  endfacet
  facet normal 0 0 1
    outer loop
      vertex 0.966263 0.792991 18.7
      vertex 0.966263 -0.792991 18.7
      vertex 1.03934 -0.694463 18.7
    endloop
  endfacet
  facet normal 0 0 1
    outer loop
      vertex 0.883883 0.883883 18.7
      vertex 0.966263 -0.792991 18.7
      vertex 0.966263 0.792991 18.7
    endloop
  endfacet
  facet normal 0 0 1
    outer loop
      vertex 0.883883 0.883883 18.7
      vertex 0.883883 -0.883883 18.7
      vertex 0.966263 -0.792991 18.7
    endloop
  endfacet
  facet normal 0 0 1
    outer loop
      vertex 0.792991 0.966263 18.7
      vertex 0.883883 -0.883883 18.7
      vertex 0.883883 0.883883 18.7
    endloop
  endfacet
  facet normal 0 0 1
    outer loop
      vertex 0.792991 0.966263 18.7
      vertex 0.792991 -0.966263 18.7
      vertex 0.883883 -0.883883 18.7
    endloop
  endfacet
  facet normal 0 0 1
    outer loop
      vertex 0.694463 1.03934 18.7
      vertex 0.792991 -0.966263 18.7
      vertex 0.792991 0.966263 18.7
    endloop
  endfacet
  facet normal 0 0 1
    outer loop
      vertex 0.694463 1.03934 18.7
      vertex 0.694463 -1.03934 18.7
      vertex 0.792991 -0.966263 18.7
    endloop
  endfacet
  facet normal 0 0 1
    outer loop
      vertex 0.589246 1.1024 18.7
      vertex 0.694463 -1.03934 18.7
      vertex 0.694463 1.03934 18.7
    endloop
  endfacet
  facet normal 0 0 1
    outer loop
      vertex 0.589246 1.1024 18.7
      vertex 0.589246 -1.1024 18.7
      vertex 0.694463 -1.03934 18.7
    endloop
  endfacet
  facet normal 0 0 1
    outer loop
      vertex 0.478354 1.15485 18.7
      vertex 0.589246 -1.1024 18.7
      vertex 0.589246 1.1024 18.7
    endloop
  endfacet
  facet normal 0 0 1
    outer loop
      vertex 0.478354 1.15485 18.7
      vertex 0.478354 -1.15485 18.7
      vertex 0.589246 -1.1024 18.7
    endloop
  endfacet
  facet normal 0 0 1
    outer loop
      vertex 0.362855 1.19617 18.7
      vertex 0.478354 -1.15485 18.7
      vertex 0.478354 1.15485 18.7
    endloop
  endfacet
  facet normal 0 0 1
    outer loop
      vertex 0.362855 1.19617 18.7
      vertex 0.362855 -1.19617 18.7
      vertex 0.478354 -1.15485 18.7
    endloop
  endfacet
  facet normal 0 0 1
    outer loop
      vertex 0.243862 1.22598 18.7
      vertex 0.362855 -1.19617 18.7
      vertex 0.362855 1.19617 18.7
    endloop
  endfacet
  facet normal 0 0 1
    outer loop
      vertex 0.243862 1.22598 18.7
      vertex 0.243862 -1.22598 18.7
      vertex 0.362855 -1.19617 18.7
    endloop
  endfacet
  facet normal 0 0 1
    outer loop
      vertex 0.122521 1.24398 18.7
      vertex 0.243862 -1.22598 18.7
      vertex 0.243862 1.22598 18.7
    endloop
  endfacet
  facet normal 0 0 1
    outer loop
      vertex 0.122521 1.24398 18.7
      vertex 0.122521 -1.24398 18.7
      vertex 0.243862 -1.22598 18.7
    endloop
  endfacet
  facet normal 0 0 1
    outer loop
      vertex 0 1.25 18.7
      vertex 0.122521 -1.24398 18.7
      vertex 0.122521 1.24398 18.7
    endloop
  endfacet
  facet normal 0 0 1
    outer loop
      vertex 0 1.25 18.7
      vertex 0 -1.25 18.7
      vertex 0.122521 -1.24398 18.7
    endloop
  endfacet
  facet normal -0 0 1
    outer loop
      vertex -0.122521 1.24398 18.7
      vertex 0 -1.25 18.7
      vertex 0 1.25 18.7
    endloop
  endfacet
  facet normal 0 0 1
    outer loop
      vertex -0.122521 1.24398 18.7
      vertex -0.122521 -1.24398 18.7
      vertex 0 -1.25 18.7
    endloop
  endfacet
  facet normal -0 0 1
    outer loop
      vertex -0.243862 1.22598 18.7
      vertex -0.122521 -1.24398 18.7
      vertex -0.122521 1.24398 18.7
    endloop
  endfacet
  facet normal 0 0 1
    outer loop
      vertex -0.243862 1.22598 18.7
      vertex -0.243862 -1.22598 18.7
      vertex -0.122521 -1.24398 18.7
    endloop
  endfacet
  facet normal -0 0 1
    outer loop
      vertex -0.362855 1.19617 18.7
      vertex -0.243862 -1.22598 18.7
      vertex -0.243862 1.22598 18.7
    endloop
  endfacet
  facet normal 0 0 1
    outer loop
      vertex -0.362855 1.19617 18.7
      vertex -0.362855 -1.19617 18.7
      vertex -0.243862 -1.22598 18.7
    endloop
  endfacet
  facet normal -0 0 1
    outer loop
      vertex -0.478354 1.15485 18.7
      vertex -0.362855 -1.19617 18.7
      vertex -0.362855 1.19617 18.7
    endloop
  endfacet
  facet normal 0 0 1
    outer loop
      vertex -0.478354 1.15485 18.7
      vertex -0.478354 -1.15485 18.7
      vertex -0.362855 -1.19617 18.7
    endloop
  endfacet
  facet normal -0 0 1
    outer loop
      vertex -0.589246 1.1024 18.7
      vertex -0.478354 -1.15485 18.7
      vertex -0.478354 1.15485 18.7
    endloop
  endfacet
  facet normal 0 0 1
    outer loop
      vertex -0.589246 1.1024 18.7
      vertex -0.589246 -1.1024 18.7
      vertex -0.478354 -1.15485 18.7
    endloop
  endfacet
  facet normal -0 0 1
    outer loop
      vertex -0.694463 1.03934 18.7
      vertex -0.589246 -1.1024 18.7
      vertex -0.589246 1.1024 18.7
    endloop
  endfacet
  facet normal 0 0 1
    outer loop
      vertex -0.694463 1.03934 18.7
      vertex -0.694463 -1.03934 18.7
      vertex -0.589246 -1.1024 18.7
    endloop
  endfacet
  facet normal -0 0 1
    outer loop
      vertex -0.792991 0.966263 18.7
      vertex -0.694463 -1.03934 18.7
      vertex -0.694463 1.03934 18.7
    endloop
  endfacet
  facet normal 0 0 1
    outer loop
      vertex -0.792991 0.966263 18.7
      vertex -0.792991 -0.966263 18.7
      vertex -0.694463 -1.03934 18.7
    endloop
  endfacet
  facet normal -0 0 1
    outer loop
      vertex -0.883883 0.883883 18.7
      vertex -0.792991 -0.966263 18.7
      vertex -0.792991 0.966263 18.7
    endloop
  endfacet
  facet normal 0 0 1
    outer loop
      vertex -0.883883 0.883883 18.7
      vertex -0.883883 -0.883883 18.7
      vertex -0.792991 -0.966263 18.7
    endloop
  endfacet
  facet normal -0 0 1
    outer loop
      vertex -0.966263 0.792991 18.7
      vertex -0.883883 -0.883883 18.7
      vertex -0.883883 0.883883 18.7
    endloop
  endfacet
  facet normal 0 0 1
    outer loop
      vertex -0.966263 0.792991 18.7
      vertex -0.966263 -0.792991 18.7
      vertex -0.883883 -0.883883 18.7
    endloop
  endfacet
  facet normal -0 0 1
    outer loop
      vertex -1.03934 0.694463 18.7
      vertex -0.966263 -0.792991 18.7
      vertex -0.966263 0.792991 18.7
    endloop
  endfacet
  facet normal 0 0 1
    outer loop
      vertex -1.03934 0.694463 18.7
      vertex -1.03934 -0.694463 18.7
      vertex -0.966263 -0.792991 18.7
    endloop
  endfacet
  facet normal -0 0 1
    outer loop
      vertex -1.1024 0.589246 18.7
      vertex -1.03934 -0.694463 18.7
      vertex -1.03934 0.694463 18.7
    endloop
  endfacet
  facet normal 0 0 1
    outer loop
      vertex -1.1024 0.589246 18.7
      vertex -1.1024 -0.589246 18.7
      vertex -1.03934 -0.694463 18.7
    endloop
  endfacet
  facet normal -0 0 1
    outer loop
      vertex -1.15485 0.478354 18.7
      vertex -1.1024 -0.589246 18.7
      vertex -1.1024 0.589246 18.7
    endloop
  endfacet
  facet normal 0 0 1
    outer loop
      vertex -1.15485 0.478354 18.7
      vertex -1.15485 -0.478354 18.7
      vertex -1.1024 -0.589246 18.7
    endloop
  endfacet
  facet normal -0 0 1
    outer loop
      vertex -1.19617 0.362855 18.7
      vertex -1.15485 -0.478354 18.7
      vertex -1.15485 0.478354 18.7
    endloop
  endfacet
  facet normal 0 0 1
    outer loop
      vertex -1.19617 0.362855 18.7
      vertex -1.19617 -0.362855 18.7
      vertex -1.15485 -0.478354 18.7
    endloop
  endfacet
  facet normal -0 0 1
    outer loop
      vertex -1.22598 0.243862 18.7
      vertex -1.19617 -0.362855 18.7
      vertex -1.19617 0.362855 18.7
    endloop
  endfacet
  facet normal 0 0 1
    outer loop
      vertex -1.22598 0.243862 18.7
      vertex -1.22598 -0.243862 18.7
      vertex -1.19617 -0.362855 18.7
    endloop
  endfacet
  facet normal -0 0 1
    outer loop
      vertex -1.24398 0.122521 18.7
      vertex -1.22598 -0.243862 18.7
      vertex -1.22598 0.243862 18.7
    endloop
  endfacet
  facet normal 0 0 1
    outer loop
      vertex -1.24398 0.122521 18.7
      vertex -1.24398 -0.122521 18.7
      vertex -1.22598 -0.243862 18.7
    endloop
  endfacet
  facet normal 0 -0 1
    outer loop
      vertex -1.24398 -0.122521 18.7
      vertex -1.24398 0.122521 18.7
      vertex -1.25 0 18.7
    endloop
  endfacet
  facet normal -0.70676 -0.104842 0.699641
    outer loop
      vertex -1.70711 -0.337116 18.2
      vertex -1.22598 -0.243862 18.7
      vertex -1.24398 -0.122521 18.7
    endloop
  endfacet
  facet normal -0.706904 -0.104 0.699622
    outer loop
      vertex -1.22598 -0.243862 18.7
      vertex -1.70711 -0.337116 18.2
      vertex -1.70676 -0.339495 18.2
    endloop
  endfacet
  facet normal -0.30546 -0.645905 0.699644
    outer loop
      vertex -0.820322 -1.53472 18.2
      vertex -0.668118 -1.6067 18.2
      vertex -0.589246 -1.1024 18.7
    endloop
  endfacet
  facet normal -0.0350521 -0.713631 0.699644
    outer loop
      vertex -0.170569 -1.73182 18.2
      vertex -0.00240243 -1.74008 18.2
      vertex -0.122521 -1.24398 18.7
    endloop
  endfacet
  facet normal -0.479828 -0.529407 0.699638
    outer loop
      vertex -1.10575 -1.34357 18.2
      vertex -0.792991 -0.966263 18.7
      vertex -0.883883 -0.883883 18.7
    endloop
  endfacet
  facet normal -0.48094 -0.52844 0.699605
    outer loop
      vertex -0.792991 -0.966263 18.7
      vertex -1.10575 -1.34357 18.2
      vertex -1.10397 -1.34519 18.2
    endloop
  endfacet
  facet normal -0.573891 -0.425623 0.699639
    outer loop
      vertex -1.44692 -0.9668 18.2
      vertex -1.34662 -1.10204 18.2
      vertex -1.03934 -0.694463 18.7
    endloop
  endfacet
  facet normal -0.706755 0.104859 0.699644
    outer loop
      vertex -1.73182 0.170569 18.2
      vertex -1.24398 0.122521 18.7
      vertex -1.70711 0.337116 18.2
    endloop
  endfacet
  facet normal -0.706904 0.104 0.699622
    outer loop
      vertex -1.70711 0.337116 18.2
      vertex -1.22598 0.243862 18.7
      vertex -1.70676 0.339495 18.2
    endloop
  endfacet
  facet normal -0.70676 0.104842 0.699641
    outer loop
      vertex -1.22598 0.243862 18.7
      vertex -1.70711 0.337116 18.2
      vertex -1.24398 0.122521 18.7
    endloop
  endfacet
  facet normal -0.30546 0.645905 0.699644
    outer loop
      vertex -0.820322 1.53472 18.2
      vertex -0.589246 1.1024 18.7
      vertex -0.668118 1.6067 18.2
    endloop
  endfacet
  facet normal -0.69308 0.173606 0.699643
    outer loop
      vertex -1.70676 0.339495 18.2
      vertex -1.22598 0.243862 18.7
      vertex -1.66585 0.502818 18.2
    endloop
  endfacet
  facet normal -0.612838 0.367325 0.699644
    outer loop
      vertex -1.53472 0.820322 18.2
      vertex -1.1024 0.589246 18.7
      vertex -1.44816 0.964737 18.2
    endloop
  endfacet
  facet normal 0.104859 0.706755 0.699644
    outer loop
      vertex 0.122521 1.24398 18.7
      vertex 0.337116 1.70711 18.2
      vertex 0.170569 1.73182 18.2
    endloop
  endfacet
  facet normal 0.104 0.706904 0.699622
    outer loop
      vertex 0.337116 1.70711 18.2
      vertex 0.243862 1.22598 18.7
      vertex 0.339495 1.70676 18.2
    endloop
  endfacet
  facet normal 0.104842 0.70676 0.699641
    outer loop
      vertex 0.243862 1.22598 18.7
      vertex 0.337116 1.70711 18.2
      vertex 0.122521 1.24398 18.7
    endloop
  endfacet
  facet normal 0.479835 0.529402 0.699637
    outer loop
      vertex 0.883883 0.883883 18.7
      vertex 1.2305 1.2305 18.2
      vertex 1.10575 1.34357 18.2
    endloop
  endfacet
  facet normal 0.425623 0.573891 0.699639
    outer loop
      vertex 0.694463 1.03934 18.7
      vertex 1.10204 1.34662 18.2
      vertex 0.9668 1.44692 18.2
    endloop
  endfacet
  facet normal 0.173606 0.69308 0.699643
    outer loop
      vertex 0.243862 1.22598 18.7
      vertex 0.502818 1.66585 18.2
      vertex 0.339495 1.70676 18.2
    endloop
  endfacet
  facet normal 0.57409 0.425362 0.699634
    outer loop
      vertex 0.966263 0.792991 18.7
      vertex 1.34662 1.10204 18.2
      vertex 1.34519 1.10397 18.2
    endloop
  endfacet
  facet normal 0.573877 0.425637 0.699642
    outer loop
      vertex 1.34662 1.10204 18.2
      vertex 0.966263 0.792991 18.7
      vertex 1.03934 0.694463 18.7
    endloop
  endfacet
  facet normal 0.52844 0.48094 0.699605
    outer loop
      vertex 1.34357 1.10575 18.2
      vertex 0.966263 0.792991 18.7
      vertex 1.34519 1.10397 18.2
    endloop
  endfacet
  facet normal 0.529407 0.479828 0.699638
    outer loop
      vertex 0.966263 0.792991 18.7
      vertex 1.34357 1.10575 18.2
      vertex 0.883883 0.883883 18.7
    endloop
  endfacet
  facet normal 0.573891 0.425623 0.699639
    outer loop
      vertex 1.03934 0.694463 18.7
      vertex 1.44692 0.9668 18.2
      vertex 1.34662 1.10204 18.2
    endloop
  endfacet
  facet normal 0.672733 0.240686 0.699643
    outer loop
      vertex 1.66445 0.507416 18.2
      vertex 1.19617 0.362855 18.7
      vertex 1.66526 0.505152 18.2
    endloop
  endfacet
  facet normal 0.672738 0.240673 0.699643
    outer loop
      vertex 1.19617 0.362855 18.7
      vertex 1.66445 0.507416 18.2
      vertex 1.15485 0.478354 18.7
    endloop
  endfacet
  facet normal 0.713616 -0.0356447 0.699629
    outer loop
      vertex 1.25 0 18.7
      vertex 1.74008 -0.00240243 18.2
      vertex 1.7402 0 18.2
    endloop
  endfacet
  facet normal 0.713632 -0.0350639 0.699642
    outer loop
      vertex 1.74008 -0.00240243 18.2
      vertex 1.25 0 18.7
      vertex 1.24398 -0.122521 18.7
    endloop
  endfacet
  facet normal 0.693072 -0.173628 0.699647
    outer loop
      vertex 1.19617 -0.362855 18.7
      vertex 1.66585 -0.502818 18.2
      vertex 1.22598 -0.243862 18.7
    endloop
  endfacet
  facet normal 0.692669 -0.175096 0.699679
    outer loop
      vertex 1.66585 -0.502818 18.2
      vertex 1.19617 -0.362855 18.7
      vertex 1.66526 -0.505152 18.2
    endloop
  endfacet
  facet normal 0.672733 -0.240686 0.699643
    outer loop
      vertex 1.19617 -0.362855 18.7
      vertex 1.66445 -0.507416 18.2
      vertex 1.66526 -0.505152 18.2
    endloop
  endfacet
  facet normal 0.672738 -0.240673 0.699643
    outer loop
      vertex 1.66445 -0.507416 18.2
      vertex 1.19617 -0.362855 18.7
      vertex 1.15485 -0.478354 18.7
    endloop
  endfacet
  facet normal 0.612838 -0.367325 0.699644
    outer loop
      vertex 1.1024 -0.589246 18.7
      vertex 1.44816 -0.964737 18.2
      vertex 1.53472 -0.820322 18.2
    endloop
  endfacet
  facet normal 0.612855 -0.367304 0.69964
    outer loop
      vertex 1.03934 -0.694463 18.7
      vertex 1.44816 -0.964737 18.2
      vertex 1.1024 -0.589246 18.7
    endloop
  endfacet
  facet normal 0.61237 -0.368075 0.69966
    outer loop
      vertex 1.44816 -0.964737 18.2
      vertex 1.03934 -0.694463 18.7
      vertex 1.44692 -0.9668 18.2
    endloop
  endfacet
  facet normal 0.573877 -0.425637 0.699642
    outer loop
      vertex 0.966263 -0.792991 18.7
      vertex 1.34662 -1.10204 18.2
      vertex 1.03934 -0.694463 18.7
    endloop
  endfacet
  facet normal 0.57409 -0.425362 0.699634
    outer loop
      vertex 1.34662 -1.10204 18.2
      vertex 0.966263 -0.792991 18.7
      vertex 1.34519 -1.10397 18.2
    endloop
  endfacet
  facet normal 0.52844 -0.48094 0.699605
    outer loop
      vertex 0.966263 -0.792991 18.7
      vertex 1.34357 -1.10575 18.2
      vertex 1.34519 -1.10397 18.2
    endloop
  endfacet
  facet normal 0.529407 -0.479828 0.699638
    outer loop
      vertex 1.34357 -1.10575 18.2
      vertex 0.966263 -0.792991 18.7
      vertex 0.883883 -0.883883 18.7
    endloop
  endfacet
  facet normal 0.173606 -0.69308 0.699643
    outer loop
      vertex 0.243862 -1.22598 18.7
      vertex 0.339495 -1.70676 18.2
      vertex 0.502818 -1.66585 18.2
    endloop
  endfacet
  facet normal 0.240673 -0.672738 0.699643
    outer loop
      vertex 0.362855 -1.19617 18.7
      vertex 0.507416 -1.66445 18.2
      vertex 0.478354 -1.15485 18.7
    endloop
  endfacet
  facet normal 0.240686 -0.672733 0.699643
    outer loop
      vertex 0.507416 -1.66445 18.2
      vertex 0.362855 -1.19617 18.7
      vertex 0.505152 -1.66526 18.2
    endloop
  endfacet
  facet normal 0.240698 -0.672733 0.699639
    outer loop
      vertex 0.478354 -1.15485 18.7
      vertex 0.507416 -1.66445 18.2
      vertex 0.665944 -1.60773 18.2
    endloop
  endfacet
  facet normal 0.104842 -0.70676 0.699641
    outer loop
      vertex 0.337116 -1.70711 18.2
      vertex 0.243862 -1.22598 18.7
      vertex 0.122521 -1.24398 18.7
    endloop
  endfacet
  facet normal 0.104 -0.706904 0.699622
    outer loop
      vertex 0.243862 -1.22598 18.7
      vertex 0.337116 -1.70711 18.2
      vertex 0.339495 -1.70676 18.2
    endloop
  endfacet
  facet normal 0.425362 -0.57409 0.699634
    outer loop
      vertex 0.792991 -0.966263 18.7
      vertex 1.10204 -1.34662 18.2
      vertex 1.10397 -1.34519 18.2
    endloop
  endfacet
  facet normal 0.425637 -0.573877 0.699642
    outer loop
      vertex 1.10204 -1.34662 18.2
      vertex 0.792991 -0.966263 18.7
      vertex 0.694463 -1.03934 18.7
    endloop
  endfacet
  facet normal -0.706755 -0.104859 0.699644
    outer loop
      vertex -1.73182 -0.170569 18.2
      vertex -1.70711 -0.337116 18.2
      vertex -1.24398 -0.122521 18.7
    endloop
  endfacet
  facet normal -0.713631 -0.0350521 0.699644
    outer loop
      vertex -1.74008 -0.00240243 18.2
      vertex -1.73182 -0.170569 18.2
      vertex -1.24398 -0.122521 18.7
    endloop
  endfacet
  facet normal -0.672738 -0.240673 0.699643
    outer loop
      vertex -1.19617 -0.362855 18.7
      vertex -1.66445 -0.507416 18.2
      vertex -1.15485 -0.478354 18.7
    endloop
  endfacet
  facet normal -0.672733 -0.240686 0.699643
    outer loop
      vertex -1.66445 -0.507416 18.2
      vertex -1.19617 -0.362855 18.7
      vertex -1.66526 -0.505152 18.2
    endloop
  endfacet
  facet normal -0.672733 -0.240698 0.699639
    outer loop
      vertex -1.66445 -0.507416 18.2
      vertex -1.60773 -0.665944 18.2
      vertex -1.15485 -0.478354 18.7
    endloop
  endfacet
  facet normal -0.425623 -0.573891 0.699639
    outer loop
      vertex -1.10204 -1.34662 18.2
      vertex -0.9668 -1.44692 18.2
      vertex -0.694463 -1.03934 18.7
    endloop
  endfacet
  facet normal -0.305496 -0.645893 0.699638
    outer loop
      vertex -0.668118 -1.6067 18.2
      vertex -0.478354 -1.15485 18.7
      vertex -0.589246 -1.1024 18.7
    endloop
  endfacet
  facet normal -0.305922 -0.645703 0.699628
    outer loop
      vertex -0.478354 -1.15485 18.7
      vertex -0.668118 -1.6067 18.2
      vertex -0.665944 -1.60773 18.2
    endloop
  endfacet
  facet normal -0.173606 -0.69308 0.699643
    outer loop
      vertex -0.502818 -1.66585 18.2
      vertex -0.339495 -1.70676 18.2
      vertex -0.243862 -1.22598 18.7
    endloop
  endfacet
  facet normal -0.104859 -0.706755 0.699644
    outer loop
      vertex -0.337116 -1.70711 18.2
      vertex -0.170569 -1.73182 18.2
      vertex -0.122521 -1.24398 18.7
    endloop
  endfacet
  facet normal -0.104 -0.706904 0.699622
    outer loop
      vertex -0.337116 -1.70711 18.2
      vertex -0.243862 -1.22598 18.7
      vertex -0.339495 -1.70676 18.2
    endloop
  endfacet
  facet normal -0.104842 -0.70676 0.699641
    outer loop
      vertex -0.243862 -1.22598 18.7
      vertex -0.337116 -1.70711 18.2
      vertex -0.122521 -1.24398 18.7
    endloop
  endfacet
  facet normal -0.612855 -0.367304 0.69964
    outer loop
      vertex -1.44816 -0.964737 18.2
      vertex -1.03934 -0.694463 18.7
      vertex -1.1024 -0.589246 18.7
    endloop
  endfacet
  facet normal -0.61237 -0.368075 0.69966
    outer loop
      vertex -1.03934 -0.694463 18.7
      vertex -1.44816 -0.964737 18.2
      vertex -1.44692 -0.9668 18.2
    endloop
  endfacet
  facet normal -0.529402 -0.479835 0.699637
    outer loop
      vertex -1.34357 -1.10575 18.2
      vertex -1.2305 -1.2305 18.2
      vertex -0.883883 -0.883883 18.7
    endloop
  endfacet
  facet normal -0.173606 0.69308 0.699643
    outer loop
      vertex -0.502818 1.66585 18.2
      vertex -0.243862 1.22598 18.7
      vertex -0.339495 1.70676 18.2
    endloop
  endfacet
  facet normal -0.240698 0.672733 0.699639
    outer loop
      vertex -0.665944 1.60773 18.2
      vertex -0.478354 1.15485 18.7
      vertex -0.507416 1.66445 18.2
    endloop
  endfacet
  facet normal -0.104842 0.70676 0.699641
    outer loop
      vertex -0.337116 1.70711 18.2
      vertex -0.243862 1.22598 18.7
      vertex -0.122521 1.24398 18.7
    endloop
  endfacet
  facet normal -0.104 0.706904 0.699622
    outer loop
      vertex -0.243862 1.22598 18.7
      vertex -0.337116 1.70711 18.2
      vertex -0.339495 1.70676 18.2
    endloop
  endfacet
  facet normal -0.305922 0.645703 0.699628
    outer loop
      vertex -0.668118 1.6067 18.2
      vertex -0.478354 1.15485 18.7
      vertex -0.665944 1.60773 18.2
    endloop
  endfacet
  facet normal -0.305496 0.645893 0.699638
    outer loop
      vertex -0.478354 1.15485 18.7
      vertex -0.668118 1.6067 18.2
      vertex -0.589246 1.1024 18.7
    endloop
  endfacet
  facet normal -0.425623 0.573891 0.699639
    outer loop
      vertex -1.10204 1.34662 18.2
      vertex -0.694463 1.03934 18.7
      vertex -0.9668 1.44692 18.2
    endloop
  endfacet
  facet normal -0.713616 0.0356447 0.699629
    outer loop
      vertex -1.25 0 18.7
      vertex -1.74008 0.00240243 18.2
      vertex -1.7402 0 18.2
    endloop
  endfacet
  facet normal -0.713632 0.0350639 0.699642
    outer loop
      vertex -1.74008 0.00240243 18.2
      vertex -1.25 0 18.7
      vertex -1.24398 0.122521 18.7
    endloop
  endfacet
  facet normal -0.692669 0.175096 0.699679
    outer loop
      vertex -1.66585 0.502818 18.2
      vertex -1.19617 0.362855 18.7
      vertex -1.66526 0.505152 18.2
    endloop
  endfacet
  facet normal -0.693072 0.173628 0.699647
    outer loop
      vertex -1.19617 0.362855 18.7
      vertex -1.66585 0.502818 18.2
      vertex -1.22598 0.243862 18.7
    endloop
  endfacet
  facet normal -0.672738 0.240673 0.699643
    outer loop
      vertex -1.66445 0.507416 18.2
      vertex -1.19617 0.362855 18.7
      vertex -1.15485 0.478354 18.7
    endloop
  endfacet
  facet normal -0.672733 0.240686 0.699643
    outer loop
      vertex -1.19617 0.362855 18.7
      vertex -1.66445 0.507416 18.2
      vertex -1.66526 0.505152 18.2
    endloop
  endfacet
  facet normal -0.61237 0.368075 0.69966
    outer loop
      vertex -1.44816 0.964737 18.2
      vertex -1.03934 0.694463 18.7
      vertex -1.44692 0.9668 18.2
    endloop
  endfacet
  facet normal -0.612855 0.367304 0.69964
    outer loop
      vertex -1.03934 0.694463 18.7
      vertex -1.44816 0.964737 18.2
      vertex -1.1024 0.589246 18.7
    endloop
  endfacet
  facet normal -0.57409 0.425362 0.699634
    outer loop
      vertex -1.34662 1.10204 18.2
      vertex -0.966263 0.792991 18.7
      vertex -1.34519 1.10397 18.2
    endloop
  endfacet
  facet normal -0.573877 0.425637 0.699642
    outer loop
      vertex -0.966263 0.792991 18.7
      vertex -1.34662 1.10204 18.2
      vertex -1.03934 0.694463 18.7
    endloop
  endfacet
  facet normal -0.529407 0.479828 0.699638
    outer loop
      vertex -1.34357 1.10575 18.2
      vertex -0.966263 0.792991 18.7
      vertex -0.883883 0.883883 18.7
    endloop
  endfacet
  facet normal -0.52844 0.48094 0.699605
    outer loop
      vertex -0.966263 0.792991 18.7
      vertex -1.34357 1.10575 18.2
      vertex -1.34519 1.10397 18.2
    endloop
  endfacet
  facet normal 0.425362 0.57409 0.699634
    outer loop
      vertex 1.10204 1.34662 18.2
      vertex 0.792991 0.966263 18.7
      vertex 1.10397 1.34519 18.2
    endloop
  endfacet
  facet normal 0.425637 0.573877 0.699642
    outer loop
      vertex 0.792991 0.966263 18.7
      vertex 1.10204 1.34662 18.2
      vertex 0.694463 1.03934 18.7
    endloop
  endfacet
  facet normal 0.0350639 0.713632 0.699642
    outer loop
      vertex 0.00240243 1.74008 18.2
      vertex 0 1.25 18.7
      vertex 0.122521 1.24398 18.7
    endloop
  endfacet
  facet normal 0.0356447 0.713616 0.699629
    outer loop
      vertex 0 1.25 18.7
      vertex 0.00240243 1.74008 18.2
      vertex 0 1.7402 18.2
    endloop
  endfacet
  facet normal 0.175096 0.692669 0.699679
    outer loop
      vertex 0.502818 1.66585 18.2
      vertex 0.362855 1.19617 18.7
      vertex 0.505152 1.66526 18.2
    endloop
  endfacet
  facet normal 0.173628 0.693072 0.699647
    outer loop
      vertex 0.362855 1.19617 18.7
      vertex 0.502818 1.66585 18.2
      vertex 0.243862 1.22598 18.7
    endloop
  endfacet
  facet normal 0.240686 0.672733 0.699643
    outer loop
      vertex 0.362855 1.19617 18.7
      vertex 0.507416 1.66445 18.2
      vertex 0.505152 1.66526 18.2
    endloop
  endfacet
  facet normal 0.240673 0.672738 0.699643
    outer loop
      vertex 0.507416 1.66445 18.2
      vertex 0.362855 1.19617 18.7
      vertex 0.478354 1.15485 18.7
    endloop
  endfacet
  facet normal 0.61237 0.368075 0.69966
    outer loop
      vertex 1.03934 0.694463 18.7
      vertex 1.44816 0.964737 18.2
      vertex 1.44692 0.9668 18.2
    endloop
  endfacet
  facet normal 0.612855 0.367304 0.69964
    outer loop
      vertex 1.44816 0.964737 18.2
      vertex 1.03934 0.694463 18.7
      vertex 1.1024 0.589246 18.7
    endloop
  endfacet
  facet normal 0.692669 0.175096 0.699679
    outer loop
      vertex 1.19617 0.362855 18.7
      vertex 1.66585 0.502818 18.2
      vertex 1.66526 0.505152 18.2
    endloop
  endfacet
  facet normal 0.693072 0.173628 0.699647
    outer loop
      vertex 1.66585 0.502818 18.2
      vertex 1.19617 0.362855 18.7
      vertex 1.22598 0.243862 18.7
    endloop
  endfacet
  facet normal 0.645703 -0.305922 0.699628
    outer loop
      vertex 1.15485 -0.478354 18.7
      vertex 1.6067 -0.668118 18.2
      vertex 1.60773 -0.665944 18.2
    endloop
  endfacet
  facet normal 0.645893 -0.305496 0.699638
    outer loop
      vertex 1.6067 -0.668118 18.2
      vertex 1.15485 -0.478354 18.7
      vertex 1.1024 -0.589246 18.7
    endloop
  endfacet
  facet normal 0.104859 -0.706755 0.699644
    outer loop
      vertex 0.122521 -1.24398 18.7
      vertex 0.170569 -1.73182 18.2
      vertex 0.337116 -1.70711 18.2
    endloop
  endfacet
  facet normal 0.0350521 -0.713631 0.699644
    outer loop
      vertex 0.00240243 -1.74008 18.2
      vertex 0.170569 -1.73182 18.2
      vertex 0.122521 -1.24398 18.7
    endloop
  endfacet
  facet normal 0.175096 -0.692669 0.699679
    outer loop
      vertex 0.362855 -1.19617 18.7
      vertex 0.502818 -1.66585 18.2
      vertex 0.505152 -1.66526 18.2
    endloop
  endfacet
  facet normal 0.173628 -0.693072 0.699647
    outer loop
      vertex 0.502818 -1.66585 18.2
      vertex 0.362855 -1.19617 18.7
      vertex 0.243862 -1.22598 18.7
    endloop
  endfacet
  facet normal 0.367325 -0.612838 0.699644
    outer loop
      vertex 0.589246 -1.1024 18.7
      vertex 0.820322 -1.53472 18.2
      vertex 0.964737 -1.44816 18.2
    endloop
  endfacet
  facet normal 0.30546 -0.645905 0.699644
    outer loop
      vertex 0.589246 -1.1024 18.7
      vertex 0.668118 -1.6067 18.2
      vertex 0.820322 -1.53472 18.2
    endloop
  endfacet
  facet normal 0.479828 -0.529407 0.699638
    outer loop
      vertex 0.792991 -0.966263 18.7
      vertex 1.10575 -1.34357 18.2
      vertex 0.883883 -0.883883 18.7
    endloop
  endfacet
  facet normal 0.48094 -0.52844 0.699605
    outer loop
      vertex 1.10575 -1.34357 18.2
      vertex 0.792991 -0.966263 18.7
      vertex 1.10397 -1.34519 18.2
    endloop
  endfacet
  facet normal 0.479835 -0.529402 0.699637
    outer loop
      vertex 0.883883 -0.883883 18.7
      vertex 1.10575 -1.34357 18.2
      vertex 1.2305 -1.2305 18.2
    endloop
  endfacet
  facet normal -0.693072 -0.173628 0.699647
    outer loop
      vertex -1.66585 -0.502818 18.2
      vertex -1.19617 -0.362855 18.7
      vertex -1.22598 -0.243862 18.7
    endloop
  endfacet
  facet normal -0.692669 -0.175096 0.699679
    outer loop
      vertex -1.19617 -0.362855 18.7
      vertex -1.66585 -0.502818 18.2
      vertex -1.66526 -0.505152 18.2
    endloop
  endfacet
  facet normal -0.69308 -0.173606 0.699643
    outer loop
      vertex -1.70676 -0.339495 18.2
      vertex -1.66585 -0.502818 18.2
      vertex -1.22598 -0.243862 18.7
    endloop
  endfacet
  facet normal -0.367325 -0.612838 0.699644
    outer loop
      vertex -0.964737 -1.44816 18.2
      vertex -0.820322 -1.53472 18.2
      vertex -0.589246 -1.1024 18.7
    endloop
  endfacet
  facet normal -0.367304 -0.612855 0.69964
    outer loop
      vertex -0.694463 -1.03934 18.7
      vertex -0.964737 -1.44816 18.2
      vertex -0.589246 -1.1024 18.7
    endloop
  endfacet
  facet normal -0.368075 -0.61237 0.69966
    outer loop
      vertex -0.964737 -1.44816 18.2
      vertex -0.694463 -1.03934 18.7
      vertex -0.9668 -1.44692 18.2
    endloop
  endfacet
  facet normal -0.173628 -0.693072 0.699647
    outer loop
      vertex -0.362855 -1.19617 18.7
      vertex -0.502818 -1.66585 18.2
      vertex -0.243862 -1.22598 18.7
    endloop
  endfacet
  facet normal -0.175096 -0.692669 0.699679
    outer loop
      vertex -0.502818 -1.66585 18.2
      vertex -0.362855 -1.19617 18.7
      vertex -0.505152 -1.66526 18.2
    endloop
  endfacet
  facet normal -0.240673 -0.672738 0.699643
    outer loop
      vertex -0.507416 -1.66445 18.2
      vertex -0.362855 -1.19617 18.7
      vertex -0.478354 -1.15485 18.7
    endloop
  endfacet
  facet normal -0.240686 -0.672733 0.699643
    outer loop
      vertex -0.362855 -1.19617 18.7
      vertex -0.507416 -1.66445 18.2
      vertex -0.505152 -1.66526 18.2
    endloop
  endfacet
  facet normal -0.0350639 -0.713632 0.699642
    outer loop
      vertex -0.00240243 -1.74008 18.2
      vertex 0 -1.25 18.7
      vertex -0.122521 -1.24398 18.7
    endloop
  endfacet
  facet normal -0.0356447 -0.713616 0.699629
    outer loop
      vertex 0 -1.25 18.7
      vertex -0.00240243 -1.74008 18.2
      vertex 0 -1.7402 18.2
    endloop
  endfacet
  facet normal -0.612838 -0.367325 0.699644
    outer loop
      vertex -1.53472 -0.820322 18.2
      vertex -1.44816 -0.964737 18.2
      vertex -1.1024 -0.589246 18.7
    endloop
  endfacet
  facet normal -0.645905 -0.30546 0.699644
    outer loop
      vertex -1.6067 -0.668118 18.2
      vertex -1.53472 -0.820322 18.2
      vertex -1.1024 -0.589246 18.7
    endloop
  endfacet
  facet normal -0.529407 -0.479828 0.699638
    outer loop
      vertex -0.966263 -0.792991 18.7
      vertex -1.34357 -1.10575 18.2
      vertex -0.883883 -0.883883 18.7
    endloop
  endfacet
  facet normal -0.52844 -0.48094 0.699605
    outer loop
      vertex -1.34357 -1.10575 18.2
      vertex -0.966263 -0.792991 18.7
      vertex -1.34519 -1.10397 18.2
    endloop
  endfacet
  facet normal -0.573877 -0.425637 0.699642
    outer loop
      vertex -1.34662 -1.10204 18.2
      vertex -0.966263 -0.792991 18.7
      vertex -1.03934 -0.694463 18.7
    endloop
  endfacet
  facet normal -0.57409 -0.425362 0.699634
    outer loop
      vertex -0.966263 -0.792991 18.7
      vertex -1.34662 -1.10204 18.2
      vertex -1.34519 -1.10397 18.2
    endloop
  endfacet
  facet normal -0.104859 0.706755 0.699644
    outer loop
      vertex -0.337116 1.70711 18.2
      vertex -0.122521 1.24398 18.7
      vertex -0.170569 1.73182 18.2
    endloop
  endfacet
  facet normal -0.0350521 0.713631 0.699644
    outer loop
      vertex -0.170569 1.73182 18.2
      vertex -0.122521 1.24398 18.7
      vertex -0.00240243 1.74008 18.2
    endloop
  endfacet
  facet normal -0.240686 0.672733 0.699643
    outer loop
      vertex -0.507416 1.66445 18.2
      vertex -0.362855 1.19617 18.7
      vertex -0.505152 1.66526 18.2
    endloop
  endfacet
  facet normal -0.240673 0.672738 0.699643
    outer loop
      vertex -0.362855 1.19617 18.7
      vertex -0.507416 1.66445 18.2
      vertex -0.478354 1.15485 18.7
    endloop
  endfacet
  facet normal -0.173628 0.693072 0.699647
    outer loop
      vertex -0.502818 1.66585 18.2
      vertex -0.362855 1.19617 18.7
      vertex -0.243862 1.22598 18.7
    endloop
  endfacet
  facet normal -0.175096 0.692669 0.699679
    outer loop
      vertex -0.362855 1.19617 18.7
      vertex -0.502818 1.66585 18.2
      vertex -0.505152 1.66526 18.2
    endloop
  endfacet
  facet normal -0.425637 0.573877 0.699642
    outer loop
      vertex -1.10204 1.34662 18.2
      vertex -0.792991 0.966263 18.7
      vertex -0.694463 1.03934 18.7
    endloop
  endfacet
  facet normal -0.425362 0.57409 0.699634
    outer loop
      vertex -0.792991 0.966263 18.7
      vertex -1.10204 1.34662 18.2
      vertex -1.10397 1.34519 18.2
    endloop
  endfacet
  facet normal -0.367325 0.612838 0.699644
    outer loop
      vertex -0.964737 1.44816 18.2
      vertex -0.589246 1.1024 18.7
      vertex -0.820322 1.53472 18.2
    endloop
  endfacet
  facet normal -0.48094 0.52844 0.699605
    outer loop
      vertex -1.10575 1.34357 18.2
      vertex -0.792991 0.966263 18.7
      vertex -1.10397 1.34519 18.2
    endloop
  endfacet
  facet normal -0.479828 0.529407 0.699638
    outer loop
      vertex -0.792991 0.966263 18.7
      vertex -1.10575 1.34357 18.2
      vertex -0.883883 0.883883 18.7
    endloop
  endfacet
  facet normal -0.479835 0.529402 0.699637
    outer loop
      vertex -1.2305 1.2305 18.2
      vertex -0.883883 0.883883 18.7
      vertex -1.10575 1.34357 18.2
    endloop
  endfacet
  facet normal -0.645893 0.305496 0.699638
    outer loop
      vertex -1.6067 0.668118 18.2
      vertex -1.15485 0.478354 18.7
      vertex -1.1024 0.589246 18.7
    endloop
  endfacet
  facet normal -0.645703 0.305922 0.699628
    outer loop
      vertex -1.15485 0.478354 18.7
      vertex -1.6067 0.668118 18.2
      vertex -1.60773 0.665944 18.2
    endloop
  endfacet
  facet normal -0.645905 0.30546 0.699644
    outer loop
      vertex -1.6067 0.668118 18.2
      vertex -1.1024 0.589246 18.7
      vertex -1.53472 0.820322 18.2
    endloop
  endfacet
  facet normal 0.48094 0.52844 0.699605
    outer loop
      vertex 0.792991 0.966263 18.7
      vertex 1.10575 1.34357 18.2
      vertex 1.10397 1.34519 18.2
    endloop
  endfacet
  facet normal 0.479828 0.529407 0.699638
    outer loop
      vertex 1.10575 1.34357 18.2
      vertex 0.792991 0.966263 18.7
      vertex 0.883883 0.883883 18.7
    endloop
  endfacet
  facet normal 0.305922 0.645703 0.699628
    outer loop
      vertex 0.478354 1.15485 18.7
      vertex 0.668118 1.6067 18.2
      vertex 0.665944 1.60773 18.2
    endloop
  endfacet
  facet normal 0.305496 0.645893 0.699638
    outer loop
      vertex 0.668118 1.6067 18.2
      vertex 0.478354 1.15485 18.7
      vertex 0.589246 1.1024 18.7
    endloop
  endfacet
  facet normal 0.30546 0.645905 0.699644
    outer loop
      vertex 0.589246 1.1024 18.7
      vertex 0.820322 1.53472 18.2
      vertex 0.668118 1.6067 18.2
    endloop
  endfacet
  facet normal 0.612838 0.367325 0.699644
    outer loop
      vertex 1.1024 0.589246 18.7
      vertex 1.53472 0.820322 18.2
      vertex 1.44816 0.964737 18.2
    endloop
  endfacet
  facet normal 0.645905 0.30546 0.699644
    outer loop
      vertex 1.1024 0.589246 18.7
      vertex 1.6067 0.668118 18.2
      vertex 1.53472 0.820322 18.2
    endloop
  endfacet
  facet normal 0.69308 0.173606 0.699643
    outer loop
      vertex 1.22598 0.243862 18.7
      vertex 1.70676 0.339495 18.2
      vertex 1.66585 0.502818 18.2
    endloop
  endfacet
  facet normal 0.706904 0.104 0.699622
    outer loop
      vertex 1.22598 0.243862 18.7
      vertex 1.70711 0.337116 18.2
      vertex 1.70676 0.339495 18.2
    endloop
  endfacet
  facet normal 0.70676 0.104842 0.699641
    outer loop
      vertex 1.70711 0.337116 18.2
      vertex 1.22598 0.243862 18.7
      vertex 1.24398 0.122521 18.7
    endloop
  endfacet
  facet normal 0.425623 -0.573891 0.699639
    outer loop
      vertex 0.694463 -1.03934 18.7
      vertex 0.9668 -1.44692 18.2
      vertex 1.10204 -1.34662 18.2
    endloop
  endfacet
  facet normal 0.368075 -0.61237 0.69966
    outer loop
      vertex 0.694463 -1.03934 18.7
      vertex 0.964737 -1.44816 18.2
      vertex 0.9668 -1.44692 18.2
    endloop
  endfacet
  facet normal 0.367304 -0.612855 0.69964
    outer loop
      vertex 0.964737 -1.44816 18.2
      vertex 0.694463 -1.03934 18.7
      vertex 0.589246 -1.1024 18.7
    endloop
  endfacet
  facet normal -0.425637 -0.573877 0.699642
    outer loop
      vertex -0.792991 -0.966263 18.7
      vertex -1.10204 -1.34662 18.2
      vertex -0.694463 -1.03934 18.7
    endloop
  endfacet
  facet normal -0.425362 -0.57409 0.699634
    outer loop
      vertex -1.10204 -1.34662 18.2
      vertex -0.792991 -0.966263 18.7
      vertex -1.10397 -1.34519 18.2
    endloop
  endfacet
  facet normal -0.367304 0.612855 0.69964
    outer loop
      vertex -0.964737 1.44816 18.2
      vertex -0.694463 1.03934 18.7
      vertex -0.589246 1.1024 18.7
    endloop
  endfacet
  facet normal -0.368075 0.61237 0.69966
    outer loop
      vertex -0.694463 1.03934 18.7
      vertex -0.964737 1.44816 18.2
      vertex -0.9668 1.44692 18.2
    endloop
  endfacet
  facet normal 0.368075 0.61237 0.69966
    outer loop
      vertex 0.964737 1.44816 18.2
      vertex 0.694463 1.03934 18.7
      vertex 0.9668 1.44692 18.2
    endloop
  endfacet
  facet normal 0.367304 0.612855 0.69964
    outer loop
      vertex 0.694463 1.03934 18.7
      vertex 0.964737 1.44816 18.2
      vertex 0.589246 1.1024 18.7
    endloop
  endfacet
  facet normal 0.367325 0.612838 0.699644
    outer loop
      vertex 0.589246 1.1024 18.7
      vertex 0.964737 1.44816 18.2
      vertex 0.820322 1.53472 18.2
    endloop
  endfacet
  facet normal 0 0 1
    outer loop
      vertex 12.2 0 1.65
      vertex 14.8 0 1.65
      vertex 14.7287 1.45065 1.65
    endloop
  endfacet
  facet normal 0 0 1
    outer loop
      vertex 12.1413 1.19581 1.65
      vertex 14.7287 1.45065 1.65
      vertex 14.5156 2.88733 1.65
    endloop
  endfacet
  facet normal 0 0 1
    outer loop
      vertex 14.8 0 1.65
      vertex 12.2 0 1.65
      vertex 14.7287 -1.45065 1.65
    endloop
  endfacet
  facet normal 0 0 1
    outer loop
      vertex 11.9656 2.3801 1.65
      vertex 14.5156 2.88733 1.65
      vertex 14.1627 4.29621 1.65
    endloop
  endfacet
  facet normal -0 0 1
    outer loop
      vertex 12.1413 -1.19581 1.65
      vertex 14.7287 -1.45065 1.65
      vertex 12.2 0 1.65
    endloop
  endfacet
  facet normal 0 0 1
    outer loop
      vertex 11.6747 3.54147 1.65
      vertex 14.1627 4.29621 1.65
      vertex 13.6734 5.66371 1.65
    endloop
  endfacet
  facet normal 0 0 1
    outer loop
      vertex 14.7287 -1.45065 1.65
      vertex 12.1413 -1.19581 1.65
      vertex 14.5156 -2.88733 1.65
    endloop
  endfacet
  facet normal 0 0 1
    outer loop
      vertex 11.2713 4.66874 1.65
      vertex 13.6734 5.66371 1.65
      vertex 13.0524 6.97667 1.65
    endloop
  endfacet
  facet normal -0 0 1
    outer loop
      vertex 11.9656 -2.3801 1.65
      vertex 14.5156 -2.88733 1.65
      vertex 12.1413 -1.19581 1.65
    endloop
  endfacet
  facet normal 0 0 1
    outer loop
      vertex 10.7594 5.75104 1.65
      vertex 13.0524 6.97667 1.65
      vertex 12.3057 8.22243 1.65
    endloop
  endfacet
  facet normal 0 0 1
    outer loop
      vertex 14.5156 -2.88733 1.65
      vertex 11.9656 -2.3801 1.65
      vertex 14.1627 -4.29621 1.65
    endloop
  endfacet
  facet normal -0 0 1
    outer loop
      vertex 11.6747 -3.54147 1.65
      vertex 14.1627 -4.29621 1.65
      vertex 11.9656 -2.3801 1.65
    endloop
  endfacet
  facet normal 0 0 1
    outer loop
      vertex 14.7287 1.45065 1.65
      vertex 12.1413 1.19581 1.65
      vertex 12.2 0 1.65
    endloop
  endfacet
  facet normal 0 0 1
    outer loop
      vertex 14.5156 2.88733 1.65
      vertex 11.9656 2.3801 1.65
      vertex 12.1413 1.19581 1.65
    endloop
  endfacet
  facet normal 0 0 1
    outer loop
      vertex 14.1627 4.29621 1.65
      vertex 11.6747 3.54147 1.65
      vertex 11.9656 2.3801 1.65
    endloop
  endfacet
  facet normal 0 0 1
    outer loop
      vertex 10.1439 6.77796 1.65
      vertex 12.3057 8.22243 1.65
      vertex 11.4405 9.38901 1.65
    endloop
  endfacet
  facet normal 0 0 1
    outer loop
      vertex 13.6734 5.66371 1.65
      vertex 11.2713 4.66874 1.65
      vertex 11.6747 3.54147 1.65
    endloop
  endfacet
  facet normal 0 0 1
    outer loop
      vertex 13.0524 6.97667 1.65
      vertex 10.7594 5.75104 1.65
      vertex 11.2713 4.66874 1.65
    endloop
  endfacet
  facet normal 0 0 1
    outer loop
      vertex 9.43073 7.7396 1.65
      vertex 11.4405 9.38901 1.65
      vertex 10.4652 10.4652 1.65
    endloop
  endfacet
  facet normal 0 0 1
    outer loop
      vertex 12.3057 8.22243 1.65
      vertex 10.1439 6.77796 1.65
      vertex 10.7594 5.75104 1.65
    endloop
  endfacet
  facet normal 0 0 1
    outer loop
      vertex 11.4405 9.38901 1.65
      vertex 9.43073 7.7396 1.65
      vertex 10.1439 6.77796 1.65
    endloop
  endfacet
  facet normal 0 0 1
    outer loop
      vertex 8.6267 8.6267 1.65
      vertex 10.4652 10.4652 1.65
      vertex 9.38901 11.4405 1.65
    endloop
  endfacet
  facet normal 0 0 1
    outer loop
      vertex 10.4652 10.4652 1.65
      vertex 8.6267 8.6267 1.65
      vertex 9.43073 7.7396 1.65
    endloop
  endfacet
  facet normal 0 0 1
    outer loop
      vertex 7.7396 9.43073 1.65
      vertex 9.38901 11.4405 1.65
      vertex 8.22243 12.3057 1.65
    endloop
  endfacet
  facet normal 0 0 1
    outer loop
      vertex 9.38901 11.4405 1.65
      vertex 7.7396 9.43073 1.65
      vertex 8.6267 8.6267 1.65
    endloop
  endfacet
  facet normal 0 0 1
    outer loop
      vertex 6.77796 10.1439 1.65
      vertex 8.22243 12.3057 1.65
      vertex 6.97667 13.0524 1.65
    endloop
  endfacet
  facet normal 0 0 1
    outer loop
      vertex 8.22243 12.3057 1.65
      vertex 6.77796 10.1439 1.65
      vertex 7.7396 9.43073 1.65
    endloop
  endfacet
  facet normal 0 0 1
    outer loop
      vertex 6.97667 13.0524 1.65
      vertex 5.75104 10.7594 1.65
      vertex 6.77796 10.1439 1.65
    endloop
  endfacet
  facet normal 0 0 1
    outer loop
      vertex 5.66371 13.6734 1.65
      vertex 5.75104 10.7594 1.65
      vertex 6.97667 13.0524 1.65
    endloop
  endfacet
  facet normal 0 0 1
    outer loop
      vertex 5.66371 13.6734 1.65
      vertex 4.66874 11.2713 1.65
      vertex 5.75104 10.7594 1.65
    endloop
  endfacet
  facet normal 0 0 1
    outer loop
      vertex 4.29621 14.1627 1.65
      vertex 4.66874 11.2713 1.65
      vertex 5.66371 13.6734 1.65
    endloop
  endfacet
  facet normal 0 0 1
    outer loop
      vertex 4.29621 14.1627 1.65
      vertex 3.54147 11.6747 1.65
      vertex 4.66874 11.2713 1.65
    endloop
  endfacet
  facet normal 0 0 1
    outer loop
      vertex 2.88733 14.5156 1.65
      vertex 3.54147 11.6747 1.65
      vertex 4.29621 14.1627 1.65
    endloop
  endfacet
  facet normal 0 0 1
    outer loop
      vertex 2.88733 14.5156 1.65
      vertex 2.3801 11.9656 1.65
      vertex 3.54147 11.6747 1.65
    endloop
  endfacet
  facet normal 0 0 1
    outer loop
      vertex 1.45065 14.7287 1.65
      vertex 2.3801 11.9656 1.65
      vertex 2.88733 14.5156 1.65
    endloop
  endfacet
  facet normal 0 0 1
    outer loop
      vertex 1.45065 14.7287 1.65
      vertex 1.19581 12.1413 1.65
      vertex 2.3801 11.9656 1.65
    endloop
  endfacet
  facet normal 0 0 1
    outer loop
      vertex 0 14.8 1.65
      vertex 1.19581 12.1413 1.65
      vertex 1.45065 14.7287 1.65
    endloop
  endfacet
  facet normal 0 0 1
    outer loop
      vertex 0 14.8 1.65
      vertex 0 12.2 1.65
      vertex 1.19581 12.1413 1.65
    endloop
  endfacet
  facet normal 0 0 1
    outer loop
      vertex 0 14.8 1.65
      vertex -1.19581 12.1413 1.65
      vertex 0 12.2 1.65
    endloop
  endfacet
  facet normal -0 0 1
    outer loop
      vertex -1.45065 14.7287 1.65
      vertex -1.19581 12.1413 1.65
      vertex 0 14.8 1.65
    endloop
  endfacet
  facet normal 0 0 1
    outer loop
      vertex -1.45065 14.7287 1.65
      vertex -2.3801 11.9656 1.65
      vertex -1.19581 12.1413 1.65
    endloop
  endfacet
  facet normal -0 0 1
    outer loop
      vertex -2.88733 14.5156 1.65
      vertex -2.3801 11.9656 1.65
      vertex -1.45065 14.7287 1.65
    endloop
  endfacet
  facet normal 0 0 1
    outer loop
      vertex -2.88733 14.5156 1.65
      vertex -3.54147 11.6747 1.65
      vertex -2.3801 11.9656 1.65
    endloop
  endfacet
  facet normal -0 0 1
    outer loop
      vertex -4.29621 14.1627 1.65
      vertex -3.54147 11.6747 1.65
      vertex -2.88733 14.5156 1.65
    endloop
  endfacet
  facet normal 0 0 1
    outer loop
      vertex -4.29621 14.1627 1.65
      vertex -4.66874 11.2713 1.65
      vertex -3.54147 11.6747 1.65
    endloop
  endfacet
  facet normal -0 0 1
    outer loop
      vertex -5.66371 13.6734 1.65
      vertex -4.66874 11.2713 1.65
      vertex -4.29621 14.1627 1.65
    endloop
  endfacet
  facet normal 0 0 1
    outer loop
      vertex -5.66371 13.6734 1.65
      vertex -5.75104 10.7594 1.65
      vertex -4.66874 11.2713 1.65
    endloop
  endfacet
  facet normal -0 0 1
    outer loop
      vertex -6.97667 13.0524 1.65
      vertex -5.75104 10.7594 1.65
      vertex -5.66371 13.6734 1.65
    endloop
  endfacet
  facet normal 0 0 1
    outer loop
      vertex -5.75104 10.7594 1.65
      vertex -6.97667 13.0524 1.65
      vertex -6.77796 10.1439 1.65
    endloop
  endfacet
  facet normal -0 0 1
    outer loop
      vertex -8.22243 12.3057 1.65
      vertex -6.77796 10.1439 1.65
      vertex -6.97667 13.0524 1.65
    endloop
  endfacet
  facet normal 0 0 1
    outer loop
      vertex -6.77796 10.1439 1.65
      vertex -8.22243 12.3057 1.65
      vertex -7.7396 9.43073 1.65
    endloop
  endfacet
  facet normal -0 0 1
    outer loop
      vertex -9.38901 11.4405 1.65
      vertex -7.7396 9.43073 1.65
      vertex -8.22243 12.3057 1.65
    endloop
  endfacet
  facet normal 0 0 1
    outer loop
      vertex -7.7396 9.43073 1.65
      vertex -9.38901 11.4405 1.65
      vertex -8.6267 8.6267 1.65
    endloop
  endfacet
  facet normal -0 0 1
    outer loop
      vertex -10.4652 10.4652 1.65
      vertex -8.6267 8.6267 1.65
      vertex -9.38901 11.4405 1.65
    endloop
  endfacet
  facet normal 0 0 1
    outer loop
      vertex -8.6267 8.6267 1.65
      vertex -10.4652 10.4652 1.65
      vertex -9.43073 7.7396 1.65
    endloop
  endfacet
  facet normal -0 0 1
    outer loop
      vertex -11.4405 9.38901 1.65
      vertex -9.43073 7.7396 1.65
      vertex -10.4652 10.4652 1.65
    endloop
  endfacet
  facet normal 0 0 1
    outer loop
      vertex -9.43073 7.7396 1.65
      vertex -11.4405 9.38901 1.65
      vertex -10.1439 6.77796 1.65
    endloop
  endfacet
  facet normal -0 0 1
    outer loop
      vertex -12.3057 8.22243 1.65
      vertex -10.1439 6.77796 1.65
      vertex -11.4405 9.38901 1.65
    endloop
  endfacet
  facet normal 0 0 1
    outer loop
      vertex -10.1439 6.77796 1.65
      vertex -12.3057 8.22243 1.65
      vertex -10.7594 5.75104 1.65
    endloop
  endfacet
  facet normal -0 0 1
    outer loop
      vertex -13.0524 6.97667 1.65
      vertex -10.7594 5.75104 1.65
      vertex -12.3057 8.22243 1.65
    endloop
  endfacet
  facet normal 0 0 1
    outer loop
      vertex -10.7594 5.75104 1.65
      vertex -13.0524 6.97667 1.65
      vertex -11.2713 4.66874 1.65
    endloop
  endfacet
  facet normal -0 0 1
    outer loop
      vertex -13.6734 5.66371 1.65
      vertex -11.2713 4.66874 1.65
      vertex -13.0524 6.97667 1.65
    endloop
  endfacet
  facet normal -0 0 1
    outer loop
      vertex -14.1627 4.29621 1.65
      vertex -11.6747 3.54147 1.65
      vertex -13.6734 5.66371 1.65
    endloop
  endfacet
  facet normal 0 0 1
    outer loop
      vertex -11.2713 4.66874 1.65
      vertex -13.6734 5.66371 1.65
      vertex -11.6747 3.54147 1.65
    endloop
  endfacet
  facet normal 0 0 1
    outer loop
      vertex 14.1627 -4.29621 1.65
      vertex 11.6747 -3.54147 1.65
      vertex 13.6734 -5.66371 1.65
    endloop
  endfacet
  facet normal -0 0 1
    outer loop
      vertex 11.2713 -4.66874 1.65
      vertex 13.6734 -5.66371 1.65
      vertex 11.6747 -3.54147 1.65
    endloop
  endfacet
  facet normal 0 0 1
    outer loop
      vertex 13.6734 -5.66371 1.65
      vertex 11.2713 -4.66874 1.65
      vertex 13.0524 -6.97667 1.65
    endloop
  endfacet
  facet normal -0 0 1
    outer loop
      vertex 10.7594 -5.75104 1.65
      vertex 13.0524 -6.97667 1.65
      vertex 11.2713 -4.66874 1.65
    endloop
  endfacet
  facet normal 0 0 1
    outer loop
      vertex 13.0524 -6.97667 1.65
      vertex 10.7594 -5.75104 1.65
      vertex 12.3057 -8.22243 1.65
    endloop
  endfacet
  facet normal -0 0 1
    outer loop
      vertex 10.1439 -6.77796 1.65
      vertex 12.3057 -8.22243 1.65
      vertex 10.7594 -5.75104 1.65
    endloop
  endfacet
  facet normal 0 0 1
    outer loop
      vertex 12.3057 -8.22243 1.65
      vertex 10.1439 -6.77796 1.65
      vertex 11.4405 -9.38901 1.65
    endloop
  endfacet
  facet normal -0 0 1
    outer loop
      vertex 9.43073 -7.7396 1.65
      vertex 11.4405 -9.38901 1.65
      vertex 10.1439 -6.77796 1.65
    endloop
  endfacet
  facet normal 0 0 1
    outer loop
      vertex 11.4405 -9.38901 1.65
      vertex 9.43073 -7.7396 1.65
      vertex 10.4652 -10.4652 1.65
    endloop
  endfacet
  facet normal -0 0 1
    outer loop
      vertex 8.6267 -8.6267 1.65
      vertex 10.4652 -10.4652 1.65
      vertex 9.43073 -7.7396 1.65
    endloop
  endfacet
  facet normal 0 0 1
    outer loop
      vertex 10.4652 -10.4652 1.65
      vertex 8.6267 -8.6267 1.65
      vertex 9.38901 -11.4405 1.65
    endloop
  endfacet
  facet normal -0 0 1
    outer loop
      vertex 7.7396 -9.43073 1.65
      vertex 9.38901 -11.4405 1.65
      vertex 8.6267 -8.6267 1.65
    endloop
  endfacet
  facet normal 0 0 1
    outer loop
      vertex 9.38901 -11.4405 1.65
      vertex 7.7396 -9.43073 1.65
      vertex 8.22243 -12.3057 1.65
    endloop
  endfacet
  facet normal -0 0 1
    outer loop
      vertex 6.77796 -10.1439 1.65
      vertex 8.22243 -12.3057 1.65
      vertex 7.7396 -9.43073 1.65
    endloop
  endfacet
  facet normal 0 0 1
    outer loop
      vertex 8.22243 -12.3057 1.65
      vertex 6.77796 -10.1439 1.65
      vertex 6.97667 -13.0524 1.65
    endloop
  endfacet
  facet normal -0 0 1
    outer loop
      vertex 5.75104 -10.7594 1.65
      vertex 6.97667 -13.0524 1.65
      vertex 6.77796 -10.1439 1.65
    endloop
  endfacet
  facet normal 0 0 1
    outer loop
      vertex 5.75104 -10.7594 1.65
      vertex 5.66371 -13.6734 1.65
      vertex 6.97667 -13.0524 1.65
    endloop
  endfacet
  facet normal -0 0 1
    outer loop
      vertex 4.66874 -11.2713 1.65
      vertex 5.66371 -13.6734 1.65
      vertex 5.75104 -10.7594 1.65
    endloop
  endfacet
  facet normal 0 0 1
    outer loop
      vertex 4.66874 -11.2713 1.65
      vertex 4.29621 -14.1627 1.65
      vertex 5.66371 -13.6734 1.65
    endloop
  endfacet
  facet normal -0 0 1
    outer loop
      vertex 3.54147 -11.6747 1.65
      vertex 4.29621 -14.1627 1.65
      vertex 4.66874 -11.2713 1.65
    endloop
  endfacet
  facet normal 0 0 1
    outer loop
      vertex 3.54147 -11.6747 1.65
      vertex 2.88733 -14.5156 1.65
      vertex 4.29621 -14.1627 1.65
    endloop
  endfacet
  facet normal -0 0 1
    outer loop
      vertex 2.3801 -11.9656 1.65
      vertex 2.88733 -14.5156 1.65
      vertex 3.54147 -11.6747 1.65
    endloop
  endfacet
  facet normal 0 0 1
    outer loop
      vertex 2.3801 -11.9656 1.65
      vertex 1.45065 -14.7287 1.65
      vertex 2.88733 -14.5156 1.65
    endloop
  endfacet
  facet normal -0 0 1
    outer loop
      vertex 1.19581 -12.1413 1.65
      vertex 1.45065 -14.7287 1.65
      vertex 2.3801 -11.9656 1.65
    endloop
  endfacet
  facet normal -0 0 1
    outer loop
      vertex 0 -12.2 1.65
      vertex 1.45065 -14.7287 1.65
      vertex 1.19581 -12.1413 1.65
    endloop
  endfacet
  facet normal 0 0 1
    outer loop
      vertex 0 -12.2 1.65
      vertex 0 -14.8 1.65
      vertex 1.45065 -14.7287 1.65
    endloop
  endfacet
  facet normal 0 0 1
    outer loop
      vertex -1.19581 -12.1413 1.65
      vertex 0 -14.8 1.65
      vertex 0 -12.2 1.65
    endloop
  endfacet
  facet normal 0 0 1
    outer loop
      vertex -1.19581 -12.1413 1.65
      vertex -1.45065 -14.7287 1.65
      vertex 0 -14.8 1.65
    endloop
  endfacet
  facet normal 0 0 1
    outer loop
      vertex -2.3801 -11.9656 1.65
      vertex -1.45065 -14.7287 1.65
      vertex -1.19581 -12.1413 1.65
    endloop
  endfacet
  facet normal 0 0 1
    outer loop
      vertex -2.3801 -11.9656 1.65
      vertex -2.88733 -14.5156 1.65
      vertex -1.45065 -14.7287 1.65
    endloop
  endfacet
  facet normal 0 0 1
    outer loop
      vertex -3.54147 -11.6747 1.65
      vertex -2.88733 -14.5156 1.65
      vertex -2.3801 -11.9656 1.65
    endloop
  endfacet
  facet normal 0 0 1
    outer loop
      vertex -3.54147 -11.6747 1.65
      vertex -4.29621 -14.1627 1.65
      vertex -2.88733 -14.5156 1.65
    endloop
  endfacet
  facet normal 0 0 1
    outer loop
      vertex -4.66874 -11.2713 1.65
      vertex -4.29621 -14.1627 1.65
      vertex -3.54147 -11.6747 1.65
    endloop
  endfacet
  facet normal 0 0 1
    outer loop
      vertex -4.66874 -11.2713 1.65
      vertex -5.66371 -13.6734 1.65
      vertex -4.29621 -14.1627 1.65
    endloop
  endfacet
  facet normal 0 0 1
    outer loop
      vertex -5.75104 -10.7594 1.65
      vertex -5.66371 -13.6734 1.65
      vertex -4.66874 -11.2713 1.65
    endloop
  endfacet
  facet normal 0 0 1
    outer loop
      vertex -6.97667 -13.0524 1.65
      vertex -5.75104 -10.7594 1.65
      vertex -6.77796 -10.1439 1.65
    endloop
  endfacet
  facet normal 0 0 1
    outer loop
      vertex -5.75104 -10.7594 1.65
      vertex -6.97667 -13.0524 1.65
      vertex -5.66371 -13.6734 1.65
    endloop
  endfacet
  facet normal 0 0 1
    outer loop
      vertex -8.22243 -12.3057 1.65
      vertex -6.77796 -10.1439 1.65
      vertex -7.7396 -9.43073 1.65
    endloop
  endfacet
  facet normal 0 0 1
    outer loop
      vertex -6.77796 -10.1439 1.65
      vertex -8.22243 -12.3057 1.65
      vertex -6.97667 -13.0524 1.65
    endloop
  endfacet
  facet normal 0 0 1
    outer loop
      vertex -9.38901 -11.4405 1.65
      vertex -7.7396 -9.43073 1.65
      vertex -8.6267 -8.6267 1.65
    endloop
  endfacet
  facet normal 0 0 1
    outer loop
      vertex -7.7396 -9.43073 1.65
      vertex -9.38901 -11.4405 1.65
      vertex -8.22243 -12.3057 1.65
    endloop
  endfacet
  facet normal 0 0 1
    outer loop
      vertex -10.4652 -10.4652 1.65
      vertex -8.6267 -8.6267 1.65
      vertex -9.43073 -7.7396 1.65
    endloop
  endfacet
  facet normal 0 0 1
    outer loop
      vertex -11.4405 -9.38901 1.65
      vertex -9.43073 -7.7396 1.65
      vertex -10.1439 -6.77796 1.65
    endloop
  endfacet
  facet normal 0 0 1
    outer loop
      vertex -8.6267 -8.6267 1.65
      vertex -10.4652 -10.4652 1.65
      vertex -9.38901 -11.4405 1.65
    endloop
  endfacet
  facet normal 0 0 1
    outer loop
      vertex -12.3057 -8.22243 1.65
      vertex -10.1439 -6.77796 1.65
      vertex -10.7594 -5.75104 1.65
    endloop
  endfacet
  facet normal 0 0 1
    outer loop
      vertex -13.0524 -6.97667 1.65
      vertex -10.7594 -5.75104 1.65
      vertex -11.2713 -4.66874 1.65
    endloop
  endfacet
  facet normal 0 0 1
    outer loop
      vertex -9.43073 -7.7396 1.65
      vertex -11.4405 -9.38901 1.65
      vertex -10.4652 -10.4652 1.65
    endloop
  endfacet
  facet normal 0 0 1
    outer loop
      vertex -13.6734 -5.66371 1.65
      vertex -11.2713 -4.66874 1.65
      vertex -11.6747 -3.54147 1.65
    endloop
  endfacet
  facet normal 0 0 1
    outer loop
      vertex -14.1627 -4.29621 1.65
      vertex -11.6747 -3.54147 1.65
      vertex -11.9656 -2.3801 1.65
    endloop
  endfacet
  facet normal 0 0 1
    outer loop
      vertex -14.5156 -2.88733 1.65
      vertex -11.9656 -2.3801 1.65
      vertex -12.1413 -1.19581 1.65
    endloop
  endfacet
  facet normal 0 0 1
    outer loop
      vertex -10.1439 -6.77796 1.65
      vertex -12.3057 -8.22243 1.65
      vertex -11.4405 -9.38901 1.65
    endloop
  endfacet
  facet normal 0 0 1
    outer loop
      vertex -14.7287 -1.45065 1.65
      vertex -12.1413 -1.19581 1.65
      vertex -12.2 0 1.65
    endloop
  endfacet
  facet normal 0 0 1
    outer loop
      vertex -11.6747 3.54147 1.65
      vertex -14.1627 4.29621 1.65
      vertex -11.9656 2.3801 1.65
    endloop
  endfacet
  facet normal -0 0 1
    outer loop
      vertex -14.5156 2.88733 1.65
      vertex -11.9656 2.3801 1.65
      vertex -14.1627 4.29621 1.65
    endloop
  endfacet
  facet normal 0 0 1
    outer loop
      vertex -10.7594 -5.75104 1.65
      vertex -13.0524 -6.97667 1.65
      vertex -12.3057 -8.22243 1.65
    endloop
  endfacet
  facet normal 0 0 1
    outer loop
      vertex -11.9656 2.3801 1.65
      vertex -14.5156 2.88733 1.65
      vertex -12.1413 1.19581 1.65
    endloop
  endfacet
  facet normal 0 0 1
    outer loop
      vertex -11.2713 -4.66874 1.65
      vertex -13.6734 -5.66371 1.65
      vertex -13.0524 -6.97667 1.65
    endloop
  endfacet
  facet normal -0 0 1
    outer loop
      vertex -14.7287 1.45065 1.65
      vertex -12.1413 1.19581 1.65
      vertex -14.5156 2.88733 1.65
    endloop
  endfacet
  facet normal 0 0 1
    outer loop
      vertex -11.6747 -3.54147 1.65
      vertex -14.1627 -4.29621 1.65
      vertex -13.6734 -5.66371 1.65
    endloop
  endfacet
  facet normal 0 0 1
    outer loop
      vertex -12.1413 1.19581 1.65
      vertex -14.7287 1.45065 1.65
      vertex -12.2 0 1.65
    endloop
  endfacet
  facet normal 0 0 1
    outer loop
      vertex -11.9656 -2.3801 1.65
      vertex -14.5156 -2.88733 1.65
      vertex -14.1627 -4.29621 1.65
    endloop
  endfacet
  facet normal 0 0 1
    outer loop
      vertex -14.8 0 1.65
      vertex -12.2 0 1.65
      vertex -14.7287 1.45065 1.65
    endloop
  endfacet
  facet normal 0 0 1
    outer loop
      vertex -12.1413 -1.19581 1.65
      vertex -14.7287 -1.45065 1.65
      vertex -14.5156 -2.88733 1.65
    endloop
  endfacet
  facet normal 0 0 1
    outer loop
      vertex -12.2 0 1.65
      vertex -14.8 0 1.65
      vertex -14.7287 -1.45065 1.65
    endloop
  endfacet
  facet normal 0 0 -1
    outer loop
      vertex 12.2 0 5.35
      vertex 14.8 0 5.35
      vertex 14.7287 -1.45065 5.35
    endloop
  endfacet
  facet normal 0 0 -1
    outer loop
      vertex 12.1413 -1.19581 5.35
      vertex 14.7287 -1.45065 5.35
      vertex 14.5156 -2.88733 5.35
    endloop
  endfacet
  facet normal 0 0 -1
    outer loop
      vertex 14.8 0 5.35
      vertex 12.2 0 5.35
      vertex 14.7287 1.45065 5.35
    endloop
  endfacet
  facet normal 0 0 -1
    outer loop
      vertex 11.9656 -2.3801 5.35
      vertex 14.5156 -2.88733 5.35
      vertex 14.1627 -4.29621 5.35
    endloop
  endfacet
  facet normal 0 0 -1
    outer loop
      vertex 12.1413 1.19581 5.35
      vertex 14.7287 1.45065 5.35
      vertex 12.2 0 5.35
    endloop
  endfacet
  facet normal 0 0 -1
    outer loop
      vertex 11.6747 -3.54147 5.35
      vertex 14.1627 -4.29621 5.35
      vertex 13.6734 -5.66371 5.35
    endloop
  endfacet
  facet normal -0 0 -1
    outer loop
      vertex 14.7287 1.45065 5.35
      vertex 12.1413 1.19581 5.35
      vertex 14.5156 2.88733 5.35
    endloop
  endfacet
  facet normal 0 0 -1
    outer loop
      vertex 11.2713 -4.66874 5.35
      vertex 13.6734 -5.66371 5.35
      vertex 13.0524 -6.97667 5.35
    endloop
  endfacet
  facet normal 0 0 -1
    outer loop
      vertex 11.9656 2.3801 5.35
      vertex 14.5156 2.88733 5.35
      vertex 12.1413 1.19581 5.35
    endloop
  endfacet
  facet normal 0 0 -1
    outer loop
      vertex 10.7594 -5.75104 5.35
      vertex 13.0524 -6.97667 5.35
      vertex 12.3057 -8.22243 5.35
    endloop
  endfacet
  facet normal -0 0 -1
    outer loop
      vertex 14.5156 2.88733 5.35
      vertex 11.9656 2.3801 5.35
      vertex 14.1627 4.29621 5.35
    endloop
  endfacet
  facet normal 0 0 -1
    outer loop
      vertex 11.6747 3.54147 5.35
      vertex 14.1627 4.29621 5.35
      vertex 11.9656 2.3801 5.35
    endloop
  endfacet
  facet normal 0 0 -1
    outer loop
      vertex 14.7287 -1.45065 5.35
      vertex 12.1413 -1.19581 5.35
      vertex 12.2 0 5.35
    endloop
  endfacet
  facet normal 0 0 -1
    outer loop
      vertex 14.5156 -2.88733 5.35
      vertex 11.9656 -2.3801 5.35
      vertex 12.1413 -1.19581 5.35
    endloop
  endfacet
  facet normal 0 0 -1
    outer loop
      vertex 14.1627 -4.29621 5.35
      vertex 11.6747 -3.54147 5.35
      vertex 11.9656 -2.3801 5.35
    endloop
  endfacet
  facet normal 0 0 -1
    outer loop
      vertex 10.1439 -6.77796 5.35
      vertex 12.3057 -8.22243 5.35
      vertex 11.4405 -9.38901 5.35
    endloop
  endfacet
  facet normal 0 0 -1
    outer loop
      vertex 13.6734 -5.66371 5.35
      vertex 11.2713 -4.66874 5.35
      vertex 11.6747 -3.54147 5.35
    endloop
  endfacet
  facet normal 0 0 -1
    outer loop
      vertex 13.0524 -6.97667 5.35
      vertex 10.7594 -5.75104 5.35
      vertex 11.2713 -4.66874 5.35
    endloop
  endfacet
  facet normal 0 0 -1
    outer loop
      vertex 9.43073 -7.7396 5.35
      vertex 11.4405 -9.38901 5.35
      vertex 10.4652 -10.4652 5.35
    endloop
  endfacet
  facet normal 0 0 -1
    outer loop
      vertex 12.3057 -8.22243 5.35
      vertex 10.1439 -6.77796 5.35
      vertex 10.7594 -5.75104 5.35
    endloop
  endfacet
  facet normal 0 0 -1
    outer loop
      vertex 11.4405 -9.38901 5.35
      vertex 9.43073 -7.7396 5.35
      vertex 10.1439 -6.77796 5.35
    endloop
  endfacet
  facet normal 0 0 -1
    outer loop
      vertex 8.6267 -8.6267 5.35
      vertex 10.4652 -10.4652 5.35
      vertex 9.38901 -11.4405 5.35
    endloop
  endfacet
  facet normal 0 0 -1
    outer loop
      vertex 10.4652 -10.4652 5.35
      vertex 8.6267 -8.6267 5.35
      vertex 9.43073 -7.7396 5.35
    endloop
  endfacet
  facet normal 0 0 -1
    outer loop
      vertex 7.7396 -9.43073 5.35
      vertex 9.38901 -11.4405 5.35
      vertex 8.22243 -12.3057 5.35
    endloop
  endfacet
  facet normal 0 0 -1
    outer loop
      vertex 9.38901 -11.4405 5.35
      vertex 7.7396 -9.43073 5.35
      vertex 8.6267 -8.6267 5.35
    endloop
  endfacet
  facet normal 0 0 -1
    outer loop
      vertex 6.77796 -10.1439 5.35
      vertex 8.22243 -12.3057 5.35
      vertex 6.97667 -13.0524 5.35
    endloop
  endfacet
  facet normal 0 0 -1
    outer loop
      vertex 8.22243 -12.3057 5.35
      vertex 6.77796 -10.1439 5.35
      vertex 7.7396 -9.43073 5.35
    endloop
  endfacet
  facet normal 0 0 -1
    outer loop
      vertex 6.97667 -13.0524 5.35
      vertex 5.75104 -10.7594 5.35
      vertex 6.77796 -10.1439 5.35
    endloop
  endfacet
  facet normal 0 0 -1
    outer loop
      vertex 5.66371 -13.6734 5.35
      vertex 5.75104 -10.7594 5.35
      vertex 6.97667 -13.0524 5.35
    endloop
  endfacet
  facet normal 0 0 -1
    outer loop
      vertex 5.66371 -13.6734 5.35
      vertex 4.66874 -11.2713 5.35
      vertex 5.75104 -10.7594 5.35
    endloop
  endfacet
  facet normal 0 0 -1
    outer loop
      vertex 4.29621 -14.1627 5.35
      vertex 4.66874 -11.2713 5.35
      vertex 5.66371 -13.6734 5.35
    endloop
  endfacet
  facet normal 0 0 -1
    outer loop
      vertex 4.29621 -14.1627 5.35
      vertex 3.54147 -11.6747 5.35
      vertex 4.66874 -11.2713 5.35
    endloop
  endfacet
  facet normal 0 0 -1
    outer loop
      vertex 2.88733 -14.5156 5.35
      vertex 3.54147 -11.6747 5.35
      vertex 4.29621 -14.1627 5.35
    endloop
  endfacet
  facet normal 0 0 -1
    outer loop
      vertex 2.88733 -14.5156 5.35
      vertex 2.3801 -11.9656 5.35
      vertex 3.54147 -11.6747 5.35
    endloop
  endfacet
  facet normal 0 0 -1
    outer loop
      vertex 1.45065 -14.7287 5.35
      vertex 2.3801 -11.9656 5.35
      vertex 2.88733 -14.5156 5.35
    endloop
  endfacet
  facet normal 0 0 -1
    outer loop
      vertex 1.45065 -14.7287 5.35
      vertex 1.19581 -12.1413 5.35
      vertex 2.3801 -11.9656 5.35
    endloop
  endfacet
  facet normal 0 0 -1
    outer loop
      vertex 0 -14.8 5.35
      vertex 1.19581 -12.1413 5.35
      vertex 1.45065 -14.7287 5.35
    endloop
  endfacet
  facet normal 0 0 -1
    outer loop
      vertex 0 -14.8 5.35
      vertex 0 -12.2 5.35
      vertex 1.19581 -12.1413 5.35
    endloop
  endfacet
  facet normal 0 0 -1
    outer loop
      vertex 0 -14.8 5.35
      vertex -1.19581 -12.1413 5.35
      vertex 0 -12.2 5.35
    endloop
  endfacet
  facet normal 0 0 -1
    outer loop
      vertex -1.45065 -14.7287 5.35
      vertex -1.19581 -12.1413 5.35
      vertex 0 -14.8 5.35
    endloop
  endfacet
  facet normal 0 0 -1
    outer loop
      vertex -1.45065 -14.7287 5.35
      vertex -2.3801 -11.9656 5.35
      vertex -1.19581 -12.1413 5.35
    endloop
  endfacet
  facet normal 0 0 -1
    outer loop
      vertex -2.88733 -14.5156 5.35
      vertex -2.3801 -11.9656 5.35
      vertex -1.45065 -14.7287 5.35
    endloop
  endfacet
  facet normal 0 0 -1
    outer loop
      vertex -2.88733 -14.5156 5.35
      vertex -3.54147 -11.6747 5.35
      vertex -2.3801 -11.9656 5.35
    endloop
  endfacet
  facet normal 0 0 -1
    outer loop
      vertex -4.29621 -14.1627 5.35
      vertex -3.54147 -11.6747 5.35
      vertex -2.88733 -14.5156 5.35
    endloop
  endfacet
  facet normal 0 0 -1
    outer loop
      vertex -4.29621 -14.1627 5.35
      vertex -4.66874 -11.2713 5.35
      vertex -3.54147 -11.6747 5.35
    endloop
  endfacet
  facet normal 0 0 -1
    outer loop
      vertex -5.66371 -13.6734 5.35
      vertex -4.66874 -11.2713 5.35
      vertex -4.29621 -14.1627 5.35
    endloop
  endfacet
  facet normal 0 0 -1
    outer loop
      vertex -5.66371 -13.6734 5.35
      vertex -5.75104 -10.7594 5.35
      vertex -4.66874 -11.2713 5.35
    endloop
  endfacet
  facet normal 0 0 -1
    outer loop
      vertex -6.97667 -13.0524 5.35
      vertex -5.75104 -10.7594 5.35
      vertex -5.66371 -13.6734 5.35
    endloop
  endfacet
  facet normal -0 0 -1
    outer loop
      vertex -5.75104 -10.7594 5.35
      vertex -6.97667 -13.0524 5.35
      vertex -6.77796 -10.1439 5.35
    endloop
  endfacet
  facet normal 0 0 -1
    outer loop
      vertex -8.22243 -12.3057 5.35
      vertex -6.77796 -10.1439 5.35
      vertex -6.97667 -13.0524 5.35
    endloop
  endfacet
  facet normal -0 0 -1
    outer loop
      vertex -6.77796 -10.1439 5.35
      vertex -8.22243 -12.3057 5.35
      vertex -7.7396 -9.43073 5.35
    endloop
  endfacet
  facet normal 0 0 -1
    outer loop
      vertex -9.38901 -11.4405 5.35
      vertex -7.7396 -9.43073 5.35
      vertex -8.22243 -12.3057 5.35
    endloop
  endfacet
  facet normal -0 0 -1
    outer loop
      vertex -7.7396 -9.43073 5.35
      vertex -9.38901 -11.4405 5.35
      vertex -8.6267 -8.6267 5.35
    endloop
  endfacet
  facet normal 0 0 -1
    outer loop
      vertex -10.4652 -10.4652 5.35
      vertex -8.6267 -8.6267 5.35
      vertex -9.38901 -11.4405 5.35
    endloop
  endfacet
  facet normal -0 0 -1
    outer loop
      vertex -8.6267 -8.6267 5.35
      vertex -10.4652 -10.4652 5.35
      vertex -9.43073 -7.7396 5.35
    endloop
  endfacet
  facet normal 0 0 -1
    outer loop
      vertex -11.4405 -9.38901 5.35
      vertex -9.43073 -7.7396 5.35
      vertex -10.4652 -10.4652 5.35
    endloop
  endfacet
  facet normal -0 0 -1
    outer loop
      vertex -9.43073 -7.7396 5.35
      vertex -11.4405 -9.38901 5.35
      vertex -10.1439 -6.77796 5.35
    endloop
  endfacet
  facet normal 0 0 -1
    outer loop
      vertex -12.3057 -8.22243 5.35
      vertex -10.1439 -6.77796 5.35
      vertex -11.4405 -9.38901 5.35
    endloop
  endfacet
  facet normal -0 0 -1
    outer loop
      vertex -10.1439 -6.77796 5.35
      vertex -12.3057 -8.22243 5.35
      vertex -10.7594 -5.75104 5.35
    endloop
  endfacet
  facet normal 0 0 -1
    outer loop
      vertex -13.0524 -6.97667 5.35
      vertex -10.7594 -5.75104 5.35
      vertex -12.3057 -8.22243 5.35
    endloop
  endfacet
  facet normal -0 0 -1
    outer loop
      vertex -10.7594 -5.75104 5.35
      vertex -13.0524 -6.97667 5.35
      vertex -11.2713 -4.66874 5.35
    endloop
  endfacet
  facet normal 0 0 -1
    outer loop
      vertex -13.6734 -5.66371 5.35
      vertex -11.2713 -4.66874 5.35
      vertex -13.0524 -6.97667 5.35
    endloop
  endfacet
  facet normal 0 0 -1
    outer loop
      vertex -14.1627 -4.29621 5.35
      vertex -11.6747 -3.54147 5.35
      vertex -13.6734 -5.66371 5.35
    endloop
  endfacet
  facet normal -0 0 -1
    outer loop
      vertex -11.2713 -4.66874 5.35
      vertex -13.6734 -5.66371 5.35
      vertex -11.6747 -3.54147 5.35
    endloop
  endfacet
  facet normal -0 0 -1
    outer loop
      vertex 14.1627 4.29621 5.35
      vertex 11.6747 3.54147 5.35
      vertex 13.6734 5.66371 5.35
    endloop
  endfacet
  facet normal 0 0 -1
    outer loop
      vertex 11.2713 4.66874 5.35
      vertex 13.6734 5.66371 5.35
      vertex 11.6747 3.54147 5.35
    endloop
  endfacet
  facet normal -0 0 -1
    outer loop
      vertex 13.6734 5.66371 5.35
      vertex 11.2713 4.66874 5.35
      vertex 13.0524 6.97667 5.35
    endloop
  endfacet
  facet normal 0 0 -1
    outer loop
      vertex 10.7594 5.75104 5.35
      vertex 13.0524 6.97667 5.35
      vertex 11.2713 4.66874 5.35
    endloop
  endfacet
  facet normal -0 0 -1
    outer loop
      vertex 13.0524 6.97667 5.35
      vertex 10.7594 5.75104 5.35
      vertex 12.3057 8.22243 5.35
    endloop
  endfacet
  facet normal 0 0 -1
    outer loop
      vertex 10.1439 6.77796 5.35
      vertex 12.3057 8.22243 5.35
      vertex 10.7594 5.75104 5.35
    endloop
  endfacet
  facet normal -0 0 -1
    outer loop
      vertex 12.3057 8.22243 5.35
      vertex 10.1439 6.77796 5.35
      vertex 11.4405 9.38901 5.35
    endloop
  endfacet
  facet normal 0 0 -1
    outer loop
      vertex 9.43073 7.7396 5.35
      vertex 11.4405 9.38901 5.35
      vertex 10.1439 6.77796 5.35
    endloop
  endfacet
  facet normal -0 0 -1
    outer loop
      vertex 11.4405 9.38901 5.35
      vertex 9.43073 7.7396 5.35
      vertex 10.4652 10.4652 5.35
    endloop
  endfacet
  facet normal 0 0 -1
    outer loop
      vertex 8.6267 8.6267 5.35
      vertex 10.4652 10.4652 5.35
      vertex 9.43073 7.7396 5.35
    endloop
  endfacet
  facet normal -0 0 -1
    outer loop
      vertex 10.4652 10.4652 5.35
      vertex 8.6267 8.6267 5.35
      vertex 9.38901 11.4405 5.35
    endloop
  endfacet
  facet normal 0 0 -1
    outer loop
      vertex 7.7396 9.43073 5.35
      vertex 9.38901 11.4405 5.35
      vertex 8.6267 8.6267 5.35
    endloop
  endfacet
  facet normal -0 0 -1
    outer loop
      vertex 9.38901 11.4405 5.35
      vertex 7.7396 9.43073 5.35
      vertex 8.22243 12.3057 5.35
    endloop
  endfacet
  facet normal 0 0 -1
    outer loop
      vertex 6.77796 10.1439 5.35
      vertex 8.22243 12.3057 5.35
      vertex 7.7396 9.43073 5.35
    endloop
  endfacet
  facet normal -0 0 -1
    outer loop
      vertex 8.22243 12.3057 5.35
      vertex 6.77796 10.1439 5.35
      vertex 6.97667 13.0524 5.35
    endloop
  endfacet
  facet normal 0 0 -1
    outer loop
      vertex 5.75104 10.7594 5.35
      vertex 6.97667 13.0524 5.35
      vertex 6.77796 10.1439 5.35
    endloop
  endfacet
  facet normal 0 0 -1
    outer loop
      vertex 5.75104 10.7594 5.35
      vertex 5.66371 13.6734 5.35
      vertex 6.97667 13.0524 5.35
    endloop
  endfacet
  facet normal 0 0 -1
    outer loop
      vertex 4.66874 11.2713 5.35
      vertex 5.66371 13.6734 5.35
      vertex 5.75104 10.7594 5.35
    endloop
  endfacet
  facet normal 0 0 -1
    outer loop
      vertex 4.66874 11.2713 5.35
      vertex 4.29621 14.1627 5.35
      vertex 5.66371 13.6734 5.35
    endloop
  endfacet
  facet normal 0 0 -1
    outer loop
      vertex 3.54147 11.6747 5.35
      vertex 4.29621 14.1627 5.35
      vertex 4.66874 11.2713 5.35
    endloop
  endfacet
  facet normal 0 0 -1
    outer loop
      vertex 3.54147 11.6747 5.35
      vertex 2.88733 14.5156 5.35
      vertex 4.29621 14.1627 5.35
    endloop
  endfacet
  facet normal 0 0 -1
    outer loop
      vertex 2.3801 11.9656 5.35
      vertex 2.88733 14.5156 5.35
      vertex 3.54147 11.6747 5.35
    endloop
  endfacet
  facet normal 0 0 -1
    outer loop
      vertex 2.3801 11.9656 5.35
      vertex 1.45065 14.7287 5.35
      vertex 2.88733 14.5156 5.35
    endloop
  endfacet
  facet normal 0 0 -1
    outer loop
      vertex 1.19581 12.1413 5.35
      vertex 1.45065 14.7287 5.35
      vertex 2.3801 11.9656 5.35
    endloop
  endfacet
  facet normal 0 0 -1
    outer loop
      vertex 0 12.2 5.35
      vertex 1.45065 14.7287 5.35
      vertex 1.19581 12.1413 5.35
    endloop
  endfacet
  facet normal 0 0 -1
    outer loop
      vertex 0 12.2 5.35
      vertex 0 14.8 5.35
      vertex 1.45065 14.7287 5.35
    endloop
  endfacet
  facet normal 0 0 -1
    outer loop
      vertex -1.19581 12.1413 5.35
      vertex 0 14.8 5.35
      vertex 0 12.2 5.35
    endloop
  endfacet
  facet normal 0 0 -1
    outer loop
      vertex -1.19581 12.1413 5.35
      vertex -1.45065 14.7287 5.35
      vertex 0 14.8 5.35
    endloop
  endfacet
  facet normal 0 0 -1
    outer loop
      vertex -2.3801 11.9656 5.35
      vertex -1.45065 14.7287 5.35
      vertex -1.19581 12.1413 5.35
    endloop
  endfacet
  facet normal 0 0 -1
    outer loop
      vertex -2.3801 11.9656 5.35
      vertex -2.88733 14.5156 5.35
      vertex -1.45065 14.7287 5.35
    endloop
  endfacet
  facet normal 0 0 -1
    outer loop
      vertex -3.54147 11.6747 5.35
      vertex -2.88733 14.5156 5.35
      vertex -2.3801 11.9656 5.35
    endloop
  endfacet
  facet normal 0 0 -1
    outer loop
      vertex -3.54147 11.6747 5.35
      vertex -4.29621 14.1627 5.35
      vertex -2.88733 14.5156 5.35
    endloop
  endfacet
  facet normal 0 0 -1
    outer loop
      vertex -4.66874 11.2713 5.35
      vertex -4.29621 14.1627 5.35
      vertex -3.54147 11.6747 5.35
    endloop
  endfacet
  facet normal 0 0 -1
    outer loop
      vertex -4.66874 11.2713 5.35
      vertex -5.66371 13.6734 5.35
      vertex -4.29621 14.1627 5.35
    endloop
  endfacet
  facet normal 0 0 -1
    outer loop
      vertex -5.75104 10.7594 5.35
      vertex -5.66371 13.6734 5.35
      vertex -4.66874 11.2713 5.35
    endloop
  endfacet
  facet normal 0 0 -1
    outer loop
      vertex -6.97667 13.0524 5.35
      vertex -5.75104 10.7594 5.35
      vertex -6.77796 10.1439 5.35
    endloop
  endfacet
  facet normal 0 0 -1
    outer loop
      vertex -5.75104 10.7594 5.35
      vertex -6.97667 13.0524 5.35
      vertex -5.66371 13.6734 5.35
    endloop
  endfacet
  facet normal 0 0 -1
    outer loop
      vertex -8.22243 12.3057 5.35
      vertex -6.77796 10.1439 5.35
      vertex -7.7396 9.43073 5.35
    endloop
  endfacet
  facet normal 0 0 -1
    outer loop
      vertex -6.77796 10.1439 5.35
      vertex -8.22243 12.3057 5.35
      vertex -6.97667 13.0524 5.35
    endloop
  endfacet
  facet normal 0 0 -1
    outer loop
      vertex -9.38901 11.4405 5.35
      vertex -7.7396 9.43073 5.35
      vertex -8.6267 8.6267 5.35
    endloop
  endfacet
  facet normal 0 0 -1
    outer loop
      vertex -7.7396 9.43073 5.35
      vertex -9.38901 11.4405 5.35
      vertex -8.22243 12.3057 5.35
    endloop
  endfacet
  facet normal 0 0 -1
    outer loop
      vertex -10.4652 10.4652 5.35
      vertex -8.6267 8.6267 5.35
      vertex -9.43073 7.7396 5.35
    endloop
  endfacet
  facet normal 0 0 -1
    outer loop
      vertex -11.4405 9.38901 5.35
      vertex -9.43073 7.7396 5.35
      vertex -10.1439 6.77796 5.35
    endloop
  endfacet
  facet normal 0 0 -1
    outer loop
      vertex -8.6267 8.6267 5.35
      vertex -10.4652 10.4652 5.35
      vertex -9.38901 11.4405 5.35
    endloop
  endfacet
  facet normal 0 0 -1
    outer loop
      vertex -12.3057 8.22243 5.35
      vertex -10.1439 6.77796 5.35
      vertex -10.7594 5.75104 5.35
    endloop
  endfacet
  facet normal 0 0 -1
    outer loop
      vertex -13.0524 6.97667 5.35
      vertex -10.7594 5.75104 5.35
      vertex -11.2713 4.66874 5.35
    endloop
  endfacet
  facet normal 0 0 -1
    outer loop
      vertex -9.43073 7.7396 5.35
      vertex -11.4405 9.38901 5.35
      vertex -10.4652 10.4652 5.35
    endloop
  endfacet
  facet normal 0 0 -1
    outer loop
      vertex -13.6734 5.66371 5.35
      vertex -11.2713 4.66874 5.35
      vertex -11.6747 3.54147 5.35
    endloop
  endfacet
  facet normal 0 0 -1
    outer loop
      vertex -14.1627 4.29621 5.35
      vertex -11.6747 3.54147 5.35
      vertex -11.9656 2.3801 5.35
    endloop
  endfacet
  facet normal 0 0 -1
    outer loop
      vertex -14.5156 2.88733 5.35
      vertex -11.9656 2.3801 5.35
      vertex -12.1413 1.19581 5.35
    endloop
  endfacet
  facet normal 0 0 -1
    outer loop
      vertex -10.1439 6.77796 5.35
      vertex -12.3057 8.22243 5.35
      vertex -11.4405 9.38901 5.35
    endloop
  endfacet
  facet normal 0 0 -1
    outer loop
      vertex -14.7287 1.45065 5.35
      vertex -12.1413 1.19581 5.35
      vertex -12.2 0 5.35
    endloop
  endfacet
  facet normal -0 0 -1
    outer loop
      vertex -11.6747 -3.54147 5.35
      vertex -14.1627 -4.29621 5.35
      vertex -11.9656 -2.3801 5.35
    endloop
  endfacet
  facet normal 0 0 -1
    outer loop
      vertex -14.5156 -2.88733 5.35
      vertex -11.9656 -2.3801 5.35
      vertex -14.1627 -4.29621 5.35
    endloop
  endfacet
  facet normal 0 0 -1
    outer loop
      vertex -10.7594 5.75104 5.35
      vertex -13.0524 6.97667 5.35
      vertex -12.3057 8.22243 5.35
    endloop
  endfacet
  facet normal -0 0 -1
    outer loop
      vertex -11.9656 -2.3801 5.35
      vertex -14.5156 -2.88733 5.35
      vertex -12.1413 -1.19581 5.35
    endloop
  endfacet
  facet normal 0 0 -1
    outer loop
      vertex -11.2713 4.66874 5.35
      vertex -13.6734 5.66371 5.35
      vertex -13.0524 6.97667 5.35
    endloop
  endfacet
  facet normal 0 0 -1
    outer loop
      vertex -14.7287 -1.45065 5.35
      vertex -12.1413 -1.19581 5.35
      vertex -14.5156 -2.88733 5.35
    endloop
  endfacet
  facet normal 0 0 -1
    outer loop
      vertex -11.6747 3.54147 5.35
      vertex -14.1627 4.29621 5.35
      vertex -13.6734 5.66371 5.35
    endloop
  endfacet
  facet normal -0 0 -1
    outer loop
      vertex -12.1413 -1.19581 5.35
      vertex -14.7287 -1.45065 5.35
      vertex -12.2 0 5.35
    endloop
  endfacet
  facet normal 0 0 -1
    outer loop
      vertex -11.9656 2.3801 5.35
      vertex -14.5156 2.88733 5.35
      vertex -14.1627 4.29621 5.35
    endloop
  endfacet
  facet normal 0 0 -1
    outer loop
      vertex -14.8 0 5.35
      vertex -12.2 0 5.35
      vertex -14.7287 -1.45065 5.35
    endloop
  endfacet
  facet normal 0 0 -1
    outer loop
      vertex -12.1413 1.19581 5.35
      vertex -14.7287 1.45065 5.35
      vertex -14.5156 2.88733 5.35
    endloop
  endfacet
  facet normal 0 0 -1
    outer loop
      vertex -12.2 0 5.35
      vertex -14.8 0 5.35
      vertex -14.7287 1.45065 5.35
    endloop
  endfacet
  facet normal 0.671563 0.740947 -0
    outer loop
      vertex 8.6267 8.6267 1.65
      vertex 7.7396 9.43073 5.35
      vertex 8.6267 8.6267 5.35
    endloop
  endfacet
  facet normal 0.671563 0.740947 0
    outer loop
      vertex 7.7396 9.43073 5.35
      vertex 8.6267 8.6267 1.65
      vertex 7.7396 9.43073 1.65
    endloop
  endfacet
  facet normal -0.336932 0.941529 0
    outer loop
      vertex -3.54147 11.6747 1.65
      vertex -4.66874 11.2713 5.35
      vertex -3.54147 11.6747 5.35
    endloop
  endfacet
  facet normal -0.336932 0.941529 0
    outer loop
      vertex -4.66874 11.2713 5.35
      vertex -3.54147 11.6747 1.65
      vertex -4.66874 11.2713 1.65
    endloop
  endfacet
  facet normal -0.903986 0.427562 0
    outer loop
      vertex -11.2713 4.66874 1.65
      vertex -10.7594 5.75104 5.35
      vertex -10.7594 5.75104 1.65
    endloop
  endfacet
  facet normal -0.903986 0.427562 0
    outer loop
      vertex -10.7594 5.75104 5.35
      vertex -11.2713 4.66874 1.65
      vertex -11.2713 4.66874 5.35
    endloop
  endfacet
  facet normal 0.941529 0.336932 0
    outer loop
      vertex 11.6747 3.54147 5.35
      vertex 11.2713 4.66874 1.65
      vertex 11.2713 4.66874 5.35
    endloop
  endfacet
  facet normal 0.941529 0.336932 0
    outer loop
      vertex 11.2713 4.66874 1.65
      vertex 11.6747 3.54147 5.35
      vertex 11.6747 3.54147 1.65
    endloop
  endfacet
  facet normal 0.989173 0.146753 0
    outer loop
      vertex 12.1413 1.19581 5.35
      vertex 11.9656 2.3801 1.65
      vertex 11.9656 2.3801 5.35
    endloop
  endfacet
  facet normal 0.989173 0.146753 0
    outer loop
      vertex 11.9656 2.3801 1.65
      vertex 12.1413 1.19581 5.35
      vertex 12.1413 1.19581 1.65
    endloop
  endfacet
  facet normal 0.903986 0.427562 0
    outer loop
      vertex 11.2713 4.66874 5.35
      vertex 10.7594 5.75104 1.65
      vertex 10.7594 5.75104 5.35
    endloop
  endfacet
  facet normal 0.903986 0.427562 0
    outer loop
      vertex 10.7594 5.75104 1.65
      vertex 11.2713 4.66874 5.35
      vertex 11.2713 4.66874 1.65
    endloop
  endfacet
  facet normal 0.427562 0.903986 -0
    outer loop
      vertex 5.75104 10.7594 1.65
      vertex 4.66874 11.2713 5.35
      vertex 5.75104 10.7594 5.35
    endloop
  endfacet
  facet normal 0.427562 0.903986 0
    outer loop
      vertex 4.66874 11.2713 5.35
      vertex 5.75104 10.7594 1.65
      vertex 4.66874 11.2713 1.65
    endloop
  endfacet
  facet normal -0.989173 0.146753 0
    outer loop
      vertex -12.1413 1.19581 1.65
      vertex -11.9656 2.3801 5.35
      vertex -11.9656 2.3801 1.65
    endloop
  endfacet
  facet normal -0.989173 0.146753 0
    outer loop
      vertex -11.9656 2.3801 5.35
      vertex -12.1413 1.19581 1.65
      vertex -12.1413 1.19581 5.35
    endloop
  endfacet
  facet normal -0.740947 0.671563 0
    outer loop
      vertex -9.43073 7.7396 1.65
      vertex -8.6267 8.6267 5.35
      vertex -8.6267 8.6267 1.65
    endloop
  endfacet
  facet normal -0.740947 0.671563 0
    outer loop
      vertex -8.6267 8.6267 5.35
      vertex -9.43073 7.7396 1.65
      vertex -9.43073 7.7396 5.35
    endloop
  endfacet
  facet normal -0.146753 0.989173 0
    outer loop
      vertex -1.19581 12.1413 1.65
      vertex -2.3801 11.9656 5.35
      vertex -1.19581 12.1413 5.35
    endloop
  endfacet
  facet normal -0.146753 0.989173 0
    outer loop
      vertex -2.3801 11.9656 5.35
      vertex -1.19581 12.1413 1.65
      vertex -2.3801 11.9656 1.65
    endloop
  endfacet
  facet normal 0.998797 -0.049029 0
    outer loop
      vertex 12.1413 -1.19581 5.35
      vertex 12.2 0 1.65
      vertex 12.2 0 5.35
    endloop
  endfacet
  facet normal 0.998797 -0.049029 0
    outer loop
      vertex 12.2 0 1.65
      vertex 12.1413 -1.19581 5.35
      vertex 12.1413 -1.19581 1.65
    endloop
  endfacet
  facet normal 0.740947 -0.671563 0
    outer loop
      vertex 8.6267 -8.6267 5.35
      vertex 9.43073 -7.7396 1.65
      vertex 9.43073 -7.7396 5.35
    endloop
  endfacet
  facet normal 0.740947 -0.671563 0
    outer loop
      vertex 9.43073 -7.7396 1.65
      vertex 8.6267 -8.6267 5.35
      vertex 8.6267 -8.6267 1.65
    endloop
  endfacet
  facet normal -0.146753 -0.989173 0
    outer loop
      vertex -2.3801 -11.9656 1.65
      vertex -1.19581 -12.1413 5.35
      vertex -2.3801 -11.9656 5.35
    endloop
  endfacet
  facet normal -0.146753 -0.989173 -0
    outer loop
      vertex -1.19581 -12.1413 5.35
      vertex -2.3801 -11.9656 1.65
      vertex -1.19581 -12.1413 1.65
    endloop
  endfacet
  facet normal -0.671563 -0.740947 0
    outer loop
      vertex -8.6267 -8.6267 1.65
      vertex -7.7396 -9.43073 5.35
      vertex -8.6267 -8.6267 5.35
    endloop
  endfacet
  facet normal -0.671563 -0.740947 -0
    outer loop
      vertex -7.7396 -9.43073 5.35
      vertex -8.6267 -8.6267 1.65
      vertex -7.7396 -9.43073 1.65
    endloop
  endfacet
  facet normal 0.970033 0.242974 0
    outer loop
      vertex 11.9656 2.3801 5.35
      vertex 11.6747 3.54147 1.65
      vertex 11.6747 3.54147 5.35
    endloop
  endfacet
  facet normal 0.970033 0.242974 0
    outer loop
      vertex 11.6747 3.54147 1.65
      vertex 11.9656 2.3801 5.35
      vertex 11.9656 2.3801 1.65
    endloop
  endfacet
  facet normal 0.80322 0.595683 0
    outer loop
      vertex 10.1439 6.77796 5.35
      vertex 9.43073 7.7396 1.65
      vertex 9.43073 7.7396 5.35
    endloop
  endfacet
  facet normal 0.80322 0.595683 0
    outer loop
      vertex 9.43073 7.7396 1.65
      vertex 10.1439 6.77796 5.35
      vertex 10.1439 6.77796 1.65
    endloop
  endfacet
  facet normal 0.857733 0.514095 0
    outer loop
      vertex 10.7594 5.75104 5.35
      vertex 10.1439 6.77796 1.65
      vertex 10.1439 6.77796 5.35
    endloop
  endfacet
  facet normal 0.857733 0.514095 0
    outer loop
      vertex 10.1439 6.77796 1.65
      vertex 10.7594 5.75104 5.35
      vertex 10.7594 5.75104 1.65
    endloop
  endfacet
  facet normal 0.740947 0.671563 0
    outer loop
      vertex 9.43073 7.7396 5.35
      vertex 8.6267 8.6267 1.65
      vertex 8.6267 8.6267 5.35
    endloop
  endfacet
  facet normal 0.740947 0.671563 0
    outer loop
      vertex 8.6267 8.6267 1.65
      vertex 9.43073 7.7396 5.35
      vertex 9.43073 7.7396 1.65
    endloop
  endfacet
  facet normal 0.595683 0.80322 -0
    outer loop
      vertex 7.7396 9.43073 1.65
      vertex 6.77796 10.1439 5.35
      vertex 7.7396 9.43073 5.35
    endloop
  endfacet
  facet normal 0.595683 0.80322 0
    outer loop
      vertex 6.77796 10.1439 5.35
      vertex 7.7396 9.43073 1.65
      vertex 6.77796 10.1439 1.65
    endloop
  endfacet
  facet normal 0.049029 0.998797 -0
    outer loop
      vertex 1.19581 12.1413 1.65
      vertex 0 12.2 5.35
      vertex 1.19581 12.1413 5.35
    endloop
  endfacet
  facet normal 0.049029 0.998797 0
    outer loop
      vertex 0 12.2 5.35
      vertex 1.19581 12.1413 1.65
      vertex 0 12.2 1.65
    endloop
  endfacet
  facet normal 0.514095 0.857733 -0
    outer loop
      vertex 6.77796 10.1439 1.65
      vertex 5.75104 10.7594 5.35
      vertex 6.77796 10.1439 5.35
    endloop
  endfacet
  facet normal 0.514095 0.857733 0
    outer loop
      vertex 5.75104 10.7594 5.35
      vertex 6.77796 10.1439 1.65
      vertex 5.75104 10.7594 1.65
    endloop
  endfacet
  facet normal 0.336932 0.941529 -0
    outer loop
      vertex 4.66874 11.2713 1.65
      vertex 3.54147 11.6747 5.35
      vertex 4.66874 11.2713 5.35
    endloop
  endfacet
  facet normal 0.336932 0.941529 0
    outer loop
      vertex 3.54147 11.6747 5.35
      vertex 4.66874 11.2713 1.65
      vertex 3.54147 11.6747 1.65
    endloop
  endfacet
  facet normal 0.242974 0.970033 -0
    outer loop
      vertex 3.54147 11.6747 1.65
      vertex 2.3801 11.9656 5.35
      vertex 3.54147 11.6747 5.35
    endloop
  endfacet
  facet normal 0.242974 0.970033 0
    outer loop
      vertex 2.3801 11.9656 5.35
      vertex 3.54147 11.6747 1.65
      vertex 2.3801 11.9656 1.65
    endloop
  endfacet
  facet normal -0.998797 0.049029 0
    outer loop
      vertex -12.2 0 1.65
      vertex -12.1413 1.19581 5.35
      vertex -12.1413 1.19581 1.65
    endloop
  endfacet
  facet normal -0.998797 0.049029 0
    outer loop
      vertex -12.1413 1.19581 5.35
      vertex -12.2 0 1.65
      vertex -12.2 0 5.35
    endloop
  endfacet
  facet normal -0.941529 0.336932 0
    outer loop
      vertex -11.6747 3.54147 1.65
      vertex -11.2713 4.66874 5.35
      vertex -11.2713 4.66874 1.65
    endloop
  endfacet
  facet normal -0.941529 0.336932 0
    outer loop
      vertex -11.2713 4.66874 5.35
      vertex -11.6747 3.54147 1.65
      vertex -11.6747 3.54147 5.35
    endloop
  endfacet
  facet normal -0.970033 0.242974 0
    outer loop
      vertex -11.9656 2.3801 1.65
      vertex -11.6747 3.54147 5.35
      vertex -11.6747 3.54147 1.65
    endloop
  endfacet
  facet normal -0.970033 0.242974 0
    outer loop
      vertex -11.6747 3.54147 5.35
      vertex -11.9656 2.3801 1.65
      vertex -11.9656 2.3801 5.35
    endloop
  endfacet
  facet normal -0.857733 0.514095 0
    outer loop
      vertex -10.7594 5.75104 1.65
      vertex -10.1439 6.77796 5.35
      vertex -10.1439 6.77796 1.65
    endloop
  endfacet
  facet normal -0.857733 0.514095 0
    outer loop
      vertex -10.1439 6.77796 5.35
      vertex -10.7594 5.75104 1.65
      vertex -10.7594 5.75104 5.35
    endloop
  endfacet
  facet normal -0.80322 0.595683 0
    outer loop
      vertex -10.1439 6.77796 1.65
      vertex -9.43073 7.7396 5.35
      vertex -9.43073 7.7396 1.65
    endloop
  endfacet
  facet normal -0.80322 0.595683 0
    outer loop
      vertex -9.43073 7.7396 5.35
      vertex -10.1439 6.77796 1.65
      vertex -10.1439 6.77796 5.35
    endloop
  endfacet
  facet normal -0.242974 0.970033 0
    outer loop
      vertex -2.3801 11.9656 1.65
      vertex -3.54147 11.6747 5.35
      vertex -2.3801 11.9656 5.35
    endloop
  endfacet
  facet normal -0.242974 0.970033 0
    outer loop
      vertex -3.54147 11.6747 5.35
      vertex -2.3801 11.9656 1.65
      vertex -3.54147 11.6747 1.65
    endloop
  endfacet
  facet normal -0.049029 0.998797 0
    outer loop
      vertex 0 12.2 1.65
      vertex -1.19581 12.1413 5.35
      vertex 0 12.2 5.35
    endloop
  endfacet
  facet normal -0.049029 0.998797 0
    outer loop
      vertex -1.19581 12.1413 5.35
      vertex 0 12.2 1.65
      vertex -1.19581 12.1413 1.65
    endloop
  endfacet
  facet normal -0.514095 0.857733 0
    outer loop
      vertex -5.75104 10.7594 1.65
      vertex -6.77796 10.1439 5.35
      vertex -5.75104 10.7594 5.35
    endloop
  endfacet
  facet normal -0.514095 0.857733 0
    outer loop
      vertex -6.77796 10.1439 5.35
      vertex -5.75104 10.7594 1.65
      vertex -6.77796 10.1439 1.65
    endloop
  endfacet
  facet normal -0.595683 0.80322 0
    outer loop
      vertex -6.77796 10.1439 1.65
      vertex -7.7396 9.43073 5.35
      vertex -6.77796 10.1439 5.35
    endloop
  endfacet
  facet normal -0.595683 0.80322 0
    outer loop
      vertex -7.7396 9.43073 5.35
      vertex -6.77796 10.1439 1.65
      vertex -7.7396 9.43073 1.65
    endloop
  endfacet
  facet normal -0.427562 0.903986 0
    outer loop
      vertex -4.66874 11.2713 1.65
      vertex -5.75104 10.7594 5.35
      vertex -4.66874 11.2713 5.35
    endloop
  endfacet
  facet normal -0.427562 0.903986 0
    outer loop
      vertex -5.75104 10.7594 5.35
      vertex -4.66874 11.2713 1.65
      vertex -5.75104 10.7594 1.65
    endloop
  endfacet
  facet normal -0.671563 0.740947 0
    outer loop
      vertex -7.7396 9.43073 1.65
      vertex -8.6267 8.6267 5.35
      vertex -7.7396 9.43073 5.35
    endloop
  endfacet
  facet normal -0.671563 0.740947 0
    outer loop
      vertex -8.6267 8.6267 5.35
      vertex -7.7396 9.43073 1.65
      vertex -8.6267 8.6267 1.65
    endloop
  endfacet
  facet normal 0.998797 0.049029 0
    outer loop
      vertex 12.2 0 5.35
      vertex 12.1413 1.19581 1.65
      vertex 12.1413 1.19581 5.35
    endloop
  endfacet
  facet normal 0.998797 0.049029 0
    outer loop
      vertex 12.1413 1.19581 1.65
      vertex 12.2 0 5.35
      vertex 12.2 0 1.65
    endloop
  endfacet
  facet normal 0.049029 -0.998797 0
    outer loop
      vertex 0 -12.2 1.65
      vertex 1.19581 -12.1413 5.35
      vertex 0 -12.2 5.35
    endloop
  endfacet
  facet normal 0.049029 -0.998797 0
    outer loop
      vertex 1.19581 -12.1413 5.35
      vertex 0 -12.2 1.65
      vertex 1.19581 -12.1413 1.65
    endloop
  endfacet
  facet normal 0.146753 -0.989173 0
    outer loop
      vertex 1.19581 -12.1413 1.65
      vertex 2.3801 -11.9656 5.35
      vertex 1.19581 -12.1413 5.35
    endloop
  endfacet
  facet normal 0.146753 -0.989173 0
    outer loop
      vertex 2.3801 -11.9656 5.35
      vertex 1.19581 -12.1413 1.65
      vertex 2.3801 -11.9656 1.65
    endloop
  endfacet
  facet normal 0.242974 -0.970033 0
    outer loop
      vertex 2.3801 -11.9656 1.65
      vertex 3.54147 -11.6747 5.35
      vertex 2.3801 -11.9656 5.35
    endloop
  endfacet
  facet normal 0.242974 -0.970033 0
    outer loop
      vertex 3.54147 -11.6747 5.35
      vertex 2.3801 -11.9656 1.65
      vertex 3.54147 -11.6747 1.65
    endloop
  endfacet
  facet normal 0.595683 -0.80322 0
    outer loop
      vertex 6.77796 -10.1439 1.65
      vertex 7.7396 -9.43073 5.35
      vertex 6.77796 -10.1439 5.35
    endloop
  endfacet
  facet normal 0.595683 -0.80322 0
    outer loop
      vertex 7.7396 -9.43073 5.35
      vertex 6.77796 -10.1439 1.65
      vertex 7.7396 -9.43073 1.65
    endloop
  endfacet
  facet normal 0.427562 -0.903986 0
    outer loop
      vertex 4.66874 -11.2713 1.65
      vertex 5.75104 -10.7594 5.35
      vertex 4.66874 -11.2713 5.35
    endloop
  endfacet
  facet normal 0.427562 -0.903986 0
    outer loop
      vertex 5.75104 -10.7594 5.35
      vertex 4.66874 -11.2713 1.65
      vertex 5.75104 -10.7594 1.65
    endloop
  endfacet
  facet normal 0.857733 -0.514095 0
    outer loop
      vertex 10.1439 -6.77796 5.35
      vertex 10.7594 -5.75104 1.65
      vertex 10.7594 -5.75104 5.35
    endloop
  endfacet
  facet normal 0.857733 -0.514095 0
    outer loop
      vertex 10.7594 -5.75104 1.65
      vertex 10.1439 -6.77796 5.35
      vertex 10.1439 -6.77796 1.65
    endloop
  endfacet
  facet normal -0.049029 -0.998797 0
    outer loop
      vertex -1.19581 -12.1413 1.65
      vertex 0 -12.2 5.35
      vertex -1.19581 -12.1413 5.35
    endloop
  endfacet
  facet normal -0.049029 -0.998797 -0
    outer loop
      vertex 0 -12.2 5.35
      vertex -1.19581 -12.1413 1.65
      vertex 0 -12.2 1.65
    endloop
  endfacet
  facet normal -0.336932 -0.941529 0
    outer loop
      vertex -4.66874 -11.2713 1.65
      vertex -3.54147 -11.6747 5.35
      vertex -4.66874 -11.2713 5.35
    endloop
  endfacet
  facet normal -0.336932 -0.941529 -0
    outer loop
      vertex -3.54147 -11.6747 5.35
      vertex -4.66874 -11.2713 1.65
      vertex -3.54147 -11.6747 1.65
    endloop
  endfacet
  facet normal -0.514095 -0.857733 0
    outer loop
      vertex -6.77796 -10.1439 1.65
      vertex -5.75104 -10.7594 5.35
      vertex -6.77796 -10.1439 5.35
    endloop
  endfacet
  facet normal -0.514095 -0.857733 -0
    outer loop
      vertex -5.75104 -10.7594 5.35
      vertex -6.77796 -10.1439 1.65
      vertex -5.75104 -10.7594 1.65
    endloop
  endfacet
  facet normal -0.998797 -0.049029 0
    outer loop
      vertex -12.1413 -1.19581 1.65
      vertex -12.2 0 5.35
      vertex -12.2 0 1.65
    endloop
  endfacet
  facet normal -0.998797 -0.049029 0
    outer loop
      vertex -12.2 0 5.35
      vertex -12.1413 -1.19581 1.65
      vertex -12.1413 -1.19581 5.35
    endloop
  endfacet
  facet normal -0.970033 -0.242974 0
    outer loop
      vertex -11.6747 -3.54147 1.65
      vertex -11.9656 -2.3801 5.35
      vertex -11.9656 -2.3801 1.65
    endloop
  endfacet
  facet normal -0.970033 -0.242974 0
    outer loop
      vertex -11.9656 -2.3801 5.35
      vertex -11.6747 -3.54147 1.65
      vertex -11.6747 -3.54147 5.35
    endloop
  endfacet
  facet normal -0.989173 -0.146753 0
    outer loop
      vertex -11.9656 -2.3801 1.65
      vertex -12.1413 -1.19581 5.35
      vertex -12.1413 -1.19581 1.65
    endloop
  endfacet
  facet normal -0.989173 -0.146753 0
    outer loop
      vertex -12.1413 -1.19581 5.35
      vertex -11.9656 -2.3801 1.65
      vertex -11.9656 -2.3801 5.35
    endloop
  endfacet
  facet normal -0.80322 -0.595683 0
    outer loop
      vertex -9.43073 -7.7396 1.65
      vertex -10.1439 -6.77796 5.35
      vertex -10.1439 -6.77796 1.65
    endloop
  endfacet
  facet normal -0.80322 -0.595683 0
    outer loop
      vertex -10.1439 -6.77796 5.35
      vertex -9.43073 -7.7396 1.65
      vertex -9.43073 -7.7396 5.35
    endloop
  endfacet
  facet normal -0.903986 -0.427562 0
    outer loop
      vertex -10.7594 -5.75104 1.65
      vertex -11.2713 -4.66874 5.35
      vertex -11.2713 -4.66874 1.65
    endloop
  endfacet
  facet normal -0.903986 -0.427562 0
    outer loop
      vertex -11.2713 -4.66874 5.35
      vertex -10.7594 -5.75104 1.65
      vertex -10.7594 -5.75104 5.35
    endloop
  endfacet
  facet normal 0.146753 0.989173 -0
    outer loop
      vertex 2.3801 11.9656 1.65
      vertex 1.19581 12.1413 5.35
      vertex 2.3801 11.9656 5.35
    endloop
  endfacet
  facet normal 0.146753 0.989173 0
    outer loop
      vertex 1.19581 12.1413 5.35
      vertex 2.3801 11.9656 1.65
      vertex 1.19581 12.1413 1.65
    endloop
  endfacet
  facet normal 0.989173 -0.146753 0
    outer loop
      vertex 11.9656 -2.3801 5.35
      vertex 12.1413 -1.19581 1.65
      vertex 12.1413 -1.19581 5.35
    endloop
  endfacet
  facet normal 0.989173 -0.146753 0
    outer loop
      vertex 12.1413 -1.19581 1.65
      vertex 11.9656 -2.3801 5.35
      vertex 11.9656 -2.3801 1.65
    endloop
  endfacet
  facet normal 0.941529 -0.336932 0
    outer loop
      vertex 11.2713 -4.66874 5.35
      vertex 11.6747 -3.54147 1.65
      vertex 11.6747 -3.54147 5.35
    endloop
  endfacet
  facet normal 0.941529 -0.336932 0
    outer loop
      vertex 11.6747 -3.54147 1.65
      vertex 11.2713 -4.66874 5.35
      vertex 11.2713 -4.66874 1.65
    endloop
  endfacet
  facet normal 0.336932 -0.941529 0
    outer loop
      vertex 3.54147 -11.6747 1.65
      vertex 4.66874 -11.2713 5.35
      vertex 3.54147 -11.6747 5.35
    endloop
  endfacet
  facet normal 0.336932 -0.941529 0
    outer loop
      vertex 4.66874 -11.2713 5.35
      vertex 3.54147 -11.6747 1.65
      vertex 4.66874 -11.2713 1.65
    endloop
  endfacet
  facet normal 0.671563 -0.740947 0
    outer loop
      vertex 7.7396 -9.43073 1.65
      vertex 8.6267 -8.6267 5.35
      vertex 7.7396 -9.43073 5.35
    endloop
  endfacet
  facet normal 0.671563 -0.740947 0
    outer loop
      vertex 8.6267 -8.6267 5.35
      vertex 7.7396 -9.43073 1.65
      vertex 8.6267 -8.6267 1.65
    endloop
  endfacet
  facet normal 0.514095 -0.857733 0
    outer loop
      vertex 5.75104 -10.7594 1.65
      vertex 6.77796 -10.1439 5.35
      vertex 5.75104 -10.7594 5.35
    endloop
  endfacet
  facet normal 0.514095 -0.857733 0
    outer loop
      vertex 6.77796 -10.1439 5.35
      vertex 5.75104 -10.7594 1.65
      vertex 6.77796 -10.1439 1.65
    endloop
  endfacet
  facet normal 0.903986 -0.427562 0
    outer loop
      vertex 10.7594 -5.75104 5.35
      vertex 11.2713 -4.66874 1.65
      vertex 11.2713 -4.66874 5.35
    endloop
  endfacet
  facet normal 0.903986 -0.427562 0
    outer loop
      vertex 11.2713 -4.66874 1.65
      vertex 10.7594 -5.75104 5.35
      vertex 10.7594 -5.75104 1.65
    endloop
  endfacet
  facet normal 0.80322 -0.595683 0
    outer loop
      vertex 9.43073 -7.7396 5.35
      vertex 10.1439 -6.77796 1.65
      vertex 10.1439 -6.77796 5.35
    endloop
  endfacet
  facet normal 0.80322 -0.595683 0
    outer loop
      vertex 10.1439 -6.77796 1.65
      vertex 9.43073 -7.7396 5.35
      vertex 9.43073 -7.7396 1.65
    endloop
  endfacet
  facet normal -0.242974 -0.970033 0
    outer loop
      vertex -3.54147 -11.6747 1.65
      vertex -2.3801 -11.9656 5.35
      vertex -3.54147 -11.6747 5.35
    endloop
  endfacet
  facet normal -0.242974 -0.970033 -0
    outer loop
      vertex -2.3801 -11.9656 5.35
      vertex -3.54147 -11.6747 1.65
      vertex -2.3801 -11.9656 1.65
    endloop
  endfacet
  facet normal -0.427562 -0.903986 0
    outer loop
      vertex -5.75104 -10.7594 1.65
      vertex -4.66874 -11.2713 5.35
      vertex -5.75104 -10.7594 5.35
    endloop
  endfacet
  facet normal -0.427562 -0.903986 -0
    outer loop
      vertex -4.66874 -11.2713 5.35
      vertex -5.75104 -10.7594 1.65
      vertex -4.66874 -11.2713 1.65
    endloop
  endfacet
  facet normal -0.595683 -0.80322 0
    outer loop
      vertex -7.7396 -9.43073 1.65
      vertex -6.77796 -10.1439 5.35
      vertex -7.7396 -9.43073 5.35
    endloop
  endfacet
  facet normal -0.595683 -0.80322 -0
    outer loop
      vertex -6.77796 -10.1439 5.35
      vertex -7.7396 -9.43073 1.65
      vertex -6.77796 -10.1439 1.65
    endloop
  endfacet
  facet normal -0.941529 -0.336932 0
    outer loop
      vertex -11.2713 -4.66874 1.65
      vertex -11.6747 -3.54147 5.35
      vertex -11.6747 -3.54147 1.65
    endloop
  endfacet
  facet normal -0.941529 -0.336932 0
    outer loop
      vertex -11.6747 -3.54147 5.35
      vertex -11.2713 -4.66874 1.65
      vertex -11.2713 -4.66874 5.35
    endloop
  endfacet
  facet normal -0.857733 -0.514095 0
    outer loop
      vertex -10.1439 -6.77796 1.65
      vertex -10.7594 -5.75104 5.35
      vertex -10.7594 -5.75104 1.65
    endloop
  endfacet
  facet normal -0.857733 -0.514095 0
    outer loop
      vertex -10.7594 -5.75104 5.35
      vertex -10.1439 -6.77796 1.65
      vertex -10.1439 -6.77796 5.35
    endloop
  endfacet
  facet normal -0.740947 -0.671563 0
    outer loop
      vertex -8.6267 -8.6267 1.65
      vertex -9.43073 -7.7396 5.35
      vertex -9.43073 -7.7396 1.65
    endloop
  endfacet
  facet normal -0.740947 -0.671563 0
    outer loop
      vertex -9.43073 -7.7396 5.35
      vertex -8.6267 -8.6267 1.65
      vertex -8.6267 -8.6267 5.35
    endloop
  endfacet
  facet normal 0.970033 -0.242974 0
    outer loop
      vertex 11.6747 -3.54147 5.35
      vertex 11.9656 -2.3801 1.65
      vertex 11.9656 -2.3801 5.35
    endloop
  endfacet
  facet normal 0.970033 -0.242974 0
    outer loop
      vertex 11.9656 -2.3801 1.65
      vertex 11.6747 -3.54147 5.35
      vertex 11.6747 -3.54147 1.65
    endloop
  endfacet
  facet normal -0.998796 -0.0490481 0
    outer loop
      vertex 9.75 0 0
      vertex 9.73917 0.220538 7
      vertex 9.73917 0.220538 0
    endloop
  endfacet
  facet normal -0.998796 -0.0490481 0
    outer loop
      vertex 9.73917 0.220538 7
      vertex 9.75 0 0
      vertex 9.75 0 7
    endloop
  endfacet
  facet normal 0.0490476 -0.998796 0
    outer loop
      vertex 7.27946 2.23917 0
      vertex 7.5 2.25 7
      vertex 7.27946 2.23917 7
    endloop
  endfacet
  facet normal 0.0490476 -0.998796 0
    outer loop
      vertex 7.5 2.25 7
      vertex 7.27946 2.23917 0
      vertex 7.5 2.25 0
    endloop
  endfacet
  facet normal -0.0490476 0.998796 0
    outer loop
      vertex 7.72054 -2.23917 0
      vertex 7.5 -2.25 7
      vertex 7.72054 -2.23917 7
    endloop
  endfacet
  facet normal -0.0490476 0.998796 0
    outer loop
      vertex 7.5 -2.25 7
      vertex 7.72054 -2.23917 0
      vertex 7.5 -2.25 0
    endloop
  endfacet
  facet normal -0.67154 -0.740968 0
    outer loop
      vertex 8.92738 1.73927 0
      vertex 9.09099 1.59099 7
      vertex 8.92738 1.73927 7
    endloop
  endfacet
  facet normal -0.67154 -0.740968 -0
    outer loop
      vertex 9.09099 1.59099 7
      vertex 8.92738 1.73927 0
      vertex 9.09099 1.59099 0
    endloop
  endfacet
  facet normal 0.740968 -0.67154 0
    outer loop
      vertex 5.76073 1.42738 7
      vertex 5.90901 1.59099 0
      vertex 5.90901 1.59099 7
    endloop
  endfacet
  facet normal 0.740968 -0.67154 0
    outer loop
      vertex 5.90901 1.59099 0
      vertex 5.76073 1.42738 7
      vertex 5.76073 1.42738 0
    endloop
  endfacet
  facet normal 0.427578 -0.903978 0
    outer loop
      vertex 6.43936 1.98432 0
      vertex 6.63896 2.07873 7
      vertex 6.43936 1.98432 7
    endloop
  endfacet
  facet normal 0.427578 -0.903978 0
    outer loop
      vertex 6.63896 2.07873 7
      vertex 6.43936 1.98432 0
      vertex 6.63896 2.07873 0
    endloop
  endfacet
  facet normal -0.903981 -0.427573 0
    outer loop
      vertex 9.57873 0.861037 0
      vertex 9.48432 1.06064 7
      vertex 9.48432 1.06064 0
    endloop
  endfacet
  facet normal -0.903981 -0.427573 0
    outer loop
      vertex 9.48432 1.06064 7
      vertex 9.57873 0.861037 0
      vertex 9.57873 0.861037 7
    endloop
  endfacet
  facet normal -0.336899 -0.941541 0
    outer loop
      vertex 8.15314 2.15312 0
      vertex 8.36104 2.07873 7
      vertex 8.15314 2.15312 7
    endloop
  endfacet
  facet normal -0.336899 -0.941541 -0
    outer loop
      vertex 8.36104 2.07873 7
      vertex 8.15314 2.15312 0
      vertex 8.36104 2.07873 0
    endloop
  endfacet
  facet normal -0.514083 -0.857741 0
    outer loop
      vertex 8.56064 1.98432 0
      vertex 8.75003 1.87081 7
      vertex 8.56064 1.98432 7
    endloop
  endfacet
  facet normal -0.514083 -0.857741 -0
    outer loop
      vertex 8.75003 1.87081 7
      vertex 8.56064 1.98432 0
      vertex 8.75003 1.87081 0
    endloop
  endfacet
  facet normal 0.941539 -0.336903 0
    outer loop
      vertex 5.34688 0.65314 7
      vertex 5.42127 0.861037 0
      vertex 5.42127 0.861037 7
    endloop
  endfacet
  facet normal 0.941539 -0.336903 0
    outer loop
      vertex 5.42127 0.861037 0
      vertex 5.34688 0.65314 7
      vertex 5.34688 0.65314 0
    endloop
  endfacet
  facet normal 0.242973 -0.970033 0
    outer loop
      vertex 6.84686 2.15312 0
      vertex 7.06105 2.20677 7
      vertex 6.84686 2.15312 7
    endloop
  endfacet
  facet normal 0.242973 -0.970033 0
    outer loop
      vertex 7.06105 2.20677 7
      vertex 6.84686 2.15312 0
      vertex 7.06105 2.20677 0
    endloop
  endfacet
  facet normal -0.336899 0.941541 0
    outer loop
      vertex 8.36104 -2.07873 0
      vertex 8.15314 -2.15312 7
      vertex 8.36104 -2.07873 7
    endloop
  endfacet
  facet normal -0.336899 0.941541 0
    outer loop
      vertex 8.15314 -2.15312 7
      vertex 8.36104 -2.07873 0
      vertex 8.15314 -2.15312 0
    endloop
  endfacet
  facet normal -0.970033 -0.242975 0
    outer loop
      vertex 9.70677 0.438952 0
      vertex 9.65312 0.65314 7
      vertex 9.65312 0.65314 0
    endloop
  endfacet
  facet normal -0.970033 -0.242975 0
    outer loop
      vertex 9.65312 0.65314 7
      vertex 9.70677 0.438952 0
      vertex 9.70677 0.438952 7
    endloop
  endfacet
  facet normal -0.989176 -0.146736 0
    outer loop
      vertex 9.73917 0.220538 0
      vertex 9.70677 0.438952 7
      vertex 9.70677 0.438952 0
    endloop
  endfacet
  facet normal -0.989176 -0.146736 0
    outer loop
      vertex 9.70677 0.438952 7
      vertex 9.73917 0.220538 0
      vertex 9.73917 0.220538 7
    endloop
  endfacet
  facet normal -0.941539 -0.336903 0
    outer loop
      vertex 9.65312 0.65314 0
      vertex 9.57873 0.861037 7
      vertex 9.57873 0.861037 0
    endloop
  endfacet
  facet normal -0.941539 -0.336903 0
    outer loop
      vertex 9.57873 0.861037 7
      vertex 9.65312 0.65314 0
      vertex 9.65312 0.65314 7
    endloop
  endfacet
  facet normal -0.80319 -0.595723 0
    outer loop
      vertex 9.37081 1.25003 0
      vertex 9.23927 1.42738 7
      vertex 9.23927 1.42738 0
    endloop
  endfacet
  facet normal -0.80319 -0.595723 0
    outer loop
      vertex 9.23927 1.42738 7
      vertex 9.37081 1.25003 0
      vertex 9.37081 1.25003 7
    endloop
  endfacet
  facet normal -0.740968 -0.67154 0
    outer loop
      vertex 9.23927 1.42738 0
      vertex 9.09099 1.59099 7
      vertex 9.09099 1.59099 0
    endloop
  endfacet
  facet normal -0.740968 -0.67154 0
    outer loop
      vertex 9.09099 1.59099 7
      vertex 9.23927 1.42738 0
      vertex 9.23927 1.42738 7
    endloop
  endfacet
  facet normal -0.857741 -0.514083 0
    outer loop
      vertex 9.48432 1.06064 0
      vertex 9.37081 1.25003 7
      vertex 9.37081 1.25003 0
    endloop
  endfacet
  facet normal -0.857741 -0.514083 0
    outer loop
      vertex 9.37081 1.25003 7
      vertex 9.48432 1.06064 0
      vertex 9.48432 1.06064 7
    endloop
  endfacet
  facet normal -0.146739 -0.989175 0
    outer loop
      vertex 7.72054 2.23917 0
      vertex 7.93895 2.20677 7
      vertex 7.72054 2.23917 7
    endloop
  endfacet
  facet normal -0.146739 -0.989175 -0
    outer loop
      vertex 7.93895 2.20677 7
      vertex 7.72054 2.23917 0
      vertex 7.93895 2.20677 0
    endloop
  endfacet
  facet normal -0.242973 -0.970033 0
    outer loop
      vertex 7.93895 2.20677 0
      vertex 8.15314 2.15312 7
      vertex 7.93895 2.20677 7
    endloop
  endfacet
  facet normal -0.242973 -0.970033 -0
    outer loop
      vertex 8.15314 2.15312 7
      vertex 7.93895 2.20677 0
      vertex 8.15314 2.15312 0
    endloop
  endfacet
  facet normal -0.0490476 -0.998796 0
    outer loop
      vertex 7.5 2.25 0
      vertex 7.72054 2.23917 7
      vertex 7.5 2.25 7
    endloop
  endfacet
  facet normal -0.0490476 -0.998796 -0
    outer loop
      vertex 7.72054 2.23917 7
      vertex 7.5 2.25 0
      vertex 7.72054 2.23917 0
    endloop
  endfacet
  facet normal -0.427578 -0.903978 0
    outer loop
      vertex 8.36104 2.07873 0
      vertex 8.56064 1.98432 7
      vertex 8.36104 2.07873 7
    endloop
  endfacet
  facet normal -0.427578 -0.903978 -0
    outer loop
      vertex 8.56064 1.98432 7
      vertex 8.36104 2.07873 0
      vertex 8.56064 1.98432 0
    endloop
  endfacet
  facet normal -0.595723 -0.80319 0
    outer loop
      vertex 8.75003 1.87081 0
      vertex 8.92738 1.73927 7
      vertex 8.75003 1.87081 7
    endloop
  endfacet
  facet normal -0.595723 -0.80319 -0
    outer loop
      vertex 8.92738 1.73927 7
      vertex 8.75003 1.87081 0
      vertex 8.92738 1.73927 0
    endloop
  endfacet
  facet normal 0.989176 -0.146736 0
    outer loop
      vertex 5.26083 0.220538 7
      vertex 5.29323 0.438952 0
      vertex 5.29323 0.438952 7
    endloop
  endfacet
  facet normal 0.989176 -0.146736 0
    outer loop
      vertex 5.29323 0.438952 0
      vertex 5.26083 0.220538 7
      vertex 5.26083 0.220538 0
    endloop
  endfacet
  facet normal 0.857741 -0.514083 0
    outer loop
      vertex 5.51568 1.06064 7
      vertex 5.62919 1.25003 0
      vertex 5.62919 1.25003 7
    endloop
  endfacet
  facet normal 0.857741 -0.514083 0
    outer loop
      vertex 5.62919 1.25003 0
      vertex 5.51568 1.06064 7
      vertex 5.51568 1.06064 0
    endloop
  endfacet
  facet normal 0.80319 -0.595723 0
    outer loop
      vertex 5.62919 1.25003 7
      vertex 5.76073 1.42738 0
      vertex 5.76073 1.42738 7
    endloop
  endfacet
  facet normal 0.80319 -0.595723 0
    outer loop
      vertex 5.76073 1.42738 0
      vertex 5.62919 1.25003 7
      vertex 5.62919 1.25003 0
    endloop
  endfacet
  facet normal 0.903981 -0.427573 0
    outer loop
      vertex 5.42127 0.861037 7
      vertex 5.51568 1.06064 0
      vertex 5.51568 1.06064 7
    endloop
  endfacet
  facet normal 0.903981 -0.427573 0
    outer loop
      vertex 5.51568 1.06064 0
      vertex 5.42127 0.861037 7
      vertex 5.42127 0.861037 0
    endloop
  endfacet
  facet normal 0.970033 -0.242975 0
    outer loop
      vertex 5.29323 0.438952 7
      vertex 5.34688 0.65314 0
      vertex 5.34688 0.65314 7
    endloop
  endfacet
  facet normal 0.970033 -0.242975 0
    outer loop
      vertex 5.34688 0.65314 0
      vertex 5.29323 0.438952 7
      vertex 5.29323 0.438952 0
    endloop
  endfacet
  facet normal 0.998796 -0.0490481 0
    outer loop
      vertex 5.25 0 7
      vertex 5.26083 0.220538 0
      vertex 5.26083 0.220538 7
    endloop
  endfacet
  facet normal 0.998796 -0.0490481 0
    outer loop
      vertex 5.26083 0.220538 0
      vertex 5.25 0 7
      vertex 5.25 0 0
    endloop
  endfacet
  facet normal 0.595702 -0.803206 0
    outer loop
      vertex 6.07261 1.73927 0
      vertex 6.24997 1.87081 7
      vertex 6.07261 1.73927 7
    endloop
  endfacet
  facet normal 0.595702 -0.803206 0
    outer loop
      vertex 6.24997 1.87081 7
      vertex 6.07261 1.73927 0
      vertex 6.24997 1.87081 0
    endloop
  endfacet
  facet normal 0.514083 -0.857741 0
    outer loop
      vertex 6.24997 1.87081 0
      vertex 6.43936 1.98432 7
      vertex 6.24997 1.87081 7
    endloop
  endfacet
  facet normal 0.514083 -0.857741 0
    outer loop
      vertex 6.43936 1.98432 7
      vertex 6.24997 1.87081 0
      vertex 6.43936 1.98432 0
    endloop
  endfacet
  facet normal 0.671563 -0.740948 0
    outer loop
      vertex 5.90901 1.59099 0
      vertex 6.07261 1.73927 7
      vertex 5.90901 1.59099 7
    endloop
  endfacet
  facet normal 0.671563 -0.740948 0
    outer loop
      vertex 6.07261 1.73927 7
      vertex 5.90901 1.59099 0
      vertex 6.07261 1.73927 0
    endloop
  endfacet
  facet normal 0.336899 -0.941541 0
    outer loop
      vertex 6.63896 2.07873 0
      vertex 6.84686 2.15312 7
      vertex 6.63896 2.07873 7
    endloop
  endfacet
  facet normal 0.336899 -0.941541 0
    outer loop
      vertex 6.84686 2.15312 7
      vertex 6.63896 2.07873 0
      vertex 6.84686 2.15312 0
    endloop
  endfacet
  facet normal 0.146739 -0.989175 0
    outer loop
      vertex 7.06105 2.20677 0
      vertex 7.27946 2.23917 7
      vertex 7.06105 2.20677 7
    endloop
  endfacet
  facet normal 0.146739 -0.989175 0
    outer loop
      vertex 7.27946 2.23917 7
      vertex 7.06105 2.20677 0
      vertex 7.27946 2.23917 0
    endloop
  endfacet
  facet normal -0.998796 0.0490481 0
    outer loop
      vertex 9.73917 -0.220538 0
      vertex 9.75 0 7
      vertex 9.75 0 0
    endloop
  endfacet
  facet normal -0.998796 0.0490481 0
    outer loop
      vertex 9.75 0 7
      vertex 9.73917 -0.220538 0
      vertex 9.73917 -0.220538 7
    endloop
  endfacet
  facet normal -0.740968 0.67154 0
    outer loop
      vertex 9.09099 -1.59099 0
      vertex 9.23927 -1.42738 7
      vertex 9.23927 -1.42738 0
    endloop
  endfacet
  facet normal -0.740968 0.67154 0
    outer loop
      vertex 9.23927 -1.42738 7
      vertex 9.09099 -1.59099 0
      vertex 9.09099 -1.59099 7
    endloop
  endfacet
  facet normal 0.740968 0.67154 0
    outer loop
      vertex 5.90901 -1.59099 7
      vertex 5.76073 -1.42738 0
      vertex 5.76073 -1.42738 7
    endloop
  endfacet
  facet normal 0.740968 0.67154 0
    outer loop
      vertex 5.76073 -1.42738 0
      vertex 5.90901 -1.59099 7
      vertex 5.90901 -1.59099 0
    endloop
  endfacet
  facet normal 0.998796 0.0490481 0
    outer loop
      vertex 5.26083 -0.220538 7
      vertex 5.25 0 0
      vertex 5.25 0 7
    endloop
  endfacet
  facet normal 0.998796 0.0490481 0
    outer loop
      vertex 5.25 0 0
      vertex 5.26083 -0.220538 7
      vertex 5.26083 -0.220538 0
    endloop
  endfacet
  facet normal -0.941539 0.336903 0
    outer loop
      vertex 9.57873 -0.861037 0
      vertex 9.65312 -0.65314 7
      vertex 9.65312 -0.65314 0
    endloop
  endfacet
  facet normal -0.941539 0.336903 0
    outer loop
      vertex 9.65312 -0.65314 7
      vertex 9.57873 -0.861037 0
      vertex 9.57873 -0.861037 7
    endloop
  endfacet
  facet normal -0.970033 0.242975 0
    outer loop
      vertex 9.65312 -0.65314 0
      vertex 9.70677 -0.438952 7
      vertex 9.70677 -0.438952 0
    endloop
  endfacet
  facet normal -0.970033 0.242975 0
    outer loop
      vertex 9.70677 -0.438952 7
      vertex 9.65312 -0.65314 0
      vertex 9.65312 -0.65314 7
    endloop
  endfacet
  facet normal -0.67154 0.740968 0
    outer loop
      vertex 9.09099 -1.59099 0
      vertex 8.92738 -1.73927 7
      vertex 9.09099 -1.59099 7
    endloop
  endfacet
  facet normal -0.67154 0.740968 0
    outer loop
      vertex 8.92738 -1.73927 7
      vertex 9.09099 -1.59099 0
      vertex 8.92738 -1.73927 0
    endloop
  endfacet
  facet normal -0.903981 0.427573 0
    outer loop
      vertex 9.48432 -1.06064 0
      vertex 9.57873 -0.861037 7
      vertex 9.57873 -0.861037 0
    endloop
  endfacet
  facet normal -0.903981 0.427573 0
    outer loop
      vertex 9.57873 -0.861037 7
      vertex 9.48432 -1.06064 0
      vertex 9.48432 -1.06064 7
    endloop
  endfacet
  facet normal -0.80319 0.595723 0
    outer loop
      vertex 9.23927 -1.42738 0
      vertex 9.37081 -1.25003 7
      vertex 9.37081 -1.25003 0
    endloop
  endfacet
  facet normal -0.80319 0.595723 0
    outer loop
      vertex 9.37081 -1.25003 7
      vertex 9.23927 -1.42738 0
      vertex 9.23927 -1.42738 7
    endloop
  endfacet
  facet normal 0.80319 0.595723 0
    outer loop
      vertex 5.76073 -1.42738 7
      vertex 5.62919 -1.25003 0
      vertex 5.62919 -1.25003 7
    endloop
  endfacet
  facet normal 0.80319 0.595723 0
    outer loop
      vertex 5.62919 -1.25003 0
      vertex 5.76073 -1.42738 7
      vertex 5.76073 -1.42738 0
    endloop
  endfacet
  facet normal 0.941539 0.336903 0
    outer loop
      vertex 5.42127 -0.861037 7
      vertex 5.34688 -0.65314 0
      vertex 5.34688 -0.65314 7
    endloop
  endfacet
  facet normal 0.941539 0.336903 0
    outer loop
      vertex 5.34688 -0.65314 0
      vertex 5.42127 -0.861037 7
      vertex 5.42127 -0.861037 0
    endloop
  endfacet
  facet normal 0.989176 0.146736 0
    outer loop
      vertex 5.29323 -0.438952 7
      vertex 5.26083 -0.220538 0
      vertex 5.26083 -0.220538 7
    endloop
  endfacet
  facet normal 0.989176 0.146736 0
    outer loop
      vertex 5.26083 -0.220538 0
      vertex 5.29323 -0.438952 7
      vertex 5.29323 -0.438952 0
    endloop
  endfacet
  facet normal -0.427578 0.903978 0
    outer loop
      vertex 8.56064 -1.98432 0
      vertex 8.36104 -2.07873 7
      vertex 8.56064 -1.98432 7
    endloop
  endfacet
  facet normal -0.427578 0.903978 0
    outer loop
      vertex 8.36104 -2.07873 7
      vertex 8.56064 -1.98432 0
      vertex 8.36104 -2.07873 0
    endloop
  endfacet
  facet normal -0.989176 0.146736 0
    outer loop
      vertex 9.70677 -0.438952 0
      vertex 9.73917 -0.220538 7
      vertex 9.73917 -0.220538 0
    endloop
  endfacet
  facet normal -0.989176 0.146736 0
    outer loop
      vertex 9.73917 -0.220538 7
      vertex 9.70677 -0.438952 0
      vertex 9.70677 -0.438952 7
    endloop
  endfacet
  facet normal -0.514083 0.857741 0
    outer loop
      vertex 8.75003 -1.87081 0
      vertex 8.56064 -1.98432 7
      vertex 8.75003 -1.87081 7
    endloop
  endfacet
  facet normal -0.514083 0.857741 0
    outer loop
      vertex 8.56064 -1.98432 7
      vertex 8.75003 -1.87081 0
      vertex 8.56064 -1.98432 0
    endloop
  endfacet
  facet normal -0.595723 0.80319 0
    outer loop
      vertex 8.92738 -1.73927 0
      vertex 8.75003 -1.87081 7
      vertex 8.92738 -1.73927 7
    endloop
  endfacet
  facet normal -0.595723 0.80319 0
    outer loop
      vertex 8.75003 -1.87081 7
      vertex 8.92738 -1.73927 0
      vertex 8.75003 -1.87081 0
    endloop
  endfacet
  facet normal -0.857741 0.514083 0
    outer loop
      vertex 9.37081 -1.25003 0
      vertex 9.48432 -1.06064 7
      vertex 9.48432 -1.06064 0
    endloop
  endfacet
  facet normal -0.857741 0.514083 0
    outer loop
      vertex 9.48432 -1.06064 7
      vertex 9.37081 -1.25003 0
      vertex 9.37081 -1.25003 7
    endloop
  endfacet
  facet normal 0.0490476 0.998796 -0
    outer loop
      vertex 7.5 -2.25 0
      vertex 7.27946 -2.23917 7
      vertex 7.5 -2.25 7
    endloop
  endfacet
  facet normal 0.0490476 0.998796 0
    outer loop
      vertex 7.27946 -2.23917 7
      vertex 7.5 -2.25 0
      vertex 7.27946 -2.23917 0
    endloop
  endfacet
  facet normal 0.336899 0.941541 -0
    outer loop
      vertex 6.84686 -2.15312 0
      vertex 6.63896 -2.07873 7
      vertex 6.84686 -2.15312 7
    endloop
  endfacet
  facet normal 0.336899 0.941541 0
    outer loop
      vertex 6.63896 -2.07873 7
      vertex 6.84686 -2.15312 0
      vertex 6.63896 -2.07873 0
    endloop
  endfacet
  facet normal 0.146739 0.989175 -0
    outer loop
      vertex 7.27946 -2.23917 0
      vertex 7.06105 -2.20677 7
      vertex 7.27946 -2.23917 7
    endloop
  endfacet
  facet normal 0.146739 0.989175 0
    outer loop
      vertex 7.06105 -2.20677 7
      vertex 7.27946 -2.23917 0
      vertex 7.06105 -2.20677 0
    endloop
  endfacet
  facet normal 0.671563 0.740948 -0
    outer loop
      vertex 6.07261 -1.73927 0
      vertex 5.90901 -1.59099 7
      vertex 6.07261 -1.73927 7
    endloop
  endfacet
  facet normal 0.671563 0.740948 0
    outer loop
      vertex 5.90901 -1.59099 7
      vertex 6.07261 -1.73927 0
      vertex 5.90901 -1.59099 0
    endloop
  endfacet
  facet normal 0.857741 0.514083 0
    outer loop
      vertex 5.62919 -1.25003 7
      vertex 5.51568 -1.06064 0
      vertex 5.51568 -1.06064 7
    endloop
  endfacet
  facet normal 0.857741 0.514083 0
    outer loop
      vertex 5.51568 -1.06064 0
      vertex 5.62919 -1.25003 7
      vertex 5.62919 -1.25003 0
    endloop
  endfacet
  facet normal 0.903981 0.427573 0
    outer loop
      vertex 5.51568 -1.06064 7
      vertex 5.42127 -0.861037 0
      vertex 5.42127 -0.861037 7
    endloop
  endfacet
  facet normal 0.903981 0.427573 0
    outer loop
      vertex 5.42127 -0.861037 0
      vertex 5.51568 -1.06064 7
      vertex 5.51568 -1.06064 0
    endloop
  endfacet
  facet normal 0.970033 0.242975 0
    outer loop
      vertex 5.34688 -0.65314 7
      vertex 5.29323 -0.438952 0
      vertex 5.29323 -0.438952 7
    endloop
  endfacet
  facet normal 0.970033 0.242975 0
    outer loop
      vertex 5.29323 -0.438952 0
      vertex 5.34688 -0.65314 7
      vertex 5.34688 -0.65314 0
    endloop
  endfacet
  facet normal -0.242973 0.970033 0
    outer loop
      vertex 8.15314 -2.15312 0
      vertex 7.93895 -2.20677 7
      vertex 8.15314 -2.15312 7
    endloop
  endfacet
  facet normal -0.242973 0.970033 0
    outer loop
      vertex 7.93895 -2.20677 7
      vertex 8.15314 -2.15312 0
      vertex 7.93895 -2.20677 0
    endloop
  endfacet
  facet normal -0.146739 0.989175 0
    outer loop
      vertex 7.93895 -2.20677 0
      vertex 7.72054 -2.23917 7
      vertex 7.93895 -2.20677 7
    endloop
  endfacet
  facet normal -0.146739 0.989175 0
    outer loop
      vertex 7.72054 -2.23917 7
      vertex 7.93895 -2.20677 0
      vertex 7.72054 -2.23917 0
    endloop
  endfacet
  facet normal 0.595702 0.803206 -0
    outer loop
      vertex 6.24997 -1.87081 0
      vertex 6.07261 -1.73927 7
      vertex 6.24997 -1.87081 7
    endloop
  endfacet
  facet normal 0.595702 0.803206 0
    outer loop
      vertex 6.07261 -1.73927 7
      vertex 6.24997 -1.87081 0
      vertex 6.07261 -1.73927 0
    endloop
  endfacet
  facet normal 0.427578 0.903978 -0
    outer loop
      vertex 6.63896 -2.07873 0
      vertex 6.43936 -1.98432 7
      vertex 6.63896 -2.07873 7
    endloop
  endfacet
  facet normal 0.427578 0.903978 0
    outer loop
      vertex 6.43936 -1.98432 7
      vertex 6.63896 -2.07873 0
      vertex 6.43936 -1.98432 0
    endloop
  endfacet
  facet normal 0.242973 0.970033 -0
    outer loop
      vertex 7.06105 -2.20677 0
      vertex 6.84686 -2.15312 7
      vertex 7.06105 -2.20677 7
    endloop
  endfacet
  facet normal 0.242973 0.970033 0
    outer loop
      vertex 6.84686 -2.15312 7
      vertex 7.06105 -2.20677 0
      vertex 6.84686 -2.15312 0
    endloop
  endfacet
  facet normal 0.514083 0.857741 -0
    outer loop
      vertex 6.43936 -1.98432 0
      vertex 6.24997 -1.87081 7
      vertex 6.43936 -1.98432 7
    endloop
  endfacet
  facet normal 0.514083 0.857741 0
    outer loop
      vertex 6.24997 -1.87081 7
      vertex 6.43936 -1.98432 0
      vertex 6.24997 -1.87081 0
    endloop
  endfacet
  facet normal 0.0163942 -0.999866 0
    outer loop
      vertex 3.60284 8.74037 0
      vertex 3.82362 8.74399 7
      vertex 3.60284 8.74037 7
    endloop
  endfacet
  facet normal 0.0163942 -0.999866 0
    outer loop
      vertex 3.82362 8.74399 7
      vertex 3.60284 8.74037 0
      vertex 3.82362 8.74399 0
    endloop
  endfacet
  facet normal 0.646979 -0.762508 0
    outer loop
      vertex 2.21192 8.13738 0
      vertex 2.38029 8.28024 7
      vertex 2.21192 8.13738 7
    endloop
  endfacet
  facet normal 0.646979 -0.762508 0
    outer loop
      vertex 2.38029 8.28024 7
      vertex 2.21192 8.13738 0
      vertex 2.38029 8.28024 0
    endloop
  endfacet
  facet normal 0.996653 -0.0817486 0
    outer loop
      vertex 1.5012 6.56881 7
      vertex 1.51925 6.78887 0
      vertex 1.51925 6.78887 7
    endloop
  endfacet
  facet normal 0.996653 -0.0817486 0
    outer loop
      vertex 1.51925 6.78887 0
      vertex 1.5012 6.56881 7
      vertex 1.5012 6.56881 0
    endloop
  endfacet
  facet normal -0.996657 0.0817036 0
    outer loop
      vertex 5.98075 6.20151 0
      vertex 5.99879 6.42157 7
      vertex 5.99879 6.42157 0
    endloop
  endfacet
  facet normal -0.996657 0.0817036 0
    outer loop
      vertex 5.99879 6.42157 7
      vertex 5.98075 6.20151 0
      vertex 5.98075 6.20151 7
    endloop
  endfacet
  facet normal 0.456879 0.889529 -0
    outer loop
      vertex 2.82141 4.44575 0
      vertex 2.625 4.54663 7
      vertex 2.82141 4.44575 7
    endloop
  endfacet
  facet normal 0.456879 0.889529 0
    outer loop
      vertex 2.625 4.54663 7
      vertex 2.82141 4.44575 0
      vertex 2.625 4.54663 0
    endloop
  endfacet
  facet normal 0.762508 0.646979 0
    outer loop
      vertex 2.10781 4.95711 7
      vertex 1.96495 5.12548 0
      vertex 1.96495 5.12548 7
    endloop
  endfacet
  facet normal 0.762508 0.646979 0
    outer loop
      vertex 1.96495 5.12548 0
      vertex 2.10781 4.95711 7
      vertex 2.10781 4.95711 0
    endloop
  endfacet
  facet normal 0.977457 0.211134 0
    outer loop
      vertex 1.57667 5.91285 7
      vertex 1.53005 6.12868 0
      vertex 1.53005 6.12868 7
    endloop
  endfacet
  facet normal 0.977457 0.211134 0
    outer loop
      vertex 1.53005 6.12868 0
      vertex 1.57667 5.91285 7
      vertex 1.57667 5.91285 0
    endloop
  endfacet
  facet normal -0.76253 -0.646953 0
    outer loop
      vertex 5.53504 7.8649 0
      vertex 5.39219 8.03327 7
      vertex 5.39219 8.03327 0
    endloop
  endfacet
  facet normal -0.76253 -0.646953 0
    outer loop
      vertex 5.39219 8.03327 7
      vertex 5.53504 7.8649 0
      vertex 5.53504 7.8649 7
    endloop
  endfacet
  facet normal -0.983845 0.179025 0
    outer loop
      vertex 5.94122 5.98427 0
      vertex 5.98075 6.20151 7
      vertex 5.98075 6.20151 0
    endloop
  endfacet
  facet normal -0.983845 0.179025 0
    outer loop
      vertex 5.98075 6.20151 7
      vertex 5.94122 5.98427 0
      vertex 5.94122 5.98427 7
    endloop
  endfacet
  facet normal -0.367522 -0.930015 0
    outer loop
      vertex 4.47324 8.62578 0
      vertex 4.67859 8.54463 7
      vertex 4.47324 8.62578 7
    endloop
  endfacet
  facet normal -0.367522 -0.930015 -0
    outer loop
      vertex 4.67859 8.54463 7
      vertex 4.47324 8.62578 0
      vertex 4.67859 8.54463 0
    endloop
  endfacet
  facet normal 0.114263 -0.993451 0
    outer loop
      vertex 3.38348 8.71514 0
      vertex 3.60284 8.74037 7
      vertex 3.38348 8.71514 7
    endloop
  endfacet
  facet normal 0.114263 -0.993451 0
    outer loop
      vertex 3.60284 8.74037 7
      vertex 3.38348 8.71514 0
      vertex 3.60284 8.74037 0
    endloop
  endfacet
  facet normal 0.305883 -0.952069 0
    outer loop
      vertex 2.95744 8.60098 0
      vertex 3.16766 8.66852 7
      vertex 2.95744 8.60098 7
    endloop
  endfacet
  facet normal 0.305883 -0.952069 0
    outer loop
      vertex 3.16766 8.66852 7
      vertex 2.95744 8.60098 0
      vertex 3.16766 8.66852 0
    endloop
  endfacet
  facet normal 0.211143 -0.977455 0
    outer loop
      vertex 3.16766 8.66852 0
      vertex 3.38348 8.71514 7
      vertex 3.16766 8.66852 7
    endloop
  endfacet
  facet normal 0.211143 -0.977455 0
    outer loop
      vertex 3.38348 8.71514 7
      vertex 3.16766 8.66852 0
      vertex 3.38348 8.71514 0
    endloop
  endfacet
  facet normal 0.889529 -0.456879 0
    outer loop
      vertex 1.70056 7.42378 7
      vertex 1.80144 7.62019 0
      vertex 1.80144 7.62019 7
    endloop
  endfacet
  facet normal 0.889529 -0.456879 0
    outer loop
      vertex 1.80144 7.62019 0
      vertex 1.70056 7.42378 7
      vertex 1.70056 7.42378 0
    endloop
  endfacet
  facet normal 0.718561 -0.695464 0
    outer loop
      vertex 2.05836 7.97872 7
      vertex 2.21192 8.13738 0
      vertex 2.21192 8.13738 7
    endloop
  endfacet
  facet normal 0.718561 -0.695464 0
    outer loop
      vertex 2.21192 8.13738 0
      vertex 2.05836 7.97872 7
      vertex 2.05836 7.97872 0
    endloop
  endfacet
  facet normal 0.783271 -0.62168 0
    outer loop
      vertex 1.92109 7.80577 7
      vertex 2.05836 7.97872 0
      vertex 2.05836 7.97872 7
    endloop
  endfacet
  facet normal 0.783271 -0.62168 0
    outer loop
      vertex 2.05836 7.97872 0
      vertex 1.92109 7.80577 7
      vertex 1.92109 7.80577 0
    endloop
  endfacet
  facet normal 0.84046 -0.541874 0
    outer loop
      vertex 1.80144 7.62019 7
      vertex 1.92109 7.80577 0
      vertex 1.92109 7.80577 7
    endloop
  endfacet
  facet normal 0.84046 -0.541874 0
    outer loop
      vertex 1.92109 7.80577 0
      vertex 1.80144 7.62019 7
      vertex 1.80144 7.62019 0
    endloop
  endfacet
  facet normal 0.397764 -0.917488 0
    outer loop
      vertex 2.75485 8.51315 0
      vertex 2.95744 8.60098 7
      vertex 2.75485 8.51315 7
    endloop
  endfacet
  facet normal 0.397764 -0.917488 0
    outer loop
      vertex 2.95744 8.60098 7
      vertex 2.75485 8.51315 0
      vertex 2.95744 8.60098 0
    endloop
  endfacet
  facet normal 0.485739 -0.874104 0
    outer loop
      vertex 2.56185 8.4059 0
      vertex 2.75485 8.51315 7
      vertex 2.56185 8.4059 7
    endloop
  endfacet
  facet normal 0.485739 -0.874104 0
    outer loop
      vertex 2.75485 8.51315 7
      vertex 2.56185 8.4059 0
      vertex 2.75485 8.51315 0
    endloop
  endfacet
  facet normal 0.62168 0.783271 -0
    outer loop
      vertex 2.43942 4.66628 0
      vertex 2.26647 4.80355 7
      vertex 2.43942 4.66628 7
    endloop
  endfacet
  facet normal 0.62168 0.783271 0
    outer loop
      vertex 2.26647 4.80355 7
      vertex 2.43942 4.66628 0
      vertex 2.26647 4.80355 0
    endloop
  endfacet
  facet normal 0.695464 0.718561 -0
    outer loop
      vertex 2.26647 4.80355 0
      vertex 2.10781 4.95711 7
      vertex 2.26647 4.80355 7
    endloop
  endfacet
  facet normal 0.695464 0.718561 0
    outer loop
      vertex 2.10781 4.95711 7
      vertex 2.26647 4.80355 0
      vertex 2.10781 4.95711 0
    endloop
  endfacet
  facet normal 0.541874 0.84046 -0
    outer loop
      vertex 2.625 4.54663 0
      vertex 2.43942 4.66628 7
      vertex 2.625 4.54663 7
    endloop
  endfacet
  facet normal 0.541874 0.84046 0
    outer loop
      vertex 2.43942 4.66628 7
      vertex 2.625 4.54663 0
      vertex 2.43942 4.66628 0
    endloop
  endfacet
  facet normal 0.917488 0.397764 0
    outer loop
      vertex 1.73204 5.50004 7
      vertex 1.64421 5.70263 0
      vertex 1.64421 5.70263 7
    endloop
  endfacet
  facet normal 0.917488 0.397764 0
    outer loop
      vertex 1.64421 5.70263 0
      vertex 1.73204 5.50004 7
      vertex 1.73204 5.50004 0
    endloop
  endfacet
  facet normal 0.822267 0.569102 0
    outer loop
      vertex 1.96495 5.12548 7
      vertex 1.83929 5.30704 0
      vertex 1.83929 5.30704 7
    endloop
  endfacet
  facet normal 0.822267 0.569102 0
    outer loop
      vertex 1.83929 5.30704 0
      vertex 1.96495 5.12548 7
      vertex 1.96495 5.12548 0
    endloop
  endfacet
  facet normal 0.930015 -0.367522 0
    outer loop
      vertex 1.61941 7.21843 7
      vertex 1.70056 7.42378 0
      vertex 1.70056 7.42378 7
    endloop
  endfacet
  facet normal 0.930015 -0.367522 0
    outer loop
      vertex 1.70056 7.42378 0
      vertex 1.61941 7.21843 7
      vertex 1.61941 7.21843 0
    endloop
  endfacet
  facet normal 0.961563 -0.274584 0
    outer loop
      vertex 1.55878 7.00611 7
      vertex 1.61941 7.21843 0
      vertex 1.61941 7.21843 7
    endloop
  endfacet
  facet normal 0.961563 -0.274584 0
    outer loop
      vertex 1.61941 7.21843 0
      vertex 1.55878 7.00611 7
      vertex 1.55878 7.00611 0
    endloop
  endfacet
  facet normal 0.999866 0.0163942 0
    outer loop
      vertex 1.50482 6.34803 7
      vertex 1.5012 6.56881 0
      vertex 1.5012 6.56881 7
    endloop
  endfacet
  facet normal 0.999866 0.0163942 0
    outer loop
      vertex 1.5012 6.56881 0
      vertex 1.50482 6.34803 7
      vertex 1.50482 6.34803 0
    endloop
  endfacet
  facet normal -0.456879 -0.889529 0
    outer loop
      vertex 4.67859 8.54463 0
      vertex 4.875 8.44375 7
      vertex 4.67859 8.54463 7
    endloop
  endfacet
  facet normal -0.456879 -0.889529 -0
    outer loop
      vertex 4.875 8.44375 7
      vertex 4.67859 8.54463 0
      vertex 4.875 8.44375 0
    endloop
  endfacet
  facet normal -0.541927 -0.840426 0
    outer loop
      vertex 4.875 8.44375 0
      vertex 5.06057 8.32409 7
      vertex 4.875 8.44375 7
    endloop
  endfacet
  facet normal -0.541927 -0.840426 -0
    outer loop
      vertex 5.06057 8.32409 7
      vertex 4.875 8.44375 0
      vertex 5.06057 8.32409 0
    endloop
  endfacet
  facet normal -0.952069 -0.305883 0
    outer loop
      vertex 5.92333 7.07753 0
      vertex 5.85579 7.28775 7
      vertex 5.85579 7.28775 0
    endloop
  endfacet
  facet normal -0.952069 -0.305883 0
    outer loop
      vertex 5.85579 7.28775 7
      vertex 5.92333 7.07753 0
      vertex 5.92333 7.07753 7
    endloop
  endfacet
  facet normal -0.874085 -0.485774 0
    outer loop
      vertex 5.76796 7.49034 0
      vertex 5.6607 7.68334 7
      vertex 5.6607 7.68334 0
    endloop
  endfacet
  facet normal -0.874085 -0.485774 0
    outer loop
      vertex 5.6607 7.68334 7
      vertex 5.76796 7.49034 0
      vertex 5.76796 7.49034 7
    endloop
  endfacet
  facet normal 0.179025 0.983845 -0
    outer loop
      vertex 3.45632 4.26444 0
      vertex 3.23908 4.30397 7
      vertex 3.45632 4.26444 7
    endloop
  endfacet
  facet normal 0.179025 0.983845 0
    outer loop
      vertex 3.23908 4.30397 7
      vertex 3.45632 4.26444 0
      vertex 3.23908 4.30397 0
    endloop
  endfacet
  facet normal -0.930015 0.367522 0
    outer loop
      vertex 5.79944 5.5666 0
      vertex 5.88059 5.77195 7
      vertex 5.88059 5.77195 0
    endloop
  endfacet
  facet normal -0.930015 0.367522 0
    outer loop
      vertex 5.88059 5.77195 7
      vertex 5.79944 5.5666 0
      vertex 5.79944 5.5666 7
    endloop
  endfacet
  facet normal -0.0817486 -0.996653 0
    outer loop
      vertex 3.82362 8.74399 0
      vertex 4.04368 8.72594 7
      vertex 3.82362 8.74399 7
    endloop
  endfacet
  facet normal -0.0817486 -0.996653 -0
    outer loop
      vertex 4.04368 8.72594 7
      vertex 3.82362 8.74399 0
      vertex 4.04368 8.72594 0
    endloop
  endfacet
  facet normal -0.179025 -0.983845 0
    outer loop
      vertex 4.04368 8.72594 0
      vertex 4.26092 8.68641 7
      vertex 4.04368 8.72594 7
    endloop
  endfacet
  facet normal -0.179025 -0.983845 -0
    outer loop
      vertex 4.26092 8.68641 7
      vertex 4.04368 8.72594 0
      vertex 4.26092 8.68641 0
    endloop
  endfacet
  facet normal -0.274584 -0.961563 0
    outer loop
      vertex 4.26092 8.68641 0
      vertex 4.47324 8.62578 7
      vertex 4.26092 8.68641 7
    endloop
  endfacet
  facet normal -0.274584 -0.961563 -0
    outer loop
      vertex 4.47324 8.62578 7
      vertex 4.26092 8.68641 0
      vertex 4.47324 8.62578 0
    endloop
  endfacet
  facet normal 0.569102 -0.822267 0
    outer loop
      vertex 2.38029 8.28024 0
      vertex 2.56185 8.4059 7
      vertex 2.38029 8.28024 7
    endloop
  endfacet
  facet normal 0.569102 -0.822267 0
    outer loop
      vertex 2.56185 8.4059 7
      vertex 2.38029 8.28024 0
      vertex 2.56185 8.4059 0
    endloop
  endfacet
  facet normal 0.874104 0.485739 0
    outer loop
      vertex 1.83929 5.30704 7
      vertex 1.73204 5.50004 0
      vertex 1.73204 5.50004 7
    endloop
  endfacet
  facet normal 0.874104 0.485739 0
    outer loop
      vertex 1.73204 5.50004 0
      vertex 1.83929 5.30704 7
      vertex 1.83929 5.30704 0
    endloop
  endfacet
  facet normal 0.983845 -0.179025 0
    outer loop
      vertex 1.51925 6.78887 7
      vertex 1.55878 7.00611 0
      vertex 1.55878 7.00611 7
    endloop
  endfacet
  facet normal 0.983845 -0.179025 0
    outer loop
      vertex 1.55878 7.00611 0
      vertex 1.51925 6.78887 7
      vertex 1.51925 6.78887 0
    endloop
  endfacet
  facet normal 0.99345 0.114268 0
    outer loop
      vertex 1.53005 6.12868 7
      vertex 1.50482 6.34803 0
      vertex 1.50482 6.34803 7
    endloop
  endfacet
  facet normal 0.99345 0.114268 0
    outer loop
      vertex 1.50482 6.34803 0
      vertex 1.53005 6.12868 7
      vertex 1.53005 6.12868 0
    endloop
  endfacet
  facet normal 0.952069 0.305883 0
    outer loop
      vertex 1.64421 5.70263 7
      vertex 1.57667 5.91285 0
      vertex 1.57667 5.91285 7
    endloop
  endfacet
  facet normal 0.952069 0.305883 0
    outer loop
      vertex 1.57667 5.91285 0
      vertex 1.64421 5.70263 7
      vertex 1.64421 5.70263 0
    endloop
  endfacet
  facet normal -0.621631 -0.783311 0
    outer loop
      vertex 5.06057 8.32409 0
      vertex 5.23353 8.18683 7
      vertex 5.06057 8.32409 7
    endloop
  endfacet
  facet normal -0.621631 -0.783311 -0
    outer loop
      vertex 5.23353 8.18683 7
      vertex 5.06057 8.32409 0
      vertex 5.23353 8.18683 0
    endloop
  endfacet
  facet normal -0.695464 -0.718561 0
    outer loop
      vertex 5.23353 8.18683 0
      vertex 5.39219 8.03327 7
      vertex 5.23353 8.18683 7
    endloop
  endfacet
  facet normal -0.695464 -0.718561 -0
    outer loop
      vertex 5.39219 8.03327 7
      vertex 5.23353 8.18683 0
      vertex 5.39219 8.03327 0
    endloop
  endfacet
  facet normal -0.999866 -0.0163489 0
    outer loop
      vertex 5.99879 6.42157 0
      vertex 5.99518 6.64235 7
      vertex 5.99518 6.64235 0
    endloop
  endfacet
  facet normal -0.999866 -0.0163489 0
    outer loop
      vertex 5.99518 6.64235 7
      vertex 5.99879 6.42157 0
      vertex 5.99879 6.42157 7
    endloop
  endfacet
  facet normal -0.822267 -0.569102 0
    outer loop
      vertex 5.6607 7.68334 0
      vertex 5.53504 7.8649 7
      vertex 5.53504 7.8649 0
    endloop
  endfacet
  facet normal -0.822267 -0.569102 0
    outer loop
      vertex 5.53504 7.8649 7
      vertex 5.6607 7.68334 0
      vertex 5.6607 7.68334 7
    endloop
  endfacet
  facet normal -0.917488 -0.397764 0
    outer loop
      vertex 5.85579 7.28775 0
      vertex 5.76796 7.49034 7
      vertex 5.76796 7.49034 0
    endloop
  endfacet
  facet normal -0.917488 -0.397764 0
    outer loop
      vertex 5.76796 7.49034 7
      vertex 5.85579 7.28775 0
      vertex 5.85579 7.28775 7
    endloop
  endfacet
  facet normal -0.840426 0.541927 0
    outer loop
      vertex 5.5789 5.18462 0
      vertex 5.69856 5.37019 7
      vertex 5.69856 5.37019 0
    endloop
  endfacet
  facet normal -0.840426 0.541927 0
    outer loop
      vertex 5.69856 5.37019 7
      vertex 5.5789 5.18462 0
      vertex 5.5789 5.18462 7
    endloop
  endfacet
  facet normal 0.367522 0.930015 -0
    outer loop
      vertex 3.02676 4.3646 0
      vertex 2.82141 4.44575 7
      vertex 3.02676 4.3646 7
    endloop
  endfacet
  facet normal 0.367522 0.930015 0
    outer loop
      vertex 2.82141 4.44575 7
      vertex 3.02676 4.3646 0
      vertex 2.82141 4.44575 0
    endloop
  endfacet
  facet normal 0.0817036 0.996657 -0
    outer loop
      vertex 3.67638 4.2464 0
      vertex 3.45632 4.26444 7
      vertex 3.67638 4.2464 7
    endloop
  endfacet
  facet normal 0.0817036 0.996657 0
    outer loop
      vertex 3.45632 4.26444 7
      vertex 3.67638 4.2464 0
      vertex 3.45632 4.26444 0
    endloop
  endfacet
  facet normal -0.977457 -0.211134 0
    outer loop
      vertex 5.96995 6.8617 0
      vertex 5.92333 7.07753 7
      vertex 5.92333 7.07753 0
    endloop
  endfacet
  facet normal -0.977457 -0.211134 0
    outer loop
      vertex 5.92333 7.07753 7
      vertex 5.96995 6.8617 0
      vertex 5.96995 6.8617 7
    endloop
  endfacet
  facet normal -0.718561 0.695464 0
    outer loop
      vertex 5.28808 4.853 0
      vertex 5.44164 5.01166 7
      vertex 5.44164 5.01166 0
    endloop
  endfacet
  facet normal -0.718561 0.695464 0
    outer loop
      vertex 5.44164 5.01166 7
      vertex 5.28808 4.853 0
      vertex 5.28808 4.853 7
    endloop
  endfacet
  facet normal -0.889529 0.456879 0
    outer loop
      vertex 5.69856 5.37019 0
      vertex 5.79944 5.5666 7
      vertex 5.79944 5.5666 0
    endloop
  endfacet
  facet normal -0.889529 0.456879 0
    outer loop
      vertex 5.79944 5.5666 7
      vertex 5.69856 5.37019 0
      vertex 5.69856 5.37019 7
    endloop
  endfacet
  facet normal 0.274584 0.961563 -0
    outer loop
      vertex 3.23908 4.30397 0
      vertex 3.02676 4.3646 7
      vertex 3.23908 4.30397 7
    endloop
  endfacet
  facet normal 0.274584 0.961563 0
    outer loop
      vertex 3.02676 4.3646 7
      vertex 3.23908 4.30397 0
      vertex 3.02676 4.3646 0
    endloop
  endfacet
  facet normal -0.305883 0.952069 0
    outer loop
      vertex 4.54256 4.3894 0
      vertex 4.33234 4.32186 7
      vertex 4.54256 4.3894 7
    endloop
  endfacet
  facet normal -0.305883 0.952069 0
    outer loop
      vertex 4.33234 4.32186 7
      vertex 4.54256 4.3894 0
      vertex 4.33234 4.32186 0
    endloop
  endfacet
  facet normal -0.0163489 0.999866 0
    outer loop
      vertex 3.89716 4.25001 0
      vertex 3.67638 4.2464 7
      vertex 3.89716 4.25001 7
    endloop
  endfacet
  facet normal -0.0163489 0.999866 0
    outer loop
      vertex 3.67638 4.2464 7
      vertex 3.89716 4.25001 0
      vertex 3.67638 4.2464 0
    endloop
  endfacet
  facet normal -0.961563 0.274584 0
    outer loop
      vertex 5.88059 5.77195 0
      vertex 5.94122 5.98427 7
      vertex 5.94122 5.98427 0
    endloop
  endfacet
  facet normal -0.961563 0.274584 0
    outer loop
      vertex 5.94122 5.98427 7
      vertex 5.88059 5.77195 0
      vertex 5.88059 5.77195 7
    endloop
  endfacet
  facet normal -0.99345 -0.114268 0
    outer loop
      vertex 5.99518 6.64235 0
      vertex 5.96995 6.8617 7
      vertex 5.96995 6.8617 0
    endloop
  endfacet
  facet normal -0.99345 -0.114268 0
    outer loop
      vertex 5.96995 6.8617 7
      vertex 5.99518 6.64235 0
      vertex 5.99518 6.64235 7
    endloop
  endfacet
  facet normal -0.783311 0.621631 0
    outer loop
      vertex 5.44164 5.01166 0
      vertex 5.5789 5.18462 7
      vertex 5.5789 5.18462 0
    endloop
  endfacet
  facet normal -0.783311 0.621631 0
    outer loop
      vertex 5.5789 5.18462 7
      vertex 5.44164 5.01166 0
      vertex 5.44164 5.01166 7
    endloop
  endfacet
  facet normal -0.569071 0.822288 0
    outer loop
      vertex 5.11971 4.71014 0
      vertex 4.93815 4.58449 7
      vertex 5.11971 4.71014 7
    endloop
  endfacet
  facet normal -0.569071 0.822288 0
    outer loop
      vertex 4.93815 4.58449 7
      vertex 5.11971 4.71014 0
      vertex 4.93815 4.58449 0
    endloop
  endfacet
  facet normal -0.646979 0.762508 0
    outer loop
      vertex 5.28808 4.853 0
      vertex 5.11971 4.71014 7
      vertex 5.28808 4.853 7
    endloop
  endfacet
  facet normal -0.646979 0.762508 0
    outer loop
      vertex 5.11971 4.71014 7
      vertex 5.28808 4.853 0
      vertex 5.11971 4.71014 0
    endloop
  endfacet
  facet normal -0.114268 0.99345 0
    outer loop
      vertex 4.11651 4.27524 0
      vertex 3.89716 4.25001 7
      vertex 4.11651 4.27524 7
    endloop
  endfacet
  facet normal -0.114268 0.99345 0
    outer loop
      vertex 3.89716 4.25001 7
      vertex 4.11651 4.27524 0
      vertex 3.89716 4.25001 0
    endloop
  endfacet
  facet normal -0.211134 0.977457 0
    outer loop
      vertex 4.33234 4.32186 0
      vertex 4.11651 4.27524 7
      vertex 4.33234 4.32186 7
    endloop
  endfacet
  facet normal -0.211134 0.977457 0
    outer loop
      vertex 4.11651 4.27524 7
      vertex 4.33234 4.32186 0
      vertex 4.11651 4.27524 0
    endloop
  endfacet
  facet normal -0.485774 0.874085 0
    outer loop
      vertex 4.93815 4.58449 0
      vertex 4.74515 4.47723 7
      vertex 4.93815 4.58449 7
    endloop
  endfacet
  facet normal -0.485774 0.874085 0
    outer loop
      vertex 4.74515 4.47723 7
      vertex 4.93815 4.58449 0
      vertex 4.74515 4.47723 0
    endloop
  endfacet
  facet normal -0.397764 0.917488 0
    outer loop
      vertex 4.74515 4.47723 0
      vertex 4.54256 4.3894 7
      vertex 4.74515 4.47723 7
    endloop
  endfacet
  facet normal -0.397764 0.917488 0
    outer loop
      vertex 4.54256 4.3894 7
      vertex 4.74515 4.47723 0
      vertex 4.54256 4.3894 0
    endloop
  endfacet
  facet normal 0.541927 -0.840426 0
    outer loop
      vertex -5.06057 8.32409 0
      vertex -4.875 8.44375 7
      vertex -5.06057 8.32409 7
    endloop
  endfacet
  facet normal 0.541927 -0.840426 0
    outer loop
      vertex -4.875 8.44375 7
      vertex -5.06057 8.32409 0
      vertex -4.875 8.44375 0
    endloop
  endfacet
  facet normal 0.977457 -0.211134 0
    outer loop
      vertex -5.96995 6.8617 7
      vertex -5.92333 7.07753 0
      vertex -5.92333 7.07753 7
    endloop
  endfacet
  facet normal 0.977457 -0.211134 0
    outer loop
      vertex -5.92333 7.07753 0
      vertex -5.96995 6.8617 7
      vertex -5.96995 6.8617 0
    endloop
  endfacet
  facet normal -0.114263 -0.993451 0
    outer loop
      vertex -3.60284 8.74037 0
      vertex -3.38348 8.71514 7
      vertex -3.60284 8.74037 7
    endloop
  endfacet
  facet normal -0.114263 -0.993451 -0
    outer loop
      vertex -3.38348 8.71514 7
      vertex -3.60284 8.74037 0
      vertex -3.38348 8.71514 0
    endloop
  endfacet
  facet normal 0.822267 -0.569102 0
    outer loop
      vertex -5.6607 7.68334 7
      vertex -5.53504 7.8649 0
      vertex -5.53504 7.8649 7
    endloop
  endfacet
  facet normal 0.822267 -0.569102 0
    outer loop
      vertex -5.53504 7.8649 0
      vertex -5.6607 7.68334 7
      vertex -5.6607 7.68334 0
    endloop
  endfacet
  facet normal 0.999866 -0.0163489 0
    outer loop
      vertex -5.99879 6.42157 7
      vertex -5.99518 6.64235 0
      vertex -5.99518 6.64235 7
    endloop
  endfacet
  facet normal 0.999866 -0.0163489 0
    outer loop
      vertex -5.99518 6.64235 0
      vertex -5.99879 6.42157 7
      vertex -5.99879 6.42157 0
    endloop
  endfacet
  facet normal -0.0817036 0.996657 0
    outer loop
      vertex -3.45632 4.26444 0
      vertex -3.67638 4.2464 7
      vertex -3.45632 4.26444 7
    endloop
  endfacet
  facet normal -0.0817036 0.996657 0
    outer loop
      vertex -3.67638 4.2464 7
      vertex -3.45632 4.26444 0
      vertex -3.67638 4.2464 0
    endloop
  endfacet
  facet normal 0.211134 0.977457 -0
    outer loop
      vertex -4.11651 4.27524 0
      vertex -4.33234 4.32186 7
      vertex -4.11651 4.27524 7
    endloop
  endfacet
  facet normal 0.211134 0.977457 0
    outer loop
      vertex -4.33234 4.32186 7
      vertex -4.11651 4.27524 0
      vertex -4.33234 4.32186 0
    endloop
  endfacet
  facet normal -0.569102 -0.822267 0
    outer loop
      vertex -2.56185 8.4059 0
      vertex -2.38029 8.28024 7
      vertex -2.56185 8.4059 7
    endloop
  endfacet
  facet normal -0.569102 -0.822267 -0
    outer loop
      vertex -2.38029 8.28024 7
      vertex -2.56185 8.4059 0
      vertex -2.38029 8.28024 0
    endloop
  endfacet
  facet normal 0.695464 -0.718561 0
    outer loop
      vertex -5.39219 8.03327 0
      vertex -5.23353 8.18683 7
      vertex -5.39219 8.03327 7
    endloop
  endfacet
  facet normal 0.695464 -0.718561 0
    outer loop
      vertex -5.23353 8.18683 7
      vertex -5.39219 8.03327 0
      vertex -5.23353 8.18683 0
    endloop
  endfacet
  facet normal 0.621631 -0.783311 0
    outer loop
      vertex -5.23353 8.18683 0
      vertex -5.06057 8.32409 7
      vertex -5.23353 8.18683 7
    endloop
  endfacet
  facet normal 0.621631 -0.783311 0
    outer loop
      vertex -5.06057 8.32409 7
      vertex -5.23353 8.18683 0
      vertex -5.06057 8.32409 0
    endloop
  endfacet
  facet normal 0.76253 -0.646953 0
    outer loop
      vertex -5.53504 7.8649 7
      vertex -5.39219 8.03327 0
      vertex -5.39219 8.03327 7
    endloop
  endfacet
  facet normal 0.76253 -0.646953 0
    outer loop
      vertex -5.39219 8.03327 0
      vertex -5.53504 7.8649 7
      vertex -5.53504 7.8649 0
    endloop
  endfacet
  facet normal 0.917488 -0.397764 0
    outer loop
      vertex -5.85579 7.28775 7
      vertex -5.76796 7.49034 0
      vertex -5.76796 7.49034 7
    endloop
  endfacet
  facet normal 0.917488 -0.397764 0
    outer loop
      vertex -5.76796 7.49034 0
      vertex -5.85579 7.28775 7
      vertex -5.85579 7.28775 0
    endloop
  endfacet
  facet normal 0.952069 -0.305883 0
    outer loop
      vertex -5.92333 7.07753 7
      vertex -5.85579 7.28775 0
      vertex -5.85579 7.28775 7
    endloop
  endfacet
  facet normal 0.952069 -0.305883 0
    outer loop
      vertex -5.85579 7.28775 0
      vertex -5.92333 7.07753 7
      vertex -5.92333 7.07753 0
    endloop
  endfacet
  facet normal 0.874085 -0.485774 0
    outer loop
      vertex -5.76796 7.49034 7
      vertex -5.6607 7.68334 0
      vertex -5.6607 7.68334 7
    endloop
  endfacet
  facet normal 0.874085 -0.485774 0
    outer loop
      vertex -5.6607 7.68334 0
      vertex -5.76796 7.49034 7
      vertex -5.76796 7.49034 0
    endloop
  endfacet
  facet normal 0.930015 0.367522 0
    outer loop
      vertex -5.79944 5.5666 7
      vertex -5.88059 5.77195 0
      vertex -5.88059 5.77195 7
    endloop
  endfacet
  facet normal 0.930015 0.367522 0
    outer loop
      vertex -5.88059 5.77195 0
      vertex -5.79944 5.5666 7
      vertex -5.79944 5.5666 0
    endloop
  endfacet
  facet normal 0.961563 0.274584 0
    outer loop
      vertex -5.88059 5.77195 7
      vertex -5.94122 5.98427 0
      vertex -5.94122 5.98427 7
    endloop
  endfacet
  facet normal 0.961563 0.274584 0
    outer loop
      vertex -5.94122 5.98427 0
      vertex -5.88059 5.77195 7
      vertex -5.88059 5.77195 0
    endloop
  endfacet
  facet normal 0.889529 0.456879 0
    outer loop
      vertex -5.69856 5.37019 7
      vertex -5.79944 5.5666 0
      vertex -5.79944 5.5666 7
    endloop
  endfacet
  facet normal 0.889529 0.456879 0
    outer loop
      vertex -5.79944 5.5666 0
      vertex -5.69856 5.37019 7
      vertex -5.69856 5.37019 0
    endloop
  endfacet
  facet normal 0.996657 0.0817036 0
    outer loop
      vertex -5.98075 6.20151 7
      vertex -5.99879 6.42157 0
      vertex -5.99879 6.42157 7
    endloop
  endfacet
  facet normal 0.996657 0.0817036 0
    outer loop
      vertex -5.99879 6.42157 0
      vertex -5.98075 6.20151 7
      vertex -5.98075 6.20151 0
    endloop
  endfacet
  facet normal 0.983845 0.179025 0
    outer loop
      vertex -5.94122 5.98427 7
      vertex -5.98075 6.20151 0
      vertex -5.98075 6.20151 7
    endloop
  endfacet
  facet normal 0.983845 0.179025 0
    outer loop
      vertex -5.98075 6.20151 0
      vertex -5.94122 5.98427 7
      vertex -5.94122 5.98427 0
    endloop
  endfacet
  facet normal 0.99345 -0.114268 0
    outer loop
      vertex -5.99518 6.64235 7
      vertex -5.96995 6.8617 0
      vertex -5.96995 6.8617 7
    endloop
  endfacet
  facet normal 0.99345 -0.114268 0
    outer loop
      vertex -5.96995 6.8617 0
      vertex -5.99518 6.64235 7
      vertex -5.99518 6.64235 0
    endloop
  endfacet
  facet normal 0.114268 0.99345 -0
    outer loop
      vertex -3.89716 4.25001 0
      vertex -4.11651 4.27524 7
      vertex -3.89716 4.25001 7
    endloop
  endfacet
  facet normal 0.114268 0.99345 0
    outer loop
      vertex -4.11651 4.27524 7
      vertex -3.89716 4.25001 0
      vertex -4.11651 4.27524 0
    endloop
  endfacet
  facet normal 0.0163489 0.999866 -0
    outer loop
      vertex -3.67638 4.2464 0
      vertex -3.89716 4.25001 7
      vertex -3.67638 4.2464 7
    endloop
  endfacet
  facet normal 0.0163489 0.999866 0
    outer loop
      vertex -3.89716 4.25001 7
      vertex -3.67638 4.2464 0
      vertex -3.89716 4.25001 0
    endloop
  endfacet
  facet normal -0.367522 0.930015 0
    outer loop
      vertex -2.82141 4.44575 0
      vertex -3.02676 4.3646 7
      vertex -2.82141 4.44575 7
    endloop
  endfacet
  facet normal -0.367522 0.930015 0
    outer loop
      vertex -3.02676 4.3646 7
      vertex -2.82141 4.44575 0
      vertex -3.02676 4.3646 0
    endloop
  endfacet
  facet normal -0.274584 0.961563 0
    outer loop
      vertex -3.02676 4.3646 0
      vertex -3.23908 4.30397 7
      vertex -3.02676 4.3646 7
    endloop
  endfacet
  facet normal -0.274584 0.961563 0
    outer loop
      vertex -3.23908 4.30397 7
      vertex -3.02676 4.3646 0
      vertex -3.23908 4.30397 0
    endloop
  endfacet
  facet normal -0.456879 0.889529 0
    outer loop
      vertex -2.625 4.54663 0
      vertex -2.82141 4.44575 7
      vertex -2.625 4.54663 7
    endloop
  endfacet
  facet normal -0.456879 0.889529 0
    outer loop
      vertex -2.82141 4.44575 7
      vertex -2.625 4.54663 0
      vertex -2.82141 4.44575 0
    endloop
  endfacet
  facet normal 0.397764 0.917488 -0
    outer loop
      vertex -4.54256 4.3894 0
      vertex -4.74515 4.47723 7
      vertex -4.54256 4.3894 7
    endloop
  endfacet
  facet normal 0.397764 0.917488 0
    outer loop
      vertex -4.74515 4.47723 7
      vertex -4.54256 4.3894 0
      vertex -4.74515 4.47723 0
    endloop
  endfacet
  facet normal 0.485774 0.874085 -0
    outer loop
      vertex -4.74515 4.47723 0
      vertex -4.93815 4.58449 7
      vertex -4.74515 4.47723 7
    endloop
  endfacet
  facet normal 0.485774 0.874085 0
    outer loop
      vertex -4.93815 4.58449 7
      vertex -4.74515 4.47723 0
      vertex -4.93815 4.58449 0
    endloop
  endfacet
  facet normal 0.305883 0.952069 -0
    outer loop
      vertex -4.33234 4.32186 0
      vertex -4.54256 4.3894 7
      vertex -4.33234 4.32186 7
    endloop
  endfacet
  facet normal 0.305883 0.952069 0
    outer loop
      vertex -4.54256 4.3894 7
      vertex -4.33234 4.32186 0
      vertex -4.54256 4.3894 0
    endloop
  endfacet
  facet normal 0.646979 0.762508 -0
    outer loop
      vertex -5.11971 4.71014 0
      vertex -5.28808 4.853 7
      vertex -5.11971 4.71014 7
    endloop
  endfacet
  facet normal 0.646979 0.762508 0
    outer loop
      vertex -5.28808 4.853 7
      vertex -5.11971 4.71014 0
      vertex -5.28808 4.853 0
    endloop
  endfacet
  facet normal 0.569071 0.822288 -0
    outer loop
      vertex -4.93815 4.58449 0
      vertex -5.11971 4.71014 7
      vertex -4.93815 4.58449 7
    endloop
  endfacet
  facet normal 0.569071 0.822288 0
    outer loop
      vertex -5.11971 4.71014 7
      vertex -4.93815 4.58449 0
      vertex -5.11971 4.71014 0
    endloop
  endfacet
  facet normal 0.783311 0.621631 0
    outer loop
      vertex -5.44164 5.01166 7
      vertex -5.5789 5.18462 0
      vertex -5.5789 5.18462 7
    endloop
  endfacet
  facet normal 0.783311 0.621631 0
    outer loop
      vertex -5.5789 5.18462 0
      vertex -5.44164 5.01166 7
      vertex -5.44164 5.01166 0
    endloop
  endfacet
  facet normal 0.456879 -0.889529 0
    outer loop
      vertex -4.875 8.44375 0
      vertex -4.67859 8.54463 7
      vertex -4.875 8.44375 7
    endloop
  endfacet
  facet normal 0.456879 -0.889529 0
    outer loop
      vertex -4.67859 8.54463 7
      vertex -4.875 8.44375 0
      vertex -4.67859 8.54463 0
    endloop
  endfacet
  facet normal -0.783271 -0.62168 0
    outer loop
      vertex -1.92109 7.80577 0
      vertex -2.05836 7.97872 7
      vertex -2.05836 7.97872 0
    endloop
  endfacet
  facet normal -0.783271 -0.62168 0
    outer loop
      vertex -2.05836 7.97872 7
      vertex -1.92109 7.80577 0
      vertex -1.92109 7.80577 7
    endloop
  endfacet
  facet normal 0.840426 0.541927 0
    outer loop
      vertex -5.5789 5.18462 7
      vertex -5.69856 5.37019 0
      vertex -5.69856 5.37019 7
    endloop
  endfacet
  facet normal 0.840426 0.541927 0
    outer loop
      vertex -5.69856 5.37019 0
      vertex -5.5789 5.18462 7
      vertex -5.5789 5.18462 0
    endloop
  endfacet
  facet normal -0.179025 0.983845 0
    outer loop
      vertex -3.23908 4.30397 0
      vertex -3.45632 4.26444 7
      vertex -3.23908 4.30397 7
    endloop
  endfacet
  facet normal -0.179025 0.983845 0
    outer loop
      vertex -3.45632 4.26444 7
      vertex -3.23908 4.30397 0
      vertex -3.45632 4.26444 0
    endloop
  endfacet
  facet normal -0.541874 0.84046 0
    outer loop
      vertex -2.43942 4.66628 0
      vertex -2.625 4.54663 7
      vertex -2.43942 4.66628 7
    endloop
  endfacet
  facet normal -0.541874 0.84046 0
    outer loop
      vertex -2.625 4.54663 7
      vertex -2.43942 4.66628 0
      vertex -2.625 4.54663 0
    endloop
  endfacet
  facet normal 0.718561 0.695464 0
    outer loop
      vertex -5.28808 4.853 7
      vertex -5.44164 5.01166 0
      vertex -5.44164 5.01166 7
    endloop
  endfacet
  facet normal 0.718561 0.695464 0
    outer loop
      vertex -5.44164 5.01166 0
      vertex -5.28808 4.853 7
      vertex -5.28808 4.853 0
    endloop
  endfacet
  facet normal 0.179025 -0.983845 0
    outer loop
      vertex -4.26092 8.68641 0
      vertex -4.04368 8.72594 7
      vertex -4.26092 8.68641 7
    endloop
  endfacet
  facet normal 0.179025 -0.983845 0
    outer loop
      vertex -4.04368 8.72594 7
      vertex -4.26092 8.68641 0
      vertex -4.04368 8.72594 0
    endloop
  endfacet
  facet normal 0.367522 -0.930015 0
    outer loop
      vertex -4.67859 8.54463 0
      vertex -4.47324 8.62578 7
      vertex -4.67859 8.54463 7
    endloop
  endfacet
  facet normal 0.367522 -0.930015 0
    outer loop
      vertex -4.47324 8.62578 7
      vertex -4.67859 8.54463 0
      vertex -4.47324 8.62578 0
    endloop
  endfacet
  facet normal -0.930015 -0.367522 0
    outer loop
      vertex -1.61941 7.21843 0
      vertex -1.70056 7.42378 7
      vertex -1.70056 7.42378 0
    endloop
  endfacet
  facet normal -0.930015 -0.367522 0
    outer loop
      vertex -1.70056 7.42378 7
      vertex -1.61941 7.21843 0
      vertex -1.61941 7.21843 7
    endloop
  endfacet
  facet normal -0.952069 0.305883 0
    outer loop
      vertex -1.64421 5.70263 0
      vertex -1.57667 5.91285 7
      vertex -1.57667 5.91285 0
    endloop
  endfacet
  facet normal -0.952069 0.305883 0
    outer loop
      vertex -1.57667 5.91285 7
      vertex -1.64421 5.70263 0
      vertex -1.64421 5.70263 7
    endloop
  endfacet
  facet normal -0.874104 0.485739 0
    outer loop
      vertex -1.83929 5.30704 0
      vertex -1.73204 5.50004 7
      vertex -1.73204 5.50004 0
    endloop
  endfacet
  facet normal -0.874104 0.485739 0
    outer loop
      vertex -1.73204 5.50004 7
      vertex -1.83929 5.30704 0
      vertex -1.83929 5.30704 7
    endloop
  endfacet
  facet normal -0.917488 0.397764 0
    outer loop
      vertex -1.73204 5.50004 0
      vertex -1.64421 5.70263 7
      vertex -1.64421 5.70263 0
    endloop
  endfacet
  facet normal -0.917488 0.397764 0
    outer loop
      vertex -1.64421 5.70263 7
      vertex -1.73204 5.50004 0
      vertex -1.73204 5.50004 7
    endloop
  endfacet
  facet normal -0.762508 0.646979 0
    outer loop
      vertex -2.10781 4.95711 0
      vertex -1.96495 5.12548 7
      vertex -1.96495 5.12548 0
    endloop
  endfacet
  facet normal -0.762508 0.646979 0
    outer loop
      vertex -1.96495 5.12548 7
      vertex -2.10781 4.95711 0
      vertex -2.10781 4.95711 7
    endloop
  endfacet
  facet normal -0.62168 0.783271 0
    outer loop
      vertex -2.26647 4.80355 0
      vertex -2.43942 4.66628 7
      vertex -2.26647 4.80355 7
    endloop
  endfacet
  facet normal -0.62168 0.783271 0
    outer loop
      vertex -2.43942 4.66628 7
      vertex -2.26647 4.80355 0
      vertex -2.43942 4.66628 0
    endloop
  endfacet
  facet normal -0.695464 0.718561 0
    outer loop
      vertex -2.10781 4.95711 0
      vertex -2.26647 4.80355 7
      vertex -2.10781 4.95711 7
    endloop
  endfacet
  facet normal -0.695464 0.718561 0
    outer loop
      vertex -2.26647 4.80355 7
      vertex -2.10781 4.95711 0
      vertex -2.26647 4.80355 0
    endloop
  endfacet
  facet normal -0.646979 -0.762508 0
    outer loop
      vertex -2.38029 8.28024 0
      vertex -2.21192 8.13738 7
      vertex -2.38029 8.28024 7
    endloop
  endfacet
  facet normal -0.646979 -0.762508 -0
    outer loop
      vertex -2.21192 8.13738 7
      vertex -2.38029 8.28024 0
      vertex -2.21192 8.13738 0
    endloop
  endfacet
  facet normal -0.718561 -0.695464 0
    outer loop
      vertex -2.05836 7.97872 0
      vertex -2.21192 8.13738 7
      vertex -2.21192 8.13738 0
    endloop
  endfacet
  facet normal -0.718561 -0.695464 0
    outer loop
      vertex -2.21192 8.13738 7
      vertex -2.05836 7.97872 0
      vertex -2.05836 7.97872 7
    endloop
  endfacet
  facet normal 0.274584 -0.961563 0
    outer loop
      vertex -4.47324 8.62578 0
      vertex -4.26092 8.68641 7
      vertex -4.47324 8.62578 7
    endloop
  endfacet
  facet normal 0.274584 -0.961563 0
    outer loop
      vertex -4.26092 8.68641 7
      vertex -4.47324 8.62578 0
      vertex -4.26092 8.68641 0
    endloop
  endfacet
  facet normal -0.0163942 -0.999866 0
    outer loop
      vertex -3.82362 8.74399 0
      vertex -3.60284 8.74037 7
      vertex -3.82362 8.74399 7
    endloop
  endfacet
  facet normal -0.0163942 -0.999866 -0
    outer loop
      vertex -3.60284 8.74037 7
      vertex -3.82362 8.74399 0
      vertex -3.60284 8.74037 0
    endloop
  endfacet
  facet normal -0.397764 -0.917488 0
    outer loop
      vertex -2.95744 8.60098 0
      vertex -2.75485 8.51315 7
      vertex -2.95744 8.60098 7
    endloop
  endfacet
  facet normal -0.397764 -0.917488 -0
    outer loop
      vertex -2.75485 8.51315 7
      vertex -2.95744 8.60098 0
      vertex -2.75485 8.51315 0
    endloop
  endfacet
  facet normal 0.0817486 -0.996653 0
    outer loop
      vertex -4.04368 8.72594 0
      vertex -3.82362 8.74399 7
      vertex -4.04368 8.72594 7
    endloop
  endfacet
  facet normal 0.0817486 -0.996653 0
    outer loop
      vertex -3.82362 8.74399 7
      vertex -4.04368 8.72594 0
      vertex -3.82362 8.74399 0
    endloop
  endfacet
  facet normal -0.84046 -0.541874 0
    outer loop
      vertex -1.80144 7.62019 0
      vertex -1.92109 7.80577 7
      vertex -1.92109 7.80577 0
    endloop
  endfacet
  facet normal -0.84046 -0.541874 0
    outer loop
      vertex -1.92109 7.80577 7
      vertex -1.80144 7.62019 0
      vertex -1.80144 7.62019 7
    endloop
  endfacet
  facet normal -0.889529 -0.456879 0
    outer loop
      vertex -1.70056 7.42378 0
      vertex -1.80144 7.62019 7
      vertex -1.80144 7.62019 0
    endloop
  endfacet
  facet normal -0.889529 -0.456879 0
    outer loop
      vertex -1.80144 7.62019 7
      vertex -1.70056 7.42378 0
      vertex -1.70056 7.42378 7
    endloop
  endfacet
  facet normal -0.961563 -0.274584 0
    outer loop
      vertex -1.55878 7.00611 0
      vertex -1.61941 7.21843 7
      vertex -1.61941 7.21843 0
    endloop
  endfacet
  facet normal -0.961563 -0.274584 0
    outer loop
      vertex -1.61941 7.21843 7
      vertex -1.55878 7.00611 0
      vertex -1.55878 7.00611 7
    endloop
  endfacet
  facet normal -0.996653 -0.0817486 0
    outer loop
      vertex -1.5012 6.56881 0
      vertex -1.51925 6.78887 7
      vertex -1.51925 6.78887 0
    endloop
  endfacet
  facet normal -0.996653 -0.0817486 0
    outer loop
      vertex -1.51925 6.78887 7
      vertex -1.5012 6.56881 0
      vertex -1.5012 6.56881 7
    endloop
  endfacet
  facet normal -0.99345 0.114268 0
    outer loop
      vertex -1.53005 6.12868 0
      vertex -1.50482 6.34803 7
      vertex -1.50482 6.34803 0
    endloop
  endfacet
  facet normal -0.99345 0.114268 0
    outer loop
      vertex -1.50482 6.34803 7
      vertex -1.53005 6.12868 0
      vertex -1.53005 6.12868 7
    endloop
  endfacet
  facet normal -0.983845 -0.179025 0
    outer loop
      vertex -1.51925 6.78887 0
      vertex -1.55878 7.00611 7
      vertex -1.55878 7.00611 0
    endloop
  endfacet
  facet normal -0.983845 -0.179025 0
    outer loop
      vertex -1.55878 7.00611 7
      vertex -1.51925 6.78887 0
      vertex -1.51925 6.78887 7
    endloop
  endfacet
  facet normal -0.977457 0.211134 0
    outer loop
      vertex -1.57667 5.91285 0
      vertex -1.53005 6.12868 7
      vertex -1.53005 6.12868 0
    endloop
  endfacet
  facet normal -0.977457 0.211134 0
    outer loop
      vertex -1.53005 6.12868 7
      vertex -1.57667 5.91285 0
      vertex -1.57667 5.91285 7
    endloop
  endfacet
  facet normal -0.822267 0.569102 0
    outer loop
      vertex -1.96495 5.12548 0
      vertex -1.83929 5.30704 7
      vertex -1.83929 5.30704 0
    endloop
  endfacet
  facet normal -0.822267 0.569102 0
    outer loop
      vertex -1.83929 5.30704 7
      vertex -1.96495 5.12548 0
      vertex -1.96495 5.12548 7
    endloop
  endfacet
  facet normal -0.211143 -0.977455 0
    outer loop
      vertex -3.38348 8.71514 0
      vertex -3.16766 8.66852 7
      vertex -3.38348 8.71514 7
    endloop
  endfacet
  facet normal -0.211143 -0.977455 -0
    outer loop
      vertex -3.16766 8.66852 7
      vertex -3.38348 8.71514 0
      vertex -3.16766 8.66852 0
    endloop
  endfacet
  facet normal -0.305883 -0.952069 0
    outer loop
      vertex -3.16766 8.66852 0
      vertex -2.95744 8.60098 7
      vertex -3.16766 8.66852 7
    endloop
  endfacet
  facet normal -0.305883 -0.952069 -0
    outer loop
      vertex -2.95744 8.60098 7
      vertex -3.16766 8.66852 0
      vertex -2.95744 8.60098 0
    endloop
  endfacet
  facet normal -0.485739 -0.874104 0
    outer loop
      vertex -2.75485 8.51315 0
      vertex -2.56185 8.4059 7
      vertex -2.75485 8.51315 7
    endloop
  endfacet
  facet normal -0.485739 -0.874104 -0
    outer loop
      vertex -2.56185 8.4059 7
      vertex -2.75485 8.51315 0
      vertex -2.56185 8.4059 0
    endloop
  endfacet
  facet normal -0.999866 0.0163942 0
    outer loop
      vertex -1.50482 6.34803 0
      vertex -1.5012 6.56881 7
      vertex -1.5012 6.56881 0
    endloop
  endfacet
  facet normal -0.999866 0.0163942 0
    outer loop
      vertex -1.5012 6.56881 7
      vertex -1.50482 6.34803 0
      vertex -1.50482 6.34803 7
    endloop
  endfacet
  facet normal 0.998796 0.0490481 0
    outer loop
      vertex -9.73917 -0.220538 7
      vertex -9.75 0 0
      vertex -9.75 0 7
    endloop
  endfacet
  facet normal 0.998796 0.0490481 0
    outer loop
      vertex -9.75 0 0
      vertex -9.73917 -0.220538 7
      vertex -9.73917 -0.220538 0
    endloop
  endfacet
  facet normal -0.998796 -0.0490481 0
    outer loop
      vertex -5.25 0 0
      vertex -5.26083 0.220538 7
      vertex -5.26083 0.220538 0
    endloop
  endfacet
  facet normal -0.998796 -0.0490481 0
    outer loop
      vertex -5.26083 0.220538 7
      vertex -5.25 0 0
      vertex -5.25 0 7
    endloop
  endfacet
  facet normal -0.903981 0.427573 0
    outer loop
      vertex -5.51568 -1.06064 0
      vertex -5.42127 -0.861037 7
      vertex -5.42127 -0.861037 0
    endloop
  endfacet
  facet normal -0.903981 0.427573 0
    outer loop
      vertex -5.42127 -0.861037 7
      vertex -5.51568 -1.06064 0
      vertex -5.51568 -1.06064 7
    endloop
  endfacet
  facet normal -0.740968 0.67154 0
    outer loop
      vertex -5.90901 -1.59099 0
      vertex -5.76073 -1.42738 7
      vertex -5.76073 -1.42738 0
    endloop
  endfacet
  facet normal -0.740968 0.67154 0
    outer loop
      vertex -5.76073 -1.42738 7
      vertex -5.90901 -1.59099 0
      vertex -5.90901 -1.59099 7
    endloop
  endfacet
  facet normal 0.427578 -0.903978 0
    outer loop
      vertex -8.56064 1.98432 0
      vertex -8.36104 2.07873 7
      vertex -8.56064 1.98432 7
    endloop
  endfacet
  facet normal 0.427578 -0.903978 0
    outer loop
      vertex -8.36104 2.07873 7
      vertex -8.56064 1.98432 0
      vertex -8.36104 2.07873 0
    endloop
  endfacet
  facet normal 0.989176 0.146736 0
    outer loop
      vertex -9.70677 -0.438952 7
      vertex -9.73917 -0.220538 0
      vertex -9.73917 -0.220538 7
    endloop
  endfacet
  facet normal 0.989176 0.146736 0
    outer loop
      vertex -9.73917 -0.220538 0
      vertex -9.70677 -0.438952 7
      vertex -9.70677 -0.438952 0
    endloop
  endfacet
  facet normal 0.941539 0.336903 0
    outer loop
      vertex -9.57873 -0.861037 7
      vertex -9.65312 -0.65314 0
      vertex -9.65312 -0.65314 7
    endloop
  endfacet
  facet normal 0.941539 0.336903 0
    outer loop
      vertex -9.65312 -0.65314 0
      vertex -9.57873 -0.861037 7
      vertex -9.57873 -0.861037 0
    endloop
  endfacet
  facet normal 0.740968 0.67154 0
    outer loop
      vertex -9.09099 -1.59099 7
      vertex -9.23927 -1.42738 0
      vertex -9.23927 -1.42738 7
    endloop
  endfacet
  facet normal 0.740968 0.67154 0
    outer loop
      vertex -9.23927 -1.42738 0
      vertex -9.09099 -1.59099 7
      vertex -9.09099 -1.59099 0
    endloop
  endfacet
  facet normal 0.80319 0.595723 0
    outer loop
      vertex -9.23927 -1.42738 7
      vertex -9.37081 -1.25003 0
      vertex -9.37081 -1.25003 7
    endloop
  endfacet
  facet normal 0.80319 0.595723 0
    outer loop
      vertex -9.37081 -1.25003 0
      vertex -9.23927 -1.42738 7
      vertex -9.23927 -1.42738 0
    endloop
  endfacet
  facet normal 0.857741 0.514083 0
    outer loop
      vertex -9.37081 -1.25003 7
      vertex -9.48432 -1.06064 0
      vertex -9.48432 -1.06064 7
    endloop
  endfacet
  facet normal 0.857741 0.514083 0
    outer loop
      vertex -9.48432 -1.06064 0
      vertex -9.37081 -1.25003 7
      vertex -9.37081 -1.25003 0
    endloop
  endfacet
  facet normal 0.146739 0.989175 -0
    outer loop
      vertex -7.72054 -2.23917 0
      vertex -7.93895 -2.20677 7
      vertex -7.72054 -2.23917 7
    endloop
  endfacet
  facet normal 0.146739 0.989175 0
    outer loop
      vertex -7.93895 -2.20677 7
      vertex -7.72054 -2.23917 0
      vertex -7.93895 -2.20677 0
    endloop
  endfacet
  facet normal 0.242973 0.970033 -0
    outer loop
      vertex -7.93895 -2.20677 0
      vertex -8.15314 -2.15312 7
      vertex -7.93895 -2.20677 7
    endloop
  endfacet
  facet normal 0.242973 0.970033 0
    outer loop
      vertex -8.15314 -2.15312 7
      vertex -7.93895 -2.20677 0
      vertex -8.15314 -2.15312 0
    endloop
  endfacet
  facet normal 0.0490476 0.998796 -0
    outer loop
      vertex -7.5 -2.25 0
      vertex -7.72054 -2.23917 7
      vertex -7.5 -2.25 7
    endloop
  endfacet
  facet normal 0.0490476 0.998796 0
    outer loop
      vertex -7.72054 -2.23917 7
      vertex -7.5 -2.25 0
      vertex -7.72054 -2.23917 0
    endloop
  endfacet
  facet normal 0.427578 0.903978 -0
    outer loop
      vertex -8.36104 -2.07873 0
      vertex -8.56064 -1.98432 7
      vertex -8.36104 -2.07873 7
    endloop
  endfacet
  facet normal 0.427578 0.903978 0
    outer loop
      vertex -8.56064 -1.98432 7
      vertex -8.36104 -2.07873 0
      vertex -8.56064 -1.98432 0
    endloop
  endfacet
  facet normal 0.336899 0.941541 -0
    outer loop
      vertex -8.15314 -2.15312 0
      vertex -8.36104 -2.07873 7
      vertex -8.15314 -2.15312 7
    endloop
  endfacet
  facet normal 0.336899 0.941541 0
    outer loop
      vertex -8.36104 -2.07873 7
      vertex -8.15314 -2.15312 0
      vertex -8.36104 -2.07873 0
    endloop
  endfacet
  facet normal 0.595723 0.80319 -0
    outer loop
      vertex -8.75003 -1.87081 0
      vertex -8.92738 -1.73927 7
      vertex -8.75003 -1.87081 7
    endloop
  endfacet
  facet normal 0.595723 0.80319 0
    outer loop
      vertex -8.92738 -1.73927 7
      vertex -8.75003 -1.87081 0
      vertex -8.92738 -1.73927 0
    endloop
  endfacet
  facet normal -0.80319 0.595723 0
    outer loop
      vertex -5.76073 -1.42738 0
      vertex -5.62919 -1.25003 7
      vertex -5.62919 -1.25003 0
    endloop
  endfacet
  facet normal -0.80319 0.595723 0
    outer loop
      vertex -5.62919 -1.25003 7
      vertex -5.76073 -1.42738 0
      vertex -5.76073 -1.42738 7
    endloop
  endfacet
  facet normal -0.857741 0.514083 0
    outer loop
      vertex -5.62919 -1.25003 0
      vertex -5.51568 -1.06064 7
      vertex -5.51568 -1.06064 0
    endloop
  endfacet
  facet normal -0.857741 0.514083 0
    outer loop
      vertex -5.51568 -1.06064 7
      vertex -5.62919 -1.25003 0
      vertex -5.62919 -1.25003 7
    endloop
  endfacet
  facet normal -0.989176 0.146736 0
    outer loop
      vertex -5.29323 -0.438952 0
      vertex -5.26083 -0.220538 7
      vertex -5.26083 -0.220538 0
    endloop
  endfacet
  facet normal -0.989176 0.146736 0
    outer loop
      vertex -5.26083 -0.220538 7
      vertex -5.29323 -0.438952 0
      vertex -5.29323 -0.438952 7
    endloop
  endfacet
  facet normal -0.970033 0.242975 0
    outer loop
      vertex -5.34688 -0.65314 0
      vertex -5.29323 -0.438952 7
      vertex -5.29323 -0.438952 0
    endloop
  endfacet
  facet normal -0.970033 0.242975 0
    outer loop
      vertex -5.29323 -0.438952 7
      vertex -5.34688 -0.65314 0
      vertex -5.34688 -0.65314 7
    endloop
  endfacet
  facet normal -0.998796 0.0490481 0
    outer loop
      vertex -5.26083 -0.220538 0
      vertex -5.25 0 7
      vertex -5.25 0 0
    endloop
  endfacet
  facet normal -0.998796 0.0490481 0
    outer loop
      vertex -5.25 0 7
      vertex -5.26083 -0.220538 0
      vertex -5.26083 -0.220538 7
    endloop
  endfacet
  facet normal -0.595702 0.803206 0
    outer loop
      vertex -6.07261 -1.73927 0
      vertex -6.24997 -1.87081 7
      vertex -6.07261 -1.73927 7
    endloop
  endfacet
  facet normal -0.595702 0.803206 0
    outer loop
      vertex -6.24997 -1.87081 7
      vertex -6.07261 -1.73927 0
      vertex -6.24997 -1.87081 0
    endloop
  endfacet
  facet normal -0.514083 0.857741 0
    outer loop
      vertex -6.24997 -1.87081 0
      vertex -6.43936 -1.98432 7
      vertex -6.24997 -1.87081 7
    endloop
  endfacet
  facet normal -0.514083 0.857741 0
    outer loop
      vertex -6.43936 -1.98432 7
      vertex -6.24997 -1.87081 0
      vertex -6.43936 -1.98432 0
    endloop
  endfacet
  facet normal -0.671563 0.740948 0
    outer loop
      vertex -5.90901 -1.59099 0
      vertex -6.07261 -1.73927 7
      vertex -5.90901 -1.59099 7
    endloop
  endfacet
  facet normal -0.671563 0.740948 0
    outer loop
      vertex -6.07261 -1.73927 7
      vertex -5.90901 -1.59099 0
      vertex -6.07261 -1.73927 0
    endloop
  endfacet
  facet normal -0.336899 0.941541 0
    outer loop
      vertex -6.63896 -2.07873 0
      vertex -6.84686 -2.15312 7
      vertex -6.63896 -2.07873 7
    endloop
  endfacet
  facet normal -0.336899 0.941541 0
    outer loop
      vertex -6.84686 -2.15312 7
      vertex -6.63896 -2.07873 0
      vertex -6.84686 -2.15312 0
    endloop
  endfacet
  facet normal -0.427578 0.903978 0
    outer loop
      vertex -6.43936 -1.98432 0
      vertex -6.63896 -2.07873 7
      vertex -6.43936 -1.98432 7
    endloop
  endfacet
  facet normal -0.427578 0.903978 0
    outer loop
      vertex -6.63896 -2.07873 7
      vertex -6.43936 -1.98432 0
      vertex -6.63896 -2.07873 0
    endloop
  endfacet
  facet normal -0.146739 0.989175 0
    outer loop
      vertex -7.06105 -2.20677 0
      vertex -7.27946 -2.23917 7
      vertex -7.06105 -2.20677 7
    endloop
  endfacet
  facet normal -0.146739 0.989175 0
    outer loop
      vertex -7.27946 -2.23917 7
      vertex -7.06105 -2.20677 0
      vertex -7.27946 -2.23917 0
    endloop
  endfacet
  facet normal 0.998796 -0.0490481 0
    outer loop
      vertex -9.75 0 7
      vertex -9.73917 0.220538 0
      vertex -9.73917 0.220538 7
    endloop
  endfacet
  facet normal 0.998796 -0.0490481 0
    outer loop
      vertex -9.73917 0.220538 0
      vertex -9.75 0 7
      vertex -9.75 0 0
    endloop
  endfacet
  facet normal 0.80319 -0.595723 0
    outer loop
      vertex -9.37081 1.25003 7
      vertex -9.23927 1.42738 0
      vertex -9.23927 1.42738 7
    endloop
  endfacet
  facet normal 0.80319 -0.595723 0
    outer loop
      vertex -9.23927 1.42738 0
      vertex -9.37081 1.25003 7
      vertex -9.37081 1.25003 0
    endloop
  endfacet
  facet normal 0.146739 -0.989175 0
    outer loop
      vertex -7.93895 2.20677 0
      vertex -7.72054 2.23917 7
      vertex -7.93895 2.20677 7
    endloop
  endfacet
  facet normal 0.146739 -0.989175 0
    outer loop
      vertex -7.72054 2.23917 7
      vertex -7.93895 2.20677 0
      vertex -7.72054 2.23917 0
    endloop
  endfacet
  facet normal 0.970033 0.242975 0
    outer loop
      vertex -9.65312 -0.65314 7
      vertex -9.70677 -0.438952 0
      vertex -9.70677 -0.438952 7
    endloop
  endfacet
  facet normal 0.970033 0.242975 0
    outer loop
      vertex -9.70677 -0.438952 0
      vertex -9.65312 -0.65314 7
      vertex -9.65312 -0.65314 0
    endloop
  endfacet
  facet normal 0.903981 0.427573 0
    outer loop
      vertex -9.48432 -1.06064 7
      vertex -9.57873 -0.861037 0
      vertex -9.57873 -0.861037 7
    endloop
  endfacet
  facet normal 0.903981 0.427573 0
    outer loop
      vertex -9.57873 -0.861037 0
      vertex -9.48432 -1.06064 7
      vertex -9.48432 -1.06064 0
    endloop
  endfacet
  facet normal 0.67154 0.740968 -0
    outer loop
      vertex -8.92738 -1.73927 0
      vertex -9.09099 -1.59099 7
      vertex -8.92738 -1.73927 7
    endloop
  endfacet
  facet normal 0.67154 0.740968 0
    outer loop
      vertex -9.09099 -1.59099 7
      vertex -8.92738 -1.73927 0
      vertex -9.09099 -1.59099 0
    endloop
  endfacet
  facet normal -0.0490476 0.998796 0
    outer loop
      vertex -7.27946 -2.23917 0
      vertex -7.5 -2.25 7
      vertex -7.27946 -2.23917 7
    endloop
  endfacet
  facet normal -0.0490476 0.998796 0
    outer loop
      vertex -7.5 -2.25 7
      vertex -7.27946 -2.23917 0
      vertex -7.5 -2.25 0
    endloop
  endfacet
  facet normal 0.514083 0.857741 -0
    outer loop
      vertex -8.56064 -1.98432 0
      vertex -8.75003 -1.87081 7
      vertex -8.56064 -1.98432 7
    endloop
  endfacet
  facet normal 0.514083 0.857741 0
    outer loop
      vertex -8.75003 -1.87081 7
      vertex -8.56064 -1.98432 0
      vertex -8.75003 -1.87081 0
    endloop
  endfacet
  facet normal -0.941539 0.336903 0
    outer loop
      vertex -5.42127 -0.861037 0
      vertex -5.34688 -0.65314 7
      vertex -5.34688 -0.65314 0
    endloop
  endfacet
  facet normal -0.941539 0.336903 0
    outer loop
      vertex -5.34688 -0.65314 7
      vertex -5.42127 -0.861037 0
      vertex -5.42127 -0.861037 7
    endloop
  endfacet
  facet normal -0.242973 0.970033 0
    outer loop
      vertex -6.84686 -2.15312 0
      vertex -7.06105 -2.20677 7
      vertex -6.84686 -2.15312 7
    endloop
  endfacet
  facet normal -0.242973 0.970033 0
    outer loop
      vertex -7.06105 -2.20677 7
      vertex -6.84686 -2.15312 0
      vertex -7.06105 -2.20677 0
    endloop
  endfacet
  facet normal 0.941539 -0.336903 0
    outer loop
      vertex -9.65312 0.65314 7
      vertex -9.57873 0.861037 0
      vertex -9.57873 0.861037 7
    endloop
  endfacet
  facet normal 0.941539 -0.336903 0
    outer loop
      vertex -9.57873 0.861037 0
      vertex -9.65312 0.65314 7
      vertex -9.65312 0.65314 0
    endloop
  endfacet
  facet normal 0.970033 -0.242975 0
    outer loop
      vertex -9.70677 0.438952 7
      vertex -9.65312 0.65314 0
      vertex -9.65312 0.65314 7
    endloop
  endfacet
  facet normal 0.970033 -0.242975 0
    outer loop
      vertex -9.65312 0.65314 0
      vertex -9.70677 0.438952 7
      vertex -9.70677 0.438952 0
    endloop
  endfacet
  facet normal 0.989176 -0.146736 0
    outer loop
      vertex -9.73917 0.220538 7
      vertex -9.70677 0.438952 0
      vertex -9.70677 0.438952 7
    endloop
  endfacet
  facet normal 0.989176 -0.146736 0
    outer loop
      vertex -9.70677 0.438952 0
      vertex -9.73917 0.220538 7
      vertex -9.73917 0.220538 0
    endloop
  endfacet
  facet normal 0.903981 -0.427573 0
    outer loop
      vertex -9.57873 0.861037 7
      vertex -9.48432 1.06064 0
      vertex -9.48432 1.06064 7
    endloop
  endfacet
  facet normal 0.903981 -0.427573 0
    outer loop
      vertex -9.48432 1.06064 0
      vertex -9.57873 0.861037 7
      vertex -9.57873 0.861037 0
    endloop
  endfacet
  facet normal 0.857741 -0.514083 0
    outer loop
      vertex -9.48432 1.06064 7
      vertex -9.37081 1.25003 0
      vertex -9.37081 1.25003 7
    endloop
  endfacet
  facet normal 0.857741 -0.514083 0
    outer loop
      vertex -9.37081 1.25003 0
      vertex -9.48432 1.06064 7
      vertex -9.48432 1.06064 0
    endloop
  endfacet
  facet normal -0.80319 -0.595723 0
    outer loop
      vertex -5.62919 1.25003 0
      vertex -5.76073 1.42738 7
      vertex -5.76073 1.42738 0
    endloop
  endfacet
  facet normal -0.80319 -0.595723 0
    outer loop
      vertex -5.76073 1.42738 7
      vertex -5.62919 1.25003 0
      vertex -5.62919 1.25003 7
    endloop
  endfacet
  facet normal -0.970033 -0.242975 0
    outer loop
      vertex -5.29323 0.438952 0
      vertex -5.34688 0.65314 7
      vertex -5.34688 0.65314 0
    endloop
  endfacet
  facet normal -0.970033 -0.242975 0
    outer loop
      vertex -5.34688 0.65314 7
      vertex -5.29323 0.438952 0
      vertex -5.29323 0.438952 7
    endloop
  endfacet
  facet normal 0.336899 -0.941541 0
    outer loop
      vertex -8.36104 2.07873 0
      vertex -8.15314 2.15312 7
      vertex -8.36104 2.07873 7
    endloop
  endfacet
  facet normal 0.336899 -0.941541 0
    outer loop
      vertex -8.15314 2.15312 7
      vertex -8.36104 2.07873 0
      vertex -8.15314 2.15312 0
    endloop
  endfacet
  facet normal 0.242973 -0.970033 0
    outer loop
      vertex -8.15314 2.15312 0
      vertex -7.93895 2.20677 7
      vertex -8.15314 2.15312 7
    endloop
  endfacet
  facet normal 0.242973 -0.970033 0
    outer loop
      vertex -7.93895 2.20677 7
      vertex -8.15314 2.15312 0
      vertex -7.93895 2.20677 0
    endloop
  endfacet
  facet normal 0.595723 -0.80319 0
    outer loop
      vertex -8.92738 1.73927 0
      vertex -8.75003 1.87081 7
      vertex -8.92738 1.73927 7
    endloop
  endfacet
  facet normal 0.595723 -0.80319 0
    outer loop
      vertex -8.75003 1.87081 7
      vertex -8.92738 1.73927 0
      vertex -8.75003 1.87081 0
    endloop
  endfacet
  facet normal 0.0490476 -0.998796 0
    outer loop
      vertex -7.72054 2.23917 0
      vertex -7.5 2.25 7
      vertex -7.72054 2.23917 7
    endloop
  endfacet
  facet normal 0.0490476 -0.998796 0
    outer loop
      vertex -7.5 2.25 7
      vertex -7.72054 2.23917 0
      vertex -7.5 2.25 0
    endloop
  endfacet
  facet normal -0.0490476 -0.998796 0
    outer loop
      vertex -7.5 2.25 0
      vertex -7.27946 2.23917 7
      vertex -7.5 2.25 7
    endloop
  endfacet
  facet normal -0.0490476 -0.998796 -0
    outer loop
      vertex -7.27946 2.23917 7
      vertex -7.5 2.25 0
      vertex -7.27946 2.23917 0
    endloop
  endfacet
  facet normal -0.146739 -0.989175 0
    outer loop
      vertex -7.27946 2.23917 0
      vertex -7.06105 2.20677 7
      vertex -7.27946 2.23917 7
    endloop
  endfacet
  facet normal -0.146739 -0.989175 -0
    outer loop
      vertex -7.06105 2.20677 7
      vertex -7.27946 2.23917 0
      vertex -7.06105 2.20677 0
    endloop
  endfacet
  facet normal -0.595702 -0.803206 0
    outer loop
      vertex -6.24997 1.87081 0
      vertex -6.07261 1.73927 7
      vertex -6.24997 1.87081 7
    endloop
  endfacet
  facet normal -0.595702 -0.803206 -0
    outer loop
      vertex -6.07261 1.73927 7
      vertex -6.24997 1.87081 0
      vertex -6.07261 1.73927 0
    endloop
  endfacet
  facet normal -0.336899 -0.941541 0
    outer loop
      vertex -6.84686 2.15312 0
      vertex -6.63896 2.07873 7
      vertex -6.84686 2.15312 7
    endloop
  endfacet
  facet normal -0.336899 -0.941541 -0
    outer loop
      vertex -6.63896 2.07873 7
      vertex -6.84686 2.15312 0
      vertex -6.63896 2.07873 0
    endloop
  endfacet
  facet normal -0.671563 -0.740948 0
    outer loop
      vertex -6.07261 1.73927 0
      vertex -5.90901 1.59099 7
      vertex -6.07261 1.73927 7
    endloop
  endfacet
  facet normal -0.671563 -0.740948 -0
    outer loop
      vertex -5.90901 1.59099 7
      vertex -6.07261 1.73927 0
      vertex -5.90901 1.59099 0
    endloop
  endfacet
  facet normal -0.740968 -0.67154 0
    outer loop
      vertex -5.76073 1.42738 0
      vertex -5.90901 1.59099 7
      vertex -5.90901 1.59099 0
    endloop
  endfacet
  facet normal -0.740968 -0.67154 0
    outer loop
      vertex -5.90901 1.59099 7
      vertex -5.76073 1.42738 0
      vertex -5.76073 1.42738 7
    endloop
  endfacet
  facet normal -0.857741 -0.514083 0
    outer loop
      vertex -5.51568 1.06064 0
      vertex -5.62919 1.25003 7
      vertex -5.62919 1.25003 0
    endloop
  endfacet
  facet normal -0.857741 -0.514083 0
    outer loop
      vertex -5.62919 1.25003 7
      vertex -5.51568 1.06064 0
      vertex -5.51568 1.06064 7
    endloop
  endfacet
  facet normal -0.903981 -0.427573 0
    outer loop
      vertex -5.42127 0.861037 0
      vertex -5.51568 1.06064 7
      vertex -5.51568 1.06064 0
    endloop
  endfacet
  facet normal -0.903981 -0.427573 0
    outer loop
      vertex -5.51568 1.06064 7
      vertex -5.42127 0.861037 0
      vertex -5.42127 0.861037 7
    endloop
  endfacet
  facet normal -0.941539 -0.336903 0
    outer loop
      vertex -5.34688 0.65314 0
      vertex -5.42127 0.861037 7
      vertex -5.42127 0.861037 0
    endloop
  endfacet
  facet normal -0.941539 -0.336903 0
    outer loop
      vertex -5.42127 0.861037 7
      vertex -5.34688 0.65314 0
      vertex -5.34688 0.65314 7
    endloop
  endfacet
  facet normal -0.989176 -0.146736 0
    outer loop
      vertex -5.26083 0.220538 0
      vertex -5.29323 0.438952 7
      vertex -5.29323 0.438952 0
    endloop
  endfacet
  facet normal -0.989176 -0.146736 0
    outer loop
      vertex -5.29323 0.438952 7
      vertex -5.26083 0.220538 0
      vertex -5.26083 0.220538 7
    endloop
  endfacet
  facet normal 0.740968 -0.67154 0
    outer loop
      vertex -9.23927 1.42738 7
      vertex -9.09099 1.59099 0
      vertex -9.09099 1.59099 7
    endloop
  endfacet
  facet normal 0.740968 -0.67154 0
    outer loop
      vertex -9.09099 1.59099 0
      vertex -9.23927 1.42738 7
      vertex -9.23927 1.42738 0
    endloop
  endfacet
  facet normal 0.67154 -0.740968 0
    outer loop
      vertex -9.09099 1.59099 0
      vertex -8.92738 1.73927 7
      vertex -9.09099 1.59099 7
    endloop
  endfacet
  facet normal 0.67154 -0.740968 0
    outer loop
      vertex -8.92738 1.73927 7
      vertex -9.09099 1.59099 0
      vertex -8.92738 1.73927 0
    endloop
  endfacet
  facet normal 0.514083 -0.857741 0
    outer loop
      vertex -8.75003 1.87081 0
      vertex -8.56064 1.98432 7
      vertex -8.75003 1.87081 7
    endloop
  endfacet
  facet normal 0.514083 -0.857741 0
    outer loop
      vertex -8.56064 1.98432 7
      vertex -8.75003 1.87081 0
      vertex -8.56064 1.98432 0
    endloop
  endfacet
  facet normal -0.242973 -0.970033 0
    outer loop
      vertex -7.06105 2.20677 0
      vertex -6.84686 2.15312 7
      vertex -7.06105 2.20677 7
    endloop
  endfacet
  facet normal -0.242973 -0.970033 -0
    outer loop
      vertex -6.84686 2.15312 7
      vertex -7.06105 2.20677 0
      vertex -6.84686 2.15312 0
    endloop
  endfacet
  facet normal -0.427578 -0.903978 0
    outer loop
      vertex -6.63896 2.07873 0
      vertex -6.43936 1.98432 7
      vertex -6.63896 2.07873 7
    endloop
  endfacet
  facet normal -0.427578 -0.903978 -0
    outer loop
      vertex -6.43936 1.98432 7
      vertex -6.63896 2.07873 0
      vertex -6.43936 1.98432 0
    endloop
  endfacet
  facet normal -0.514083 -0.857741 0
    outer loop
      vertex -6.43936 1.98432 0
      vertex -6.24997 1.87081 7
      vertex -6.43936 1.98432 7
    endloop
  endfacet
  facet normal -0.514083 -0.857741 -0
    outer loop
      vertex -6.24997 1.87081 7
      vertex -6.43936 1.98432 0
      vertex -6.24997 1.87081 0
    endloop
  endfacet
  facet normal 0.456879 0.889529 -0
    outer loop
      vertex -4.67859 -8.54463 0
      vertex -4.875 -8.44375 7
      vertex -4.67859 -8.54463 7
    endloop
  endfacet
  facet normal 0.456879 0.889529 0
    outer loop
      vertex -4.875 -8.44375 7
      vertex -4.67859 -8.54463 0
      vertex -4.875 -8.44375 0
    endloop
  endfacet
  facet normal -0.456879 -0.889529 0
    outer loop
      vertex -2.82141 -4.44575 0
      vertex -2.625 -4.54663 7
      vertex -2.82141 -4.44575 7
    endloop
  endfacet
  facet normal -0.456879 -0.889529 -0
    outer loop
      vertex -2.625 -4.54663 7
      vertex -2.82141 -4.44575 0
      vertex -2.625 -4.54663 0
    endloop
  endfacet
  facet normal 0.889529 -0.456879 0
    outer loop
      vertex -5.79944 -5.5666 7
      vertex -5.69856 -5.37019 0
      vertex -5.69856 -5.37019 7
    endloop
  endfacet
  facet normal 0.889529 -0.456879 0
    outer loop
      vertex -5.69856 -5.37019 0
      vertex -5.79944 -5.5666 7
      vertex -5.79944 -5.5666 0
    endloop
  endfacet
  facet normal -0.952069 -0.305883 0
    outer loop
      vertex -1.57667 -5.91285 0
      vertex -1.64421 -5.70263 7
      vertex -1.64421 -5.70263 0
    endloop
  endfacet
  facet normal -0.952069 -0.305883 0
    outer loop
      vertex -1.64421 -5.70263 7
      vertex -1.57667 -5.91285 0
      vertex -1.57667 -5.91285 7
    endloop
  endfacet
  facet normal 0.874085 0.485774 0
    outer loop
      vertex -5.6607 -7.68334 7
      vertex -5.76796 -7.49034 0
      vertex -5.76796 -7.49034 7
    endloop
  endfacet
  facet normal 0.874085 0.485774 0
    outer loop
      vertex -5.76796 -7.49034 0
      vertex -5.6607 -7.68334 7
      vertex -5.6607 -7.68334 0
    endloop
  endfacet
  facet normal -0.822267 -0.569102 0
    outer loop
      vertex -1.83929 -5.30704 0
      vertex -1.96495 -5.12548 7
      vertex -1.96495 -5.12548 0
    endloop
  endfacet
  facet normal -0.822267 -0.569102 0
    outer loop
      vertex -1.96495 -5.12548 7
      vertex -1.83929 -5.30704 0
      vertex -1.83929 -5.30704 7
    endloop
  endfacet
  facet normal -0.874104 -0.485739 0
    outer loop
      vertex -1.73204 -5.50004 0
      vertex -1.83929 -5.30704 7
      vertex -1.83929 -5.30704 0
    endloop
  endfacet
  facet normal -0.874104 -0.485739 0
    outer loop
      vertex -1.83929 -5.30704 7
      vertex -1.73204 -5.50004 0
      vertex -1.73204 -5.50004 7
    endloop
  endfacet
  facet normal 0.983845 -0.179025 0
    outer loop
      vertex -5.98075 -6.20151 7
      vertex -5.94122 -5.98427 0
      vertex -5.94122 -5.98427 7
    endloop
  endfacet
  facet normal 0.983845 -0.179025 0
    outer loop
      vertex -5.94122 -5.98427 0
      vertex -5.98075 -6.20151 7
      vertex -5.98075 -6.20151 0
    endloop
  endfacet
  facet normal 0.996657 -0.0817036 0
    outer loop
      vertex -5.99879 -6.42157 7
      vertex -5.98075 -6.20151 0
      vertex -5.98075 -6.20151 7
    endloop
  endfacet
  facet normal 0.996657 -0.0817036 0
    outer loop
      vertex -5.98075 -6.20151 0
      vertex -5.99879 -6.42157 7
      vertex -5.99879 -6.42157 0
    endloop
  endfacet
  facet normal 0.367522 0.930015 -0
    outer loop
      vertex -4.47324 -8.62578 0
      vertex -4.67859 -8.54463 7
      vertex -4.47324 -8.62578 7
    endloop
  endfacet
  facet normal 0.367522 0.930015 0
    outer loop
      vertex -4.67859 -8.54463 7
      vertex -4.47324 -8.62578 0
      vertex -4.67859 -8.54463 0
    endloop
  endfacet
  facet normal 0.179025 0.983845 -0
    outer loop
      vertex -4.04368 -8.72594 0
      vertex -4.26092 -8.68641 7
      vertex -4.04368 -8.72594 7
    endloop
  endfacet
  facet normal 0.179025 0.983845 0
    outer loop
      vertex -4.26092 -8.68641 7
      vertex -4.04368 -8.72594 0
      vertex -4.26092 -8.68641 0
    endloop
  endfacet
  facet normal -0.211143 0.977455 0
    outer loop
      vertex -3.16766 -8.66852 0
      vertex -3.38348 -8.71514 7
      vertex -3.16766 -8.66852 7
    endloop
  endfacet
  facet normal -0.211143 0.977455 0
    outer loop
      vertex -3.38348 -8.71514 7
      vertex -3.16766 -8.66852 0
      vertex -3.38348 -8.71514 0
    endloop
  endfacet
  facet normal -0.114263 0.993451 0
    outer loop
      vertex -3.38348 -8.71514 0
      vertex -3.60284 -8.74037 7
      vertex -3.38348 -8.71514 7
    endloop
  endfacet
  facet normal -0.114263 0.993451 0
    outer loop
      vertex -3.60284 -8.74037 7
      vertex -3.38348 -8.71514 0
      vertex -3.60284 -8.74037 0
    endloop
  endfacet
  facet normal -0.0163942 0.999866 0
    outer loop
      vertex -3.60284 -8.74037 0
      vertex -3.82362 -8.74399 7
      vertex -3.60284 -8.74037 7
    endloop
  endfacet
  facet normal -0.0163942 0.999866 0
    outer loop
      vertex -3.82362 -8.74399 7
      vertex -3.60284 -8.74037 0
      vertex -3.82362 -8.74399 0
    endloop
  endfacet
  facet normal -0.783271 0.62168 0
    outer loop
      vertex -2.05836 -7.97872 0
      vertex -1.92109 -7.80577 7
      vertex -1.92109 -7.80577 0
    endloop
  endfacet
  facet normal -0.783271 0.62168 0
    outer loop
      vertex -1.92109 -7.80577 7
      vertex -2.05836 -7.97872 0
      vertex -2.05836 -7.97872 7
    endloop
  endfacet
  facet normal -0.718561 0.695464 0
    outer loop
      vertex -2.21192 -8.13738 0
      vertex -2.05836 -7.97872 7
      vertex -2.05836 -7.97872 0
    endloop
  endfacet
  facet normal -0.718561 0.695464 0
    outer loop
      vertex -2.05836 -7.97872 7
      vertex -2.21192 -8.13738 0
      vertex -2.21192 -8.13738 7
    endloop
  endfacet
  facet normal -0.84046 0.541874 0
    outer loop
      vertex -1.92109 -7.80577 0
      vertex -1.80144 -7.62019 7
      vertex -1.80144 -7.62019 0
    endloop
  endfacet
  facet normal -0.84046 0.541874 0
    outer loop
      vertex -1.80144 -7.62019 7
      vertex -1.92109 -7.80577 0
      vertex -1.92109 -7.80577 7
    endloop
  endfacet
  facet normal -0.569102 0.822267 0
    outer loop
      vertex -2.38029 -8.28024 0
      vertex -2.56185 -8.4059 7
      vertex -2.38029 -8.28024 7
    endloop
  endfacet
  facet normal -0.569102 0.822267 0
    outer loop
      vertex -2.56185 -8.4059 7
      vertex -2.38029 -8.28024 0
      vertex -2.56185 -8.4059 0
    endloop
  endfacet
  facet normal -0.646979 0.762508 0
    outer loop
      vertex -2.21192 -8.13738 0
      vertex -2.38029 -8.28024 7
      vertex -2.21192 -8.13738 7
    endloop
  endfacet
  facet normal -0.646979 0.762508 0
    outer loop
      vertex -2.38029 -8.28024 7
      vertex -2.21192 -8.13738 0
      vertex -2.38029 -8.28024 0
    endloop
  endfacet
  facet normal -0.397764 0.917488 0
    outer loop
      vertex -2.75485 -8.51315 0
      vertex -2.95744 -8.60098 7
      vertex -2.75485 -8.51315 7
    endloop
  endfacet
  facet normal -0.397764 0.917488 0
    outer loop
      vertex -2.95744 -8.60098 7
      vertex -2.75485 -8.51315 0
      vertex -2.95744 -8.60098 0
    endloop
  endfacet
  facet normal -0.62168 -0.783271 0
    outer loop
      vertex -2.43942 -4.66628 0
      vertex -2.26647 -4.80355 7
      vertex -2.43942 -4.66628 7
    endloop
  endfacet
  facet normal -0.62168 -0.783271 -0
    outer loop
      vertex -2.26647 -4.80355 7
      vertex -2.43942 -4.66628 0
      vertex -2.26647 -4.80355 0
    endloop
  endfacet
  facet normal -0.762508 -0.646979 0
    outer loop
      vertex -1.96495 -5.12548 0
      vertex -2.10781 -4.95711 7
      vertex -2.10781 -4.95711 0
    endloop
  endfacet
  facet normal -0.762508 -0.646979 0
    outer loop
      vertex -2.10781 -4.95711 7
      vertex -1.96495 -5.12548 0
      vertex -1.96495 -5.12548 7
    endloop
  endfacet
  facet normal -0.695464 -0.718561 0
    outer loop
      vertex -2.26647 -4.80355 0
      vertex -2.10781 -4.95711 7
      vertex -2.26647 -4.80355 7
    endloop
  endfacet
  facet normal -0.695464 -0.718561 -0
    outer loop
      vertex -2.10781 -4.95711 7
      vertex -2.26647 -4.80355 0
      vertex -2.10781 -4.95711 0
    endloop
  endfacet
  facet normal -0.541874 -0.84046 0
    outer loop
      vertex -2.625 -4.54663 0
      vertex -2.43942 -4.66628 7
      vertex -2.625 -4.54663 7
    endloop
  endfacet
  facet normal -0.541874 -0.84046 -0
    outer loop
      vertex -2.43942 -4.66628 7
      vertex -2.625 -4.54663 0
      vertex -2.43942 -4.66628 0
    endloop
  endfacet
  facet normal -0.999866 -0.0163942 0
    outer loop
      vertex -1.5012 -6.56881 0
      vertex -1.50482 -6.34803 7
      vertex -1.50482 -6.34803 0
    endloop
  endfacet
  facet normal -0.999866 -0.0163942 0
    outer loop
      vertex -1.50482 -6.34803 7
      vertex -1.5012 -6.56881 0
      vertex -1.5012 -6.56881 7
    endloop
  endfacet
  facet normal -0.99345 -0.114268 0
    outer loop
      vertex -1.50482 -6.34803 0
      vertex -1.53005 -6.12868 7
      vertex -1.53005 -6.12868 0
    endloop
  endfacet
  facet normal -0.99345 -0.114268 0
    outer loop
      vertex -1.53005 -6.12868 7
      vertex -1.50482 -6.34803 0
      vertex -1.50482 -6.34803 7
    endloop
  endfacet
  facet normal -0.983845 0.179025 0
    outer loop
      vertex -1.55878 -7.00611 0
      vertex -1.51925 -6.78887 7
      vertex -1.51925 -6.78887 0
    endloop
  endfacet
  facet normal -0.983845 0.179025 0
    outer loop
      vertex -1.51925 -6.78887 7
      vertex -1.55878 -7.00611 0
      vertex -1.55878 -7.00611 7
    endloop
  endfacet
  facet normal -0.996653 0.0817486 0
    outer loop
      vertex -1.51925 -6.78887 0
      vertex -1.5012 -6.56881 7
      vertex -1.5012 -6.56881 0
    endloop
  endfacet
  facet normal -0.996653 0.0817486 0
    outer loop
      vertex -1.5012 -6.56881 7
      vertex -1.51925 -6.78887 0
      vertex -1.51925 -6.78887 7
    endloop
  endfacet
  facet normal -0.930015 0.367522 0
    outer loop
      vertex -1.70056 -7.42378 0
      vertex -1.61941 -7.21843 7
      vertex -1.61941 -7.21843 0
    endloop
  endfacet
  facet normal -0.930015 0.367522 0
    outer loop
      vertex -1.61941 -7.21843 7
      vertex -1.70056 -7.42378 0
      vertex -1.70056 -7.42378 7
    endloop
  endfacet
  facet normal 0.541927 0.840426 -0
    outer loop
      vertex -4.875 -8.44375 0
      vertex -5.06057 -8.32409 7
      vertex -4.875 -8.44375 7
    endloop
  endfacet
  facet normal 0.541927 0.840426 0
    outer loop
      vertex -5.06057 -8.32409 7
      vertex -4.875 -8.44375 0
      vertex -5.06057 -8.32409 0
    endloop
  endfacet
  facet normal 0.952069 0.305883 0
    outer loop
      vertex -5.85579 -7.28775 7
      vertex -5.92333 -7.07753 0
      vertex -5.92333 -7.07753 7
    endloop
  endfacet
  facet normal 0.952069 0.305883 0
    outer loop
      vertex -5.92333 -7.07753 0
      vertex -5.85579 -7.28775 7
      vertex -5.85579 -7.28775 0
    endloop
  endfacet
  facet normal 0.211134 -0.977457 0
    outer loop
      vertex -4.33234 -4.32186 0
      vertex -4.11651 -4.27524 7
      vertex -4.33234 -4.32186 7
    endloop
  endfacet
  facet normal 0.211134 -0.977457 0
    outer loop
      vertex -4.11651 -4.27524 7
      vertex -4.33234 -4.32186 0
      vertex -4.11651 -4.27524 0
    endloop
  endfacet
  facet normal 0.274584 0.961563 -0
    outer loop
      vertex -4.26092 -8.68641 0
      vertex -4.47324 -8.62578 7
      vertex -4.26092 -8.68641 7
    endloop
  endfacet
  facet normal 0.274584 0.961563 0
    outer loop
      vertex -4.47324 -8.62578 7
      vertex -4.26092 -8.68641 0
      vertex -4.47324 -8.62578 0
    endloop
  endfacet
  facet normal 0.0817486 0.996653 -0
    outer loop
      vertex -3.82362 -8.74399 0
      vertex -4.04368 -8.72594 7
      vertex -3.82362 -8.74399 7
    endloop
  endfacet
  facet normal 0.0817486 0.996653 0
    outer loop
      vertex -4.04368 -8.72594 7
      vertex -3.82362 -8.74399 0
      vertex -4.04368 -8.72594 0
    endloop
  endfacet
  facet normal -0.305883 0.952069 0
    outer loop
      vertex -2.95744 -8.60098 0
      vertex -3.16766 -8.66852 7
      vertex -2.95744 -8.60098 7
    endloop
  endfacet
  facet normal -0.305883 0.952069 0
    outer loop
      vertex -3.16766 -8.66852 7
      vertex -2.95744 -8.60098 0
      vertex -3.16766 -8.66852 0
    endloop
  endfacet
  facet normal -0.889529 0.456879 0
    outer loop
      vertex -1.80144 -7.62019 0
      vertex -1.70056 -7.42378 7
      vertex -1.70056 -7.42378 0
    endloop
  endfacet
  facet normal -0.889529 0.456879 0
    outer loop
      vertex -1.70056 -7.42378 7
      vertex -1.80144 -7.62019 0
      vertex -1.80144 -7.62019 7
    endloop
  endfacet
  facet normal -0.485739 0.874104 0
    outer loop
      vertex -2.56185 -8.4059 0
      vertex -2.75485 -8.51315 7
      vertex -2.56185 -8.4059 7
    endloop
  endfacet
  facet normal -0.485739 0.874104 0
    outer loop
      vertex -2.75485 -8.51315 7
      vertex -2.56185 -8.4059 0
      vertex -2.75485 -8.51315 0
    endloop
  endfacet
  facet normal -0.917488 -0.397764 0
    outer loop
      vertex -1.64421 -5.70263 0
      vertex -1.73204 -5.50004 7
      vertex -1.73204 -5.50004 0
    endloop
  endfacet
  facet normal -0.917488 -0.397764 0
    outer loop
      vertex -1.73204 -5.50004 7
      vertex -1.64421 -5.70263 0
      vertex -1.64421 -5.70263 7
    endloop
  endfacet
  facet normal -0.977457 -0.211134 0
    outer loop
      vertex -1.53005 -6.12868 0
      vertex -1.57667 -5.91285 7
      vertex -1.57667 -5.91285 0
    endloop
  endfacet
  facet normal -0.977457 -0.211134 0
    outer loop
      vertex -1.57667 -5.91285 7
      vertex -1.53005 -6.12868 0
      vertex -1.53005 -6.12868 7
    endloop
  endfacet
  facet normal -0.961563 0.274584 0
    outer loop
      vertex -1.61941 -7.21843 0
      vertex -1.55878 -7.00611 7
      vertex -1.55878 -7.00611 0
    endloop
  endfacet
  facet normal -0.961563 0.274584 0
    outer loop
      vertex -1.55878 -7.00611 7
      vertex -1.61941 -7.21843 0
      vertex -1.61941 -7.21843 7
    endloop
  endfacet
  facet normal 0.695464 0.718561 -0
    outer loop
      vertex -5.23353 -8.18683 0
      vertex -5.39219 -8.03327 7
      vertex -5.23353 -8.18683 7
    endloop
  endfacet
  facet normal 0.695464 0.718561 0
    outer loop
      vertex -5.39219 -8.03327 7
      vertex -5.23353 -8.18683 0
      vertex -5.39219 -8.03327 0
    endloop
  endfacet
  facet normal 0.999866 0.0163489 0
    outer loop
      vertex -5.99518 -6.64235 7
      vertex -5.99879 -6.42157 0
      vertex -5.99879 -6.42157 7
    endloop
  endfacet
  facet normal 0.999866 0.0163489 0
    outer loop
      vertex -5.99879 -6.42157 0
      vertex -5.99518 -6.64235 7
      vertex -5.99518 -6.64235 0
    endloop
  endfacet
  facet normal 0.822267 0.569102 0
    outer loop
      vertex -5.53504 -7.8649 7
      vertex -5.6607 -7.68334 0
      vertex -5.6607 -7.68334 7
    endloop
  endfacet
  facet normal 0.822267 0.569102 0
    outer loop
      vertex -5.6607 -7.68334 0
      vertex -5.53504 -7.8649 7
      vertex -5.53504 -7.8649 0
    endloop
  endfacet
  facet normal 0.917488 0.397764 0
    outer loop
      vertex -5.76796 -7.49034 7
      vertex -5.85579 -7.28775 0
      vertex -5.85579 -7.28775 7
    endloop
  endfacet
  facet normal 0.917488 0.397764 0
    outer loop
      vertex -5.85579 -7.28775 0
      vertex -5.76796 -7.49034 7
      vertex -5.76796 -7.49034 0
    endloop
  endfacet
  facet normal 0.646979 -0.762508 0
    outer loop
      vertex -5.28808 -4.853 0
      vertex -5.11971 -4.71014 7
      vertex -5.28808 -4.853 7
    endloop
  endfacet
  facet normal 0.646979 -0.762508 0
    outer loop
      vertex -5.11971 -4.71014 7
      vertex -5.28808 -4.853 0
      vertex -5.11971 -4.71014 0
    endloop
  endfacet
  facet normal -0.0817036 -0.996657 0
    outer loop
      vertex -3.67638 -4.2464 0
      vertex -3.45632 -4.26444 7
      vertex -3.67638 -4.2464 7
    endloop
  endfacet
  facet normal -0.0817036 -0.996657 -0
    outer loop
      vertex -3.45632 -4.26444 7
      vertex -3.67638 -4.2464 0
      vertex -3.45632 -4.26444 0
    endloop
  endfacet
  facet normal 0.621631 0.783311 -0
    outer loop
      vertex -5.06057 -8.32409 0
      vertex -5.23353 -8.18683 7
      vertex -5.06057 -8.32409 7
    endloop
  endfacet
  facet normal 0.621631 0.783311 0
    outer loop
      vertex -5.23353 -8.18683 7
      vertex -5.06057 -8.32409 0
      vertex -5.23353 -8.18683 0
    endloop
  endfacet
  facet normal 0.76253 0.646953 0
    outer loop
      vertex -5.39219 -8.03327 7
      vertex -5.53504 -7.8649 0
      vertex -5.53504 -7.8649 7
    endloop
  endfacet
  facet normal 0.76253 0.646953 0
    outer loop
      vertex -5.53504 -7.8649 0
      vertex -5.39219 -8.03327 7
      vertex -5.39219 -8.03327 0
    endloop
  endfacet
  facet normal 0.840426 -0.541927 0
    outer loop
      vertex -5.69856 -5.37019 7
      vertex -5.5789 -5.18462 0
      vertex -5.5789 -5.18462 7
    endloop
  endfacet
  facet normal 0.840426 -0.541927 0
    outer loop
      vertex -5.5789 -5.18462 0
      vertex -5.69856 -5.37019 7
      vertex -5.69856 -5.37019 0
    endloop
  endfacet
  facet normal 0.305883 -0.952069 0
    outer loop
      vertex -4.54256 -4.3894 0
      vertex -4.33234 -4.32186 7
      vertex -4.54256 -4.3894 7
    endloop
  endfacet
  facet normal 0.305883 -0.952069 0
    outer loop
      vertex -4.33234 -4.32186 7
      vertex -4.54256 -4.3894 0
      vertex -4.33234 -4.32186 0
    endloop
  endfacet
  facet normal -0.179025 -0.983845 0
    outer loop
      vertex -3.45632 -4.26444 0
      vertex -3.23908 -4.30397 7
      vertex -3.45632 -4.26444 7
    endloop
  endfacet
  facet normal -0.179025 -0.983845 -0
    outer loop
      vertex -3.23908 -4.30397 7
      vertex -3.45632 -4.26444 0
      vertex -3.23908 -4.30397 0
    endloop
  endfacet
  facet normal -0.274584 -0.961563 0
    outer loop
      vertex -3.23908 -4.30397 0
      vertex -3.02676 -4.3646 7
      vertex -3.23908 -4.30397 7
    endloop
  endfacet
  facet normal -0.274584 -0.961563 -0
    outer loop
      vertex -3.02676 -4.3646 7
      vertex -3.23908 -4.30397 0
      vertex -3.02676 -4.3646 0
    endloop
  endfacet
  facet normal -0.367522 -0.930015 0
    outer loop
      vertex -3.02676 -4.3646 0
      vertex -2.82141 -4.44575 7
      vertex -3.02676 -4.3646 7
    endloop
  endfacet
  facet normal -0.367522 -0.930015 -0
    outer loop
      vertex -2.82141 -4.44575 7
      vertex -3.02676 -4.3646 0
      vertex -2.82141 -4.44575 0
    endloop
  endfacet
  facet normal 0.961563 -0.274584 0
    outer loop
      vertex -5.94122 -5.98427 7
      vertex -5.88059 -5.77195 0
      vertex -5.88059 -5.77195 7
    endloop
  endfacet
  facet normal 0.961563 -0.274584 0
    outer loop
      vertex -5.88059 -5.77195 0
      vertex -5.94122 -5.98427 7
      vertex -5.94122 -5.98427 0
    endloop
  endfacet
  facet normal 0.930015 -0.367522 0
    outer loop
      vertex -5.88059 -5.77195 7
      vertex -5.79944 -5.5666 0
      vertex -5.79944 -5.5666 7
    endloop
  endfacet
  facet normal 0.930015 -0.367522 0
    outer loop
      vertex -5.79944 -5.5666 0
      vertex -5.88059 -5.77195 7
      vertex -5.88059 -5.77195 0
    endloop
  endfacet
  facet normal 0.977457 0.211134 0
    outer loop
      vertex -5.92333 -7.07753 7
      vertex -5.96995 -6.8617 0
      vertex -5.96995 -6.8617 7
    endloop
  endfacet
  facet normal 0.977457 0.211134 0
    outer loop
      vertex -5.96995 -6.8617 0
      vertex -5.92333 -7.07753 7
      vertex -5.92333 -7.07753 0
    endloop
  endfacet
  facet normal 0.99345 0.114268 0
    outer loop
      vertex -5.96995 -6.8617 7
      vertex -5.99518 -6.64235 0
      vertex -5.99518 -6.64235 7
    endloop
  endfacet
  facet normal 0.99345 0.114268 0
    outer loop
      vertex -5.99518 -6.64235 0
      vertex -5.96995 -6.8617 7
      vertex -5.96995 -6.8617 0
    endloop
  endfacet
  facet normal 0.569071 -0.822288 0
    outer loop
      vertex -5.11971 -4.71014 0
      vertex -4.93815 -4.58449 7
      vertex -5.11971 -4.71014 7
    endloop
  endfacet
  facet normal 0.569071 -0.822288 0
    outer loop
      vertex -4.93815 -4.58449 7
      vertex -5.11971 -4.71014 0
      vertex -4.93815 -4.58449 0
    endloop
  endfacet
  facet normal 0.485774 -0.874085 0
    outer loop
      vertex -4.93815 -4.58449 0
      vertex -4.74515 -4.47723 7
      vertex -4.93815 -4.58449 7
    endloop
  endfacet
  facet normal 0.485774 -0.874085 0
    outer loop
      vertex -4.74515 -4.47723 7
      vertex -4.93815 -4.58449 0
      vertex -4.74515 -4.47723 0
    endloop
  endfacet
  facet normal 0.397764 -0.917488 0
    outer loop
      vertex -4.74515 -4.47723 0
      vertex -4.54256 -4.3894 7
      vertex -4.74515 -4.47723 7
    endloop
  endfacet
  facet normal 0.397764 -0.917488 0
    outer loop
      vertex -4.54256 -4.3894 7
      vertex -4.74515 -4.47723 0
      vertex -4.54256 -4.3894 0
    endloop
  endfacet
  facet normal 0.114268 -0.99345 0
    outer loop
      vertex -4.11651 -4.27524 0
      vertex -3.89716 -4.25001 7
      vertex -4.11651 -4.27524 7
    endloop
  endfacet
  facet normal 0.114268 -0.99345 0
    outer loop
      vertex -3.89716 -4.25001 7
      vertex -4.11651 -4.27524 0
      vertex -3.89716 -4.25001 0
    endloop
  endfacet
  facet normal 0.0163489 -0.999866 0
    outer loop
      vertex -3.89716 -4.25001 0
      vertex -3.67638 -4.2464 7
      vertex -3.89716 -4.25001 7
    endloop
  endfacet
  facet normal 0.0163489 -0.999866 0
    outer loop
      vertex -3.67638 -4.2464 7
      vertex -3.89716 -4.25001 0
      vertex -3.67638 -4.2464 0
    endloop
  endfacet
  facet normal 0.783311 -0.621631 0
    outer loop
      vertex -5.5789 -5.18462 7
      vertex -5.44164 -5.01166 0
      vertex -5.44164 -5.01166 7
    endloop
  endfacet
  facet normal 0.783311 -0.621631 0
    outer loop
      vertex -5.44164 -5.01166 0
      vertex -5.5789 -5.18462 7
      vertex -5.5789 -5.18462 0
    endloop
  endfacet
  facet normal 0.718561 -0.695464 0
    outer loop
      vertex -5.44164 -5.01166 7
      vertex -5.28808 -4.853 0
      vertex -5.28808 -4.853 7
    endloop
  endfacet
  facet normal 0.718561 -0.695464 0
    outer loop
      vertex -5.28808 -4.853 0
      vertex -5.44164 -5.01166 7
      vertex -5.44164 -5.01166 0
    endloop
  endfacet
  facet normal -0.541927 0.840426 0
    outer loop
      vertex 5.06057 -8.32409 0
      vertex 4.875 -8.44375 7
      vertex 5.06057 -8.32409 7
    endloop
  endfacet
  facet normal -0.541927 0.840426 0
    outer loop
      vertex 4.875 -8.44375 7
      vertex 5.06057 -8.32409 0
      vertex 4.875 -8.44375 0
    endloop
  endfacet
  facet normal 0.541874 -0.84046 0
    outer loop
      vertex 2.43942 -4.66628 0
      vertex 2.625 -4.54663 7
      vertex 2.43942 -4.66628 7
    endloop
  endfacet
  facet normal 0.541874 -0.84046 0
    outer loop
      vertex 2.625 -4.54663 7
      vertex 2.43942 -4.66628 0
      vertex 2.625 -4.54663 0
    endloop
  endfacet
  facet normal -0.840426 -0.541927 0
    outer loop
      vertex 5.69856 -5.37019 0
      vertex 5.5789 -5.18462 7
      vertex 5.5789 -5.18462 0
    endloop
  endfacet
  facet normal -0.840426 -0.541927 0
    outer loop
      vertex 5.5789 -5.18462 7
      vertex 5.69856 -5.37019 0
      vertex 5.69856 -5.37019 7
    endloop
  endfacet
  facet normal 0.84046 0.541874 0
    outer loop
      vertex 1.92109 -7.80577 7
      vertex 1.80144 -7.62019 0
      vertex 1.80144 -7.62019 7
    endloop
  endfacet
  facet normal 0.84046 0.541874 0
    outer loop
      vertex 1.80144 -7.62019 0
      vertex 1.92109 -7.80577 7
      vertex 1.92109 -7.80577 0
    endloop
  endfacet
  facet normal -0.211134 -0.977457 0
    outer loop
      vertex 4.11651 -4.27524 0
      vertex 4.33234 -4.32186 7
      vertex 4.11651 -4.27524 7
    endloop
  endfacet
  facet normal -0.211134 -0.977457 -0
    outer loop
      vertex 4.33234 -4.32186 7
      vertex 4.11651 -4.27524 0
      vertex 4.33234 -4.32186 0
    endloop
  endfacet
  facet normal -0.569071 -0.822288 0
    outer loop
      vertex 4.93815 -4.58449 0
      vertex 5.11971 -4.71014 7
      vertex 4.93815 -4.58449 7
    endloop
  endfacet
  facet normal -0.569071 -0.822288 -0
    outer loop
      vertex 5.11971 -4.71014 7
      vertex 4.93815 -4.58449 0
      vertex 5.11971 -4.71014 0
    endloop
  endfacet
  facet normal -0.983845 -0.179025 0
    outer loop
      vertex 5.98075 -6.20151 0
      vertex 5.94122 -5.98427 7
      vertex 5.94122 -5.98427 0
    endloop
  endfacet
  facet normal -0.983845 -0.179025 0
    outer loop
      vertex 5.94122 -5.98427 7
      vertex 5.98075 -6.20151 0
      vertex 5.98075 -6.20151 7
    endloop
  endfacet
  facet normal 0.0817036 -0.996657 0
    outer loop
      vertex 3.45632 -4.26444 0
      vertex 3.67638 -4.2464 7
      vertex 3.45632 -4.26444 7
    endloop
  endfacet
  facet normal 0.0817036 -0.996657 0
    outer loop
      vertex 3.67638 -4.2464 7
      vertex 3.45632 -4.26444 0
      vertex 3.67638 -4.2464 0
    endloop
  endfacet
  facet normal -0.0163489 -0.999866 0
    outer loop
      vertex 3.67638 -4.2464 0
      vertex 3.89716 -4.25001 7
      vertex 3.67638 -4.2464 7
    endloop
  endfacet
  facet normal -0.0163489 -0.999866 -0
    outer loop
      vertex 3.89716 -4.25001 7
      vertex 3.67638 -4.2464 0
      vertex 3.89716 -4.25001 0
    endloop
  endfacet
  facet normal -0.718561 -0.695464 0
    outer loop
      vertex 5.44164 -5.01166 0
      vertex 5.28808 -4.853 7
      vertex 5.28808 -4.853 0
    endloop
  endfacet
  facet normal -0.718561 -0.695464 0
    outer loop
      vertex 5.28808 -4.853 7
      vertex 5.44164 -5.01166 0
      vertex 5.44164 -5.01166 7
    endloop
  endfacet
  facet normal 0.646979 0.762508 -0
    outer loop
      vertex 2.38029 -8.28024 0
      vertex 2.21192 -8.13738 7
      vertex 2.38029 -8.28024 7
    endloop
  endfacet
  facet normal 0.646979 0.762508 0
    outer loop
      vertex 2.21192 -8.13738 7
      vertex 2.38029 -8.28024 0
      vertex 2.21192 -8.13738 0
    endloop
  endfacet
  facet normal -0.621631 0.783311 0
    outer loop
      vertex 5.23353 -8.18683 0
      vertex 5.06057 -8.32409 7
      vertex 5.23353 -8.18683 7
    endloop
  endfacet
  facet normal -0.621631 0.783311 0
    outer loop
      vertex 5.06057 -8.32409 7
      vertex 5.23353 -8.18683 0
      vertex 5.06057 -8.32409 0
    endloop
  endfacet
  facet normal -0.76253 0.646953 0
    outer loop
      vertex 5.39219 -8.03327 0
      vertex 5.53504 -7.8649 7
      vertex 5.53504 -7.8649 0
    endloop
  endfacet
  facet normal -0.76253 0.646953 0
    outer loop
      vertex 5.53504 -7.8649 7
      vertex 5.39219 -8.03327 0
      vertex 5.39219 -8.03327 7
    endloop
  endfacet
  facet normal -0.952069 0.305883 0
    outer loop
      vertex 5.85579 -7.28775 0
      vertex 5.92333 -7.07753 7
      vertex 5.92333 -7.07753 0
    endloop
  endfacet
  facet normal -0.952069 0.305883 0
    outer loop
      vertex 5.92333 -7.07753 7
      vertex 5.85579 -7.28775 0
      vertex 5.85579 -7.28775 7
    endloop
  endfacet
  facet normal -0.917488 0.397764 0
    outer loop
      vertex 5.76796 -7.49034 0
      vertex 5.85579 -7.28775 7
      vertex 5.85579 -7.28775 0
    endloop
  endfacet
  facet normal -0.917488 0.397764 0
    outer loop
      vertex 5.85579 -7.28775 7
      vertex 5.76796 -7.49034 0
      vertex 5.76796 -7.49034 7
    endloop
  endfacet
  facet normal -0.874085 0.485774 0
    outer loop
      vertex 5.6607 -7.68334 0
      vertex 5.76796 -7.49034 7
      vertex 5.76796 -7.49034 0
    endloop
  endfacet
  facet normal -0.874085 0.485774 0
    outer loop
      vertex 5.76796 -7.49034 7
      vertex 5.6607 -7.68334 0
      vertex 5.6607 -7.68334 7
    endloop
  endfacet
  facet normal -0.930015 -0.367522 0
    outer loop
      vertex 5.88059 -5.77195 0
      vertex 5.79944 -5.5666 7
      vertex 5.79944 -5.5666 0
    endloop
  endfacet
  facet normal -0.930015 -0.367522 0
    outer loop
      vertex 5.79944 -5.5666 7
      vertex 5.88059 -5.77195 0
      vertex 5.88059 -5.77195 7
    endloop
  endfacet
  facet normal -0.889529 -0.456879 0
    outer loop
      vertex 5.79944 -5.5666 0
      vertex 5.69856 -5.37019 7
      vertex 5.69856 -5.37019 0
    endloop
  endfacet
  facet normal -0.889529 -0.456879 0
    outer loop
      vertex 5.69856 -5.37019 7
      vertex 5.79944 -5.5666 0
      vertex 5.79944 -5.5666 7
    endloop
  endfacet
  facet normal -0.996657 -0.0817036 0
    outer loop
      vertex 5.99879 -6.42157 0
      vertex 5.98075 -6.20151 7
      vertex 5.98075 -6.20151 0
    endloop
  endfacet
  facet normal -0.996657 -0.0817036 0
    outer loop
      vertex 5.98075 -6.20151 7
      vertex 5.99879 -6.42157 0
      vertex 5.99879 -6.42157 7
    endloop
  endfacet
  facet normal -0.99345 0.114268 0
    outer loop
      vertex 5.96995 -6.8617 0
      vertex 5.99518 -6.64235 7
      vertex 5.99518 -6.64235 0
    endloop
  endfacet
  facet normal -0.99345 0.114268 0
    outer loop
      vertex 5.99518 -6.64235 7
      vertex 5.96995 -6.8617 0
      vertex 5.96995 -6.8617 7
    endloop
  endfacet
  facet normal 0.367522 -0.930015 0
    outer loop
      vertex 2.82141 -4.44575 0
      vertex 3.02676 -4.3646 7
      vertex 2.82141 -4.44575 7
    endloop
  endfacet
  facet normal 0.367522 -0.930015 0
    outer loop
      vertex 3.02676 -4.3646 7
      vertex 2.82141 -4.44575 0
      vertex 3.02676 -4.3646 0
    endloop
  endfacet
  facet normal 0.179025 -0.983845 0
    outer loop
      vertex 3.23908 -4.30397 0
      vertex 3.45632 -4.26444 7
      vertex 3.23908 -4.30397 7
    endloop
  endfacet
  facet normal 0.179025 -0.983845 0
    outer loop
      vertex 3.45632 -4.26444 7
      vertex 3.23908 -4.30397 0
      vertex 3.45632 -4.26444 0
    endloop
  endfacet
  facet normal 0.456879 -0.889529 0
    outer loop
      vertex 2.625 -4.54663 0
      vertex 2.82141 -4.44575 7
      vertex 2.625 -4.54663 7
    endloop
  endfacet
  facet normal 0.456879 -0.889529 0
    outer loop
      vertex 2.82141 -4.44575 7
      vertex 2.625 -4.54663 0
      vertex 2.82141 -4.44575 0
    endloop
  endfacet
  facet normal -0.397764 -0.917488 0
    outer loop
      vertex 4.54256 -4.3894 0
      vertex 4.74515 -4.47723 7
      vertex 4.54256 -4.3894 7
    endloop
  endfacet
  facet normal -0.397764 -0.917488 -0
    outer loop
      vertex 4.74515 -4.47723 7
      vertex 4.54256 -4.3894 0
      vertex 4.74515 -4.47723 0
    endloop
  endfacet
  facet normal -0.305883 -0.952069 0
    outer loop
      vertex 4.33234 -4.32186 0
      vertex 4.54256 -4.3894 7
      vertex 4.33234 -4.32186 7
    endloop
  endfacet
  facet normal -0.305883 -0.952069 -0
    outer loop
      vertex 4.54256 -4.3894 7
      vertex 4.33234 -4.32186 0
      vertex 4.54256 -4.3894 0
    endloop
  endfacet
  facet normal -0.646979 -0.762508 0
    outer loop
      vertex 5.11971 -4.71014 0
      vertex 5.28808 -4.853 7
      vertex 5.11971 -4.71014 7
    endloop
  endfacet
  facet normal -0.646979 -0.762508 -0
    outer loop
      vertex 5.28808 -4.853 7
      vertex 5.11971 -4.71014 0
      vertex 5.28808 -4.853 0
    endloop
  endfacet
  facet normal -0.783311 -0.621631 0
    outer loop
      vertex 5.5789 -5.18462 0
      vertex 5.44164 -5.01166 7
      vertex 5.44164 -5.01166 0
    endloop
  endfacet
  facet normal -0.783311 -0.621631 0
    outer loop
      vertex 5.44164 -5.01166 7
      vertex 5.5789 -5.18462 0
      vertex 5.5789 -5.18462 7
    endloop
  endfacet
  facet normal -0.456879 0.889529 0
    outer loop
      vertex 4.875 -8.44375 0
      vertex 4.67859 -8.54463 7
      vertex 4.875 -8.44375 7
    endloop
  endfacet
  facet normal -0.456879 0.889529 0
    outer loop
      vertex 4.67859 -8.54463 7
      vertex 4.875 -8.44375 0
      vertex 4.67859 -8.54463 0
    endloop
  endfacet
  facet normal 0.211143 0.977455 -0
    outer loop
      vertex 3.38348 -8.71514 0
      vertex 3.16766 -8.66852 7
      vertex 3.38348 -8.71514 7
    endloop
  endfacet
  facet normal 0.211143 0.977455 0
    outer loop
      vertex 3.16766 -8.66852 7
      vertex 3.38348 -8.71514 0
      vertex 3.16766 -8.66852 0
    endloop
  endfacet
  facet normal 0.569102 0.822267 -0
    outer loop
      vertex 2.56185 -8.4059 0
      vertex 2.38029 -8.28024 7
      vertex 2.56185 -8.4059 7
    endloop
  endfacet
  facet normal 0.569102 0.822267 0
    outer loop
      vertex 2.38029 -8.28024 7
      vertex 2.56185 -8.4059 0
      vertex 2.38029 -8.28024 0
    endloop
  endfacet
  facet normal -0.695464 0.718561 0
    outer loop
      vertex 5.39219 -8.03327 0
      vertex 5.23353 -8.18683 7
      vertex 5.39219 -8.03327 7
    endloop
  endfacet
  facet normal -0.695464 0.718561 0
    outer loop
      vertex 5.23353 -8.18683 7
      vertex 5.39219 -8.03327 0
      vertex 5.23353 -8.18683 0
    endloop
  endfacet
  facet normal -0.822267 0.569102 0
    outer loop
      vertex 5.53504 -7.8649 0
      vertex 5.6607 -7.68334 7
      vertex 5.6607 -7.68334 0
    endloop
  endfacet
  facet normal -0.822267 0.569102 0
    outer loop
      vertex 5.6607 -7.68334 7
      vertex 5.53504 -7.8649 0
      vertex 5.53504 -7.8649 7
    endloop
  endfacet
  facet normal -0.977457 0.211134 0
    outer loop
      vertex 5.92333 -7.07753 0
      vertex 5.96995 -6.8617 7
      vertex 5.96995 -6.8617 0
    endloop
  endfacet
  facet normal -0.977457 0.211134 0
    outer loop
      vertex 5.96995 -6.8617 7
      vertex 5.92333 -7.07753 0
      vertex 5.92333 -7.07753 7
    endloop
  endfacet
  facet normal -0.961563 -0.274584 0
    outer loop
      vertex 5.94122 -5.98427 0
      vertex 5.88059 -5.77195 7
      vertex 5.88059 -5.77195 0
    endloop
  endfacet
  facet normal -0.961563 -0.274584 0
    outer loop
      vertex 5.88059 -5.77195 7
      vertex 5.94122 -5.98427 0
      vertex 5.94122 -5.98427 7
    endloop
  endfacet
  facet normal -0.999866 0.0163489 0
    outer loop
      vertex 5.99518 -6.64235 0
      vertex 5.99879 -6.42157 7
      vertex 5.99879 -6.42157 0
    endloop
  endfacet
  facet normal -0.999866 0.0163489 0
    outer loop
      vertex 5.99879 -6.42157 7
      vertex 5.99518 -6.64235 0
      vertex 5.99518 -6.64235 7
    endloop
  endfacet
  facet normal -0.114268 -0.99345 0
    outer loop
      vertex 3.89716 -4.25001 0
      vertex 4.11651 -4.27524 7
      vertex 3.89716 -4.25001 7
    endloop
  endfacet
  facet normal -0.114268 -0.99345 -0
    outer loop
      vertex 4.11651 -4.27524 7
      vertex 3.89716 -4.25001 0
      vertex 4.11651 -4.27524 0
    endloop
  endfacet
  facet normal 0.274584 -0.961563 0
    outer loop
      vertex 3.02676 -4.3646 0
      vertex 3.23908 -4.30397 7
      vertex 3.02676 -4.3646 7
    endloop
  endfacet
  facet normal 0.274584 -0.961563 0
    outer loop
      vertex 3.23908 -4.30397 7
      vertex 3.02676 -4.3646 0
      vertex 3.23908 -4.30397 0
    endloop
  endfacet
  facet normal -0.485774 -0.874085 0
    outer loop
      vertex 4.74515 -4.47723 0
      vertex 4.93815 -4.58449 7
      vertex 4.74515 -4.47723 7
    endloop
  endfacet
  facet normal -0.485774 -0.874085 -0
    outer loop
      vertex 4.93815 -4.58449 7
      vertex 4.74515 -4.47723 0
      vertex 4.93815 -4.58449 0
    endloop
  endfacet
  facet normal -0.274584 0.961563 0
    outer loop
      vertex 4.47324 -8.62578 0
      vertex 4.26092 -8.68641 7
      vertex 4.47324 -8.62578 7
    endloop
  endfacet
  facet normal -0.274584 0.961563 0
    outer loop
      vertex 4.26092 -8.68641 7
      vertex 4.47324 -8.62578 0
      vertex 4.26092 -8.68641 0
    endloop
  endfacet
  facet normal 0.114263 0.993451 -0
    outer loop
      vertex 3.60284 -8.74037 0
      vertex 3.38348 -8.71514 7
      vertex 3.60284 -8.74037 7
    endloop
  endfacet
  facet normal 0.114263 0.993451 0
    outer loop
      vertex 3.38348 -8.71514 7
      vertex 3.60284 -8.74037 0
      vertex 3.38348 -8.71514 0
    endloop
  endfacet
  facet normal 0.305883 0.952069 -0
    outer loop
      vertex 3.16766 -8.66852 0
      vertex 2.95744 -8.60098 7
      vertex 3.16766 -8.66852 7
    endloop
  endfacet
  facet normal 0.305883 0.952069 0
    outer loop
      vertex 2.95744 -8.60098 7
      vertex 3.16766 -8.66852 0
      vertex 2.95744 -8.60098 0
    endloop
  endfacet
  facet normal -0.0817486 0.996653 0
    outer loop
      vertex 4.04368 -8.72594 0
      vertex 3.82362 -8.74399 7
      vertex 4.04368 -8.72594 7
    endloop
  endfacet
  facet normal -0.0817486 0.996653 0
    outer loop
      vertex 3.82362 -8.74399 7
      vertex 4.04368 -8.72594 0
      vertex 3.82362 -8.74399 0
    endloop
  endfacet
  facet normal 0.999866 -0.0163942 0
    outer loop
      vertex 1.5012 -6.56881 7
      vertex 1.50482 -6.34803 0
      vertex 1.50482 -6.34803 7
    endloop
  endfacet
  facet normal 0.999866 -0.0163942 0
    outer loop
      vertex 1.50482 -6.34803 0
      vertex 1.5012 -6.56881 7
      vertex 1.5012 -6.56881 0
    endloop
  endfacet
  facet normal 0.822267 -0.569102 0
    outer loop
      vertex 1.83929 -5.30704 7
      vertex 1.96495 -5.12548 0
      vertex 1.96495 -5.12548 7
    endloop
  endfacet
  facet normal 0.822267 -0.569102 0
    outer loop
      vertex 1.96495 -5.12548 0
      vertex 1.83929 -5.30704 7
      vertex 1.83929 -5.30704 0
    endloop
  endfacet
  facet normal -0.367522 0.930015 0
    outer loop
      vertex 4.67859 -8.54463 0
      vertex 4.47324 -8.62578 7
      vertex 4.67859 -8.54463 7
    endloop
  endfacet
  facet normal -0.367522 0.930015 0
    outer loop
      vertex 4.47324 -8.62578 7
      vertex 4.67859 -8.54463 0
      vertex 4.47324 -8.62578 0
    endloop
  endfacet
  facet normal 0.0163942 0.999866 -0
    outer loop
      vertex 3.82362 -8.74399 0
      vertex 3.60284 -8.74037 7
      vertex 3.82362 -8.74399 7
    endloop
  endfacet
  facet normal 0.0163942 0.999866 0
    outer loop
      vertex 3.60284 -8.74037 7
      vertex 3.82362 -8.74399 0
      vertex 3.60284 -8.74037 0
    endloop
  endfacet
  facet normal 0.485739 0.874104 -0
    outer loop
      vertex 2.75485 -8.51315 0
      vertex 2.56185 -8.4059 7
      vertex 2.75485 -8.51315 7
    endloop
  endfacet
  facet normal 0.485739 0.874104 0
    outer loop
      vertex 2.56185 -8.4059 7
      vertex 2.75485 -8.51315 0
      vertex 2.56185 -8.4059 0
    endloop
  endfacet
  facet normal 0.397764 0.917488 -0
    outer loop
      vertex 2.95744 -8.60098 0
      vertex 2.75485 -8.51315 7
      vertex 2.95744 -8.60098 7
    endloop
  endfacet
  facet normal 0.397764 0.917488 0
    outer loop
      vertex 2.75485 -8.51315 7
      vertex 2.95744 -8.60098 0
      vertex 2.75485 -8.51315 0
    endloop
  endfacet
  facet normal -0.179025 0.983845 0
    outer loop
      vertex 4.26092 -8.68641 0
      vertex 4.04368 -8.72594 7
      vertex 4.26092 -8.68641 7
    endloop
  endfacet
  facet normal -0.179025 0.983845 0
    outer loop
      vertex 4.04368 -8.72594 7
      vertex 4.26092 -8.68641 0
      vertex 4.04368 -8.72594 0
    endloop
  endfacet
  facet normal 0.889529 0.456879 0
    outer loop
      vertex 1.80144 -7.62019 7
      vertex 1.70056 -7.42378 0
      vertex 1.70056 -7.42378 7
    endloop
  endfacet
  facet normal 0.889529 0.456879 0
    outer loop
      vertex 1.70056 -7.42378 0
      vertex 1.80144 -7.62019 7
      vertex 1.80144 -7.62019 0
    endloop
  endfacet
  facet normal 0.996653 0.0817486 0
    outer loop
      vertex 1.51925 -6.78887 7
      vertex 1.5012 -6.56881 0
      vertex 1.5012 -6.56881 7
    endloop
  endfacet
  facet normal 0.996653 0.0817486 0
    outer loop
      vertex 1.5012 -6.56881 0
      vertex 1.51925 -6.78887 7
      vertex 1.51925 -6.78887 0
    endloop
  endfacet
  facet normal 0.99345 -0.114268 0
    outer loop
      vertex 1.50482 -6.34803 7
      vertex 1.53005 -6.12868 0
      vertex 1.53005 -6.12868 7
    endloop
  endfacet
  facet normal 0.99345 -0.114268 0
    outer loop
      vertex 1.53005 -6.12868 0
      vertex 1.50482 -6.34803 7
      vertex 1.50482 -6.34803 0
    endloop
  endfacet
  facet normal 0.977457 -0.211134 0
    outer loop
      vertex 1.53005 -6.12868 7
      vertex 1.57667 -5.91285 0
      vertex 1.57667 -5.91285 7
    endloop
  endfacet
  facet normal 0.977457 -0.211134 0
    outer loop
      vertex 1.57667 -5.91285 0
      vertex 1.53005 -6.12868 7
      vertex 1.53005 -6.12868 0
    endloop
  endfacet
  facet normal 0.952069 -0.305883 0
    outer loop
      vertex 1.57667 -5.91285 7
      vertex 1.64421 -5.70263 0
      vertex 1.64421 -5.70263 7
    endloop
  endfacet
  facet normal 0.952069 -0.305883 0
    outer loop
      vertex 1.64421 -5.70263 0
      vertex 1.57667 -5.91285 7
      vertex 1.57667 -5.91285 0
    endloop
  endfacet
  facet normal 0.917488 -0.397764 0
    outer loop
      vertex 1.64421 -5.70263 7
      vertex 1.73204 -5.50004 0
      vertex 1.73204 -5.50004 7
    endloop
  endfacet
  facet normal 0.917488 -0.397764 0
    outer loop
      vertex 1.73204 -5.50004 0
      vertex 1.64421 -5.70263 7
      vertex 1.64421 -5.70263 0
    endloop
  endfacet
  facet normal 0.874104 -0.485739 0
    outer loop
      vertex 1.73204 -5.50004 7
      vertex 1.83929 -5.30704 0
      vertex 1.83929 -5.30704 7
    endloop
  endfacet
  facet normal 0.874104 -0.485739 0
    outer loop
      vertex 1.83929 -5.30704 0
      vertex 1.73204 -5.50004 7
      vertex 1.73204 -5.50004 0
    endloop
  endfacet
  facet normal 0.762508 -0.646979 0
    outer loop
      vertex 1.96495 -5.12548 7
      vertex 2.10781 -4.95711 0
      vertex 2.10781 -4.95711 7
    endloop
  endfacet
  facet normal 0.762508 -0.646979 0
    outer loop
      vertex 2.10781 -4.95711 0
      vertex 1.96495 -5.12548 7
      vertex 1.96495 -5.12548 0
    endloop
  endfacet
  facet normal 0.695464 -0.718561 0
    outer loop
      vertex 2.10781 -4.95711 0
      vertex 2.26647 -4.80355 7
      vertex 2.10781 -4.95711 7
    endloop
  endfacet
  facet normal 0.695464 -0.718561 0
    outer loop
      vertex 2.26647 -4.80355 7
      vertex 2.10781 -4.95711 0
      vertex 2.26647 -4.80355 0
    endloop
  endfacet
  facet normal 0.62168 -0.783271 0
    outer loop
      vertex 2.26647 -4.80355 0
      vertex 2.43942 -4.66628 7
      vertex 2.26647 -4.80355 7
    endloop
  endfacet
  facet normal 0.62168 -0.783271 0
    outer loop
      vertex 2.43942 -4.66628 7
      vertex 2.26647 -4.80355 0
      vertex 2.43942 -4.66628 0
    endloop
  endfacet
  facet normal 0.718561 0.695464 0
    outer loop
      vertex 2.21192 -8.13738 7
      vertex 2.05836 -7.97872 0
      vertex 2.05836 -7.97872 7
    endloop
  endfacet
  facet normal 0.718561 0.695464 0
    outer loop
      vertex 2.05836 -7.97872 0
      vertex 2.21192 -8.13738 7
      vertex 2.21192 -8.13738 0
    endloop
  endfacet
  facet normal 0.783271 0.62168 0
    outer loop
      vertex 2.05836 -7.97872 7
      vertex 1.92109 -7.80577 0
      vertex 1.92109 -7.80577 7
    endloop
  endfacet
  facet normal 0.783271 0.62168 0
    outer loop
      vertex 1.92109 -7.80577 0
      vertex 2.05836 -7.97872 7
      vertex 2.05836 -7.97872 0
    endloop
  endfacet
  facet normal 0.930015 0.367522 0
    outer loop
      vertex 1.70056 -7.42378 7
      vertex 1.61941 -7.21843 0
      vertex 1.61941 -7.21843 7
    endloop
  endfacet
  facet normal 0.930015 0.367522 0
    outer loop
      vertex 1.61941 -7.21843 0
      vertex 1.70056 -7.42378 7
      vertex 1.70056 -7.42378 0
    endloop
  endfacet
  facet normal 0.961563 0.274584 0
    outer loop
      vertex 1.61941 -7.21843 7
      vertex 1.55878 -7.00611 0
      vertex 1.55878 -7.00611 7
    endloop
  endfacet
  facet normal 0.961563 0.274584 0
    outer loop
      vertex 1.55878 -7.00611 0
      vertex 1.61941 -7.21843 7
      vertex 1.61941 -7.21843 0
    endloop
  endfacet
  facet normal 0.983845 0.179025 0
    outer loop
      vertex 1.55878 -7.00611 7
      vertex 1.51925 -6.78887 0
      vertex 1.51925 -6.78887 7
    endloop
  endfacet
  facet normal 0.983845 0.179025 0
    outer loop
      vertex 1.51925 -6.78887 0
      vertex 1.55878 -7.00611 7
      vertex 1.55878 -7.00611 0
    endloop
  endfacet
endsolid OpenSCAD_Model
